date,pm10,pm2_5,carbon_monoxide,nitrogen_dioxide,sulphur_dioxide,ozone,aerosol_optical_depth,dust,uv_index,us_aqi,european_aqi,temperature,humidity,wind_speed,year,month,day,day_of_week,season,pm2_5_lag1,pm10_lag1,us_aqi_lag1,pm2_5_roll3,pm10_roll3,us_aqi_roll3,pm_ratio,dust_wind,temp_humidity,season_encoded
2022-08-08,103.125,62.74583333333334,607.625,94.85833333333332,18.945833333333333,152.66666666666666,0.35375,29.25,2.2729166666666667,207.16666666666663,109.58333333333331,38.36666666666667,35.583333333333336,10.9,2022,8,8,0,Summer,93.75833333333333,150.69166666666666,180.29166666666663,71.31805555555555,114.1736111111111,158.40833333333333,0.6084444385443772,2.6834859923407346,1365.213888888889,2
2022-08-09,76.59583333333333,45.35833333333333,602.625,107.9125,24.2125,63.375,0.3391666666666666,26.083333333333332,2.3666666666666667,146.79166666666666,85.625,36.75,44.541666666666664,11.4625,2022,8,9,1,Summer,62.74583333333334,103.125,207.16666666666663,74.25138888888888,119.62916666666666,179.8472222222222,0.5921775476188537,2.275535970145899,1636.90625,2
2022-08-10,114.8625,59.2875,766.9166666666666,115.25416666666666,26.708333333333332,99.54166666666669,0.485,66.875,2.1416666666666666,144.58333333333334,79.58333333333333,36.0875,54.166666666666664,12.558333333333332,2022,8,10,2,Summer,45.35833333333333,76.59583333333333,146.79166666666666,67.2875,110.1375,178.0833333333333,0.5161606223427088,5.325148879218405,1954.7395833333333,2
2022-08-11,165.525,75.74166666666666,938.3333333333334,137.95416666666668,36.704166666666666,72.91666666666667,0.6341666666666667,133.33333333333334,1.9541666666666664,157.08333333333334,97.45833333333331,35.8125,54.916666666666664,11.716666666666669,2022,8,11,3,Summer,59.2875,114.8625,144.58333333333334,55.79722222222222,98.19444444444444,166.18055555555554,0.4575844507420765,11.37979988223614,1966.703125,2
2022-08-12,190.825,116.43333333333334,1071.5833333333333,117.54166666666669,25.47083333333333,105.625,0.7383333333333333,53.916666666666664,1.8875,167.625,109.0,37.454166666666666,41.625,13.1125,2022,8,12,4,Summer,75.74166666666666,165.525,157.08333333333334,60.12916666666666,118.99444444444445,149.48611111111111,0.6101576456081524,4.111852244409107,1559.0296875,2
2022-08-13,140.45416666666668,81.56666666666666,661.1666666666666,77.6125,13.625,92.16666666666669,0.4645833333333333,56.5,2.19375,180.5,130.75,39.03333333333333,18.166666666666668,15.329166666666666,2022,8,13,5,Summer,116.43333333333334,190.825,167.625,83.82083333333334,157.07083333333335,156.43055555555557,0.5807351111164251,3.685783940041276,709.1055555555556,2
2022-08-14,111.98333333333332,58.62916666666666,717.5416666666666,120.05833333333334,27.920833333333334,65.45833333333333,0.47125,73.79166666666667,2.1666666666666665,158.33333333333334,97.04166666666669,36.18333333333333,35.791666666666664,14.804166666666667,2022,8,14,6,Summer,81.56666666666666,140.45416666666668,180.5,91.24722222222222,165.6013888888889,168.4027777777778,0.5235526073205602,4.984519787141923,1295.0618055555553,2
2022-08-15,66.8,36.875,540.1666666666666,91.21666666666664,24.620833333333337,79.75,0.4879166666666667,24.25,1.2333333333333334,132.0,79.16666666666667,34.800000000000004,50.833333333333336,10.383333333333333,2022,8,15,0,Summer,58.62916666666666,111.98333333333332,158.33333333333334,85.54305555555555,147.75416666666666,168.81944444444443,0.5520209498200457,2.3354732903235997,1769.0000000000002,2
2022-08-16,83.82916666666667,48.03333333333333,644.625,104.90833333333336,25.058333333333337,84.83333333333333,0.6291666666666667,26.583333333333332,1.9979166666666668,112.16666666666669,70.625,34.40416666666667,55.75,11.720833333333331,2022,8,16,1,Summer,36.875,66.8,132.0,59.02361111111111,106.41250000000001,156.94444444444446,0.5729906984682257,2.268041043608301,1918.0322916666669,2
2022-08-17,93.56666666666666,55.23333333333333,767.5416666666666,131.07083333333333,35.483333333333334,63.208333333333336,0.49875,23.666666666666668,2.0625,147.41666666666666,84.375,33.858333333333334,60.5,11.2875,2022,8,17,2,Summer,48.03333333333333,83.82916666666667,112.16666666666669,47.84583333333333,87.53749999999998,134.16666666666669,0.5903099331281446,2.0967144690987554,2048.429166666667,2
2022-08-18,83.00833333333334,51.4375,863.7916666666666,134.23749999999998,39.15833333333333,56.375,0.2895833333333333,17.958333333333332,2.3229166666666665,147.70833333333334,83.58333333333333,33.6125,62.041666666666664,11.3625,2022,8,18,3,Summer,55.23333333333333,93.56666666666666,147.41666666666666,46.71388888888888,81.39861111111111,130.5277777777778,0.6196666926653946,1.5804912433744414,2085.375520833333,2
2022-08-19,79.5625,49.00416666666666,818.7083333333334,134.88750000000002,40.68333333333333,56.708333333333336,0.3166666666666666,14.708333333333334,2.2270833333333333,132.625,78.875,34.21666666666667,53.25,11.408333333333331,2022,8,19,4,Summer,51.4375,83.00833333333334,147.70833333333334,51.56805555555555,86.80138888888888,135.76388888888889,0.6159203902686099,1.289262122197623,1822.0375000000001,2
2022-08-20,89.51666666666667,54.87083333333334,769.0416666666666,123.53333333333336,30.583333333333332,83.29166666666667,0.3062499999999999,17.833333333333332,2.2354166666666666,143.58333333333334,81.58333333333333,34.7125,46.916666666666664,10.35,2022,8,20,5,Summer,49.00416666666666,79.5625,132.625,51.89166666666666,85.37916666666666,142.58333333333334,0.6129677831357165,1.7230272087252294,1628.5947916666664,2
2022-08-21,98.44583333333333,58.9125,703.75,123.32916666666668,26.5875,78.20833333333333,0.4220833333333333,25.083333333333332,2.09375,148.625,83.95833333333333,34.8375,48.041666666666664,13.716666666666669,2022,8,21,6,Summer,54.87083333333334,89.51666666666667,143.58333333333334,51.770833333333336,84.02916666666667,141.30555555555557,0.5984255240351241,1.828675443838971,1673.6515625,2
2022-08-22,86.25,49.175,581.75,105.89583333333331,23.84166666666667,44.791666666666664,0.4829166666666666,29.541666666666668,2.0416666666666665,147.91666666666666,85.0,34.520833333333336,49.625,12.195833333333333,2022,8,22,0,Summer,58.9125,98.44583333333333,148.625,54.26250000000001,89.175,141.61111111111111,0.570144920925856,2.422275168655265,1713.0963541666667,2
2022-08-23,91.23333333333332,54.925,627.5833333333334,104.2,26.1625,43.708333333333336,0.5608333333333333,25.333333333333332,2.0,136.16666666666666,79.91666666666667,34.954166666666666,51.333333333333336,10.020833333333334,2022,8,23,1,Summer,49.175,86.25,147.91666666666666,54.31944444444445,91.40416666666665,146.70833333333334,0.602027761030021,2.528066275785486,1794.3138888888889,2
2022-08-24,77.71249999999999,44.46666666666667,556.625,101.39166666666668,21.175,57.791666666666664,0.5170833333333333,32.208333333333336,2.0541666666666667,141.375,81.875,36.43333333333333,31.708333333333332,14.854166666666666,2022,8,24,2,Summer,54.925,91.23333333333332,136.16666666666666,54.3375,91.97638888888889,144.2361111111111,0.5721945130380848,2.168302799328844,1155.2402777777777,2
2022-08-25,70.02499999999999,40.75,530.25,113.77083333333331,19.516666666666666,59.833333333333336,0.3716666666666666,26.083333333333332,2.129166666666667,109.79166666666669,71.41666666666667,36.420833333333334,15.458333333333334,15.766666666666666,2022,8,25,3,Summer,44.46666666666667,77.71249999999999,141.375,49.52222222222222,85.06527777777778,141.81944444444443,0.5819350148956086,1.6543339331289262,563.0053819444445,2
2022-08-26,59.3,31.5625,451.9166666666667,98.3125,16.829166666666666,50.416666666666664,0.3095833333333333,37.5,2.245833333333333,106.58333333333331,70.54166666666667,35.8375,9.583333333333334,15.329166666666666,2022,8,26,4,Summer,40.75,70.02499999999999,109.79166666666669,46.71388888888888,79.65694444444443,129.11111111111111,0.5322512557799114,2.446316774363679,343.4427083333333,2
2022-08-27,52.27916666666667,26.40416666666667,461.2083333333333,88.66666666666667,19.025,40.166666666666664,0.29375,36.541666666666664,2.24375,83.58333333333333,62.708333333333336,34.295833333333334,28.666666666666668,13.254166666666668,2022,8,27,5,Summer,31.5625,59.3,106.58333333333331,38.92638888888889,69.01249999999999,119.25,0.5050609610891345,2.756994447758985,983.1472222222222,2
2022-08-28,57.2375,31.775,472.2916666666667,93.925,20.683333333333337,60.083333333333336,0.2679166666666666,24.208333333333332,2.2583333333333333,94.91666666666669,66.79166666666667,32.920833333333334,40.041666666666664,13.045833333333334,2022,8,28,6,Summer,26.40416666666667,52.27916666666667,83.58333333333333,32.90555555555556,60.53472222222223,99.9861111111111,0.5551430346338846,1.855637034381064,1318.205034722222,2
2022-08-29,52.65,27.65,430.9166666666667,86.46666666666665,21.075,106.0,0.2416666666666666,17.416666666666668,2.2041666666666666,84.08333333333333,62.208333333333336,33.175000000000004,50.5,12.575,2022,8,29,0,Summer,31.775,57.2375,94.91666666666669,29.91388888888889,56.27222222222222,95.02777777777777,0.5251661818581922,1.385023084027323,1675.3375000000003,2
2022-08-30,55.3875,25.829166666666666,406.125,74.69166666666666,18.0625,52.041666666666664,0.2508333333333333,39.416666666666664,2.2291666666666665,82.70833333333333,62.166666666666664,32.92916666666667,47.75,12.254166666666668,2022,8,30,1,Summer,27.65,52.65,84.08333333333333,28.60972222222222,54.05555555555555,87.52777777777779,0.4663356569682872,3.216592733090018,1572.3677083333334,2
2022-08-31,51.541666666666664,26.329166666666666,377.3333333333333,68.27499999999999,16.1875,84.5,0.2520833333333333,22.833333333333332,2.183333333333333,84.41666666666667,62.833333333333336,33.112500000000004,44.125,14.870833333333332,2022,8,31,2,Summer,25.829166666666666,55.3875,82.70833333333333,28.418055555555554,55.09166666666667,87.23611111111113,0.510832649749407,1.5354439987373047,1461.0890625000002,2
2022-09-01,58.74583333333334,31.8375,485.0,87.50416666666666,23.27916666666667,88.0,0.2829166666666666,12.208333333333334,2.1687499999999997,93.04166666666669,63.791666666666664,32.391666666666666,60.708333333333336,12.345833333333331,2022,9,1,3,Autumn,26.329166666666666,51.541666666666664,84.41666666666667,26.602777777777778,53.19305555555555,83.73611111111111,0.5419533207980142,0.988862559120144,1966.4440972222224,3
2022-09-02,60.24583333333334,33.887499999999996,553.4583333333334,94.1625,27.0,74.625,0.3520833333333333,16.208333333333332,2.0500000000000003,87.83333333333333,64.20833333333333,32.24166666666667,66.66666666666667,11.508333333333333,2022,9,2,4,Autumn,31.8375,58.74583333333334,93.04166666666669,27.998611111111114,55.225,86.72222222222223,0.5624870229616926,1.4083995879739677,2149.444444444445,3
2022-09-03,80.83333333333333,48.84166666666667,612.2916666666666,101.78333333333336,22.975,72.54166666666667,0.3616666666666666,15.666666666666666,1.9645833333333331,120.45833333333331,74.91666666666667,33.766666666666666,51.75,12.245833333333332,2022,9,3,5,Autumn,33.887499999999996,60.24583333333334,87.83333333333333,30.68472222222222,56.844444444444456,88.43055555555556,0.6042267966487407,1.2793466120982693,1747.425,3
2022-09-04,65.74166666666666,33.62916666666667,456.875,74.35416666666667,18.145833333333332,86.5,0.365,30.125,2.05625,116.75,73.66666666666667,33.09583333333333,53.041666666666664,16.029166666666665,2022,9,4,6,Autumn,48.84166666666667,80.83333333333333,120.45833333333331,38.18888888888889,66.60833333333333,100.44444444444444,0.5115350410211429,1.8793864177143904,1755.458159722222,3
2022-09-05,59.34166666666667,32.645833333333336,594.375,100.07083333333333,22.1,68.5,0.4579166666666667,15.875,1.93125,96.29166666666669,67.16666666666667,32.916666666666664,51.666666666666664,16.554166666666667,2022,9,5,0,Autumn,33.62916666666667,65.74166666666666,116.75,38.786111111111104,68.94027777777778,108.34722222222221,0.5501333989585722,0.9589730102810161,1700.6944444444443,3
2022-09-06,64.06666666666666,36.75416666666667,679.25,135.66666666666666,26.445833333333336,65.125,0.4041666666666666,16.083333333333332,1.8958333333333333,99.04166666666669,69.33333333333333,33.229166666666664,45.958333333333336,15.825,2022,9,6,1,Autumn,32.645833333333336,59.34166666666667,96.29166666666669,38.37222222222223,68.63888888888889,111.16666666666667,0.5736862553534925,1.0163243170305856,1527.1571180555554,3
2022-09-07,70.07083333333334,31.766666666666666,433.125,96.38333333333333,18.654166666666665,46.0,0.6233333333333334,50.0,1.7062499999999998,92.29166666666669,66.875,34.395833333333336,46.875,16.616666666666667,2022,9,7,2,Autumn,36.75416666666667,64.06666666666666,99.04166666666669,34.34305555555556,63.04999999999999,104.02777777777779,0.453350769530583,3.009026900158862,1612.3046875,3
2022-09-08,71.16250000000001,26.208333333333332,282.6666666666667,50.4875,12.441666666666668,57.458333333333336,0.6329166666666667,77.0,1.8541666666666667,85.25,69.16666666666667,33.97083333333333,46.166666666666664,14.95,2022,9,8,3,Autumn,31.766666666666666,70.07083333333334,92.29166666666669,33.72222222222223,64.49305555555556,95.87500000000001,0.3682885363083758,5.150501327725665,1568.3201388888888,3
2022-09-09,57.47083333333333,28.84583333333333,377.25,71.66250000000001,17.845833333333335,47.416666666666664,0.3891666666666666,29.916666666666668,2.0520833333333335,82.16666666666667,64.83333333333333,33.324999999999996,49.375,15.229166666666666,2022,9,9,4,Autumn,26.208333333333332,71.16250000000001,85.25,31.57638888888889,68.43333333333334,92.19444444444446,0.5019212556759878,1.9644321555502828,1645.4218749999998,3
2022-09-10,63.75833333333333,34.63333333333333,548.4583333333334,99.225,26.833333333333332,44.625,0.3999999999999999,20.958333333333332,1.9520833333333336,97.83333333333331,67.54166666666667,33.025,54.375,12.433333333333332,2022,9,10,5,Autumn,28.84583333333333,57.47083333333333,82.16666666666667,28.940277777777776,66.23472222222223,86.56944444444446,0.5431969591970154,1.6856567008855203,1795.734375,3
2022-09-11,57.74583333333334,30.329166666666666,571.875,94.4625,29.1375,50.708333333333336,0.33,19.541666666666668,2.089583333333333,89.75,64.58333333333333,32.09166666666667,57.208333333333336,9.325,2022,9,11,6,Autumn,34.63333333333333,63.75833333333333,97.83333333333331,29.895833333333332,64.13055555555555,88.41666666666667,0.525218260621085,2.0956208655277004,1835.910763888889,3
2022-09-12,110.90833333333332,50.05833333333334,535.2916666666666,78.30833333333334,22.829166666666666,104.25,0.5833333333333334,73.58333333333333,1.69375,106.70833333333331,70.95833333333333,31.708333333333332,71.16666666666667,9.866666666666664,2022,9,12,0,Autumn,30.329166666666666,57.74583333333334,89.75,31.269444444444446,59.65833333333333,89.91666666666667,0.45134870732873666,7.457769514415254,2256.576388888889,3
2022-09-13,124.69166666666666,59.25416666666666,695.625,124.7625,33.8125,86.45833333333333,0.5383333333333333,74.41666666666667,1.8208333333333335,149.25,91.75,32.81666666666667,64.5,11.604166666666666,2022,9,13,1,Autumn,50.05833333333334,110.90833333333332,106.70833333333331,38.34027777777778,77.47083333333333,98.09722222222221,0.4752055031060175,6.412925838742479,2116.675,3
2022-09-14,77.97083333333333,42.15833333333333,653.6666666666666,118.23333333333332,27.554166666666664,57.916666666666664,0.4745833333333333,33.75,1.86875,139.29166666666666,81.66666666666667,34.300000000000004,56.5,10.791666666666666,2022,9,14,2,Autumn,59.25416666666666,124.69166666666666,149.25,46.54722222222222,97.78194444444443,115.2361111111111,0.5406936285060402,3.127412837614255,1937.9500000000003,3
2022-09-15,65.20416666666667,35.137499999999996,527.75,95.55833333333334,21.295833333333334,94.625,0.5879166666666666,29.125,1.7208333333333334,106.125,70.375,34.233333333333334,52.083333333333336,14.95,2022,9,15,3,Autumn,42.15833333333333,77.97083333333333,139.29166666666666,50.49027777777778,104.52361111111111,131.75,0.5388842654909436,1.9481604048053243,1782.9861111111113,3
2022-09-16,53.63333333333333,25.4,293.125,40.35,9.891666666666667,105.41666666666669,0.4041666666666666,32.291666666666664,1.8541666666666667,90.5,64.875,33.90833333333333,57.583333333333336,17.595833333333335,2022,9,16,4,Autumn,35.137499999999996,65.20416666666667,106.125,45.51666666666666,89.28888888888889,131.55555555555554,0.4735860694794394,1.8351881504984233,1952.554861111111,3
2022-09-17,84.88333333333334,29.758333333333336,210.33333333333337,25.616666666666664,8.245833333333334,124.66666666666669,0.2704166666666667,98.375,2.0520833333333335,85.95833333333333,65.95833333333333,33.516666666666666,52.583333333333336,13.45,2022,9,17,5,Autumn,25.4,53.63333333333333,90.5,34.231944444444444,65.60277777777777,111.97222222222221,0.3505792222590314,7.314125850250867,1762.4180555555556,3
2022-09-18,110.48333333333332,40.4875,387.0,56.3875,17.979166666666668,116.5,0.4795833333333333,118.20833333333331,1.6916666666666669,106.41666666666669,80.20833333333333,32.21666666666667,59.75,11.045833333333334,2022,9,18,6,Autumn,29.758333333333336,84.88333333333334,85.95833333333333,30.09861111111111,67.90694444444445,94.19444444444444,0.366457984313248,10.70162106058504,1924.9458333333334,3
2022-09-19,87.94166666666666,37.375,371.25,69.41250000000001,17.583333333333332,69.54166666666667,0.5016666666666667,76.41666666666667,1.7166666666666668,110.58333333333331,80.70833333333333,33.74583333333333,55.208333333333336,13.054166666666667,2022,9,19,0,Autumn,40.4875,110.48333333333332,106.41666666666669,31.881944444444446,82.99999999999999,94.29166666666667,0.42499762617267933,5.853813787132044,1863.0512152777776,3
2022-09-20,66.7,26.541666666666668,361.4583333333333,70.67083333333333,16.3375,38.375,0.48125,66.125,1.7854166666666669,92.70833333333331,69.83333333333333,33.5875,48.041666666666664,13.658333333333331,2022,9,20,1,Autumn,37.375,87.94166666666666,110.58333333333331,35.87361111111111,94.43611111111109,100.9861111111111,0.39792603101560176,4.841366332541819,1613.5994791666665,3
2022-09-21,81.86666666666666,39.583333333333336,582.6666666666666,112.65833333333336,27.35,65.45833333333333,0.4266666666666667,51.791666666666664,1.7125,95.875,70.04166666666667,33.4625,45.625,11.516666666666666,2022,9,21,2,Autumn,26.541666666666668,66.7,92.70833333333331,34.80138888888889,88.375,103.2361111111111,0.48350976608090684,4.497105253507503,1526.7265625,3
2022-09-22,89.675,46.99583333333334,605.25,107.39166666666668,26.05,84.625,0.3766666666666666,40.041666666666664,1.8270833333333336,117.91666666666669,74.70833333333333,33.050000000000004,51.291666666666664,11.666666666666666,2022,9,22,3,Autumn,39.583333333333336,81.86666666666666,95.875,34.50000000000001,78.83611111111111,99.72222222222221,0.5240683892864784,3.4321425629592093,1695.1895833333335,3
2022-09-23,68.19166666666666,35.175000000000004,511.1666666666667,88.57916666666667,26.233333333333334,83.91666666666667,0.3066666666666667,34.541666666666664,1.86875,116.16666666666669,73.66666666666667,32.4125,53.833333333333336,12.245833333333332,2022,9,23,4,Autumn,46.99583333333334,89.675,117.91666666666669,37.70694444444445,79.41388888888889,102.16666666666667,0.5158254843090484,2.8206870782698545,1744.872916666667,3
2022-09-24,55.12916666666666,28.479166666666668,358.0,60.63333333333333,16.154166666666665,75.0,0.35,24.75,1.7895833333333335,93.625,66.0,31.679166666666664,66.0,12.7625,2022,9,24,5,Autumn,35.175000000000004,68.19166666666666,116.16666666666669,40.58472222222223,79.91111111111111,109.98611111111113,0.516589817551088,1.9392750684211506,2090.825,3
2022-09-25,58.99166666666667,29.316666666666663,417.4583333333333,69.19166666666666,18.445833333333333,82.66666666666667,0.4533333333333333,27.541666666666668,1.6145833333333333,82.5,62.083333333333336,31.175,78.125,10.729166666666666,2022,9,25,6,Autumn,28.479166666666668,55.12916666666666,93.625,36.88333333333334,70.99861111111112,109.23611111111113,0.49696283943557834,2.566990052008695,2435.546875,3
2022-09-26,67.325,36.170833333333334,642.75,104.51666666666668,31.53333333333333,50.708333333333336,0.4091666666666667,29.833333333333332,1.7041666666666666,95.125,66.625,31.545833333333334,72.04166666666667,11.3375,2022,9,26,0,Autumn,29.316666666666663,58.99166666666667,82.5,30.99027777777778,60.770833333333336,97.43055555555556,0.5372570782930005,2.6313852879336754,2272.6144097222223,3
2022-09-27,58.95,29.833333333333332,407.1666666666667,74.60000000000001,20.483333333333334,68.29166666666667,0.4641666666666666,27.083333333333332,1.63125,95.29166666666669,66.70833333333333,30.8625,67.83333333333333,12.0375,2022,9,27,1,Autumn,36.170833333333334,67.325,95.125,31.322222222222223,60.481944444444444,90.41666666666667,0.5060785890967726,2.2499132779580524,2093.50625,3
2022-09-28,74.62083333333334,36.02916666666667,349.9166666666667,43.3125,13.216666666666669,101.54166666666669,0.4524999999999999,50.875,1.5666666666666669,93.08333333333331,65.83333333333333,30.491666666666664,72.83333333333333,11.216666666666669,2022,9,28,2,Autumn,29.833333333333332,58.95,95.29166666666669,31.773611111111112,61.75555555555555,90.97222222222223,0.4828298556100751,4.5356608140569845,2220.809722222222,3
2022-09-29,78.44166666666666,35.36666666666667,349.125,44.3125,16.720833333333335,115.54166666666669,0.37875,57.833333333333336,1.68125,103.79166666666669,72.20833333333333,30.95,65.16666666666667,10.104166666666666,2022,9,29,3,Autumn,36.02916666666667,74.62083333333334,93.08333333333331,34.01111111111111,66.96527777777777,94.5,0.45086581811283355,5.723710773735842,2016.9083333333335,3
2022-09-30,77.95833333333333,42.825,393.875,56.67083333333333,17.554166666666667,102.04166666666669,0.4304166666666666,27.75,1.6791666666666665,104.08333333333331,70.29166666666667,31.891666666666666,59.458333333333336,11.1,2022,9,30,4,Autumn,35.36666666666667,78.44166666666666,103.79166666666669,33.743055555555564,70.67083333333333,97.3888888888889,0.5493319010240698,2.4999997747747953,1896.2253472222224,3
2022-10-01,69.07916666666667,39.225,419.1666666666667,56.40416666666667,16.775000000000002,93.54166666666669,0.4025,19.458333333333332,1.6416666666666666,121.625,75.29166666666667,30.941666666666663,61.416666666666664,10.891666666666666,2022,10,1,5,Autumn,42.825,77.95833333333333,104.08333333333331,38.07361111111112,77.00694444444444,100.31944444444444,0.5678267605839663,1.786533883409284,1900.3340277777775,3
2022-10-02,77.57083333333334,35.9125,420.3333333333333,56.09583333333333,19.895833333333332,138.66666666666666,0.4345833333333333,42.541666666666664,1.5958333333333332,115.33333333333331,69.41666666666667,30.366666666666664,72.16666666666667,9.95,2022,10,2,6,Autumn,39.225,69.07916666666667,121.625,39.13888888888889,75.15972222222221,109.83333333333333,0.46296395170482096,4.275543958906805,2191.461111111111,3
2022-10-03,99.29583333333332,53.40416666666667,538.1666666666666,91.17083333333332,24.958333333333332,77.08333333333333,0.5079166666666667,39.541666666666664,1.4520833333333334,126.5,77.625,31.541666666666668,63.791666666666664,13.995833333333332,2022,10,3,0,Autumn,35.9125,77.57083333333334,115.33333333333331,39.32083333333333,74.86944444444444,113.68055555555554,0.5378288729352975,2.825245406948825,2012.095486111111,3
2022-10-04,61.51666666666667,29.2125,401.75,73.25833333333334,18.516666666666666,30.25,0.34375,47.208333333333336,1.5791666666666666,105.83333333333331,70.45833333333333,31.229166666666668,49.125,13.295833333333334,2022,10,4,1,Autumn,53.40416666666667,99.29583333333332,126.5,42.84722222222223,81.98194444444444,121.15277777777777,0.47487130086906576,3.550610826654153,1534.1328125,3
2022-10-05,85.66666666666667,49.94166666666666,510.9583333333333,70.18333333333334,19.654166666666665,73.54166666666667,0.4308333333333333,26.208333333333332,1.5770833333333334,123.08333333333331,75.83333333333333,30.879166666666663,57.458333333333336,13.241666666666667,2022,10,5,2,Autumn,29.2125,61.51666666666667,105.83333333333331,39.50972222222223,79.46111111111112,115.88888888888887,0.5829766468913231,1.9792320720529586,1774.2654513888888,3
2022-10-06,73.21666666666667,43.59583333333333,651.5416666666666,99.28333333333336,28.016666666666666,72.66666666666667,0.535,16.5,1.44375,129.33333333333334,77.75,30.316666666666663,73.41666666666667,11.195833333333333,2022,10,6,3,Autumn,49.94166666666666,85.66666666666667,123.08333333333331,44.18611111111111,82.15972222222221,118.47222222222221,0.5954359126505452,1.4737624288414655,2225.748611111111,3
2022-10-07,72.66666666666667,41.833333333333336,607.5833333333334,114.2625,24.541666666666668,34.125,0.3841666666666667,30.041666666666668,1.5395833333333335,124.70833333333331,76.29166666666667,32.137499999999996,42.125,14.125,2022,10,7,4,Autumn,43.59583333333333,73.21666666666667,129.33333333333334,40.916666666666664,73.46666666666667,119.41666666666667,0.5756880654721827,2.126843507244118,1353.7921874999997,3
2022-10-08,50.025,27.979166666666668,426.875,83.3,17.787499999999998,32.291666666666664,0.2583333333333333,22.291666666666668,1.6625,84.58333333333333,59.291666666666664,31.175,39.75,15.2875,2022,10,8,5,Autumn,41.833333333333336,72.66666666666667,124.70833333333331,45.12361111111111,77.18333333333334,125.70833333333333,0.5593036703121039,1.458162891807279,1239.20625,3
2022-10-09,41.40416666666667,22.733333333333334,348.5416666666667,69.70833333333333,14.8125,43.25,0.1675,20.708333333333332,1.7375,84.375,61.916666666666664,29.1,39.958333333333336,13.295833333333334,2022,10,9,6,Autumn,27.979166666666668,50.025,84.58333333333333,37.802777777777784,65.30277777777778,112.875,0.5490590588936124,1.5575053670318746,1162.7875000000001,3
2022-10-10,68.87083333333332,41.170833333333334,522.3333333333334,79.10000000000001,24.55,78.45833333333333,0.2779166666666666,9.958333333333334,1.6666666666666667,95.0,65.16666666666667,28.995833333333337,56.666666666666664,10.5,2022,10,10,0,Autumn,22.733333333333334,41.40416666666667,84.375,30.848611111111115,54.69861111111111,97.88888888888887,0.5977978012298705,0.9484126080876882,1643.0972222222224,3
2022-10-11,69.22916666666667,40.3125,522.0833333333334,70.40416666666667,22.116666666666664,91.33333333333331,0.4008333333333333,10.541666666666666,1.4604166666666665,108.58333333333331,71.20833333333333,28.666666666666668,71.54166666666667,9.325,2022,10,11,1,Autumn,41.170833333333334,68.87083333333332,95.0,30.627777777777784,53.43333333333334,87.9861111111111,0.5823051375411836,1.1304735159456463,2050.8611111111113,3
2022-10-12,102.37916666666666,64.52499999999999,679.2083333333334,97.28333333333336,29.77916666666667,78.125,0.3841666666666667,14.041666666666666,1.5,139.0,81.91666666666667,28.633333333333336,70.70833333333333,10.554166666666664,2022,10,12,2,Autumn,40.3125,69.22916666666667,108.58333333333331,34.73888888888889,59.83472222222222,95.9861111111111,0.6302551727133107,1.3304380894965888,2024.615277777778,3
2022-10-13,86.1125,54.96666666666667,644.9583333333334,107.65416666666664,27.4375,67.66666666666667,0.2779166666666666,12.125,1.5145833333333334,152.75,89.0,29.15833333333333,45.208333333333336,11.783333333333331,2022,10,13,3,Autumn,64.52499999999999,102.37916666666666,139.0,48.669444444444444,80.15972222222221,114.19444444444444,0.6383122778731821,1.028995669392164,1318.1996527777778,3
2022-10-14,60.80833333333334,36.5125,478.4166666666667,85.05416666666666,20.670833333333334,57.416666666666664,0.2025,15.291666666666666,1.4916666666666665,134.08333333333334,79.29166666666667,28.320833333333336,42.583333333333336,13.4375,2022,10,14,4,Autumn,54.96666666666667,86.1125,152.75,53.268055555555556,85.90694444444445,133.44444444444443,0.6004522307723356,1.137984411436819,1205.9954861111114,3
2022-10-15,72.37083333333334,43.37916666666666,554.0416666666666,94.58333333333331,26.545833333333334,78.45833333333333,0.2325,11.541666666666666,1.4625,106.08333333333331,70.20833333333333,28.53333333333333,49.708333333333336,10.491666666666667,2022,10,15,5,Autumn,36.5125,60.80833333333334,134.08333333333334,52.00138888888889,83.10000000000001,141.94444444444446,0.5994012237977837,1.1000793232648778,1418.3444444444444,3
2022-10-16,59.54583333333333,35.56666666666667,415.7916666666667,65.28333333333333,16.520833333333332,81.08333333333333,0.24375,14.333333333333334,1.4833333333333334,101.54166666666669,68.79166666666667,29.054166666666664,67.66666666666667,10.054166666666667,2022,10,16,6,Autumn,43.37916666666666,72.37083333333334,106.08333333333331,44.95277777777778,73.09722222222223,130.9722222222222,0.5972989893393216,1.4256111304821089,1965.9986111111111,3
2022-10-17,62.62916666666666,39.4125,567.0833333333334,91.0875,26.241666666666664,60.75,0.3179166666666667,8.166666666666666,1.4520833333333334,106.83333333333331,70.625,29.225,70.625,9.675,2022,10,17,0,Autumn,35.56666666666667,59.54583333333333,101.54166666666669,38.486111111111114,64.24166666666667,113.90277777777779,0.6292994377598388,0.8440998266218955,2064.015625,3
2022-10-18,77.4375,49.82916666666667,666.2916666666666,109.01666666666668,29.1375,69.25,0.31875,7.25,1.4604166666666665,130.5,78.16666666666667,29.516666666666666,59.5,12.133333333333333,2022,10,18,1,Autumn,39.4125,62.62916666666666,106.83333333333331,39.45277777777778,64.84861111111111,104.81944444444444,0.6434759131324069,0.597527423280707,1756.2416666666666,3
2022-10-19,86.04166666666667,54.64166666666667,676.4583333333334,103.0875,30.7375,70.58333333333333,0.2970833333333333,7.625,1.4270833333333333,136.83333333333334,80.16666666666667,28.475,79.29166666666667,9.979166666666666,2022,10,19,2,Autumn,49.82916666666667,77.4375,130.5,41.60277777777779,66.53750000000001,112.95833333333333,0.6350605253068027,0.7640917814688821,2257.8302083333338,3
2022-10-20,77.97916666666667,48.5125,600.7916666666666,103.74583333333334,27.85,64.95833333333333,0.3216666666666666,13.208333333333334,1.383333333333333,138.70833333333334,80.91666666666667,28.204166666666666,72.66666666666667,9.7875,2022,10,20,3,Autumn,54.64166666666667,86.04166666666667,136.83333333333334,47.96111111111113,75.36944444444445,124.72222222222221,0.622121285102372,1.3495102920892,2049.5027777777777,3
2022-10-21,86.14999999999999,52.94583333333333,614.4166666666666,101.9,30.0375,63.416666666666664,0.34,20.291666666666668,1.3395833333333331,139.95833333333334,81.20833333333333,29.129166666666663,66.54166666666667,9.745833333333334,2022,10,21,4,Autumn,48.5125,77.97916666666667,138.70833333333334,50.99444444444445,80.48611111111113,135.34722222222223,0.6145772805427285,2.0820861480544357,1938.303298611111,3
2022-10-22,78.91250000000001,48.104166666666664,593.375,109.47916666666669,26.708333333333332,52.666666666666664,0.3254166666666666,20.041666666666668,1.34375,138.0,80.5,29.008333333333336,61.708333333333336,11.6375,2022,10,22,5,Autumn,52.94583333333333,86.14999999999999,139.95833333333334,52.03333333333334,83.39027777777778,138.5,0.609588671719664,1.722162401246339,1790.055902777778,3
2022-10-23,60.729166666666664,34.5625,515.4166666666666,93.76666666666668,25.941666666666663,51.458333333333336,0.25625,22.333333333333332,1.383333333333333,113.29166666666669,72.625,28.458333333333332,57.75,12.5375,2022,10,23,6,Autumn,48.104166666666664,78.91250000000001,138.0,49.854166666666664,81.0138888888889,138.88888888888889,0.5691252050367034,1.7813225564913882,1643.46875,3
2022-10-24,64.19583333333334,36.3125,460.6666666666667,72.72916666666667,23.425,82.33333333333333,0.2945833333333333,19.208333333333332,1.3770833333333332,101.04166666666669,68.70833333333333,28.475,60.416666666666664,10.295833333333333,2022,10,24,0,Autumn,34.5625,60.729166666666664,113.29166666666669,45.20416666666667,75.2638888888889,130.41666666666666,0.565651967563025,1.8656412595087406,1720.3645833333333,3
2022-10-25,61.69166666666666,33.25,439.25,67.28750000000001,24.858333333333334,91.95833333333331,0.30375,17.916666666666668,1.3458333333333332,97.25,67.5,28.1125,62.041666666666664,11.1375,2022,10,25,1,Autumn,36.3125,64.19583333333334,101.04166666666669,39.65972222222223,67.94583333333335,117.44444444444446,0.5389706788225745,1.6086792420190732,1744.1463541666667,3
2022-10-26,72.25416666666666,40.825,521.5,87.80416666666667,27.6875,75.25,0.2725,17.75,1.30625,104.5,69.75,28.008333333333336,63.041666666666664,10.620833333333334,2022,10,26,2,Autumn,33.25,61.69166666666666,97.25,34.708333333333336,62.20555555555557,103.86111111111113,0.5650193105585242,1.6712434675957504,1765.692013888889,3
2022-10-27,66.625,40.05833333333333,562.4583333333334,92.925,28.054166666666664,63.0,0.2625,12.25,1.2895833333333333,114.20833333333331,72.95833333333333,27.77916666666667,63.916666666666664,9.733333333333333,2022,10,27,3,Autumn,40.825,72.25416666666666,104.5,36.79583333333334,66.04722222222223,100.93055555555556,0.6012507727141847,1.2585615145313513,1775.5517361111113,3
2022-10-28,55.5875,32.90833333333333,358.9583333333333,56.087500000000006,14.583333333333334,89.16666666666667,0.2783333333333333,10.291666666666666,1.28125,97.33333333333331,67.25,27.883333333333336,64.5,9.308333333333334,2022,10,28,4,Autumn,40.05833333333333,66.625,114.20833333333331,38.04444444444445,66.85694444444445,105.31944444444444,0.5920095838331234,1.1056399886510309,1798.4750000000001,3
2022-10-29,65.22500000000001,38.86666666666667,451.4583333333333,71.59583333333333,23.4625,81.91666666666667,0.2883333333333333,8.958333333333334,1.33125,102.41666666666669,69.0,27.325,68.08333333333333,9.554166666666667,2022,10,29,5,Autumn,32.90833333333333,55.5875,97.33333333333331,37.930555555555564,64.82222222222224,105.34722222222221,0.5958860263822252,0.9376361862046731,1860.377083333333,3
2022-10-30,79.39166666666667,49.4875,508.0416666666667,90.8125,25.741666666666664,61.125,0.3995833333333333,13.708333333333334,1.2041666666666666,120.75,75.0,27.308333333333337,67.08333333333333,10.266666666666667,2022,10,30,6,Autumn,38.86666666666667,65.22500000000001,102.41666666666669,37.27777777777778,62.47916666666668,104.65277777777777,0.6233336753647485,1.335227142672681,1831.9340277777778,3
2022-10-31,88.44583333333333,56.9375,515.625,86.17083333333333,26.575,68.04166666666667,0.3741666666666667,12.125,1.1916666666666669,147.45833333333334,84.58333333333333,26.75,74.54166666666667,8.904166666666667,2022,10,31,0,Autumn,49.4875,79.39166666666667,120.75,40.420833333333334,66.73472222222223,106.83333333333333,0.6437555870117615,1.3617218873124695,1993.9895833333335,3
2022-11-01,77.10000000000001,45.083333333333336,429.375,62.854166666666664,24.370833333333337,79.58333333333333,0.3333333333333333,14.875,1.2541666666666669,139.5,81.16666666666667,26.59583333333333,71.83333333333333,8.691666666666666,2022,11,1,1,Autumn,56.9375,88.44583333333333,147.45833333333334,48.430555555555564,77.6875,123.54166666666667,0.5847384273488314,1.7114091990708498,1910.467361111111,3
2022-11-02,71.825,40.95,528.5,84.29583333333333,29.483333333333334,66.875,0.2433333333333333,10.666666666666666,1.25625,115.91666666666669,73.54166666666667,26.620833333333337,62.416666666666664,9.404166666666669,2022,11,2,2,Autumn,45.083333333333336,77.10000000000001,139.5,50.50277777777779,81.64583333333334,135.9027777777778,0.5701357386684895,1.1342488824901495,1661.5836805555557,3
2022-11-03,74.26666666666667,44.475,704.5833333333334,142.30416666666667,36.979166666666664,16.333333333333332,0.2666666666666666,13.208333333333334,1.2479166666666666,118.41666666666669,74.25,27.0625,55.041666666666664,11.6375,2022,11,3,3,Autumn,40.95,71.825,115.91666666666669,47.656944444444456,79.12361111111112,134.29166666666666,0.5988554676994327,1.1349802103848012,1489.5651041666665,3
2022-11-04,46.35,26.441666666666663,399.375,77.4875,17.479166666666668,41.833333333333336,0.3233333333333333,14.75,1.2041666666666666,104.08333333333331,69.58333333333333,27.891666666666666,45.708333333333336,15.716666666666669,2022,11,4,4,Autumn,44.475,74.26666666666667,118.41666666666669,43.50277777777779,74.39722222222223,124.61111111111113,0.5704782329274742,0.9384941078370662,1274.8815972222224,3
2022-11-05,63.39166666666667,33.958333333333336,438.7916666666667,67.45416666666667,17.366666666666667,58.625,0.44875,24.791666666666668,0.9333333333333332,90.375,64.66666666666667,27.3375,57.25,12.654166666666669,2022,11,5,5,Autumn,26.441666666666663,46.35,104.08333333333331,37.28888888888889,64.14722222222223,112.80555555555556,0.5356908026445516,1.9591700789592297,1565.0718749999999,3
2022-11-06,52.03333333333333,21.4,199.625,26.78333333333333,5.895833333333333,97.54166666666669,0.6204166666666667,41.958333333333336,0.9666666666666668,76.0,59.0,27.53333333333333,61.708333333333336,14.2625,2022,11,6,6,Autumn,33.958333333333336,63.39166666666667,90.375,34.95833333333334,61.33611111111113,104.29166666666667,0.4112748159268133,2.941863655843624,1699.036111111111,3
2022-11-07,61.84583333333333,25.15416666666667,221.95833333333337,29.65416666666667,8.054166666666665,88.70833333333333,0.6179166666666667,54.208333333333336,0.8562500000000001,75.08333333333333,64.375,27.695833333333336,63.916666666666664,11.2375,2022,11,7,0,Autumn,21.4,52.03333333333333,76.0,27.26666666666667,53.92500000000001,90.15277777777777,0.40672370156884136,4.823877954122837,1770.2253472222224,3
2022-11-08,65.71249999999999,35.59166666666667,538.25,88.15833333333335,27.34583333333333,42.541666666666664,0.5470833333333334,22.875,0.9770833333333332,91.79166666666669,66.58333333333333,28.1125,54.125,11.958333333333334,2022,11,8,1,Autumn,25.15416666666667,61.84583333333333,75.08333333333333,26.837500000000006,59.09027777777779,80.4861111111111,0.54162702872421,1.9128918260996384,1521.5890625,3
2022-11-09,48.35,26.733333333333334,380.25,79.63333333333334,16.091666666666665,27.541666666666668,0.4979166666666666,20.375,1.0229166666666667,89.45833333333333,64.54166666666667,28.670833333333334,40.583333333333336,17.104166666666668,2022,11,9,2,Autumn,35.59166666666667,65.71249999999999,91.79166666666669,27.381944444444446,59.8638888888889,80.95833333333333,0.5529127772579226,1.1912301374189442,1163.5579861111112,3
2022-11-10,70.12083333333334,37.57083333333333,564.6666666666666,93.55833333333334,23.308333333333337,34.625,0.4258333333333333,26.541666666666668,1.0145833333333334,90.08333333333331,64.625,28.083333333333332,55.791666666666664,12.954166666666666,2022,11,10,3,Autumn,26.733333333333334,48.35,89.45833333333333,29.15972222222223,58.63611111111112,85.44444444444446,0.5358012877418558,2.0488901602657967,1566.8159722222222,3
2022-11-11,69.47083333333333,38.75833333333333,626.7083333333334,110.2125,29.483333333333334,36.666666666666664,0.2941666666666667,24.25,1.08125,112.25,72.20833333333333,27.245833333333337,53.125,10.683333333333332,2022,11,11,4,Autumn,37.57083333333333,70.12083333333334,90.08333333333331,33.298611111111114,61.39444444444445,90.44444444444446,0.5579079869310912,2.2698905831615686,1447.4348958333335,3
2022-11-12,72.31666666666666,42.4375,654.875,113.2125,26.758333333333336,32.791666666666664,0.28375,22.541666666666668,1.05,112.29166666666669,72.16666666666667,26.995833333333337,64.875,11.241666666666667,2022,11,12,5,Autumn,38.75833333333333,69.47083333333333,112.25,34.35416666666667,62.64722222222224,97.26388888888887,0.5868287542729373,2.0051888505391684,1751.3546875000002,3
2022-11-13,52.03333333333333,25.90833333333333,372.75,49.0,19.570833333333333,74.83333333333333,0.3341666666666666,21.541666666666668,1.05,96.33333333333331,66.83333333333333,27.025,71.54166666666667,14.925,2022,11,13,6,Autumn,42.4375,72.31666666666666,112.29166666666669,39.588888888888896,70.63611111111112,104.875,0.4979179917120181,1.443327653155043,1933.4135416666668,3
2022-11-14,45.98333333333333,20.720833333333335,211.54166666666663,28.945833333333336,7.491666666666667,95.16666666666669,0.20375,33.416666666666664,1.1958333333333333,73.45833333333333,58.375,27.9625,61.0,13.329166666666667,2022,11,14,0,Autumn,25.90833333333333,52.03333333333333,96.33333333333331,35.70138888888889,64.60694444444447,106.95833333333333,0.45061615547772055,2.5070332598662137,1705.7124999999999,3
2022-11-15,39.4,16.770833333333332,249.04166666666663,34.75416666666667,9.645833333333334,85.625,0.25625,28.166666666666668,1.0583333333333331,65.33333333333333,44.541666666666664,27.3875,58.583333333333336,18.0375,2022,11,15,1,Autumn,20.720833333333335,45.98333333333333,73.45833333333333,29.688888888888894,56.77777777777779,94.02777777777777,0.42565565755527096,1.5615614749885067,1604.4510416666667,3
2022-11-16,37.06666666666667,16.162499999999998,269.8333333333333,44.325,10.670833333333334,89.25,0.2699999999999999,24.166666666666668,1.0520833333333333,58.583333333333336,39.291666666666664,27.554166666666664,63.916666666666664,14.35,2022,11,16,2,Autumn,16.770833333333332,39.4,65.33333333333333,21.133333333333336,45.805555555555564,78.37499999999999,0.4360386573011153,1.684088152096064,1761.170486111111,3
2022-11-17,46.93333333333334,23.85,406.375,91.47083333333336,21.125,41.625,0.2075,19.416666666666668,1.1395833333333334,66.70833333333333,48.125,26.854166666666668,63.125,11.275,2022,11,17,3,Autumn,16.162499999999998,37.06666666666667,58.583333333333336,17.884722222222226,40.816666666666684,65.79166666666667,0.5081676028089289,1.7220988864361668,1695.1692708333335,3
2022-11-18,48.22083333333333,26.195833333333336,533.0,102.74166666666667,28.458333333333332,24.666666666666668,0.2595833333333333,14.958333333333334,1.0666666666666669,79.125,59.958333333333336,26.270833333333332,61.666666666666664,8.904166666666667,2022,11,18,4,Autumn,23.85,46.93333333333334,66.70833333333333,18.92777777777778,41.133333333333354,63.541666666666664,0.5432472020755788,1.679924940017789,1620.0347222222222,3
2022-11-19,57.38333333333333,26.558333333333337,303.8333333333333,39.72083333333333,12.404166666666669,95.58333333333331,0.3854166666666667,34.083333333333336,0.93125,78.66666666666667,60.666666666666664,26.116666666666664,70.58333333333333,11.25,2022,11,19,5,Autumn,26.195833333333336,48.22083333333333,79.125,22.069444444444446,44.07361111111113,68.13888888888889,0.46282311130717796,3.0296293603292423,1843.4013888888885,3
2022-11-20,50.59166666666667,23.1375,273.75,33.525,9.741666666666667,91.66666666666669,0.33375,31.166666666666668,0.9395833333333332,80.375,63.625,26.941666666666663,65.08333333333333,14.745833333333332,2022,11,20,6,Autumn,26.558333333333337,57.38333333333333,78.66666666666667,25.53472222222223,50.84583333333335,74.83333333333333,0.4573381560071522,2.113591266668013,1753.4534722222218,3
2022-11-21,42.516666666666666,21.791666666666668,298.2083333333333,49.1375,12.229166666666666,81.70833333333333,0.2625,16.791666666666668,1.025,70.16666666666667,47.625,26.016666666666666,61.458333333333336,10.125,2022,11,21,0,Autumn,23.1375,50.59166666666667,80.375,25.297222222222228,52.065277777777794,79.3888888888889,0.5125440882976695,1.6584360501956166,1598.9409722222222,3
2022-11-22,53.604166666666664,25.141666666666666,428.9166666666667,80.05416666666666,23.1875,38.75,0.3620833333333333,37.916666666666664,0.9541666666666668,75.33333333333333,55.75,25.791666666666668,60.458333333333336,13.816666666666668,2022,11,22,1,Autumn,21.791666666666668,42.516666666666666,70.16666666666667,23.82916666666667,50.16388888888891,76.40277777777779,0.46902447628714544,2.744270006446079,1559.3211805555557,3
2022-11-23,35.925000000000004,19.3375,397.5,77.2625,21.566666666666663,27.416666666666668,0.3675,15.541666666666666,0.8916666666666666,70.70833333333333,49.0,25.229166666666668,51.833333333333336,9.133333333333333,2022,11,23,2,Autumn,25.141666666666666,53.604166666666664,75.33333333333333,23.35694444444445,48.904166666666676,75.29166666666667,0.5382741673410113,1.7016421494552392,1307.7118055555557,3
2022-11-24,45.4625,22.204166666666666,323.2916666666667,48.875,14.554166666666667,74.375,0.36,22.083333333333332,0.9229166666666668,68.08333333333333,42.666666666666664,25.108333333333334,63.958333333333336,8.058333333333334,2022,11,24,3,Autumn,19.3375,35.925000000000004,70.70833333333333,22.090277777777782,44.01527777777779,72.06944444444444,0.48840618483938375,2.7404339929140855,1605.8871527777778,3
2022-11-25,49.12916666666666,24.55,458.2083333333333,71.28333333333333,28.645833333333332,57.041666666666664,0.24125,12.916666666666666,1.0020833333333334,75.875,57.166666666666664,23.804166666666664,66.08333333333333,8.533333333333333,2022,11,25,4,Autumn,22.204166666666666,45.4625,68.08333333333333,22.227777777777778,44.997222222222234,71.375,0.49970315325852294,1.513671697616598,1573.0586805555552,3
2022-11-26,58.675,27.96666666666667,488.0,73.22916666666667,28.7125,70.66666666666667,0.2299999999999999,24.166666666666668,1.05,80.41666666666667,61.625,24.391666666666666,60.333333333333336,10.208333333333334,2022,11,26,5,Autumn,24.55,49.12916666666666,75.875,22.030555555555562,43.50555555555557,71.55555555555556,0.4766368332344242,2.3673467068721594,1471.6305555555555,3
2022-11-27,57.875,26.245833333333337,451.875,70.35000000000001,24.25,74.04166666666667,0.2104166666666666,28.5,1.1020833333333333,81.41666666666667,62.375,25.175,64.95833333333333,9.8375,2022,11,27,6,Autumn,27.96666666666667,58.675,80.41666666666667,24.90694444444445,51.0888888888889,74.79166666666667,0.45349171282663714,2.897077215036624,1635.3260416666667,3
2022-11-28,65.39166666666667,29.704166666666666,509.5,83.7625,25.254166666666663,41.5,0.2025,43.75,1.0770833333333334,84.375,65.5,24.675,71.58333333333333,9.595833333333331,2022,11,28,0,Autumn,26.245833333333337,57.875,81.41666666666667,26.254166666666674,55.2263888888889,79.23611111111113,0.4542500249127051,4.559270041587144,1766.31875,3
2022-11-29,63.19166666666666,36.275,629.4166666666666,126.0875,31.270833333333332,23.791666666666668,0.25,16.541666666666668,1.0291666666666666,96.5,67.58333333333333,24.916666666666668,58.666666666666664,11.120833333333332,2022,11,29,1,Autumn,29.704166666666666,65.39166666666667,84.375,27.97222222222223,60.64722222222223,82.06944444444446,0.5740472017821886,1.4874483488244277,1461.7777777777778,3
2022-11-30,48.5375,27.254166666666663,560.25,98.20416666666668,30.22083333333333,38.25,0.2708333333333333,11.583333333333334,0.9083333333333332,88.54166666666667,64.0,24.941666666666663,68.20833333333333,9.641666666666667,2022,11,30,2,Autumn,36.275,63.19166666666666,96.5,30.741666666666674,62.15277777777779,87.43055555555556,0.5615074139615607,1.20138276217292,1701.2295138888885,3
2022-12-01,59.90833333333333,35.733333333333334,541.0833333333334,80.7375,27.283333333333335,47.958333333333336,0.3241666666666666,6.5,0.8541666666666666,98.29166666666669,67.54166666666667,24.445833333333336,68.29166666666667,9.466666666666669,2022,12,1,3,Winter,27.254166666666663,48.5375,88.54166666666667,31.077777777777783,59.04027777777779,89.80555555555554,0.596466814358601,0.6866196457796148,1669.4467013888893,0
2022-12-02,57.475,28.325,379.8333333333333,55.71666666666667,15.991666666666667,83.0,0.2570833333333333,18.833333333333332,0.9583333333333334,85.875,63.083333333333336,24.7375,67.58333333333333,8.825000000000001,2022,12,2,4,Winter,35.733333333333334,59.90833333333333,98.29166666666669,33.087500000000006,57.212500000000006,94.44444444444446,0.49282295793261494,2.134088521160885,1671.8427083333333,0
2022-12-03,61.087500000000006,29.78333333333333,423.4583333333333,62.38333333333333,22.8375,68.875,0.2104166666666666,31.166666666666668,0.96875,88.45833333333333,65.08333333333333,24.054166666666664,71.875,8.245833333333334,2022,12,3,5,Winter,28.325,57.475,85.875,30.437500000000004,55.30694444444445,90.90277777777779,0.48755200074943855,3.7796862520845376,1728.8932291666665,0
2022-12-04,61.145833333333336,31.066666666666663,460.9166666666667,70.50416666666666,27.075,55.541666666666664,0.3466666666666667,28.458333333333332,0.7625000000000001,92.625,65.625,24.05,67.20833333333333,8.979166666666666,2022,12,4,6,Winter,29.78333333333333,61.087500000000006,88.45833333333333,31.280555555555562,59.490277777777784,90.875,0.5080749491013296,3.1693731969143544,1616.3604166666667,0
2022-12-05,48.80833333333334,23.5625,383.125,52.916666666666664,20.770833333333332,56.75,0.3129166666666667,23.958333333333332,0.9125,79.0,59.791666666666664,24.258333333333336,64.5,8.720833333333333,2022,12,5,0,Winter,31.066666666666663,61.145833333333336,92.625,29.725000000000005,59.90277777777779,88.9861111111111,0.4827556670768858,2.7472524322309684,1564.6625000000001,0
2022-12-06,60.65,30.65416666666667,492.7083333333333,87.4875,29.15833333333333,34.416666666666664,0.32,26.5,0.8854166666666666,83.75,62.333333333333336,24.441666666666663,62.75,8.904166666666667,2022,12,6,1,Winter,23.5625,48.80833333333334,79.0,28.137500000000003,57.01388888888891,86.69444444444444,0.5054273068629739,2.976134434126222,1533.7145833333332,0
2022-12-07,59.90833333333333,33.604166666666664,453.9166666666667,84.76666666666667,22.066666666666663,34.125,0.3020833333333333,17.958333333333332,0.8854166666666666,91.58333333333331,65.29166666666667,23.616666666666664,63.291666666666664,13.4625,2022,12,7,2,Winter,30.65416666666667,60.65,83.75,28.42777777777778,56.868055555555564,85.125,0.560926405993717,1.3339522376513349,1494.7381944444442,0
2022-12-08,53.39166666666667,27.6,447.0416666666667,72.34583333333333,27.8875,45.166666666666664,0.3820833333333333,25.083333333333332,0.7854166666666668,91.58333333333331,65.16666666666667,22.983333333333334,71.25,10.55,2022,12,8,3,Winter,33.604166666666664,59.90833333333333,91.58333333333331,29.273611111111112,56.455555555555556,84.77777777777777,0.5169345930962773,2.377566915238523,1637.5625,0
2022-12-09,34.07083333333333,17.287499999999998,217.0,25.9125,6.716666666666666,87.95833333333333,0.3508333333333333,13.166666666666666,0.78125,69.91666666666667,46.791666666666664,24.445833333333336,60.666666666666664,14.695833333333333,2022,12,9,4,Winter,27.6,53.39166666666667,91.58333333333331,30.61944444444445,57.98333333333334,88.97222222222221,0.5073987866239809,0.8959455018352933,1483.0472222222224,0
2022-12-10,32.69583333333333,16.208333333333332,185.75,21.045833333333334,5.020833333333333,97.16666666666669,0.2970833333333333,8.041666666666666,0.9041666666666668,58.041666666666664,39.666666666666664,23.1875,58.25,18.2875,2022,12,10,5,Winter,17.287499999999998,34.07083333333333,69.91666666666667,26.16388888888889,49.123611111111124,84.3611111111111,0.4957308373932202,0.4397356788479008,1350.671875,0
2022-12-11,35.11666666666667,17.020833333333332,193.75,21.754166666666663,6.204166666666667,93.04166666666669,0.18875,9.583333333333334,0.8812500000000001,61.583333333333336,38.458333333333336,22.45,51.0,17.058333333333334,2022,12,11,6,Winter,16.208333333333332,32.69583333333333,58.041666666666664,20.36527777777778,40.052777777777784,73.18055555555556,0.48469386374863227,0.5617977198750725,1144.95,0
2022-12-12,37.5,20.0,290.4166666666667,44.02916666666667,11.8375,75.375,0.1841666666666666,8.375,0.9375,64.04166666666667,37.666666666666664,21.191666666666663,52.125,8.924999999999999,2022,12,12,0,Winter,17.020833333333332,35.11666666666667,61.583333333333336,16.838888888888892,33.961111111111116,63.180555555555564,0.5333333191111115,0.9383752449999727,1104.615625,0
2022-12-13,32.295833333333334,18.266666666666666,337.25,50.958333333333336,22.041666666666668,34.208333333333336,0.18875,6.125,1.575,70.54166666666667,47.666666666666664,20.833333333333332,56.5,9.05,2022,12,13,1,Winter,20.0,37.5,64.04166666666667,17.74305555555556,35.10416666666668,61.22222222222223,0.5656044206237826,0.6767955053264635,1177.0833333333333,0
2022-12-14,0.9,0.6208333333333333,60.708333333333336,0.0,0.4958333333333333,30.833333333333332,0.0349999999999999,0.0,2.275,31.166666666666668,19.166666666666668,22.8,57.333333333333336,10.075,2022,12,14,2,Winter,18.266666666666666,32.295833333333334,70.54166666666667,18.42916666666667,34.970833333333346,65.3888888888889,0.689814048354761,0.0,1307.2,0
2022-12-15,1.25,0.8791666666666668,62.875,0.0,0.2208333333333333,34.75,0.045,0.0,2.245833333333333,15.791666666666666,13.958333333333334,22.75,60.5,11.341666666666669,2022,12,15,3,Winter,0.6208333333333333,0.9,31.166666666666668,12.962500000000006,23.56527777777779,55.25,0.703332770667117,0.0,1376.375,0
2022-12-16,33.208333333333336,19.520833333333332,398.9166666666667,60.354166666666664,24.2625,51.041666666666664,0.1979166666666666,5.083333333333333,1.2083333333333333,49.708333333333336,36.708333333333336,22.329166666666666,60.208333333333336,8.966666666666667,2022,12,16,4,Winter,0.8791666666666668,1.25,15.791666666666666,6.588888888888893,11.481944444444453,39.166666666666664,0.5878293423991163,0.5669144349166058,1344.4019097222222,0
2022-12-17,56.38333333333333,25.59166666666667,322.9583333333333,41.733333333333334,14.104166666666666,71.75,0.3254166666666666,35.333333333333336,0.8291666666666666,72.29166666666667,51.083333333333336,22.670833333333334,62.958333333333336,12.141666666666666,2022,12,17,5,Winter,19.520833333333332,33.208333333333336,49.708333333333336,7.006944444444449,11.78611111111112,32.22222222222222,0.4538870744211575,2.910088984755884,1427.3178819444445,0
2022-12-18,40.3875,20.654166666666665,258.875,34.020833333333336,9.666666666666666,71.08333333333333,0.1908333333333333,16.208333333333332,0.9458333333333332,74.95833333333333,58.375,22.504166666666663,60.208333333333336,10.183333333333334,2022,12,18,6,Winter,25.59166666666667,56.38333333333333,72.29166666666667,15.330555555555561,30.280555555555566,45.930555555555564,0.5113999667042203,1.5916528715234495,1354.9383680555554,0
2022-12-19,43.69166666666666,23.741666666666664,427.0833333333333,69.64583333333333,23.383333333333336,30.708333333333332,0.22375,15.291666666666666,0.8916666666666666,72.29166666666667,49.875,21.008333333333333,63.458333333333336,10.670833333333333,2022,12,19,0,Winter,20.654166666666665,40.3875,74.95833333333333,21.922222222222228,43.32638888888889,65.65277777777779,0.543391175814049,1.4330338368105737,1333.1538194444445,0
2022-12-20,42.15833333333333,23.6375,341.375,65.17916666666666,20.983333333333334,37.291666666666664,0.2541666666666666,14.25,0.94375,75.70833333333333,56.291666666666664,21.6625,50.875,12.879166666666668,2022,12,20,1,Winter,23.741666666666664,43.69166666666666,72.29166666666667,23.32916666666667,46.82083333333335,73.18055555555556,0.5606839163308817,1.1064379600306986,1102.0796875,0
2022-12-21,44.62916666666666,21.5125,310.9583333333333,65.075,17.779166666666665,33.875,0.2925,24.833333333333332,0.8520833333333333,70.45833333333333,46.5,22.308333333333337,48.166666666666664,15.170833333333334,2022,12,21,2,Winter,23.6375,42.15833333333333,75.70833333333333,22.67777777777778,42.07916666666667,74.31944444444444,0.4820278110646369,1.6369128281079157,1074.5180555555557,0
2022-12-22,48.583333333333336,22.741666666666664,366.875,59.04583333333333,18.616666666666667,36.916666666666664,0.3354166666666667,25.791666666666668,0.8729166666666667,70.70833333333333,56.708333333333336,21.195833333333333,57.583333333333336,10.920833333333334,2022,12,22,3,Winter,21.5125,44.62916666666666,70.45833333333333,22.963888888888892,43.493055555555564,72.81944444444444,0.46809604525359766,2.3616937936640556,1220.5267361111112,0
2022-12-23,52.9,28.566666666666663,478.9583333333333,88.1375,25.266666666666666,28.25,0.2883333333333333,12.541666666666666,0.9125,81.45833333333333,61.041666666666664,21.8125,56.125,11.645833333333334,2022,12,23,4,Winter,22.741666666666664,48.583333333333336,70.70833333333333,22.63055555555556,45.123611111111124,72.29166666666666,0.5400125921862774,1.0769229844502626,1224.2265625,0
2022-12-24,44.425,22.8625,382.1666666666667,66.8125,17.004166666666666,20.916666666666668,0.4204166666666666,22.291666666666668,0.7520833333333333,75.20833333333333,53.375,23.1875,54.625,14.670833333333334,2022,12,24,5,Winter,28.566666666666663,52.9,81.45833333333333,24.273611111111112,48.70416666666667,74.20833333333333,0.5146313896537673,1.5194545967994595,1266.6171875,0
2022-12-25,49.104166666666664,23.333333333333332,435.5833333333333,53.59166666666667,19.35,33.166666666666664,0.4191666666666667,29.583333333333332,0.7479166666666667,76.5,57.708333333333336,23.483333333333334,59.0,12.45,2022,12,25,6,Winter,22.8625,44.425,75.20833333333333,24.723611111111115,48.63611111111112,75.79166666666667,0.4751803042814363,2.3761711612178456,1385.5166666666667,0
2022-12-26,61.93333333333334,24.491666666666664,227.5,35.233333333333334,8.183333333333334,61.041666666666664,0.5708333333333333,69.0,0.2083333333333333,73.41666666666667,61.458333333333336,20.141666666666666,73.375,11.466666666666669,2022,12,26,0,Winter,23.333333333333332,49.104166666666664,76.5,24.920833333333338,48.80972222222223,77.72222222222221,0.395452092646091,6.017441335688255,1477.8947916666666,0
2022-12-27,52.0,26.3375,348.9166666666667,62.7875,18.316666666666663,21.416666666666668,0.5108333333333334,43.458333333333336,0.3895833333333333,77.0,62.958333333333336,18.4875,86.16666666666667,7.654166666666666,2022,12,27,1,Winter,24.491666666666664,61.93333333333334,73.41666666666667,23.562500000000004,51.82083333333335,75.04166666666667,0.5064903748751851,5.67773469643096,1593.0062500000001,0
2022-12-28,53.75,22.3125,256.4583333333333,37.104166666666664,11.9875,47.958333333333336,0.3866666666666666,45.875,0.6520833333333333,82.0,62.916666666666664,19.316666666666663,77.20833333333333,18.925,2022,12,28,2,Winter,26.3375,52.0,77.0,24.720833333333335,54.34583333333334,75.6388888888889,0.41511627134667406,2.424042144040045,1491.4076388888884,0
2022-12-29,24.59166666666667,12.233333333333334,227.54166666666663,33.199999999999996,6.979166666666667,74.20833333333333,0.1108333333333333,12.833333333333334,0.95625,58.083333333333336,40.625,19.520833333333332,66.66666666666667,13.0875,2022,12,29,3,Winter,22.3125,53.75,82.0,24.38055555555556,55.89444444444445,77.47222222222223,0.4974584684191744,0.980579358376617,1301.388888888889,0
2022-12-30,43.49166666666667,24.425,455.1666666666667,85.55833333333334,26.47083333333333,21.25,0.1954166666666666,18.541666666666668,0.8479166666666668,64.08333333333333,46.75,17.970833333333335,72.95833333333333,13.204166666666666,2022,12,30,4,Winter,12.233333333333334,24.59166666666667,58.083333333333336,20.294444444444448,43.44722222222223,72.3611111111111,0.561601826519981,1.4042283568902478,1311.122048611111,0
2022-12-31,42.5375,26.379166666666663,576.7083333333334,78.72083333333333,31.0375,24.625,0.2741666666666666,7.5,0.8458333333333333,80.5,60.833333333333336,18.570833333333333,73.70833333333333,9.291666666666666,2022,12,31,5,Winter,24.425,43.49166666666667,64.08333333333333,19.65694444444445,40.61111111111112,68.05555555555556,0.6201390783785503,0.8071748010215462,1368.825173611111,0
2023-01-01,41.041666666666664,22.7,344.3333333333333,41.708333333333336,12.241666666666667,71.66666666666667,0.2275,8.5,0.88125,73.41666666666667,51.458333333333336,20.55,70.04166666666667,9.179166666666667,2023,1,1,6,Winter,26.379166666666663,42.5375,80.5,21.012500000000003,36.873611111111124,67.55555555555556,0.5530964332240463,0.9260098855005118,1439.35625,0
2023-01-02,54.3625,31.625,534.7083333333334,85.12916666666666,28.4,30.833333333333332,0.27875,7.625,0.9458333333333332,83.45833333333333,60.875,19.616666666666667,73.625,10.679166666666667,2023,1,2,0,Winter,22.7,41.041666666666664,73.41666666666667,24.501388888888894,42.35694444444446,72.66666666666667,0.5817429187078792,0.7140069561600978,1444.2770833333334,0
2023-01-03,49.416666666666664,25.05,403.7916666666667,76.60000000000001,21.875,21.166666666666668,0.3154166666666667,21.875,0.6749999999999999,84.33333333333333,62.458333333333336,18.7625,67.45833333333333,13.220833333333331,2023,1,3,1,Winter,31.625,54.3625,83.45833333333333,26.901388888888892,45.98055555555556,79.125,0.5069139863693629,1.6545854405608242,1265.6869791666666,0
2023-01-04,54.69583333333333,20.5,300.25,62.65,14.533333333333331,30.791666666666668,0.2154166666666666,54.708333333333336,0.95,72.70833333333333,57.416666666666664,19.8125,55.041666666666664,18.120833333333337,2023,1,4,2,Winter,25.05,49.416666666666664,84.33333333333333,26.45833333333334,48.273611111111116,80.40277777777779,0.37480002361910525,3.0190846804827944,1090.5130208333333,0
2023-01-05,53.9125,19.408333333333335,342.0416666666667,52.99583333333334,15.3125,31.791666666666668,0.41375,61.958333333333336,0.7895833333333333,65.625,63.958333333333336,21.375,55.333333333333336,15.316666666666668,2023,1,5,3,Winter,20.5,54.69583333333333,72.70833333333333,25.725000000000005,52.82500000000001,80.16666666666667,0.35999690189355776,4.045157516094178,1182.75,0
2023-01-06,45.23333333333333,24.2625,494.9166666666667,75.97083333333333,21.770833333333332,14.416666666666666,0.475,16.083333333333332,0.7125,76.125,60.625,20.65,67.54166666666667,14.633333333333333,2023,1,6,4,Winter,19.408333333333335,53.9125,65.625,21.652777777777782,52.67500000000001,74.22222222222223,0.5363853971322315,1.0990887631602213,1394.7354166666667,0
2023-01-07,26.4875,14.279166666666669,255.5,45.49166666666667,9.5875,48.041666666666664,0.4429166666666667,14.0,0.5916666666666667,60.791666666666664,36.666666666666664,19.008333333333333,77.41666666666667,11.133333333333333,2023,1,7,5,Winter,24.2625,45.23333333333333,76.125,21.390277777777783,51.280555555555566,71.48611111111113,0.5390907457319838,1.257484916992373,1471.5618055555556,0
2023-01-08,34.87916666666667,19.316666666666663,399.5,57.65,17.383333333333333,42.625,0.2304166666666667,12.5,0.9979166666666668,62.75,37.083333333333336,18.579166666666666,76.45833333333333,10.116666666666664,2023,1,8,6,Winter,14.279166666666669,26.4875,60.791666666666664,19.316666666666674,41.87777777777779,67.5138888888889,0.5538167324195417,1.2355847213590065,1420.5321180555554,0
2023-01-09,45.39166666666667,21.679166666666664,332.9166666666667,54.17916666666667,15.1375,49.208333333333336,0.2312499999999999,24.041666666666668,1.0208333333333333,65.625,41.208333333333336,19.3375,72.66666666666667,7.858333333333333,2023,1,9,0,Winter,19.316666666666663,34.87916666666667,62.75,19.286111111111115,35.533333333333346,66.55555555555556,0.477602339395579,3.0593845523582757,1405.1916666666666,0
2023-01-10,50.520833333333336,26.9,385.375,57.74166666666667,16.745833333333334,31.125,0.4704166666666666,21.958333333333332,0.91875,80.29166666666667,60.208333333333336,21.245833333333337,72.33333333333333,20.641666666666666,2023,1,10,1,Winter,21.679166666666664,45.39166666666667,65.625,18.425,35.58611111111113,63.055555555555564,0.5324535977081349,1.0637867873821498,1536.7819444444447,0
2023-01-11,33.387499999999996,17.466666666666665,198.45833333333337,21.0125,4.879166666666666,75.375,0.2775,9.666666666666666,0.9458333333333332,67.95833333333333,43.166666666666664,20.8375,64.70833333333333,19.25,2023,1,11,2,Winter,26.9,50.520833333333336,80.29166666666667,22.631944444444446,43.597222222222236,69.55555555555556,0.523149865773622,0.5021644760780358,1348.3598958333332,0
2023-01-12,46.69166666666666,22.429166666666664,327.2916666666667,49.40833333333333,15.254166666666668,44.583333333333336,0.2245833333333333,31.875,1.0208333333333333,66.66666666666667,40.875,18.883333333333333,61.0,13.5125,2023,1,12,3,Winter,17.466666666666665,33.387499999999996,67.95833333333333,22.01527777777778,43.100000000000016,71.29166666666667,0.4803676498939643,2.358926744945292,1151.8833333333332,0
2023-01-13,55.78333333333333,20.629166666666663,251.25,45.5,11.758333333333333,47.166666666666664,0.2691666666666666,59.916666666666664,0.99375,70.20833333333333,60.041666666666664,18.470833333333335,52.75,15.979166666666666,2023,1,13,4,Winter,22.429166666666664,46.69166666666666,66.66666666666667,22.265277777777783,43.53333333333334,71.6388888888889,0.3698087773562812,3.7496738200986397,974.3364583333334,0
2023-01-14,37.1,19.266666666666666,282.25,58.64166666666667,14.816666666666665,37.208333333333336,0.3291666666666666,18.083333333333332,0.9666666666666668,67.91666666666667,54.125,19.495833333333337,51.041666666666664,15.541666666666666,2023,1,14,5,Winter,20.629166666666663,55.78333333333333,70.20833333333333,20.175,45.2875,68.27777777777779,0.519317146828828,1.1635387991288708,995.099826388889,0
2023-01-15,35.75416666666667,20.0125,345.6666666666667,69.36666666666666,18.25,28.5,0.3058333333333333,10.708333333333334,0.99375,67.79166666666667,42.041666666666664,20.0,57.791666666666664,11.283333333333331,2023,1,15,6,Winter,19.266666666666666,37.1,67.91666666666667,20.775000000000002,46.52500000000001,68.2638888888889,0.5597249581244622,0.9490397977217316,1155.8333333333333,0
2023-01-16,38.225,22.558333333333337,516.0,85.46249999999999,30.5875,22.791666666666668,0.2879166666666666,9.166666666666666,0.9958333333333332,69.58333333333333,45.791666666666664,20.416666666666668,66.875,8.0,2023,1,16,0,Winter,20.0125,35.75416666666667,67.79166666666667,19.96944444444445,42.879166666666684,68.6388888888889,0.5901460495274634,1.1458331901041845,1365.3645833333335,0
2023-01-17,67.10000000000001,39.09166666666666,621.1666666666666,98.02083333333331,35.3375,21.291666666666668,0.4033333333333333,20.875,0.9770833333333332,83.95833333333333,60.208333333333336,21.870833333333337,63.416666666666664,11.125,2023,1,17,1,Winter,22.558333333333337,38.225,69.58333333333333,20.612500000000008,37.0263888888889,68.43055555555556,0.5825881681680848,1.8764043257164653,1386.9753472222224,0
2023-01-18,39.625,20.495833333333337,254.79166666666663,32.18333333333333,9.5625,61.583333333333336,0.3220833333333333,12.083333333333334,1.10625,96.125,64.5,21.325,65.66666666666667,23.520833333333332,2023,1,18,2,Winter,39.09166666666666,67.10000000000001,83.95833333333333,27.220833333333335,47.0263888888889,73.77777777777779,0.5172449922041223,0.5137289418432337,1400.3416666666667,0
2023-01-19,39.63333333333333,19.8875,226.375,28.554166666666664,8.554166666666667,74.125,0.21625,13.958333333333334,0.9395833333333332,65.95833333333333,39.291666666666664,20.65,61.833333333333336,16.8,2023,1,19,3,Winter,20.495833333333337,39.625,96.125,27.381944444444446,48.316666666666684,83.22222222222223,0.5017872034872868,0.8308531251476314,1276.8583333333333,0
2023-01-20,34.0375,19.283333333333335,360.5,60.24583333333334,24.020833333333332,45.958333333333336,0.1979166666666666,13.083333333333334,1.0416666666666667,65.0,39.166666666666664,18.345833333333335,62.125,11.6125,2023,1,20,4,Winter,19.8875,39.63333333333333,65.95833333333333,26.49166666666667,48.786111111111126,82.0138888888889,0.5665319946177405,1.126659393470307,1139.7348958333334,0
2023-01-21,40.166666666666664,20.516666666666666,323.7916666666667,56.75416666666666,18.7,50.708333333333336,0.21,12.666666666666666,1.0604166666666666,67.29166666666667,41.041666666666664,18.945833333333333,53.333333333333336,14.4875,2023,1,21,5,Winter,19.283333333333335,34.0375,65.0,19.888888888888896,37.76527777777779,75.69444444444446,0.5107883690260158,0.8743168795409689,1010.4444444444445,0
2023-01-22,44.71666666666667,23.166666666666668,352.0833333333333,64.90833333333333,20.141666666666666,46.583333333333336,0.2129166666666666,10.166666666666666,1.0854166666666667,72.5,50.583333333333336,18.895833333333332,53.583333333333336,15.025,2023,1,22,6,Winter,20.516666666666666,40.166666666666664,67.29166666666667,19.89583333333334,37.94583333333335,66.08333333333334,0.5180767681384248,0.6766499826966179,1012.5017361111111,0
2023-01-23,56.99166666666667,21.691666666666663,318.875,61.09583333333333,15.791666666666666,46.583333333333336,0.3745833333333333,43.25,0.7729166666666667,68.375,51.75,18.816666666666663,55.208333333333336,16.212500000000002,2023,1,23,0,Winter,23.166666666666668,44.71666666666667,72.5,20.988888888888894,39.64027777777779,68.2638888888889,0.3806111937895389,2.667694515485303,1038.8368055555554,0
2023-01-24,60.31666666666666,24.7375,297.8333333333333,49.0875,14.170833333333334,55.958333333333336,0.38,42.25,0.91875,76.70833333333333,64.70833333333333,18.791666666666668,59.375,16.462500000000002,2023,1,24,1,Winter,21.691666666666663,56.99166666666667,68.375,21.79166666666667,47.29166666666668,69.3888888888889,0.4101271001360526,2.5664387203378145,1115.7552083333335,0
2023-01-25,50.5875,19.383333333333333,263.3333333333333,47.21666666666667,12.55,49.75,0.4283333333333333,43.458333333333336,0.6333333333333334,69.25,61.375,17.195833333333333,67.16666666666667,16.858333333333334,2023,1,25,2,Winter,24.7375,60.31666666666666,76.70833333333333,23.198611111111116,54.00833333333335,72.52777777777779,0.38316447640561124,2.5778545183675026,1154.9868055555555,0
2023-01-26,45.4875,19.329166666666666,250.75,55.24166666666667,12.429166666666667,41.791666666666664,0.4216666666666666,34.625,0.2645833333333333,65.58333333333333,59.125,16.441666666666666,82.875,11.125,2023,1,26,3,Winter,19.383333333333333,50.5875,69.25,21.9375,55.96527777777779,71.44444444444446,0.4249335804722855,3.1123592707991667,1362.603125,0
2023-01-27,37.67916666666667,16.633333333333333,257.375,49.4375,12.0125,49.75,0.3541666666666667,31.0,0.3229166666666667,64.29166666666667,45.833333333333336,16.820833333333333,83.29166666666667,15.7125,2023,1,27,4,Winter,19.329166666666666,45.4875,65.58333333333333,21.150000000000002,52.13055555555556,70.5138888888889,0.44144641093142334,1.9729513461924362,1401.0352430555556,0
2023-01-28,23.0375,12.9,260.125,36.983333333333334,10.620833333333334,68.79166666666667,0.1716666666666666,6.416666666666667,1.1395833333333334,53.541666666666664,33.166666666666664,16.508333333333333,77.54166666666667,11.025,2023,1,28,5,Winter,16.633333333333333,37.67916666666667,64.29166666666667,18.448611111111116,44.58472222222223,66.37500000000001,0.5599565682059005,0.5820105292205113,1280.0836805555557,0
2023-01-29,38.125,23.52916666666667,507.7083333333333,63.875,23.983333333333334,57.041666666666664,0.1920833333333333,3.75,1.2041666666666666,64.375,42.75,15.875,69.33333333333333,8.424999999999999,2023,1,29,6,Winter,12.9,23.0375,53.541666666666664,16.287500000000005,35.401388888888896,61.13888888888891,0.6171584537575926,0.4451038047354535,1100.6666666666665,0
2023-01-30,53.51666666666667,30.608333333333334,507.5,76.87083333333334,22.5,43.0,0.2575,5.75,1.1458333333333333,81.45833333333333,61.0,15.825,82.16666666666667,10.970833333333331,2023,1,30,0,Winter,23.52916666666667,38.125,64.375,17.687500000000004,32.94722222222223,60.73611111111112,0.5719401948563028,0.5241169290588444,1300.2875,0
2023-01-31,85.58333333333333,54.54583333333333,891.2916666666666,121.84166666666664,33.12916666666667,13.958333333333334,0.2595833333333333,8.041666666666666,1.15625,114.66666666666669,73.0,17.283333333333335,76.08333333333333,10.4875,2023,1,31,1,Winter,30.608333333333334,53.51666666666667,81.45833333333333,22.345833333333342,38.2263888888889,66.45833333333334,0.6373417647048674,0.7667857830637314,1314.9736111111113,0
2023-02-01,56.39166666666667,32.5625,500.625,83.1875,20.204166666666666,22.75,0.3033333333333333,19.166666666666668,1.2229166666666669,123.16666666666669,75.79166666666667,18.808333333333337,73.54166666666667,13.941666666666668,2023,2,1,2,Winter,54.54583333333333,85.58333333333333,114.66666666666669,36.22777777777778,59.07500000000001,86.83333333333336,0.57743459889284,1.37477575315416,1383.1961805555559,0
2023-02-02,67.33749999999999,38.69166666666667,546.8333333333334,87.03333333333335,20.179166666666667,20.833333333333332,0.3591666666666666,23.958333333333332,1.2333333333333334,96.54166666666669,67.04166666666667,19.641666666666666,75.25,14.0125,2023,2,2,3,Winter,32.5625,56.39166666666667,123.16666666666669,39.23888888888889,65.1638888888889,106.43055555555559,0.574593147831053,1.7097828098876378,1478.0354166666666,0
2023-02-03,87.12083333333334,49.42916666666667,764.0416666666666,111.28333333333336,30.7875,10.583333333333334,0.4245833333333333,30.416666666666668,1.2541666666666669,121.875,75.41666666666667,20.1125,83.20833333333333,10.033333333333331,2023,2,3,4,Winter,38.69166666666667,67.33749999999999,96.54166666666669,41.93333333333334,69.77083333333334,111.45833333333337,0.5673633298499594,3.0315611596450682,1673.5276041666666,0
2023-02-04,58.84583333333333,25.829166666666666,327.75,43.0125,10.7625,64.83333333333333,0.3358333333333334,42.083333333333336,1.3395833333333331,114.45833333333331,73.75,19.125,77.58333333333333,11.620833333333332,2023,2,4,5,Winter,49.42916666666667,87.12083333333334,121.875,40.22777777777779,70.28333333333335,113.86111111111114,0.43892939847461193,3.6213693549198127,1483.78125,0
2023-02-05,53.15833333333333,24.15416666666667,302.75,45.67916666666667,9.554166666666667,65.33333333333333,0.3783333333333333,35.791666666666664,1.30625,74.79166666666667,61.125,18.65,80.33333333333333,10.55,2023,2,5,6,Winter,25.829166666666666,58.84583333333333,114.45833333333331,37.98333333333334,71.10138888888889,110.95833333333336,0.4543815559608424,3.392574717923407,1498.2166666666665,0
2023-02-06,96.625,43.1,737.2083333333334,111.69166666666666,32.199999999999996,21.666666666666668,0.38125,83.41666666666667,1.2833333333333334,93.29166666666669,68.04166666666667,18.891666666666666,76.75,8.395833333333334,2023,2,6,0,Winter,24.15416666666667,53.15833333333333,74.79166666666667,33.13750000000001,66.37500000000001,103.70833333333336,0.4460543291482088,9.93548268758519,1449.9354166666667,0
2023-02-07,118.96666666666664,59.85,638.7916666666666,116.3875,27.020833333333332,25.416666666666668,0.3858333333333333,86.58333333333333,1.3041666666666667,139.375,84.45833333333333,21.675,57.916666666666664,11.879166666666668,2023,2,7,1,Winter,43.1,96.625,93.29166666666669,31.027777777777782,69.54305555555557,94.18055555555559,0.5030820915963962,7.2886700283125885,1255.34375,0
2023-02-08,64.35833333333333,29.9,392.0416666666667,61.59166666666667,14.95,39.583333333333336,0.3358333333333334,42.0,1.2375,120.20833333333331,75.41666666666667,22.520833333333332,52.333333333333336,19.158333333333335,2023,2,8,2,Winter,59.85,118.96666666666664,139.375,42.368055555555564,89.58333333333333,102.48611111111114,0.4645862934416217,2.1922573888338897,1178.5902777777778,0
2023-02-09,56.041666666666664,19.225,194.79166666666663,17.14166666666667,4.575,86.875,0.1716666666666666,62.041666666666664,1.4,81.83333333333333,65.45833333333333,20.15,59.5,26.65833333333333,2023,2,9,3,Winter,29.9,64.35833333333333,120.20833333333331,44.28333333333334,93.31666666666668,117.62500000000001,0.34304832101623817,2.3272896907549976,1198.925,0
2023-02-10,50.5,18.508333333333333,208.29166666666663,17.45416666666667,4.279166666666667,93.875,0.15125,47.875,1.4166666666666667,64.625,63.416666666666664,18.545833333333334,63.583333333333336,24.21666666666667,2023,2,10,4,Winter,19.225,56.041666666666664,81.83333333333333,36.32500000000001,79.78888888888889,113.80555555555556,0.3665016429075582,1.9769441716334133,1179.205902777778,0
2023-02-11,40.925,20.320833333333333,355.375,63.55833333333334,12.904166666666669,52.666666666666664,0.2395833333333333,17.708333333333332,1.34375,65.83333333333333,49.958333333333336,18.758333333333333,72.625,9.075,2023,2,11,5,Winter,18.508333333333333,50.5,64.625,22.54444444444445,56.966666666666676,88.8888888888889,0.4965383710884536,1.9513312817633117,1362.3239583333334,0
2023-02-12,88.66250000000001,53.5,841.25,139.35,35.42916666666667,16.125,0.2808333333333333,20.375,1.3354166666666665,97.91666666666669,68.70833333333333,19.758333333333333,66.95833333333333,10.158333333333331,2023,2,12,6,Winter,20.320833333333333,40.925,65.83333333333333,19.351388888888895,49.155555555555566,70.7638888888889,0.6034118076592493,2.005742214365,1322.9850694444442,0
2023-02-13,78.46666666666667,45.1625,530.2916666666666,95.9,19.641666666666666,26.75,0.1608333333333333,30.916666666666668,1.4729166666666669,137.45833333333334,80.41666666666667,22.375,49.458333333333336,13.179166666666667,2023,2,13,0,Winter,53.5,88.66250000000001,97.91666666666669,30.776388888888892,60.02916666666669,76.12500000000001,0.5755628643726058,2.3458739920930265,1106.6302083333335,0
2023-02-14,83.05,48.74583333333334,476.4583333333333,87.23333333333333,17.970833333333335,46.166666666666664,0.16125,30.125,1.5395833333333335,126.83333333333331,77.33333333333333,23.35,50.375,14.041666666666666,2023,2,14,1,Winter,45.1625,78.46666666666667,137.45833333333334,39.66111111111112,69.3513888888889,100.40277777777779,0.5869456080239341,2.145400440683648,1176.2562500000001,0
2023-02-15,70.825,41.958333333333336,431.9583333333333,82.425,17.341666666666665,39.375,0.2341666666666666,26.625,1.55625,125.375,76.66666666666667,24.28333333333333,34.833333333333336,17.895833333333332,2023,2,15,2,Winter,48.74583333333334,83.05,126.83333333333331,49.13611111111112,83.39305555555558,120.73611111111113,0.5924226295928091,1.4877764011486994,845.8694444444444,0
2023-02-16,61.47083333333333,34.141666666666666,465.75,79.925,18.429166666666667,22.041666666666668,0.1808333333333333,32.0,1.7,111.33333333333331,72.0,23.525,32.583333333333336,13.8875,2023,2,16,3,Winter,41.958333333333336,70.825,125.375,45.28888888888889,77.44722222222224,129.8888888888889,0.5554124494476386,2.3042302571211337,766.5229166666667,0
2023-02-17,61.775,29.96666666666667,509.25,68.40416666666667,21.34583333333333,46.208333333333336,0.2629166666666666,31.5,1.460416666666667,93.54166666666669,66.125,20.475,80.70833333333333,10.833333333333334,2023,2,17,4,Winter,34.141666666666666,61.47083333333333,111.33333333333331,41.615277777777784,71.78194444444446,121.18055555555556,0.4850937463629773,2.9076920392899654,1652.503125,0
2023-02-18,46.625,23.35,272.0416666666667,33.84583333333333,10.245833333333334,76.66666666666667,0.2895833333333333,14.916666666666666,1.5020833333333332,79.83333333333333,60.791666666666664,19.65,77.66666666666667,14.358333333333334,2023,2,18,5,Winter,29.96666666666667,61.775,93.54166666666669,35.35555555555556,64.69027777777781,110.08333333333336,0.5008042788031254,1.0388855921844045,1526.15,0
2023-02-19,49.0875,25.0625,235.79166666666663,23.708333333333332,7.395833333333333,93.16666666666669,0.4120833333333333,14.291666666666666,1.4354166666666668,75.625,56.333333333333336,19.1875,74.41666666666667,17.283333333333335,2023,2,19,6,Winter,23.35,46.625,79.83333333333333,29.152777777777782,56.62361111111113,94.90277777777779,0.5105678531078615,0.8269044844606854,1427.8697916666667,0
2023-02-20,46.3625,24.204166666666666,226.58333333333337,25.645833333333332,5.55,91.5,0.26125,9.333333333333334,1.5291666666666668,76.58333333333333,57.958333333333336,19.429166666666667,73.41666666666667,17.349999999999998,2023,2,20,0,Winter,25.0625,49.0875,75.625,26.126388888888897,52.49583333333336,83.00000000000001,0.5220634380070797,0.5379442533365465,1426.424652777778,0
2023-02-21,45.225,23.704166666666666,264.5,37.175,8.141666666666667,81.91666666666667,0.2604166666666667,6.541666666666667,1.5166666666666666,74.70833333333333,54.416666666666664,19.133333333333333,76.83333333333333,14.066666666666668,2023,2,21,1,Winter,24.204166666666666,46.3625,76.58333333333333,24.20555555555556,47.35833333333335,77.34722222222224,0.5241385548375481,0.46504736030469,1470.0777777777776,0
2023-02-22,58.5625,31.804166666666664,421.9583333333333,60.36666666666667,17.658333333333335,58.541666666666664,0.4654166666666666,11.875,1.3791666666666669,87.29166666666667,63.458333333333336,19.891666666666666,67.83333333333333,13.491666666666667,2023,2,22,2,Winter,23.704166666666666,45.225,74.70833333333333,24.323611111111116,46.89166666666668,75.6388888888889,0.5430807449064832,0.8801728810248637,1349.3180555555555,0
2023-02-23,115.93333333333334,62.96666666666667,752.2083333333334,110.60416666666669,34.108333333333334,52.166666666666664,0.3583333333333333,49.166666666666664,1.54375,127.25,78.16666666666667,20.720833333333335,56.833333333333336,10.329166666666667,2023,2,23,3,Winter,31.804166666666664,58.5625,87.29166666666667,26.570833333333336,50.05000000000002,79.52777777777779,0.543128229932764,4.759983403632103,1177.6340277777779,0
2023-02-24,143.375,81.33749999999999,977.1666666666666,180.39166666666665,35.1,35.625,0.27375,60.833333333333336,1.60625,156.25,93.79166666666669,22.391666666666666,42.416666666666664,11.120833333333332,2023,2,24,4,Winter,62.96666666666667,115.93333333333334,127.25,39.49166666666667,73.2402777777778,96.41666666666669,0.5673060117363137,5.470213071243487,949.779861111111,0
2023-02-25,87.90416666666665,48.25,496.75,93.525,18.341666666666665,46.666666666666664,0.2766666666666666,44.666666666666664,1.6270833333333332,155.70833333333334,94.83333333333331,23.891666666666666,46.208333333333336,16.825,2023,2,25,5,Winter,81.33749999999999,143.375,156.25,58.70277777777778,105.95694444444446,123.59722222222224,0.548893201320834,2.654779436070563,1103.9940972222223,0
2023-02-26,77.49583333333334,44.94166666666666,460.0,91.6875,18.895833333333332,38.958333333333336,0.2916666666666667,28.416666666666668,1.7083333333333333,124.70833333333331,76.79166666666667,24.90833333333333,46.875,14.541666666666666,2023,2,26,6,Winter,48.25,87.90416666666665,155.70833333333334,64.18472222222222,115.73750000000003,146.4027777777778,0.5799236443259489,1.9541545934105726,1167.578125,0
2023-02-27,78.88333333333334,47.45,587.375,121.48333333333332,22.65833333333333,30.125,0.3445833333333333,21.833333333333332,1.55,129.29166666666666,77.83333333333333,25.0625,42.125,10.308333333333334,2023,2,27,0,Winter,44.94166666666666,77.49583333333334,124.70833333333331,58.1763888888889,102.92500000000003,145.55555555555557,0.6015212262642566,2.1180272803853892,1055.7578125,0
2023-02-28,103.45416666666668,61.45416666666667,610.5,134.76666666666668,24.441666666666663,38.083333333333336,0.3899999999999999,32.5,1.45625,145.08333333333334,84.625,25.233333333333334,43.375,10.616666666666667,2023,2,28,1,Winter,47.45,78.88333333333334,129.29166666666666,46.88055555555556,81.4277777777778,136.56944444444446,0.5940231123860991,3.061224201454549,1094.4958333333334,0
2023-03-01,72.6375,36.65,615.375,105.20833333333331,26.616666666666664,22.5,0.5229166666666667,46.125,1.2145833333333331,133.375,80.95833333333333,23.2,67.33333333333333,10.783333333333331,2023,3,1,2,Spring,61.45416666666667,103.45416666666668,145.08333333333334,51.281944444444456,86.61111111111116,133.0277777777778,0.504560309694575,4.27743391553936,1562.1333333333332,1
2023-03-02,60.17083333333333,28.170833333333334,540.5,88.69166666666666,26.008333333333336,25.5,0.5645833333333333,43.0,1.31875,91.79166666666669,66.79166666666667,23.483333333333334,65.33333333333333,11.058333333333332,2023,3,2,3,Spring,36.65,72.6375,133.375,48.518055555555556,84.99166666666672,135.91666666666669,0.4681808661198389,3.8884698819771026,1534.2444444444443,1
2023-03-03,51.27916666666667,25.083333333333332,470.7083333333333,85.70416666666667,20.820833333333333,35.041666666666664,0.4008333333333333,30.333333333333332,1.6,75.83333333333333,61.041666666666664,22.829166666666666,74.875,11.420833333333334,2023,3,3,4,Spring,28.170833333333334,60.17083333333333,91.79166666666669,42.091666666666676,78.7541666666667,123.41666666666669,0.4891525052899487,2.655964743731653,1709.3338541666667,1
2023-03-04,55.145833333333336,24.8625,422.8333333333333,59.02916666666667,19.875,62.25,0.27375,36.875,1.86875,76.45833333333333,60.291666666666664,22.475,78.125,9.1875,2023,3,4,5,Spring,25.083333333333332,51.27916666666667,75.83333333333333,29.968055555555562,61.36250000000003,100.33333333333336,0.45085001071371344,4.013605005321905,1755.859375,1
2023-03-05,79.52499999999999,44.06666666666666,699.9166666666666,103.32083333333333,30.929166666666664,30.208333333333332,0.3120833333333333,31.5,1.79375,93.5,66.625,21.633333333333336,75.25,9.804166666666667,2023,3,5,6,Spring,24.8625,55.145833333333336,76.45833333333333,26.03888888888889,55.53194444444447,81.36111111111113,0.5541234342979344,3.212919349298494,1627.9083333333335,1
2023-03-06,122.2125,72.40416666666667,887.625,122.8375,29.96666666666667,51.208333333333336,0.3041666666666666,38.708333333333336,1.8916666666666664,152.58333333333334,93.0,22.233333333333334,61.458333333333336,9.783333333333331,2023,3,6,0,Spring,44.06666666666666,79.52499999999999,93.5,31.337500000000006,61.98333333333337,81.93055555555557,0.5924448487202358,3.9565583690059603,1366.4236111111113,1
2023-03-07,94.33333333333331,51.2875,875.9583333333334,154.32500000000002,36.604166666666664,36.0,0.25625,42.416666666666664,1.8791666666666669,143.20833333333334,84.875,22.170833333333334,56.625,10.045833333333333,2023,3,7,1,Spring,72.40416666666667,122.2125,152.58333333333334,47.11111111111112,85.62777777777781,107.51388888888891,0.5436837398196072,4.222313972063313,1255.4234375,1
2023-03-08,114.44583333333333,69.80416666666666,749.6666666666666,159.67083333333332,29.954166666666666,58.458333333333336,0.2825,26.5,1.875,152.25,89.91666666666667,23.275,58.916666666666664,9.358333333333333,2023,3,8,2,Spring,51.2875,94.33333333333331,143.20833333333334,55.91944444444445,98.6902777777778,129.7638888888889,0.6099319129725249,2.8317004988387717,1371.2854166666666,1
2023-03-09,95.24583333333334,56.5125,548.6666666666666,108.37916666666666,23.2875,44.291666666666664,0.2941666666666667,31.416666666666668,1.9104166666666669,153.25,89.25,26.7125,42.041666666666664,16.658333333333335,2023,3,9,3,Spring,69.80416666666666,114.44583333333333,152.25,64.49861111111112,110.33055555555558,149.34722222222226,0.5933330354608719,1.8859428582725646,1123.0380208333331,1
2023-03-10,65.55,36.75833333333333,370.0833333333333,66.5125,15.670833333333334,46.25,0.34,28.958333333333332,1.7625000000000002,128.33333333333334,77.66666666666667,27.804166666666664,34.416666666666664,17.466666666666665,2023,3,10,4,Spring,56.5125,95.24583333333334,153.25,59.20138888888889,101.34166666666668,149.56944444444446,0.5607678531283826,1.6579197524091744,956.9267361111109,1
2023-03-11,72.37916666666666,42.425,505.9583333333333,98.3625,20.708333333333332,41.333333333333336,0.3725,19.75,1.6979166666666667,110.58333333333331,71.79166666666667,26.104166666666668,45.541666666666664,10.5,2023,3,11,5,Spring,36.75833333333333,65.55,128.33333333333334,54.35833333333334,91.74722222222225,144.61111111111111,0.5861493212436913,1.880952201814076,1188.8272569444443,1
2023-03-12,105.19583333333333,62.3,728.7083333333334,148.51666666666668,28.629166666666663,32.666666666666664,0.2520833333333333,33.333333333333336,1.9,138.25,81.91666666666667,27.129166666666663,40.708333333333336,12.3625,2023,3,12,6,Spring,42.425,72.37916666666666,110.58333333333331,45.231944444444444,77.72500000000002,130.72222222222226,0.592228774027215,2.6963260373716724,1104.3831597222222,1
2023-03-13,92.6875,54.4875,523.0,105.0125,18.145833333333332,27.708333333333332,0.4766666666666666,30.708333333333332,1.2041666666666666,151.83333333333334,87.45833333333333,26.745833333333337,44.625,17.741666666666667,2023,3,13,0,Spring,62.3,105.19583333333333,138.25,47.161111111111104,81.04166666666669,125.72222222222224,0.5878624346555638,1.7308594609191472,1193.5328125,1
2023-03-14,54.90416666666667,29.7375,477.5416666666667,76.9375,23.566666666666663,51.083333333333336,0.5279166666666667,25.125,1.7229166666666669,116.91666666666669,73.54166666666667,25.775,59.875,11.2125,2023,3,14,1,Spring,54.4875,92.6875,151.83333333333334,53.07083333333333,90.08750000000002,133.55555555555557,0.5416255498224078,2.2408024757366802,1543.2781249999998,1
2023-03-15,55.10833333333333,30.4125,647.625,108.44583333333333,31.508333333333336,27.666666666666668,0.2670833333333333,22.583333333333332,2.025,87.58333333333333,63.708333333333336,24.945833333333336,65.79166666666667,8.154166666666667,2023,3,15,2,Spring,29.7375,54.90416666666667,116.91666666666669,48.84166666666666,84.26250000000003,135.6666666666667,0.5518675236316192,2.769544882631185,1641.227951388889,1
2023-03-16,62.645833333333336,33.30833333333333,714.875,115.0625,30.65833333333333,17.041666666666668,0.3208333333333333,33.458333333333336,1.9854166666666664,94.41666666666669,66.33333333333333,25.2875,57.791666666666664,12.066666666666668,2023,3,16,3,Spring,30.4125,55.10833333333333,87.58333333333333,38.2125,67.56666666666669,118.77777777777781,0.5316927085064017,2.7727898254594066,1461.4067708333334,1
2023-03-17,46.2125,19.304166666666667,257.4583333333333,36.9,8.095833333333333,75.45833333333333,0.20375,37.458333333333336,2.097916666666667,76.75,57.958333333333336,23.920833333333334,64.33333333333333,18.454166666666666,2023,3,17,4,Spring,33.30833333333333,62.645833333333336,94.41666666666669,31.152777777777782,57.552777777777806,99.63888888888891,0.4177260751731803,2.0298034574050963,1538.9069444444444,1
2023-03-18,43.475,20.533333333333335,250.0,36.0625,7.604166666666667,87.875,0.0845833333333333,23.791666666666668,2.3020833333333335,66.95833333333333,49.875,22.070833333333336,73.16666666666667,15.6125,2023,3,18,5,Spring,19.304166666666667,46.2125,76.75,27.675,54.65555555555559,86.25000000000001,0.47230207845960337,1.5238856776801275,1614.849305555556,1
2023-03-19,51.13333333333333,29.425,386.7083333333333,54.57916666666667,14.691666666666668,82.29166666666667,0.2170833333333333,13.208333333333334,1.9333333333333331,72.5,50.833333333333336,22.1875,68.20833333333333,13.433333333333332,2023,3,19,6,Spring,20.533333333333335,43.475,66.95833333333333,24.381944444444443,50.77777777777781,79.37500000000003,0.5754563120836446,0.983250547152565,1513.3723958333333,1
2023-03-20,85.625,48.475,702.7916666666666,100.13333333333333,29.9625,53.0,0.3045833333333334,32.541666666666664,2.0416666666666665,125.83333333333331,76.54166666666667,23.8,50.75,12.491666666666667,2023,3,20,0,Spring,29.425,51.13333333333333,72.5,23.087500000000006,46.9402777777778,72.06944444444446,0.5661313802495606,2.6050698381531814,1207.8500000000001,1
2023-03-21,85.30416666666666,44.1,543.2083333333334,96.17083333333332,22.2875,59.666666666666664,0.3575,52.875,1.7354166666666666,113.45833333333331,73.20833333333333,26.1625,40.041666666666664,15.483333333333334,2023,3,21,1,Spring,48.475,85.625,125.83333333333331,32.81111111111111,60.077777777777804,88.43055555555556,0.516973568892021,3.414962104523438,1047.5901041666666,1
2023-03-22,84.99583333333332,20.066666666666663,206.625,15.666666666666666,6.2625,100.125,0.2520833333333333,137.625,2.15,96.91666666666669,72.95833333333333,23.09583333333333,50.458333333333336,24.270833333333332,2023,3,22,2,Spring,44.1,85.30416666666666,113.45833333333331,40.66666666666667,74.02083333333336,103.93055555555556,0.23609000163431537,5.670386032464782,1165.3772569444443,1
2023-03-23,88.26666666666667,20.179166666666667,188.83333333333337,11.1625,5.479166666666667,107.0,0.2695833333333333,147.16666666666666,1.9791666666666667,71.79166666666667,79.29166666666667,22.1625,47.875,27.2625,2023,3,23,3,Spring,20.066666666666663,84.99583333333332,96.91666666666669,37.547222222222224,85.30833333333335,112.06944444444446,0.22861593396583157,5.398135213884693,1061.0296875000001,1
2023-03-24,47.875,20.716666666666665,248.29166666666663,25.495833333333337,7.35,95.66666666666669,0.2245833333333333,34.5,2.1104166666666666,68.625,65.58333333333333,22.0,63.583333333333336,13.529166666666669,2023,3,24,4,Spring,20.179166666666667,88.26666666666667,71.79166666666667,28.115277777777777,86.18888888888891,94.05555555555559,0.43272409888130686,2.5500460080039904,1398.8333333333335,1
2023-03-25,51.525,24.0125,356.9583333333333,52.59166666666667,14.145833333333334,73.95833333333333,0.2229166666666666,33.625,2.1645833333333333,71.875,56.916666666666664,21.4875,71.04166666666667,10.433333333333334,2023,3,25,5,Spring,20.716666666666665,47.875,68.625,20.320833333333336,73.71250000000002,79.11111111111114,0.4660358958556837,3.2228431415805296,1526.5078125000002,1
2023-03-26,75.85000000000001,41.6625,675.75,127.14166666666668,32.483333333333334,42.75,0.29,31.291666666666668,2.0729166666666665,93.0,66.04166666666667,24.079166666666666,61.916666666666664,10.208333333333334,2023,3,26,6,Spring,24.0125,51.525,71.875,21.63611111111111,62.55555555555558,70.76388888888891,0.5492748773991446,3.065305822174124,1490.901736111111,1
2023-03-27,98.75416666666666,49.92083333333333,506.7083333333333,99.7875,22.004166666666663,50.041666666666664,0.5166666666666667,64.25,1.7791666666666668,116.75,73.875,26.125,57.833333333333336,17.429166666666667,2023,3,27,0,Spring,41.6625,75.85000000000001,93.0,28.797222222222228,58.41666666666671,77.83333333333336,0.5055060916703319,3.6863492984164874,1510.8958333333335,1
2023-03-28,85.89999999999999,26.733333333333334,421.2916666666667,69.90833333333333,20.9125,37.166666666666664,0.3733333333333333,120.16666666666669,1.9041666666666663,120.33333333333331,79.70833333333333,24.5,55.583333333333336,17.845833333333335,2023,3,28,1,Spring,49.92083333333333,98.75416666666666,116.75,38.53194444444444,75.37638888888893,93.87500000000001,0.31121458698624854,6.7335975680449645,1361.7916666666667,1
2023-03-29,95.7625,31.7,214.79166666666663,20.3625,9.779166666666669,105.5,0.2308333333333333,121.54166666666669,2.1270833333333337,84.91666666666667,79.08333333333333,22.958333333333332,63.041666666666664,23.1125,2023,3,29,2,Spring,26.733333333333334,85.89999999999999,120.33333333333331,39.43888888888889,86.83472222222224,110.02777777777779,0.3310272775770549,5.258698168002964,1447.3315972222222,1
2023-03-30,56.541666666666664,27.59583333333333,281.3333333333333,35.487500000000004,9.154166666666669,95.04166666666669,0.2020833333333333,34.208333333333336,2.245833333333333,87.33333333333333,67.83333333333333,21.758333333333336,75.20833333333333,13.95,2023,3,30,3,Spring,31.7,95.7625,84.91666666666667,36.11805555555556,93.47222222222224,107.33333333333333,0.4880618926208656,2.45221009900525,1636.4079861111113,1
2023-03-31,55.6375,30.020833333333332,464.4166666666667,70.75416666666666,19.604166666666668,75.41666666666667,0.35625,23.583333333333332,2.1104166666666666,89.0,64.33333333333333,22.09166666666667,73.45833333333333,10.904166666666669,2023,3,31,4,Spring,27.59583333333333,56.541666666666664,87.33333333333333,28.67638888888889,79.40138888888892,97.52777777777779,0.5395791110987054,2.1627816128897255,1622.8170138888888,1
2023-04-01,66.37916666666666,34.579166666666666,555.2083333333334,95.72083333333336,21.52916666666667,49.958333333333336,0.4695833333333333,36.25,1.91875,90.29166666666669,65.16666666666667,23.3625,69.54166666666667,11.808333333333332,2023,4,1,5,Spring,30.020833333333332,55.6375,89.0,29.772222222222222,69.31388888888893,87.08333333333336,0.5209340201478775,3.0698656539281033,1624.6671875000002,1
2023-04-02,56.32916666666667,23.929166666666664,213.54166666666663,18.879166666666663,5.258333333333334,106.58333333333331,0.2333333333333333,46.916666666666664,2.2875,87.83333333333333,66.875,22.075,63.208333333333336,22.195833333333336,2023,4,2,6,Spring,34.579166666666666,66.37916666666666,90.29166666666669,30.73194444444444,59.519444444444474,88.87500000000001,0.424809519790348,2.1137599948747137,1395.3239583333334,1
2023-04-03,49.44166666666666,21.683333333333337,195.75,14.854166666666666,4.308333333333334,112.875,0.0974999999999999,33.916666666666664,2.31875,71.25,57.25,21.554166666666664,62.416666666666664,25.179166666666664,2023,4,3,0,Spring,23.929166666666664,56.32916666666667,87.83333333333333,29.509722222222223,59.44861111111115,89.0416666666667,0.43856395539732446,1.3470130194798735,1345.339236111111,1
2023-04-04,54.05833333333334,23.616666666666664,219.04166666666663,18.679166666666667,6.420833333333333,109.45833333333331,0.1258333333333333,34.083333333333336,2.275,71.54166666666667,59.5,21.754166666666663,66.83333333333333,19.5,2023,4,4,1,Spring,21.683333333333337,49.44166666666666,71.25,26.730555555555558,57.38333333333336,83.12500000000003,0.4368737394134655,1.7478631582292399,1453.9034722222218,1
2023-04-05,55.395833333333336,24.40416666666667,294.8333333333333,36.079166666666666,11.2,98.125,0.1654166666666666,36.541666666666664,2.222916666666667,75.83333333333333,62.375,21.5,72.5,12.679166666666667,2023,4,5,2,Spring,23.616666666666664,54.05833333333334,71.54166666666667,23.07638888888889,53.276388888888924,76.87500000000001,0.4405415490236953,2.882024090803226,1558.75,1
2023-04-06,58.416666666666664,28.40416666666667,438.2083333333333,57.42083333333333,19.4875,94.83333333333331,0.1866666666666666,35.25,2.31875,83.41666666666667,64.45833333333333,21.829166666666666,74.58333333333333,11.629166666666668,2023,4,6,3,Spring,24.40416666666667,55.395833333333336,75.83333333333333,23.234722222222228,52.96527777777781,72.87500000000001,0.486233943174312,3.031171362421667,1628.0920138888887,1
2023-04-07,54.84166666666667,32.208333333333336,604.9583333333334,105.67916666666667,24.941666666666663,48.833333333333336,0.24625,15.0,2.2270833333333333,90.54166666666669,64.91666666666667,22.683333333333337,76.75,11.520833333333334,2023,4,7,4,Spring,28.40416666666667,58.416666666666664,83.41666666666667,25.475000000000005,55.956944444444474,76.93055555555559,0.5872967527008646,1.3019890370787093,1740.9458333333337,1
2023-04-08,59.60833333333333,35.40833333333333,564.75,108.47083333333336,22.5625,44.5,0.2679166666666666,14.041666666666666,2.1437500000000003,93.91666666666669,66.20833333333333,25.183333333333337,63.958333333333336,13.420833333333334,2023,4,8,5,Spring,32.208333333333336,54.84166666666667,90.54166666666669,28.338888888888892,56.21805555555559,83.26388888888891,0.5940164866095375,1.0462588478416257,1610.684027777778,1
2023-04-09,85.64583333333333,43.9375,590.875,78.6375,28.191666666666663,83.875,0.4295833333333334,36.958333333333336,1.93125,116.91666666666669,73.91666666666667,24.55,68.20833333333333,10.854166666666666,2023,4,9,6,Spring,35.40833333333333,59.60833333333333,93.91666666666669,32.00694444444445,57.62222222222224,89.2916666666667,0.5130138592496558,3.4049900893675162,1674.5145833333333,1
2023-04-10,76.30833333333334,41.025,810.7916666666666,140.75416666666666,28.0125,37.416666666666664,0.3141666666666666,38.291666666666664,1.975,112.33333333333331,74.25,24.59166666666667,67.16666666666667,9.095833333333331,2023,4,10,0,Spring,43.9375,85.64583333333333,116.91666666666669,37.18472222222223,66.69861111111113,100.45833333333337,0.5376214847095578,4.209802560534763,1651.740277777778,1
2023-04-11,87.06666666666666,46.925,712.1666666666666,127.6125,28.71666666666667,52.083333333333336,0.3699999999999999,45.458333333333336,1.86875,118.375,74.16666666666667,26.679166666666664,54.041666666666664,11.775,2023,4,11,1,Spring,41.025,76.30833333333334,112.33333333333331,40.12361111111111,73.8541666666667,107.72222222222224,0.5389548176996001,3.8605799976860586,1441.7866319444443,1
2023-04-12,81.65833333333333,45.0875,676.1666666666666,120.0625,23.870833333333337,71.70833333333333,0.3166666666666666,37.791666666666664,2.277083333333333,131.79166666666666,77.08333333333333,28.016666666666666,45.208333333333336,13.479166666666666,2023,4,12,2,Spring,46.925,87.06666666666666,118.375,43.9625,83.00694444444447,115.87500000000001,0.5521481716238615,2.803709220126673,1266.5868055555557,1
2023-04-13,92.6,43.72083333333333,394.5,78.3625,17.608333333333334,34.791666666666664,0.33375,78.91666666666667,1.975,115.875,73.79166666666667,30.5,38.25,15.866666666666667,2023,4,13,3,Spring,45.0875,81.65833333333333,131.79166666666666,44.34583333333333,81.6777777777778,120.83333333333333,0.4721472231229602,4.973739182327363,1166.625,1
2023-04-14,81.27083333333333,33.045833333333334,460.9166666666667,80.37083333333334,19.395833333333332,23.0,0.525,83.625,1.5791666666666666,118.33333333333331,79.0,27.15833333333333,61.458333333333336,17.133333333333333,2023,4,14,4,Spring,43.72083333333333,92.6,115.875,45.24444444444445,87.10833333333335,122.0138888888889,0.406613683794551,4.880836291001772,1669.1059027777778,1
2023-04-15,42.175,19.345833333333335,251.33333333333337,30.570833333333336,7.9875,94.58333333333331,0.2733333333333334,30.25,2.316666666666667,75.29166666666667,58.75,25.083333333333332,59.041666666666664,20.4125,2023,4,15,5,Spring,33.045833333333334,81.27083333333333,118.33333333333331,40.61805555555556,85.17638888888892,122.0,0.4587038025993962,1.4819350161942428,1480.9618055555554,1
2023-04-16,52.63333333333333,22.166666666666668,237.66666666666663,25.7375,7.554166666666667,111.375,0.2725,38.625,2.4875000000000003,73.08333333333333,55.333333333333336,24.041666666666668,59.333333333333336,19.733333333333334,2023,4,16,6,Spring,19.345833333333335,42.175,75.29166666666667,32.0375,72.0152777777778,103.16666666666669,0.4211526202440921,1.9573478737830468,1426.4722222222224,1
2023-04-17,48.8,21.71666666666667,248.20833333333337,25.1625,9.220833333333331,119.375,0.2158333333333333,29.333333333333332,2.15,73.41666666666667,59.708333333333336,24.741666666666664,56.041666666666664,17.766666666666666,2023,4,17,0,Spring,22.166666666666668,52.63333333333333,73.08333333333333,24.852777777777778,58.69305555555558,88.90277777777779,0.44501365208305366,1.6510318020057146,1386.5642361111109,1
2023-04-18,68.39583333333333,27.058333333333337,318.2083333333333,37.69583333333333,17.1375,111.83333333333331,0.2558333333333333,62.333333333333336,2.3104166666666663,86.91666666666667,67.125,24.8375,49.5,14.008333333333333,2023,4,18,1,Spring,21.71666666666667,48.8,73.41666666666667,21.076388888888893,47.86944444444447,73.93055555555559,0.3956137621110386,4.449731984552149,1229.45625,1
2023-04-19,65.40416666666667,32.829166666666666,481.4583333333333,62.975,31.929166666666664,102.41666666666669,0.175,25.791666666666668,2.4125,87.75,65.16666666666667,23.566666666666663,61.958333333333336,11.770833333333334,2023,4,19,2,Spring,27.058333333333337,68.39583333333333,86.91666666666667,23.647222222222226,56.60972222222225,77.80555555555557,0.5019430387675142,2.191150256327058,1460.1513888888887,1
2023-04-20,66.22083333333333,33.94166666666667,428.5416666666667,56.96666666666667,24.175,123.16666666666669,0.2370833333333333,21.875,2.3104166666666663,93.08333333333331,64.70833333333333,23.90416666666667,60.625,13.5625,2023,4,20,3,Spring,32.829166666666666,65.40416666666667,87.75,27.201388888888896,60.866666666666696,82.69444444444447,0.5125526884154883,1.6129031068827204,1449.1901041666667,1
2023-04-21,72.31666666666666,41.2375,579.375,77.55833333333334,29.75,127.5,0.23,11.291666666666666,2.4270833333333335,130.08333333333334,73.91666666666667,25.208333333333332,47.833333333333336,13.554166666666667,2023,4,21,4,Spring,33.94166666666667,66.22083333333333,93.08333333333331,31.276388888888892,66.67361111111114,89.25000000000001,0.5702350693214786,0.8330770980822306,1205.798611111111,1
2023-04-22,60.729166666666664,37.954166666666666,758.4583333333334,131.9625,32.27916666666667,47.958333333333336,0.1691666666666666,4.958333333333333,2.495833333333333,106.20833333333331,70.45833333333333,25.991666666666664,39.083333333333336,11.416666666666666,2023,4,22,5,Spring,41.2375,72.31666666666666,130.08333333333334,36.00277777777778,67.9805555555556,103.63888888888891,0.6249742607208355,0.4343065313016177,1015.8409722222221,1
2023-04-23,78.45,48.145833333333336,739.2916666666666,119.78333333333336,29.291666666666668,51.791666666666664,0.2729166666666666,13.833333333333334,2.1333333333333333,109.375,71.375,26.104166666666668,43.5,12.6375,2023,4,23,6,Spring,37.954166666666666,60.729166666666664,106.20833333333331,37.711111111111116,66.42222222222226,109.79166666666667,0.6137136101927307,1.0946256964358172,1135.53125,1
2023-04-24,66.02083333333333,37.875,607.5416666666666,87.17916666666667,27.133333333333336,42.083333333333336,0.3233333333333333,24.541666666666668,2.2708333333333335,134.5,79.45833333333333,26.941666666666663,39.75,11.941666666666668,2023,4,24,0,Spring,48.145833333333336,78.45,109.375,42.44583333333333,70.49861111111115,115.22222222222224,0.5736825410108041,2.0551289276933207,1070.9312499999999,1
2023-04-25,84.7375,48.52916666666667,956.7083333333334,145.81666666666666,39.90833333333333,42.5,0.26125,30.916666666666668,2.28125,113.66666666666669,73.875,28.1625,41.291666666666664,10.7375,2023,4,25,1,Spring,37.875,66.02083333333333,134.5,41.32500000000001,68.40000000000003,116.69444444444446,0.5726999981586273,2.8793167671571505,1162.8765625,1
2023-04-26,62.64166666666667,30.6375,545.875,96.35833333333332,26.304166666666664,43.041666666666664,0.3899999999999999,36.833333333333336,2.0708333333333333,107.25,70.70833333333333,27.583333333333332,52.958333333333336,12.4375,2023,4,26,2,Spring,48.52916666666667,84.7375,113.66666666666669,44.85,76.40277777777781,119.18055555555559,0.48909138503512484,2.9614737987424755,1460.767361111111,1
2023-04-27,61.9625,23.950000000000003,369.9166666666667,58.37083333333334,25.083333333333332,115.16666666666669,0.38125,60.666666666666664,2.2020833333333334,88.625,66.16666666666667,26.7125,54.625,13.945833333333333,2023,4,27,3,Spring,30.6375,62.64166666666667,107.25,39.01388888888889,71.13333333333337,118.47222222222224,0.386524101084945,4.35016401432944,1459.1703125,1
2023-04-28,56.84166666666667,26.59166666666667,442.0833333333333,71.54166666666667,21.71666666666667,84.5,0.1954166666666666,40.458333333333336,2.441666666666667,81.58333333333333,63.458333333333336,26.0375,50.666666666666664,13.954166666666666,2023,4,28,4,Spring,23.950000000000003,61.9625,88.625,34.37222222222223,69.78055555555558,103.18055555555559,0.4678199595164353,2.899372739370124,1319.2333333333333,1
2023-04-29,70.76666666666667,35.35,595.2916666666666,91.44583333333333,26.670833333333334,92.5,0.225,40.916666666666664,2.402083333333333,86.625,64.5,26.629166666666663,47.083333333333336,12.245833333333332,2023,4,29,5,Spring,26.59166666666667,56.84166666666667,81.58333333333333,27.059722222222224,60.48194444444448,92.48611111111113,0.4995289613820684,3.3412722688311183,1253.7899305555554,1
2023-04-30,82.46666666666667,44.0875,711.125,124.04166666666669,26.0875,67.16666666666667,0.2325,43.791666666666664,2.4833333333333334,115.20833333333331,73.16666666666667,27.920833333333334,33.666666666666664,11.7875,2023,4,30,6,Spring,35.35,70.76666666666667,86.625,28.63055555555556,63.1902777777778,85.61111111111113,0.5346099369287396,3.715093357503568,940.0013888888889,1
2023-05-01,115.0,53.0625,634.2083333333334,91.6,21.458333333333332,99.75,0.2733333333333334,97.125,2.5229166666666667,135.08333333333334,78.66666666666667,29.058333333333337,32.083333333333336,12.854166666666666,2023,5,1,0,Spring,44.0875,82.46666666666667,115.20833333333331,35.34305555555556,70.02500000000003,94.47222222222223,0.46141303946597356,7.55591513341341,932.2881944444447,1
2023-05-02,74.14999999999999,30.3375,390.625,53.55,13.7875,86.125,0.18,69.375,2.6145833333333335,129.08333333333334,81.70833333333333,28.116666666666664,52.291666666666664,15.120833333333332,2023,5,2,1,Spring,53.0625,115.0,135.08333333333334,44.166666666666664,89.41111111111114,112.30555555555559,0.4091368791754973,4.588040479159627,1470.2673611111109,1
2023-05-03,61.825,22.0375,261.375,32.862500000000004,8.608333333333333,99.875,0.1041666666666666,72.91666666666667,2.6583333333333337,72.33333333333333,63.375,26.625,59.041666666666664,19.658333333333335,2023,5,3,2,Spring,30.3375,74.14999999999999,129.08333333333334,42.49583333333334,90.53888888888893,126.45833333333337,0.35644965052244804,3.709198624373109,1571.984375,1
2023-05-04,53.3625,23.429166666666664,342.7916666666667,52.02916666666667,14.183333333333332,82.83333333333333,0.1420833333333333,45.083333333333336,2.6791666666666667,75.5,65.29166666666667,26.375,66.91666666666667,16.345833333333335,2023,5,4,3,Spring,22.0375,61.825,72.33333333333333,35.145833333333336,83.65833333333336,112.1666666666667,0.43905675760337143,2.7580931272132676,1764.9270833333335,1
2023-05-05,50.083333333333336,22.504166666666663,376.0,58.79583333333333,17.3125,88.79166666666667,0.1308333333333333,37.333333333333336,2.7583333333333333,72.83333333333333,59.416666666666664,26.483333333333334,66.66666666666667,14.4,2023,5,5,4,Spring,23.429166666666664,53.3625,75.5,25.26805555555556,63.11250000000002,92.30555555555559,0.44933443362393805,2.5925924125514532,1765.5555555555557,1
2023-05-06,72.0625,28.475,537.6666666666666,89.90833333333335,26.016666666666666,68.83333333333333,0.1816666666666666,74.5,2.6,79.79166666666667,65.25,25.8625,71.58333333333333,9.575,2023,5,6,5,Spring,22.504166666666663,50.083333333333336,72.83333333333333,22.65694444444445,55.09027777777781,73.55555555555557,0.3951430994602866,7.7806780385714855,1851.3239583333332,1
2023-05-07,60.725,28.620833333333337,692.6666666666666,112.825,36.791666666666664,42.625,0.1345833333333333,49.0,2.69375,85.66666666666667,67.41666666666667,26.366666666666664,74.95833333333333,8.708333333333334,2023,5,7,6,Spring,28.475,72.0625,79.79166666666667,24.80277777777778,58.502777777777816,76.04166666666669,0.47131877911921877,5.626793612234226,1976.4013888888885,1
2023-05-08,63.96666666666667,39.3875,806.875,143.04166666666666,30.21666666666667,44.0,0.14625,18.5,2.7104166666666667,98.875,69.54166666666667,28.09166666666667,51.041666666666664,10.0,2023,5,8,0,Spring,28.620833333333337,60.725,85.66666666666667,26.533333333333342,60.956944444444474,79.43055555555557,0.6157503812024433,1.8499998150000185,1433.845486111111,1
2023-05-09,77.99583333333334,48.6625,655.7083333333334,130.4,21.7,104.875,0.1854166666666666,19.291666666666668,2.5229166666666667,139.41666666666666,76.08333333333333,30.6375,26.375,12.470833333333331,2023,5,9,1,Spring,39.3875,63.96666666666667,98.875,32.16111111111112,65.58472222222225,88.11111111111113,0.6239115257364835,1.5469427426440838,808.0640625,1
2023-05-10,63.125,38.329166666666666,570.6666666666666,113.0625,18.95,74.08333333333333,0.2170833333333333,15.0,2.685416666666667,130.25,76.33333333333333,30.9625,24.958333333333332,11.558333333333332,2023,5,10,2,Spring,48.6625,77.99583333333334,139.41666666666666,38.89027777777778,67.56250000000003,107.98611111111113,0.6071947098530212,1.2977648480664878,772.7723958333332,1
2023-05-11,71.175,41.6375,655.2916666666666,103.96666666666664,20.333333333333332,83.5,0.3666666666666667,21.708333333333332,2.50625,112.25,69.95833333333333,31.170833333333334,28.916666666666668,15.7,2023,5,11,3,Spring,38.329166666666666,63.125,130.25,42.1263888888889,68.36250000000003,122.84722222222224,0.5850017480154304,1.3826963025883459,901.3565972222223,1
2023-05-12,93.5625,47.525,599.75,76.1375,19.375,89.95833333333333,0.3583333333333333,49.958333333333336,2.5625,138.125,80.66666666666667,30.641666666666666,44.625,13.45,2023,5,12,4,Spring,41.6375,71.175,112.25,42.8763888888889,70.7652777777778,127.30555555555559,0.5079492263679442,3.7143739493650108,1367.3843749999999,1
2023-05-13,72.76666666666667,35.93333333333333,428.5833333333333,51.666666666666664,14.35,93.58333333333331,0.2554166666666667,43.416666666666664,2.6354166666666665,104.375,71.125,31.725,45.958333333333336,17.5625,2023,5,13,5,Spring,47.525,93.5625,138.125,42.49722222222223,75.9541666666667,126.87500000000001,0.4938158429617612,2.472123228159057,1458.028125,1
2023-05-14,101.30833333333334,54.825,541.4166666666666,54.7,17.483333333333334,151.20833333333334,0.3020833333333333,32.125,2.6750000000000003,136.79166666666666,75.25,31.90833333333333,36.708333333333336,18.433333333333337,2023,5,14,6,Spring,35.93333333333333,72.76666666666667,104.375,41.69861111111112,79.16805555555558,118.25000000000001,0.5411696911293606,1.7427666323996398,1171.301736111111,1
2023-05-15,101.42083333333332,35.295833333333334,328.25,38.81666666666667,9.870833333333334,94.91666666666669,0.2291666666666666,133.625,2.65625,130.625,80.25,30.379166666666663,50.791666666666664,19.429166666666667,2023,5,15,0,Spring,54.825,101.30833333333334,136.79166666666666,46.09444444444444,89.21250000000003,126.43055555555559,0.3480136361068456,6.8775462898110415,1543.0085069444442,1
2023-05-16,79.14166666666667,30.175,335.375,44.31666666666666,9.9375,92.5,0.4733333333333333,95.83333333333331,2.10625,95.33333333333331,78.54166666666667,30.208333333333332,45.666666666666664,20.216666666666665,2023,5,16,1,Spring,35.295833333333334,101.42083333333332,130.625,42.018055555555556,91.83194444444446,123.93055555555559,0.381278293592356,4.740313038401663,1379.5138888888887,1
2023-05-17,85.48333333333333,36.52916666666667,433.8333333333333,54.40416666666667,11.616666666666667,88.625,0.4312499999999999,85.91666666666667,2.3937500000000003,93.20833333333331,71.20833333333333,32.979166666666664,38.833333333333336,18.525,2023,5,17,2,Spring,30.175,79.14166666666667,95.33333333333331,40.09861111111112,93.95694444444446,120.91666666666667,0.4273250096238057,4.637876492782196,1280.6909722222222,1
2023-05-18,116.2,58.70416666666667,592.25,66.34583333333333,16.454166666666666,138.79166666666666,0.3629166666666667,83.125,2.404166666666667,154.33333333333334,86.95833333333333,32.583333333333336,36.833333333333336,11.5125,2023,5,18,3,Spring,36.52916666666667,85.48333333333333,93.20833333333331,34.00000000000001,88.68194444444447,106.3888888888889,0.5051993645565173,7.220411967825237,1200.152777777778,1
2023-05-19,78.78750000000001,37.2625,554.5833333333334,88.075,20.2625,103.20833333333331,0.4179166666666666,62.375,2.3249999999999997,138.125,76.125,33.074999999999996,36.625,11.183333333333332,2023,5,19,4,Spring,58.70416666666667,116.2,154.33333333333334,41.802777777777784,93.60833333333336,114.29166666666667,0.4729493831769077,5.5774957754847305,1211.3718749999998,1
2023-05-20,80.58333333333333,39.0875,539.125,103.09166666666664,18.866666666666667,55.5,0.42625,61.625,2.3020833333333335,107.25,71.66666666666667,34.30416666666667,34.333333333333336,15.25,2023,5,20,5,Spring,37.2625,78.78750000000001,138.125,44.16527777777779,93.4902777777778,128.55555555555557,0.4850568709196666,4.040983341574863,1177.776388888889,1
2023-05-21,79.72500000000001,33.7125,441.0833333333333,80.60000000000001,15.958333333333334,53.666666666666664,0.4295833333333334,79.83333333333333,2.3270833333333334,102.875,72.91666666666667,33.93333333333333,38.0,10.6625,2023,5,21,6,Spring,39.0875,80.58333333333333,107.25,45.018055555555556,91.85694444444448,133.23611111111111,0.4228598253639407,7.487299024247063,1289.4666666666665,1
2023-05-22,74.3875,31.983333333333334,487.75,92.52083333333331,20.525,50.625,0.4383333333333333,73.125,2.2958333333333334,95.41666666666669,70.91666666666667,33.07083333333333,40.5,10.1625,2023,5,22,0,Spring,33.7125,79.72500000000001,102.875,36.6875,79.69861111111115,116.08333333333336,0.42995574395399216,7.1955712476682665,1339.36875,1
2023-05-23,77.82916666666667,35.775,557.375,89.52083333333333,23.375,60.0,0.3445833333333333,63.416666666666664,2.5854166666666667,90.91666666666669,68.79166666666667,32.625,44.541666666666664,10.291666666666666,2023,5,23,1,Spring,31.983333333333334,74.3875,95.41666666666669,34.927777777777784,78.23194444444448,101.84722222222224,0.45966057549555445,6.16194272110678,1453.171875,1
2023-05-24,101.49166666666667,44.125,624.9166666666666,93.4625,25.4125,75.95833333333333,0.3716666666666666,90.625,2.3229166666666665,117.66666666666669,78.33333333333333,31.816666666666663,49.041666666666664,13.033333333333331,2023,5,24,2,Spring,35.775,77.82916666666667,90.91666666666669,33.82361111111111,77.31388888888893,96.40277777777781,0.43476475472766474,6.953324274681004,1560.342361111111,1
2023-05-25,91.87916666666666,46.15,651.375,92.72083333333336,25.2125,107.20833333333331,0.37375,52.5,2.4479166666666665,135.16666666666666,78.29166666666667,32.325,47.375,14.275,2023,5,25,3,Spring,44.125,101.49166666666667,117.66666666666669,37.29444444444445,84.56944444444447,101.33333333333337,0.5022901401047738,3.6777580611027627,1531.3968750000001,1
2023-05-26,96.59166666666664,43.4125,495.7916666666667,71.07083333333334,18.691666666666663,134.54166666666666,0.4166666666666667,73.5,2.3604166666666666,124.45833333333331,77.04166666666667,32.92916666666667,45.083333333333336,17.770833333333332,2023,5,26,4,Spring,46.15,91.87916666666666,135.16666666666666,42.01666666666667,90.40000000000003,114.58333333333337,0.4494435291231799,4.135990388596086,1484.5565972222223,1
2023-05-27,79.77916666666667,34.85,380.2916666666667,46.77916666666667,11.25,94.45833333333331,0.36375,73.04166666666667,2.472916666666667,117.41666666666669,76.58333333333333,33.1125,44.833333333333336,19.520833333333332,2023,5,27,5,Spring,43.4125,96.59166666666664,124.45833333333331,44.5625,96.6541666666667,125.76388888888891,0.436830829642273,3.741728730413043,1484.54375,1
2023-05-28,79.64999999999999,30.96666666666667,325.2916666666667,47.18333333333333,11.304166666666667,86.16666666666667,0.2629166666666666,88.875,2.6145833333333335,86.70833333333333,68.70833333333333,32.00833333333333,51.875,18.441666666666663,2023,5,28,6,Spring,34.85,79.77916666666667,117.41666666666669,41.47083333333334,89.41666666666669,125.68055555555559,0.38878425960932095,4.819249625707206,1660.4322916666667,1
2023-05-29,84.40416666666667,34.775,485.0416666666667,70.96666666666667,20.433333333333337,84.66666666666667,0.395,83.45833333333333,2.4375,103.0,77.625,31.608333333333334,55.166666666666664,11.570833333333333,2023,5,29,0,Spring,30.96666666666667,79.64999999999999,86.70833333333333,36.40972222222223,85.34027777777779,109.52777777777779,0.41200572153421666,7.212818966122956,1743.7263888888888,1
2023-05-30,75.93333333333334,39.65416666666667,722.8333333333334,114.60416666666669,24.116666666666664,64.95833333333333,0.4383333333333333,47.25,2.464583333333333,103.625,70.79166666666667,33.24166666666667,48.166666666666664,11.875,2023,5,30,1,Spring,34.775,84.40416666666667,103.0,33.53055555555556,81.27777777777781,102.37500000000001,0.5222234347380584,3.978947033351829,1601.1402777777778,1
2023-05-31,81.99166666666666,36.291666666666664,457.2916666666667,74.77083333333333,18.633333333333333,62.041666666666664,0.3733333333333333,70.375,2.558333333333333,107.91666666666669,71.91666666666667,33.237500000000004,46.458333333333336,16.579166666666666,2023,5,31,2,Spring,39.65416666666667,75.93333333333334,103.625,35.13194444444445,79.99583333333335,97.77777777777779,0.44262627776042757,4.244784865858666,1544.158854166667,1
2023-06-01,79.38333333333334,31.28333333333333,333.0833333333333,45.770833333333336,12.033333333333331,87.5,0.3158333333333333,83.16666666666667,2.620833333333333,90.125,70.75,32.5,53.625,20.870833333333337,2023,6,1,3,Summer,36.291666666666664,81.99166666666666,107.91666666666669,36.90694444444444,80.77638888888892,104.84722222222224,0.3940793567825401,3.984827119912455,1742.8125,2
2023-06-02,82.77083333333333,24.358333333333334,245.66666666666663,26.770833333333332,7.3125,110.83333333333331,0.2666666666666666,118.5,2.672916666666667,86.0,72.375,32.31666666666667,48.5,25.445833333333336,2023,6,2,4,Summer,31.28333333333333,79.38333333333334,90.125,35.743055555555564,79.1027777777778,100.55555555555559,0.29428642987018666,4.656950856776124,1567.3583333333336,2
2023-06-03,68.79166666666667,26.458333333333332,360.7083333333333,53.9,14.554166666666667,115.29166666666669,0.3079166666666666,64.5,2.595833333333333,91.5,70.54166666666667,31.9375,49.083333333333336,15.454166666666666,2023,6,3,5,Summer,24.358333333333334,82.77083333333333,86.0,30.644444444444446,81.38194444444447,94.68055555555559,0.38461537902436754,4.173631436594354,1567.5989583333335,2
2023-06-04,113.15833333333336,52.35,578.4166666666666,76.97083333333333,19.970833333333335,106.08333333333331,0.4504166666666667,96.125,2.3249999999999997,122.91666666666669,79.125,32.266666666666666,60.458333333333336,12.108333333333334,2023,6,4,6,Summer,26.458333333333332,68.79166666666667,91.5,27.36666666666667,76.98194444444448,89.20833333333336,0.4626261097639639,7.9387467634896,1950.788888888889,2
2023-06-05,96.175,51.29583333333333,600.125,105.925,19.966666666666665,72.04166666666667,0.3529166666666667,61.625,2.48125,146.66666666666666,83.29166666666667,34.608333333333334,41.083333333333336,15.8375,2023,6,5,0,Summer,52.35,113.15833333333336,122.91666666666669,34.38888888888889,88.24027777777782,100.13888888888891,0.5333593220688745,3.891081048708379,1421.8256944444445,2
2023-06-06,65.19166666666666,33.170833333333334,482.0416666666667,88.11666666666667,16.895833333333332,59.708333333333336,0.2845833333333333,47.083333333333336,2.629166666666667,117.875,73.91666666666667,35.637499999999996,31.25,16.795833333333334,2023,6,6,1,Summer,51.29583333333333,96.175,146.66666666666666,43.368055555555564,92.70833333333337,120.36111111111114,0.5088201379191594,2.8032744547789954,1113.6718749999998,2
2023-06-07,84.875,38.266666666666666,590.4166666666666,80.66250000000001,23.233333333333334,72.91666666666667,0.26375,77.95833333333333,2.6666666666666665,85.0,65.29166666666667,33.020833333333336,42.458333333333336,13.45,2023,6,7,2,Summer,33.170833333333334,65.19166666666666,117.875,45.60555555555556,91.50833333333337,129.1527777777778,0.4508591012171731,5.796158181202614,1402.0095486111113,2
2023-06-08,125.51666666666668,62.208333333333336,626.3333333333334,65.92916666666666,23.1125,147.16666666666666,0.3354166666666667,79.04166666666667,2.525,149.45833333333334,89.91666666666667,32.40416666666667,51.0,15.233333333333334,2023,6,8,3,Summer,38.266666666666666,84.875,85.0,40.91111111111112,82.08055555555558,116.51388888888891,0.4956181078559173,5.188730512774803,1652.6125000000002,2
2023-06-09,97.75,45.5125,561.9583333333334,84.64166666666667,21.95,96.70833333333331,0.33125,79.70833333333333,2.497916666666667,130.20833333333334,80.70833333333333,33.704166666666666,37.666666666666664,14.05,2023,6,9,4,Summer,62.208333333333336,125.51666666666668,149.45833333333334,44.54861111111112,91.86111111111114,117.44444444444446,0.46560101825472106,5.6731905807930785,1269.523611111111,2
2023-06-10,95.20416666666668,43.0,637.9166666666666,104.47083333333336,24.941666666666663,78.66666666666667,0.3295833333333333,76.66666666666667,2.5875,125.20833333333331,80.58333333333333,32.737500000000004,46.291666666666664,12.2625,2023,6,10,5,Summer,45.5125,97.75,130.20833333333334,48.6625,102.71388888888892,121.55555555555559,0.45166089945299065,6.252123173459205,1515.4734375,2
2023-06-11,92.325,46.6,700.375,93.2,26.304166666666664,84.625,0.4020833333333333,56.375,2.475,126.66666666666669,78.125,32.90416666666667,60.041666666666664,10.766666666666666,2023,6,11,6,Summer,43.0,95.20416666666668,125.20833333333331,50.240277777777784,106.15694444444448,134.95833333333334,0.5047386893610757,5.236067625133039,1975.6210069444444,2
2023-06-12,75.58333333333333,31.3,621.7083333333334,97.9875,26.883333333333336,50.791666666666664,0.37375,80.41666666666667,2.6645833333333333,97.70833333333331,69.41666666666667,34.00833333333333,49.458333333333336,10.0625,2023,6,12,0,Summer,46.6,92.325,126.66666666666669,45.0375,95.09305555555558,127.36111111111113,0.4141124531760205,7.9917176322930725,1681.9954861111112,2
2023-06-13,83.50833333333334,34.291666666666664,501.875,78.54583333333333,23.775,72.91666666666667,0.3775,85.625,2.6104166666666666,99.16666666666669,74.91666666666667,34.487500000000004,51.916666666666664,11.404166666666669,2023,6,13,1,Summer,31.3,75.58333333333333,97.70833333333331,40.300000000000004,87.7041666666667,116.52777777777779,0.4106376559947591,7.50822002120102,1790.4760416666668,2
2023-06-14,69.64583333333333,27.075,297.875,43.9,10.604166666666666,88.58333333333333,0.2954166666666666,72.625,2.71875,86.79166666666667,69.29166666666667,35.020833333333336,50.208333333333336,17.554166666666667,2023,6,14,2,Summer,34.291666666666664,83.50833333333334,99.16666666666669,37.397222222222226,83.80555555555559,107.84722222222224,0.3887526118276622,4.1371941626094,1758.3376736111113,2
2023-06-15,75.8,25.383333333333336,330.5,50.84166666666667,13.0,89.58333333333333,0.3633333333333333,94.0,2.4770833333333333,82.08333333333333,68.41666666666667,34.13333333333333,55.375,16.2625,2023,6,15,3,Summer,27.075,69.64583333333333,86.79166666666667,30.88888888888889,76.24583333333337,94.55555555555559,0.33487246699816453,5.780168745262491,1890.1333333333332,2
2023-06-16,67.50416666666666,23.333333333333332,354.125,52.31666666666666,14.8625,84.54166666666667,0.4125,83.16666666666667,2.4770833333333333,76.375,68.20833333333333,33.770833333333336,55.75,17.266666666666666,2023,6,16,4,Summer,25.383333333333336,75.8,82.08333333333333,28.916666666666668,76.31805555555559,89.34722222222224,0.3456576703315943,4.816602037648531,1882.7239583333335,2
2023-06-17,84.32083333333334,25.108333333333334,247.41666666666663,26.1875,9.120833333333334,113.70833333333331,0.31375,120.58333333333331,2.5749999999999997,79.125,70.54166666666667,33.09166666666667,53.916666666666664,19.033333333333335,2023,6,17,5,Summer,23.333333333333332,67.50416666666666,76.375,25.263888888888896,70.98333333333336,81.75000000000001,0.29777140527424334,6.335376199542404,1784.192361111111,2
2023-06-18,127.5125,32.53333333333333,325.75,42.43333333333333,15.054166666666667,109.33333333333331,0.36125,215.75,2.464583333333333,88.95833333333333,82.54166666666667,31.883333333333336,53.958333333333336,12.425,2023,6,18,6,Summer,25.108333333333334,84.32083333333334,79.125,24.608333333333338,75.87500000000003,79.19444444444446,0.25513838312475207,17.36418371314417,1720.371527777778,2
2023-06-19,99.35416666666669,33.958333333333336,492.125,75.60833333333333,27.241666666666664,71.66666666666667,0.6291666666666667,135.54166666666666,2.14375,98.45833333333331,88.58333333333333,33.329166666666666,60.875,9.658333333333331,2023,6,19,0,Summer,32.53333333333333,127.5125,88.95833333333333,26.991666666666674,93.11250000000003,81.48611111111113,0.3417907283694789,14.033648245006225,2028.9130208333333,2
2023-06-20,103.9875,48.69583333333333,612.9583333333334,89.27916666666665,26.395833333333332,101.75,0.5725,91.25,2.1666666666666665,120.75,79.5,35.12916666666667,51.125,10.433333333333334,2023,6,20,1,Summer,33.958333333333336,99.35416666666669,98.45833333333331,30.533333333333342,103.7291666666667,88.84722222222223,0.46828544647239223,8.746005551501066,1795.9786458333335,2
2023-06-21,94.42916666666667,38.90833333333333,586.0833333333334,87.96666666666665,25.054166666666664,85.75,0.4329166666666666,100.66666666666669,2.439583333333333,126.41666666666669,80.20833333333333,34.204166666666666,49.458333333333336,12.429166666666667,2023,6,21,2,Summer,48.69583333333333,103.9875,120.75,38.39583333333334,110.28472222222224,102.72222222222223,0.41203723695499544,8.099228312499232,1691.6810763888889,2
2023-06-22,75.05416666666666,33.270833333333336,452.7916666666667,62.3625,15.904166666666669,106.625,0.4908333333333333,67.08333333333333,2.3583333333333334,101.66666666666669,73.83333333333333,33.84166666666667,60.583333333333336,14.470833333333331,2023,6,22,3,Summer,38.90833333333333,94.42916666666667,126.41666666666669,40.52083333333334,99.2569444444445,115.20833333333336,0.4432909506251137,4.635761269051914,2050.2409722222224,2
2023-06-23,87.99583333333334,30.425,388.875,49.791666666666664,13.479166666666666,113.08333333333331,0.4795833333333333,112.45833333333331,2.402083333333333,93.33333333333331,73.04166666666667,33.32083333333333,59.916666666666664,14.970833333333331,2023,6,23,4,Summer,33.270833333333336,75.05416666666666,101.66666666666669,40.29166666666667,91.15694444444448,116.27777777777781,0.3457550034101425,7.511828053760442,1996.4732638888888,2
2023-06-24,55.7625,23.35,431.3333333333333,65.3625,17.675,105.5,0.4645833333333333,45.958333333333336,2.4270833333333335,82.625,67.83333333333333,34.07083333333333,51.916666666666664,14.166666666666666,2023,6,24,5,Summer,30.425,87.99583333333334,93.33333333333331,34.20138888888889,85.82638888888891,107.13888888888891,0.4187401852725365,3.2441174180623005,1768.8440972222222,2
2023-06-25,50.6375,18.25,380.5833333333333,56.225,16.233333333333334,96.875,0.4891666666666667,53.375,2.3833333333333333,68.54166666666667,61.166666666666664,33.84583333333333,53.291666666666664,12.879166666666668,2023,6,25,6,Summer,23.35,55.7625,82.625,29.015277777777786,72.93750000000003,92.54166666666669,0.3604048311941776,4.1442895520448095,1803.7008680555555,2
2023-06-26,78.65416666666667,28.045833333333334,417.375,67.35416666666667,18.8125,102.875,0.5791666666666667,84.04166666666667,2.2958333333333334,72.54166666666667,64.04166666666667,33.90416666666667,55.541666666666664,12.208333333333334,2023,6,26,0,Summer,18.25,50.6375,68.54166666666667,24.00833333333334,64.79861111111114,81.50000000000001,0.3565714845803276,6.883958480494869,1883.0939236111112,2
2023-06-27,111.19166666666666,39.21666666666667,373.3333333333333,59.5375,17.416666666666668,100.33333333333331,0.7033333333333333,129.16666666666666,2.1791666666666667,98.45833333333331,78.41666666666667,35.770833333333336,57.958333333333336,15.870833333333332,2023,6,27,1,Summer,28.045833333333334,78.65416666666667,72.54166666666667,23.215277777777786,61.684722222222256,74.56944444444447,0.35269429346299075,8.138618547317288,2073.217881944445,2
2023-06-28,177.38750000000002,43.229166666666664,294.7083333333333,32.15416666666667,13.65,79.625,0.79,313.875,2.0229166666666667,117.25,100.70833333333331,36.42916666666667,51.166666666666664,14.679166666666667,2023,6,28,2,Summer,39.21666666666667,111.19166666666666,98.45833333333331,28.504166666666674,80.16111111111114,79.84722222222224,0.24369905671463662,21.382343136031125,1863.9590277777777,2
2023-06-29,149.24583333333334,40.483333333333334,408.2916666666667,37.416666666666664,22.079166666666666,93.08333333333331,0.55625,227.45833333333337,2.3312500000000003,114.41666666666669,104.375,35.025,62.958333333333336,13.5375,2023,6,29,3,Summer,43.229166666666664,177.38750000000002,117.25,36.830555555555556,122.41111111111115,96.08333333333336,0.27125268530387103,16.8020917105257,2205.115625,2
2023-06-30,185.0583333333333,54.09583333333333,512.375,26.96666666666667,20.125,166.33333333333334,0.47875,284.5,2.4,149.75,105.875,34.5375,57.0,14.7125,2023,6,30,4,Summer,40.483333333333334,149.24583333333334,114.41666666666669,40.97638888888889,145.9416666666667,110.04166666666669,0.29231773607069267,19.337296901458156,1968.6375,2
2023-07-01,154.04999999999998,42.98333333333333,360.375,20.583333333333332,13.929166666666667,144.20833333333334,0.3166666666666666,253.0,2.49375,138.125,108.375,33.987500000000004,54.916666666666664,16.020833333333332,2023,7,1,5,Summer,54.09583333333333,185.0583333333333,149.75,45.93611111111111,170.56388888888893,127.13888888888891,0.2790219607550235,15.791936595561825,1866.4802083333334,2
2023-07-02,167.46666666666667,40.11666666666667,318.125,24.925,15.3,133.29166666666666,0.2595833333333333,294.875,2.5520833333333335,117.33333333333331,101.41666666666669,33.4,56.416666666666664,12.7,2023,7,2,6,Summer,42.98333333333333,154.04999999999998,138.125,45.854166666666664,162.78472222222226,134.09722222222226,0.23955015780523392,23.218502108779365,1884.3166666666666,2
2023-07-03,149.85,43.7375,476.2916666666667,42.0375,24.27916666666667,113.625,0.37875,232.75,2.4666666666666663,116.45833333333331,104.875,33.266666666666666,65.95833333333333,10.5625,2023,7,3,0,Summer,40.11666666666667,167.46666666666667,117.33333333333331,45.731944444444444,168.85833333333335,135.06944444444446,0.2918752065940927,22.035500872378616,2194.2138888888885,2
2023-07-04,130.36249999999998,41.28333333333333,511.25,42.37916666666667,26.03333333333333,95.75,0.5345833333333333,190.29166666666663,2.3625000000000003,120.16666666666669,99.375,34.1,65.83333333333333,9.866666666666667,2023,7,4,1,Summer,43.7375,149.85,116.45833333333331,42.27916666666667,157.12222222222226,123.97222222222223,0.31668104720799534,19.286315612873413,2244.9166666666665,2
2023-07-05,169.875,45.51666666666667,423.5416666666667,32.512499999999996,20.4125,123.125,0.5433333333333333,288.1666666666667,2.3541666666666665,114.66666666666669,95.04166666666669,33.6625,65.875,12.141666666666666,2023,7,5,2,Summer,41.28333333333333,130.36249999999998,120.16666666666669,41.712500000000006,149.22638888888892,117.98611111111113,0.2679421127224404,23.73369742756096,2217.5171875,2
2023-07-06,155.54166666666666,54.55,499.3333333333333,37.891666666666666,23.766666666666666,139.5,0.6570833333333334,204.33333333333337,2.127083333333333,147.625,108.95833333333331,34.512499999999996,64.625,10.991666666666667,2023,7,6,3,Summer,45.51666666666667,169.875,114.66666666666669,43.51250000000001,150.0291666666667,117.09722222222224,0.350709882556379,18.589839097209488,2230.3703124999997,2
2023-07-07,154.19166666666666,63.30416666666667,485.0,38.62916666666667,20.75,174.33333333333334,0.80375,119.0,1.94375,171.70833333333334,100.29166666666669,37.2125,52.625,13.491666666666667,2023,7,7,4,Summer,54.55,155.54166666666666,147.625,47.116666666666674,151.9263888888889,127.48611111111114,0.41055504246518915,8.820258765638634,1958.3078125,2
2023-07-08,203.5583333333333,73.56666666666666,518.5833333333334,35.30833333333333,24.52916666666667,177.91666666666666,0.6904166666666667,149.91666666666666,2.15,183.91666666666663,109.625,37.69166666666667,43.583333333333336,15.945833333333333,2023,7,8,5,Summer,63.30416666666667,154.19166666666666,171.70833333333334,54.45694444444445,159.8694444444445,144.6666666666667,0.361403363353322,9.401619478341082,1642.7284722222225,2
2023-07-09,196.76666666666665,69.425,542.375,46.666666666666664,27.516666666666666,99.79166666666669,0.5870833333333333,195.04166666666663,2.2624999999999997,160.0,122.54166666666669,37.125,50.833333333333336,14.945833333333333,2023,7,9,6,Summer,73.56666666666666,203.5583333333333,183.91666666666663,63.80694444444445,171.09722222222226,167.75,0.35282906817129056,13.04990155227868,1887.1875,2
2023-07-10,183.6625,67.8,546.6666666666666,57.49583333333334,27.775,94.125,0.5233333333333333,194.33333333333337,2.2979166666666666,157.04166666666666,116.16666666666669,37.354166666666664,46.5,13.458333333333334,2023,7,10,0,Summer,69.425,196.76666666666665,160.0,68.76527777777778,184.83888888888887,171.875,0.36915537810301297,14.439627410058648,1736.96875,2
2023-07-11,252.80416666666667,76.30833333333334,432.875,36.40416666666667,20.454166666666666,106.625,0.6666666666666666,373.8333333333333,1.5145833333333334,157.625,123.625,36.604166666666664,47.333333333333336,13.783333333333331,2023,7,11,1,Summer,67.8,183.6625,157.04166666666666,70.2638888888889,194.66250000000002,166.98611111111111,0.3018476081215133,27.12212620637537,1732.5972222222222,2
2023-07-12,155.02916666666667,58.9625,566.8333333333334,40.50833333333333,24.754166666666663,130.875,0.5541666666666667,169.91666666666666,2.36875,168.79166666666666,128.79166666666666,34.670833333333334,55.166666666666664,13.116666666666667,2023,7,12,2,Summer,76.30833333333334,252.80416666666667,157.625,71.17777777777779,211.0777777777778,158.22222222222226,0.3803316555680491,12.954255683284192,1912.6743055555555,2
2023-07-13,117.25833333333333,44.74166666666667,480.5416666666667,38.645833333333336,23.97083333333333,150.41666666666666,0.5620833333333334,126.125,2.4229166666666666,155.04166666666666,90.625,35.9625,60.25,11.691666666666668,2023,7,13,3,Summer,58.9625,155.02916666666667,168.79166666666666,67.69027777777778,197.1652777777778,161.1527777777778,0.3815649175049542,10.787597081602529,2166.740625,2
2023-07-14,146.15416666666667,58.604166666666664,547.0416666666666,38.3,26.308333333333337,177.41666666666666,0.7545833333333333,108.20833333333331,2.064583333333333,164.79166666666666,90.83333333333331,38.2875,46.375,12.4375,2023,7,14,4,Summer,44.74166666666667,117.25833333333333,155.04166666666666,60.004166666666684,175.03055555555557,160.48611111111111,0.40097499511833967,8.700166804676705,1775.5828125,2
2023-07-15,157.525,58.57083333333333,398.9166666666667,34.954166666666666,15.670833333333334,123.95833333333331,0.78375,173.5,1.98125,165.16666666666666,100.41666666666669,39.175,32.958333333333336,15.3,2023,7,15,5,Summer,58.604166666666664,146.15416666666667,164.79166666666666,54.10277777777779,139.48055555555558,162.875,0.37181928558332994,11.339868539877873,1291.1427083333333,2
2023-07-16,177.8083333333333,67.72500000000001,497.5,40.545833333333334,24.125,147.95833333333334,0.7708333333333334,152.20833333333334,2.0229166666666667,170.70833333333334,109.08333333333331,37.725,38.458333333333336,14.129166666666668,2023,7,16,6,Summer,58.57083333333333,157.525,165.16666666666666,53.97222222222223,140.31250000000003,161.66666666666669,0.38088765779132416,10.772632679023344,1450.840625,2
2023-07-17,185.02083333333337,72.25416666666666,562.5833333333334,39.975,25.45,125.54166666666669,0.59,177.66666666666666,2.189583333333333,159.70833333333334,113.20833333333331,35.56666666666667,49.25,11.579166666666666,2023,7,17,0,Summer,67.72500000000001,177.8083333333333,170.70833333333334,61.63333333333335,160.49583333333337,166.8888888888889,0.39051908357787224,15.343647469422315,1751.6583333333335,2
2023-07-18,208.70833333333337,73.25416666666666,680.5416666666666,35.270833333333336,29.616666666666664,220.33333333333337,0.5858333333333333,235.625,2.2395833333333335,199.54166666666663,120.54166666666669,34.87916666666667,63.291666666666664,10.183333333333334,2023,7,18,1,Summer,72.25416666666666,185.02083333333337,159.70833333333334,66.18333333333335,173.4513888888889,165.19444444444449,0.35098821952012027,23.13829560016737,2207.560590277778,2
2023-07-19,125.12083333333334,43.3375,566.625,46.85,30.458333333333332,100.83333333333331,0.4883333333333333,156.41666666666666,2.4145833333333333,145.125,106.0,34.699999999999996,67.625,11.829166666666666,2023,7,19,2,Summer,73.25416666666666,208.70833333333337,199.54166666666663,71.07777777777778,190.51250000000005,176.6527777777778,0.34636517755743973,13.222964715212564,2346.5874999999996,2
2023-07-20,94.79166666666669,31.6375,400.5,27.425,16.4875,131.95833333333334,0.4229166666666666,123.75,2.535416666666667,118.20833333333331,82.45833333333333,35.2875,58.958333333333336,13.695833333333333,2023,7,20,3,Summer,43.3375,125.12083333333334,145.125,62.94861111111112,172.95000000000005,168.125,0.3337582382372757,9.035594107531919,2080.4921875,2
2023-07-21,167.06666666666666,49.270833333333336,434.5,35.104166666666664,22.133333333333336,145.45833333333334,0.6925,231.75,2.1229166666666663,121.25,88.79166666666667,37.0,51.291666666666664,15.820833333333333,2023,7,21,4,Summer,31.6375,94.79166666666669,118.20833333333331,49.40972222222223,142.87361111111116,154.29166666666666,0.2949171969577981,14.648405710925108,1897.7916666666665,2
2023-07-22,192.82083333333333,54.62916666666666,358.0,40.416666666666664,18.0,83.70833333333333,0.8729166666666667,286.8333333333333,1.99375,152.83333333333334,112.70833333333331,38.0125,45.083333333333336,15.866666666666667,2023,7,22,5,Summer,49.270833333333336,167.06666666666666,121.25,41.41527777777779,128.99305555555557,128.19444444444446,0.2833156845085947,18.077729953084244,1713.7302083333336,2
2023-07-23,217.86666666666667,57.07083333333333,340.6666666666667,38.375,17.0625,85.08333333333333,0.6929166666666666,361.625,2.1645833333333333,151.08333333333334,124.625,38.80416666666667,44.833333333333336,15.883333333333333,2023,7,23,6,Summer,54.62916666666666,192.82083333333333,152.83333333333334,45.179166666666674,151.55972222222226,130.7638888888889,0.2619530281734102,22.767574642125417,1739.720138888889,2
2023-07-24,208.52083333333337,55.7,347.2083333333333,38.075,17.004166666666666,65.41666666666667,0.7795833333333334,355.7083333333333,2.1,149.0,124.875,36.979166666666664,46.625,14.441666666666668,2023,7,24,0,Summer,57.07083333333333,217.86666666666667,151.08333333333334,53.656944444444456,192.58472222222224,141.72222222222226,0.26711959108584865,24.630696505664407,1724.1536458333333,2
2023-07-25,215.64166666666665,60.041666666666664,447.3333333333333,44.3,22.816666666666663,94.54166666666669,0.7629166666666666,321.7083333333333,2.1395833333333334,151.5,124.83333333333331,38.6125,38.875,13.833333333333334,2023,7,25,1,Summer,55.7,208.52083333333337,149.0,55.80000000000001,206.40277777777783,150.97222222222226,0.27843258362979056,23.256022415227296,1501.0609375,2
2023-07-26,249.875,55.73333333333333,307.9583333333333,32.77916666666667,13.179166666666667,85.33333333333333,0.72125,485.75,2.095833333333333,151.625,137.375,38.11666666666667,42.958333333333336,18.479166666666668,2023,7,26,2,Summer,60.041666666666664,215.64166666666665,151.5,57.60416666666668,214.00972222222228,150.5277777777778,0.2230448548685882,26.286357089351586,1637.4284722222224,2
2023-07-27,159.67083333333332,40.8125,351.0416666666667,31.9,13.779166666666669,72.0,0.62125,280.4166666666667,2.3125,129.0,123.08333333333331,36.666666666666664,49.041666666666664,18.591666666666665,2023,7,27,3,Summer,55.73333333333333,249.875,151.625,57.15833333333334,224.6791666666667,150.70833333333334,0.2556039753308903,15.082921645024387,1798.1944444444443,2
2023-07-28,173.3083333333333,45.125,382.625,32.112500000000004,15.433333333333332,75.04166666666667,0.6004166666666667,296.7916666666667,2.2395833333333335,115.125,104.66666666666669,37.1875,47.958333333333336,13.645833333333334,2023,7,28,4,Summer,40.8125,159.67083333333332,129.0,52.19583333333333,208.39583333333334,144.04166666666669,0.2603740909148007,21.749616726745646,1783.4505208333335,2
2023-07-29,137.525,52.92083333333333,578.2083333333334,42.50833333333333,26.53333333333333,103.45833333333331,0.6325,134.79166666666666,2.21875,142.54166666666666,101.0,36.1,54.875,11.0125,2023,7,29,5,Summer,45.125,173.3083333333333,115.125,47.22361111111112,194.28472222222226,131.91666666666669,0.38480881984020726,12.23987781401034,1980.9875000000002,2
2023-07-30,142.47083333333333,45.604166666666664,597.2916666666666,50.8875,34.954166666666666,110.45833333333331,0.59,185.20833333333337,2.345833333333333,136.875,92.375,34.35,66.5,9.408333333333331,2023,7,30,6,Summer,52.92083333333333,137.525,142.54166666666666,46.28611111111112,156.83472222222224,128.8888888888889,0.32009475398991777,19.68556035228766,2284.275,2
2023-07-31,187.57083333333333,45.93333333333334,406.7916666666667,24.8375,17.970833333333335,178.5,0.6133333333333334,322.9583333333333,2.1875,157.625,110.5,34.11666666666667,64.95833333333333,11.070833333333333,2023,7,31,0,Summer,45.604166666666664,142.47083333333333,136.875,47.88333333333335,151.1013888888889,131.5138888888889,0.2448852642607801,29.171995859511103,2216.1618055555555,2
2023-08-01,176.51666666666665,55.82916666666667,492.7083333333333,28.141666666666666,26.3125,190.16666666666663,0.5395833333333334,233.66666666666663,2.2312499999999997,187.20833333333337,113.0,34.74166666666667,57.166666666666664,10.941666666666668,2023,8,1,1,Summer,45.93333333333334,187.57083333333333,157.625,48.15277777777779,155.85555555555558,145.68055555555557,0.31628269106062123,21.355672077166293,1986.0652777777777,2
2023-08-02,158.80416666666667,56.30416666666667,611.7083333333334,63.49166666666667,33.725,103.04166666666669,0.6854166666666667,184.70833333333337,1.9833333333333336,151.0,103.91666666666669,36.020833333333336,51.5,10.1375,2023,8,2,2,Summer,55.82916666666667,176.51666666666665,187.20833333333337,49.122222222222234,168.8527777777778,160.56944444444449,0.35455093839130414,18.22030235393648,1855.0729166666667,2
2023-08-03,155.29999999999998,57.15,429.0,42.420833333333334,18.933333333333337,129.25,0.5204166666666666,173.58333333333334,2.3604166666666666,157.54166666666666,102.45833333333331,37.6375,49.833333333333336,14.9125,2023,8,3,3,Summer,56.30416666666667,158.80416666666667,151.0,52.688888888888904,174.29722222222225,165.27777777777783,0.36799742197039653,11.640122158807122,1875.6020833333337,2
2023-08-04,169.88333333333333,60.7625,499.625,48.07083333333333,23.266666666666666,110.75,0.6016666666666667,194.08333333333337,2.279166666666667,152.66666666666666,106.33333333333331,38.1125,41.5,10.116666666666667,2023,8,4,4,Summer,57.15,155.29999999999998,157.54166666666666,56.427777777777784,163.5402777777778,165.25000000000003,0.3576719296124482,19.184512106967507,1581.6687499999998,2
2023-08-05,229.78333333333333,74.02083333333333,558.0833333333334,41.291666666666664,21.4875,121.95833333333331,0.9120833333333334,329.8333333333333,1.8458333333333332,154.79166666666666,112.16666666666669,39.53333333333333,40.208333333333336,15.116666666666667,2023,8,5,5,Summer,60.7625,169.88333333333333,152.66666666666666,58.07222222222223,161.32916666666668,153.73611111111111,0.32213316752535065,21.81918268009817,1589.5694444444446,2
2023-08-06,260.9916666666667,73.29166666666667,461.9166666666667,43.84583333333333,22.808333333333337,99.75,0.9129166666666668,416.625,1.9020833333333331,161.16666666666666,144.875,39.020833333333336,35.75,12.641666666666666,2023,8,6,6,Summer,74.02083333333333,229.78333333333333,154.79166666666666,63.97777777777778,184.9888888888889,155.00000000000003,0.2808199484754177,32.956490471470765,1394.9947916666667,2
2023-08-07,251.6875,76.175,525.4583333333334,40.34583333333333,25.870833333333337,116.95833333333331,0.7566666666666667,342.7083333333333,2.00625,162.08333333333334,144.70833333333334,37.4625,45.458333333333336,16.870833333333334,2023,8,7,0,Summer,73.29166666666667,260.9916666666667,161.16666666666666,69.35833333333335,220.21944444444446,156.20833333333334,0.3026570636100042,20.313656489188055,1702.9828125000001,2
2023-08-08,193.625,60.291666666666664,522.375,24.2625,19.025,204.79166666666663,0.6158333333333333,264.1666666666667,2.245833333333333,189.66666666666663,127.0,36.420833333333334,49.958333333333336,12.0125,2023,8,8,1,Summer,76.175,251.6875,162.08333333333334,74.49583333333334,247.48750000000004,159.34722222222226,0.3113836867929399,21.990979785697142,1819.5241319444447,2
2023-08-09,233.5125,67.03750000000001,662.75,38.729166666666664,33.8625,165.29166666666666,0.6108333333333333,331.5833333333333,2.252083333333333,176.375,127.66666666666669,36.0625,50.958333333333336,9.116666666666664,2023,8,9,2,Summer,60.291666666666664,193.625,189.66666666666663,69.91944444444447,235.43472222222226,170.97222222222226,0.28708313136520264,36.37111118415601,1837.6848958333335,2
2023-08-10,231.6916666666667,82.22500000000001,674.125,38.90416666666667,27.112499999999997,145.83333333333334,0.6091666666666666,245.625,2.089583333333333,170.25,129.66666666666666,38.016666666666666,44.5,11.045833333333334,2023,8,10,3,Summer,67.03750000000001,233.5125,176.375,67.83472222222223,226.275,176.04166666666666,0.3548897585660982,22.23688972581911,1691.7416666666666,2
2023-08-11,244.60833333333335,89.77083333333333,689.375,32.324999999999996,22.558333333333337,169.41666666666666,0.6370833333333333,236.45833333333337,2.11875,181.75,137.875,38.354166666666664,37.375,10.583333333333334,2023,8,11,4,Summer,82.22500000000001,231.6916666666667,170.25,69.8513888888889,219.60972222222225,178.7638888888889,0.36699826102818134,22.34251757393535,1433.4869791666665,2
2023-08-12,202.95416666666665,65.89166666666667,493.9166666666667,33.425000000000004,21.425,93.95833333333331,0.5704166666666667,251.66666666666663,2.127083333333333,165.20833333333334,130.375,37.083333333333336,43.75,14.645833333333334,2023,8,12,5,Summer,89.77083333333333,244.60833333333335,181.75,79.67777777777779,236.6041666666667,176.125,0.32466279172393053,17.183498115493727,1622.3958333333335,2
2023-08-13,174.63333333333333,58.62083333333334,492.0,37.895833333333336,23.525,102.79166666666669,0.5304166666666666,215.66666666666663,2.222916666666667,151.5,112.29166666666669,36.454166666666666,47.0,15.975,2023,8,13,6,Summer,65.89166666666667,202.95416666666665,165.20833333333334,79.29583333333333,226.41805555555558,172.4027777777778,0.335679517069978,13.500259979117788,1713.3458333333333,2
2023-08-14,195.72916666666663,77.99166666666666,554.5,35.6,25.741666666666664,115.54166666666669,0.49,178.33333333333334,2.2583333333333333,156.5,115.66666666666669,35.416666666666664,55.041666666666664,10.695833333333333,2023,8,14,0,Summer,58.62083333333334,174.63333333333333,151.5,71.42777777777779,207.3986111111111,166.1527777777778,0.39846726778856534,16.67315777111108,1949.3923611111109,2
2023-08-15,197.77083333333337,89.38333333333333,721.2083333333334,63.583333333333336,37.65833333333333,95.75,0.60125,138.08333333333334,2.0625,164.95833333333334,116.375,36.675,50.833333333333336,10.4,2023,8,15,1,Summer,77.99166666666666,195.72916666666663,156.5,67.50138888888888,191.10555555555553,157.73611111111111,0.4519540691358057,13.277242313085676,1864.3125,2
2023-08-16,216.4,64.29583333333333,397.5416666666667,41.15,15.1125,53.625,0.6862499999999999,365.4166666666667,1.9291666666666665,162.83333333333334,125.25,38.17916666666667,26.125,12.05,2023,8,16,2,Summer,89.38333333333333,197.77083333333337,164.95833333333334,75.33194444444445,189.37777777777777,157.6527777777778,0.2971156794649614,30.32503206154644,997.4307291666667,2
2023-08-17,245.5666666666667,45.70416666666667,282.7916666666667,29.141666666666666,13.733333333333334,50.125,0.6283333333333333,515.0,2.0145833333333334,144.41666666666666,127.54166666666669,35.545833333333334,42.166666666666664,15.429166666666667,2023,8,17,3,Summer,64.29583333333333,216.4,162.83333333333334,77.22361111111111,203.30000000000004,161.43055555555557,0.18611714326272374,33.378339721630695,1498.8493055555555,2
2023-08-18,230.6375,43.43333333333334,316.9166666666667,34.525,17.366666666666667,52.458333333333336,0.5225000000000001,461.7916666666667,2.160416666666667,144.58333333333334,137.625,34.00833333333333,55.916666666666664,13.458333333333334,2023,8,18,4,Summer,45.70416666666667,245.5666666666667,144.41666666666666,66.46111111111112,219.91250000000002,157.4027777777778,0.1883186088342734,34.31269094890222,1901.6326388888888,2
2023-08-19,172.21666666666667,51.49583333333334,368.4583333333333,35.829166666666666,19.4625,66.16666666666667,0.4616666666666666,261.4166666666667,2.285416666666667,135.375,124.25,34.170833333333334,57.041666666666664,12.6875,2023,8,19,5,Summer,43.43333333333334,230.6375,144.58333333333334,51.14444444444445,230.86805555555557,150.61111111111111,0.29901770851242987,20.604267669942782,1949.1612847222223,2
2023-08-20,170.92083333333335,59.729166666666664,434.3333333333333,42.7625,25.0125,88.91666666666667,0.4575,203.20833333333337,2.1958333333333333,148.45833333333334,106.875,34.78333333333333,56.25,12.983333333333333,2023,8,20,6,Summer,51.49583333333334,172.21666666666667,135.375,46.87777777777779,216.14027777777778,141.45833333333334,0.3494551550701046,15.651475046099488,1956.5625,2
2023-08-21,176.47916666666666,58.21666666666667,434.375,36.69583333333333,20.25,97.25,0.3529166666666667,230.41666666666663,2.2645833333333334,152.29166666666666,108.875,34.35,53.25,12.85,2023,8,21,0,Summer,59.729166666666664,170.92083333333335,148.45833333333334,51.552777777777784,191.25833333333335,142.80555555555557,0.32987840681924646,17.931256710926842,1829.1375,2
2023-08-22,109.0,51.8875,441.7916666666667,38.9625,23.416666666666668,90.375,0.34375,72.5,2.408333333333333,146.83333333333334,98.83333333333331,34.55833333333333,56.166666666666664,13.158333333333331,2023,8,22,1,Summer,58.21666666666667,176.47916666666666,152.29166666666666,56.480555555555554,173.2055555555556,145.375,0.47603210572447613,5.5098159207233,1941.0263888888887,2
2023-08-23,99.9875,53.145833333333336,400.4166666666667,27.020833333333332,15.708333333333334,124.04166666666669,0.4995833333333333,39.958333333333336,2.2104166666666667,143.375,82.79166666666667,34.49583333333333,66.75,13.395833333333334,2023,8,23,2,Summer,51.8875,109.0,146.83333333333334,56.611111111111114,152.13333333333335,149.19444444444446,0.5315247686141624,2.982892467840065,2302.5968749999997,2
2023-08-24,121.97083333333336,61.1375,498.5416666666667,35.612500000000004,24.416666666666668,159.91666666666666,0.505,55.458333333333336,2.214583333333333,162.04166666666666,83.91666666666667,34.61666666666667,70.25,10.533333333333331,2023,8,24,3,Summer,53.145833333333336,99.9875,143.375,54.41666666666668,128.4888888888889,147.50000000000003,0.501246878683454,5.265031145724893,2431.820833333333,2
2023-08-25,134.02916666666667,66.925,543.0416666666666,48.604166666666664,27.270833333333332,137.95833333333334,0.4370833333333333,52.041666666666664,2.222916666666667,175.20833333333334,93.95833333333331,36.825,53.375,11.258333333333333,2023,8,25,4,Summer,61.1375,121.97083333333336,162.04166666666666,55.39027777777778,110.31944444444447,150.75,0.49933160941836086,4.622501439896245,1965.5343750000002,2
2023-08-26,144.49166666666667,66.67916666666666,552.0833333333334,56.15833333333333,25.0875,110.0,0.5541666666666667,94.54166666666669,2.06875,162.45833333333334,93.0,36.425,48.708333333333336,11.191666666666668,2023,8,26,5,Summer,66.925,134.02916666666667,175.20833333333334,60.40277777777779,118.66250000000002,160.20833333333334,0.4614741302625932,8.447504829709175,1774.2010416666667,2
2023-08-27,182.78333333333333,67.58749999999999,599.75,52.425,28.433333333333337,101.66666666666669,0.5054166666666667,213.91666666666663,2.1645833333333333,160.0,109.45833333333331,36.25833333333333,46.916666666666664,12.941666666666668,2023,8,27,6,Summer,66.67916666666666,144.49166666666667,162.45833333333334,64.91388888888889,133.49722222222223,166.56944444444446,0.36976839407439555,16.529296855431017,1701.1201388888887,2
2023-08-28,154.02083333333334,51.8125,430.1666666666667,42.3625,23.566666666666663,104.5,0.54875,199.08333333333337,2.0375,150.33333333333334,104.04166666666669,35.6,62.166666666666664,12.454166666666666,2023,8,28,0,Summer,67.58749999999999,182.78333333333333,160.0,67.06388888888888,153.76805555555555,165.8888888888889,0.3363992944478336,15.985278074116184,2213.133333333333,2
2023-08-29,182.63333333333333,63.1375,580.7083333333334,53.895833333333336,31.920833333333334,75.45833333333333,0.4495833333333334,249.91666666666663,2.2041666666666666,148.95833333333334,104.66666666666669,34.583333333333336,57.708333333333336,12.783333333333331,2023,8,29,1,Summer,51.8125,154.02083333333334,150.33333333333334,62.02638888888888,160.43194444444447,157.59722222222226,0.34570633137959667,19.55019403779447,1995.746527777778,2
2023-08-30,145.17083333333332,50.6625,425.9583333333333,51.11666666666667,22.65416666666667,82.375,0.4083333333333334,181.33333333333337,2.1729166666666666,151.625,109.70833333333331,35.920833333333334,38.416666666666664,14.0875,2023,8,30,2,Summer,63.1375,182.63333333333333,148.95833333333334,60.84583333333334,173.14583333333334,153.09722222222226,0.3489853883712726,12.871930467535256,1379.9586805555555,2
2023-08-31,139.5,40.44166666666667,352.6666666666667,35.90833333333333,19.316666666666663,80.91666666666667,0.5108333333333334,211.91666666666663,1.9604166666666665,120.125,96.58333333333331,34.958333333333336,51.958333333333336,14.483333333333334,2023,8,31,3,Summer,50.6625,145.17083333333332,151.625,55.20416666666667,160.60833333333335,150.30555555555557,0.289904418471414,14.631759634170793,1816.3767361111113,2
2023-09-01,109.16666666666669,37.975,430.2916666666667,41.27916666666667,20.683333333333337,92.5,0.5341666666666667,136.25,2.002083333333333,110.29166666666669,89.95833333333333,33.875,67.625,9.975,2023,9,1,4,Autumn,40.44166666666667,139.5,120.125,51.41388888888889,155.76805555555555,140.23611111111111,0.3478625922333197,13.659146500336192,2290.796875,3
2023-09-02,180.575,41.204166666666666,334.7916666666667,35.53333333333333,17.558333333333334,91.08333333333331,0.5541666666666667,310.9583333333333,1.9708333333333332,106.375,92.75,35.329166666666666,58.75,12.308333333333332,2023,9,2,5,Autumn,37.975,109.16666666666669,110.29166666666669,43.026388888888896,131.2791666666667,127.34722222222224,0.22818311747741132,25.264046694864184,2075.5885416666665,3
2023-09-03,154.54999999999998,37.9,318.8333333333333,36.19166666666667,17.666666666666668,77.625,0.6224999999999999,255.625,1.8958333333333333,114.5,112.58333333333331,35.31666666666667,53.333333333333336,13.608333333333334,2023,9,3,6,Autumn,41.204166666666666,180.575,106.375,39.873611111111124,143.08055555555558,112.26388888888891,0.24522807994029067,18.784444424903043,1883.5555555555559,3
2023-09-04,161.20000000000002,42.15833333333333,326.0416666666667,34.862500000000004,17.412499999999998,78.08333333333333,0.6129166666666667,253.91666666666663,1.9270833333333333,109.08333333333331,100.16666666666669,34.78333333333333,55.458333333333336,13.225,2023,9,4,0,Autumn,37.9,154.54999999999998,114.5,39.026388888888896,148.09722222222226,110.38888888888891,0.26152812079283627,19.19974650033423,1929.0256944444445,3
2023-09-05,145.34583333333333,45.70416666666667,461.9583333333333,45.8625,27.27916666666667,80.45833333333333,0.5254166666666666,171.58333333333334,2.05625,122.875,103.45833333333331,34.4375,65.125,10.2625,2023,9,5,1,Autumn,42.15833333333333,161.20000000000002,109.08333333333331,40.42083333333334,165.4416666666667,109.98611111111113,0.3144511631606147,16.719446198673538,2242.7421875,3
2023-09-06,159.6625,55.8,421.2083333333333,39.8375,20.9875,120.125,0.45125,163.125,2.0520833333333335,143.95833333333334,98.95833333333331,35.362500000000004,58.75,13.3875,2023,9,6,2,Autumn,45.70416666666667,145.34583333333333,122.875,41.92083333333334,153.69861111111115,115.48611111111113,0.349487197372663,12.184873039411913,2077.5468750000005,3
2023-09-07,145.1625,48.166666666666664,344.4166666666667,34.42916666666667,15.470833333333331,73.54166666666667,0.3545833333333333,183.20833333333337,2.1708333333333334,147.33333333333334,105.33333333333331,35.204166666666666,44.666666666666664,16.604166666666668,2023,9,7,3,Autumn,55.8,159.6625,143.95833333333334,47.88750000000001,155.4027777777778,125.30555555555559,0.33181204742860326,11.03387637437131,1572.4527777777776,3
2023-09-08,119.77916666666664,41.354166666666664,327.75,31.708333333333332,14.745833333333332,81.04166666666667,0.3504166666666666,149.45833333333334,2.1979166666666665,116.83333333333331,90.08333333333331,34.75416666666667,46.625,14.891666666666667,2023,9,8,4,Autumn,48.166666666666664,145.1625,147.33333333333334,49.89027777777778,150.05694444444444,138.05555555555557,0.34525341486552275,10.03637313689716,1620.4130208333336,3
2023-09-09,121.775,52.45,454.2916666666667,34.18333333333333,19.075,111.04166666666669,0.5104166666666666,86.25,1.96875,132.58333333333334,90.45833333333331,34.0375,51.083333333333336,13.291666666666666,2023,9,9,5,Autumn,41.354166666666664,119.77916666666664,116.83333333333331,48.44027777777777,141.53472222222226,136.04166666666669,0.4307123758512636,6.489027724963432,1738.7489583333336,3
2023-09-10,154.54583333333332,59.84166666666667,479.1666666666667,31.791666666666668,23.241666666666664,161.75,0.60875,145.70833333333334,1.8833333333333335,163.29166666666666,90.95833333333331,33.895833333333336,62.083333333333336,11.108333333333334,2023,9,10,6,Autumn,52.45,121.775,132.58333333333334,47.32361111111112,128.90555555555557,132.25000000000003,0.3872098327645424,13.117028076486596,2104.366319444445,3
2023-09-11,160.41666666666666,56.53333333333333,501.5,41.1625,25.516666666666666,116.29166666666669,0.5054166666666666,174.58333333333334,2.066666666666667,155.25,106.79166666666669,35.37083333333333,49.708333333333336,12.833333333333334,2023,9,11,0,Autumn,59.84166666666667,154.54583333333332,163.29166666666666,51.21527777777778,132.03333333333333,137.56944444444446,0.35241558221870806,13.603895043852335,1758.2251736111111,3
2023-09-12,148.8375,52.37916666666666,413.7916666666667,34.550000000000004,19.175,104.54166666666669,0.4120833333333333,168.625,2.0166666666666666,147.79166666666666,100.91666666666669,35.0375,49.416666666666664,12.7,2023,9,12,1,Autumn,56.53333333333333,160.41666666666666,155.25,56.275000000000006,145.57916666666668,150.37500000000003,0.3519218363298552,13.277558009641103,1731.4364583333333,3
2023-09-13,129.6625,54.42916666666667,473.375,35.21666666666667,18.541666666666668,112.0,0.4670833333333333,114.0,1.9875,147.0,94.29166666666669,33.854166666666664,56.208333333333336,13.504166666666668,2023,9,13,2,Autumn,52.37916666666666,148.8375,147.79166666666666,56.25138888888889,154.60000000000002,155.44444444444446,0.41977569649583324,8.441838313470782,1902.8862847222222,3
2023-09-14,146.48333333333332,61.95,603.125,49.35833333333333,27.895833333333332,98.625,0.6,129.25,1.89375,151.91666666666666,97.83333333333331,33.733333333333334,68.75,10.733333333333334,2023,9,14,3,Autumn,54.42916666666667,129.6625,147.0,54.44722222222222,146.30555555555557,150.0138888888889,0.4229150045084879,12.041924343920092,2319.1666666666665,3
2023-09-15,184.325,58.30833333333334,476.5833333333333,43.2625,24.316666666666663,99.125,0.7258333333333334,239.95833333333337,1.7395833333333333,151.91666666666666,101.875,34.6625,62.0,12.75,2023,9,15,4,Autumn,61.95,146.48333333333332,151.91666666666666,56.25277777777777,141.66111111111113,148.9027777777778,0.31633437144716653,18.82025996180968,2149.0750000000003,3
2023-09-16,199.025,60.666666666666664,442.3333333333333,35.545833333333334,22.333333333333332,119.125,0.785,237.25,1.6770833333333333,154.875,117.625,34.083333333333336,65.79166666666667,11.425,2023,9,16,5,Autumn,58.30833333333334,184.325,151.91666666666666,58.229166666666664,153.49027777777778,150.2777777777778,0.30481932602360173,20.765862515022974,2242.3993055555557,3
2023-09-17,165.525,56.458333333333336,456.125,42.079166666666666,24.458333333333332,104.70833333333331,0.8016666666666666,155.5,1.7833333333333332,152.5,114.45833333333331,34.225,63.541666666666664,9.308333333333334,2023,9,17,6,Autumn,60.666666666666664,199.025,154.875,60.30833333333334,176.61111111111111,152.9027777777778,0.3410864400679468,16.705459261723266,2174.7135416666665,3
2023-09-18,176.88333333333333,66.33333333333333,503.2916666666667,40.7,23.629166666666663,121.625,0.77375,144.04166666666666,1.7166666666666668,154.375,110.91666666666669,34.670833333333334,65.79166666666667,10.5125,2023,9,18,0,Autumn,56.458333333333336,165.525,152.5,58.47777777777778,182.95833333333334,153.09722222222226,0.3750117758879952,13.701940828987,2281.0519097222223,3
2023-09-19,146.25833333333333,64.52499999999999,629.0416666666666,57.43333333333334,31.104166666666668,94.95833333333331,0.61875,94.66666666666669,1.74375,152.5,100.33333333333331,35.625,59.416666666666664,9.4625,2023,9,19,1,Autumn,66.33333333333333,176.88333333333333,154.375,61.15277777777778,180.4777777777778,153.9166666666667,0.4411714402062234,10.004402289274969,2116.71875,3
2023-09-20,160.9125,69.75416666666666,563.375,47.63333333333333,25.116666666666664,104.54166666666669,0.585,111.54166666666669,1.7479166666666668,159.125,104.75,35.050000000000004,56.0,12.85,2023,9,20,2,Autumn,64.52499999999999,146.25833333333333,152.5,62.43888888888889,162.8888888888889,153.12500000000003,0.4334912839784068,8.680284668200937,1962.8000000000002,3
2023-09-21,85.28750000000001,37.94166666666667,401.25,36.62916666666667,20.1125,94.375,0.4966666666666666,75.125,1.9229166666666664,138.25,89.79166666666667,33.36666666666667,66.875,9.916666666666666,2023,9,21,3,Autumn,69.75416666666666,160.9125,159.125,66.87083333333334,161.3513888888889,155.33333333333337,0.44486784372620636,7.575629488171817,2231.3958333333335,3
2023-09-22,93.46666666666664,45.7375,637.0833333333334,59.43333333333334,31.8875,79.875,0.5833333333333334,61.458333333333336,1.83125,112.08333333333331,74.0,33.55833333333333,68.5,9.541666666666666,2023,9,22,4,Autumn,37.94166666666667,85.28750000000001,138.25,57.406944444444456,130.81944444444446,149.95833333333337,0.48934557251056815,6.441047359890234,2298.745833333333,3
2023-09-23,177.19583333333333,49.92083333333333,402.5833333333333,37.204166666666666,13.5625,83.625,0.5245833333333333,283.5833333333333,1.7291666666666667,139.5,91.83333333333331,36.24166666666667,37.25,16.991666666666667,2023,9,23,5,Autumn,45.7375,93.46666666666664,112.08333333333331,51.144444444444446,113.22222222222223,136.48611111111111,0.281726901318822,16.68955272057561,1350.0020833333333,3
2023-09-24,192.1375,50.604166666666664,349.5416666666667,44.9375,11.683333333333332,58.833333333333336,0.4495833333333333,330.9166666666667,1.7416666666666665,121.58333333333331,112.45833333333331,36.166666666666664,18.666666666666668,15.3375,2023,9,24,6,Autumn,49.92083333333333,177.19583333333333,139.5,44.53333333333334,118.65000000000002,129.94444444444446,0.263374751952596,21.5756573816469,675.1111111111111,3
2023-09-25,132.77916666666667,47.425,423.125,40.3625,18.070833333333333,87.625,0.4941666666666666,170.375,1.7791666666666668,138.29166666666666,108.70833333333331,34.375,25.916666666666668,11.808333333333332,2023,9,25,0,Autumn,50.604166666666664,192.1375,121.58333333333331,48.75416666666667,154.26666666666665,124.3888888888889,0.35717199341885714,14.428368573462086,890.8854166666667,3
2023-09-26,134.07916666666668,47.7125,467.8333333333333,45.775,21.258333333333333,90.25,0.4533333333333333,164.95833333333334,1.7145833333333331,136.83333333333334,93.16666666666669,34.52916666666667,33.958333333333336,9.6,2023,9,26,1,Autumn,47.425,132.77916666666667,138.29166666666666,49.31666666666666,167.37083333333334,133.125,0.3558531935297937,17.18315793230994,1172.5529513888891,3
2023-09-27,127.43333333333334,42.28333333333333,363.7083333333333,41.32083333333333,15.833333333333334,60.875,0.3766666666666666,183.0,1.8520833333333335,121.5,95.20833333333331,33.766666666666666,37.958333333333336,13.6375,2023,9,27,2,Autumn,47.7125,134.07916666666668,136.83333333333334,48.580555555555556,152.99861111111113,132.23611111111111,0.33180747843206265,13.418880775884087,1281.726388888889,3
2023-09-28,98.42083333333332,39.72083333333333,366.125,35.458333333333336,14.7375,79.33333333333333,0.3520833333333333,95.33333333333331,1.8666666666666665,116.20833333333331,83.83333333333333,33.204166666666666,37.25,16.587500000000002,2023,9,28,3,Autumn,42.28333333333333,127.43333333333334,121.5,45.80694444444445,131.43055555555557,132.20833333333334,0.403581554681869,5.7472993269651225,1236.8552083333334,3
2023-09-29,111.34166666666664,45.479166666666664,515.875,46.47083333333333,28.4125,81.45833333333333,0.4229166666666666,97.08333333333331,1.7479166666666668,113.25,78.95833333333333,31.866666666666664,58.583333333333336,11.008333333333333,2023,9,29,4,Autumn,39.72083333333333,98.42083333333332,116.20833333333331,43.23888888888889,119.97777777777777,124.84722222222223,0.40846493159076486,8.819075656102134,1866.8555555555554,3
2023-09-30,125.3625,52.40416666666667,464.6666666666667,47.7,26.71666666666667,83.04166666666667,0.5208333333333334,106.16666666666669,1.6791666666666665,137.875,90.375,31.425,61.0,13.7,2023,9,30,5,Autumn,45.479166666666664,111.34166666666664,113.25,42.49444444444445,112.39861111111111,116.98611111111113,0.4180210688893856,7.74939116184493,1916.925,3
2023-10-01,113.79583333333332,42.94166666666666,353.5833333333333,26.8125,15.841666666666669,108.625,0.3720833333333333,118.625,1.8541666666666667,131.125,86.45833333333333,31.575,62.541666666666664,11.741666666666667,2023,10,1,6,Autumn,52.40416666666667,125.3625,137.875,45.868055555555564,111.70833333333333,122.44444444444446,0.3773571055411481,10.102909004720312,1974.753125,3
2023-10-02,142.5,40.733333333333334,323.5,31.170833333333334,14.741666666666667,81.25,0.2691666666666666,227.20833333333337,1.9166666666666667,115.08333333333331,94.75,31.691666666666663,55.291666666666664,12.0375,2023,10,2,0,Autumn,42.94166666666666,113.79583333333332,131.125,46.94166666666667,116.83333333333333,127.41666666666669,0.2858479512104237,18.875041699546557,1752.2850694444442,3
2023-10-03,110.1875,43.833333333333336,571.2916666666666,60.604166666666664,32.37083333333333,55.541666666666664,0.3204166666666667,115.20833333333331,1.7875,115.20833333333331,88.0,32.17916666666667,57.833333333333336,10.6875,2023,10,3,1,Autumn,40.733333333333334,142.5,115.08333333333331,45.359722222222224,127.21944444444445,128.0277777777778,0.39780676515509084,10.779726086887226,1861.0284722222223,3
2023-10-04,116.73333333333332,53.47083333333333,591.0,57.925,31.491666666666664,64.58333333333333,0.3333333333333333,88.95833333333333,1.8083333333333331,134.95833333333334,85.79166666666667,32.229166666666664,61.083333333333336,9.7375,2023,10,4,2,Autumn,43.833333333333336,110.1875,115.20833333333331,42.50277777777779,122.16111111111111,120.47222222222223,0.45805967625876925,9.135643049826987,1968.6649305555554,3
2023-10-05,106.45416666666668,48.60833333333333,542.7083333333334,46.3,25.40416666666667,86.75,0.3179166666666667,87.625,1.8541666666666667,140.41666666666666,85.33333333333333,31.141666666666666,74.33333333333333,9.920833333333333,2023,10,5,3,Autumn,53.47083333333333,116.73333333333332,134.95833333333334,46.01250000000001,123.14027777777778,121.75,0.45661277898989905,8.832422461242592,2314.8638888888886,3
2023-10-06,83.8,38.4375,400.5416666666667,33.525,16.275000000000002,84.83333333333333,0.2695833333333333,70.70833333333333,1.8791666666666669,111.0,74.75,32.40416666666667,72.91666666666667,14.5125,2023,10,6,4,Autumn,48.60833333333333,106.45416666666668,140.41666666666666,48.637499999999996,111.12500000000001,130.19444444444446,0.45868137877468523,4.872236241936061,2362.803819444445,3
2023-10-07,130.20833333333334,54.42083333333333,506.1666666666667,51.86666666666667,23.575000000000003,79.79166666666667,0.4279166666666666,133.04166666666666,1.68125,128.41666666666666,83.79166666666667,33.90833333333333,56.375,14.066666666666668,2023,10,7,5,Autumn,38.4375,83.8,111.0,46.838888888888896,102.3291666666667,128.79166666666669,0.4179519967901286,9.45793771626035,1911.5822916666666,3
2023-10-08,126.94166666666666,55.229166666666664,437.125,51.979166666666664,20.404166666666665,57.708333333333336,0.3754166666666667,116.20833333333331,1.64375,150.125,93.08333333333331,33.112500000000004,49.583333333333336,11.541666666666666,2023,10,8,6,Autumn,54.42083333333333,130.20833333333334,128.41666666666666,47.15555555555556,106.82083333333337,126.61111111111113,0.4350751623311876,10.06859118539282,1641.8281250000002,3
2023-10-09,118.05,49.82083333333333,450.625,43.04583333333333,19.0625,74.66666666666667,0.2745833333333333,110.79166666666669,1.8041666666666665,145.70833333333334,88.16666666666667,32.3125,58.5,14.3875,2023,10,9,0,Autumn,55.229166666666664,126.94166666666666,150.125,49.362500000000004,113.65000000000002,129.84722222222226,0.4220316214426236,7.700549710937757,1890.28125,3
2023-10-10,113.07083333333333,43.67916666666667,437.125,37.18333333333333,19.4625,84.70833333333333,0.3079166666666666,128.25,1.7770833333333331,128.91666666666666,89.70833333333333,31.22083333333333,72.29166666666667,11.183333333333332,2023,10,10,1,Autumn,49.82083333333333,118.05,145.70833333333334,53.156944444444456,125.06666666666668,141.41666666666669,0.3862991453472457,11.46795724578624,2257.0060763888887,3
2023-10-11,62.40416666666667,35.199999999999996,559.125,55.3,29.454166666666666,63.041666666666664,0.27,26.625,1.7166666666666668,106.875,73.70833333333333,30.65833333333333,70.75,8.770833333333334,2023,10,11,2,Autumn,43.67916666666667,113.07083333333333,128.91666666666666,49.57638888888889,119.35416666666669,141.58333333333334,0.564064890473688,3.035629107576729,2169.077083333333,3
2023-10-12,64.99166666666666,33.704166666666666,466.375,43.48333333333333,21.933333333333337,87.45833333333333,0.2704166666666667,40.291666666666664,1.7291666666666667,94.58333333333331,66.41666666666667,31.05,65.75,8.295833333333333,2023,10,12,3,Autumn,35.199999999999996,62.40416666666667,106.875,42.900000000000006,97.84166666666668,127.16666666666667,0.5185921192164311,4.856855265873801,2041.5375000000001,3
2023-10-13,78.09583333333333,36.11666666666667,419.625,34.0875,21.116666666666667,104.79166666666669,0.2954166666666666,52.541666666666664,1.6833333333333331,97.70833333333331,67.91666666666667,31.0,64.625,9.533333333333331,2023,10,13,4,Autumn,33.704166666666666,64.99166666666666,94.58333333333331,37.52777777777778,80.15555555555557,110.125,0.4624659813801507,5.511363058248632,2003.375,3
2023-10-14,108.62916666666666,46.68333333333334,600.5416666666666,55.48333333333333,34.237500000000004,82.83333333333333,0.37625,88.0,1.5958333333333332,118.83333333333331,79.0,30.241666666666664,68.0,9.658333333333331,2023,10,14,5,Autumn,36.11666666666667,78.09583333333333,97.70833333333331,35.00694444444445,68.49722222222225,99.72222222222223,0.429749526173147,9.111301903920426,2056.433333333333,3
2023-10-15,109.40833333333336,44.875,598.125,55.57916666666667,33.38333333333333,67.25,0.3374999999999999,100.33333333333331,1.6437499999999998,124.25,82.29166666666667,29.670833333333334,69.375,9.570833333333333,2023,10,15,6,Autumn,46.68333333333334,108.62916666666666,118.83333333333331,38.83472222222223,83.90555555555557,103.70833333333333,0.41016070917668623,10.483237912069177,2058.4140625,3
2023-10-16,144.24166666666667,59.125,756.7083333333334,73.53333333333333,46.8125,65.95833333333333,0.4154166666666667,115.125,1.5375,137.08333333333334,90.29166666666669,30.641666666666666,60.791666666666664,9.7875,2023,10,16,0,Autumn,44.875,109.40833333333336,124.25,42.55833333333334,98.71111111111112,113.59722222222223,0.40990236009080344,11.762450905496715,1862.757986111111,3
2023-10-17,122.90833333333336,51.020833333333336,459.75,38.416666666666664,23.825,85.875,0.3825,88.25,1.55625,147.33333333333334,94.70833333333331,30.65,54.083333333333336,12.195833333333333,2023,10,17,1,Autumn,59.125,144.24166666666667,137.08333333333334,50.22777777777778,120.75972222222225,126.72222222222224,0.41511288563200577,7.2360773021323705,1657.6541666666667,3
2023-10-18,133.00833333333333,56.32916666666667,563.7916666666666,47.825,30.0,75.25,0.4179166666666666,82.70833333333333,1.4666666666666668,145.95833333333334,91.45833333333331,30.1625,58.791666666666664,10.975,2023,10,18,2,Autumn,51.020833333333336,122.90833333333336,147.33333333333334,51.673611111111114,125.51944444444449,136.22222222222226,0.42350103058579525,7.5360661318694495,1773.3036458333333,3
2023-10-19,141.33333333333334,55.791666666666664,502.375,48.6375,28.920833333333334,76.0,0.4720833333333333,123.29166666666669,1.4708333333333332,146.08333333333334,92.54166666666669,29.816666666666663,65.83333333333333,10.579166666666667,2023,10,19,3,Autumn,56.32916666666667,133.00833333333333,145.95833333333334,55.491666666666674,133.38611111111115,143.45833333333337,0.3947523556975069,11.654193463171946,1962.9305555555552,3
2023-10-20,143.26666666666668,55.2,537.2083333333334,47.38333333333333,30.0375,74.83333333333333,0.52625,140.33333333333334,1.5020833333333334,151.25,99.83333333333331,29.85,68.33333333333333,11.241666666666667,2023,10,20,4,Autumn,55.791666666666664,141.33333333333334,146.08333333333334,54.38055555555556,132.4166666666667,146.45833333333334,0.38529548358332605,12.483319868051607,2039.75,3
2023-10-21,152.75416666666666,57.07083333333333,555.375,54.92916666666667,31.641666666666666,81.29166666666667,0.6458333333333334,150.0,1.2333333333333332,142.20833333333334,94.66666666666669,30.5125,67.0,10.579166666666666,2023,10,21,5,Autumn,55.2,143.26666666666668,151.25,55.773611111111116,139.2027777777778,147.7638888888889,0.37361228308919703,14.178809215079085,2044.3374999999999,3
2023-10-22,127.47916666666669,47.458333333333336,486.9583333333333,46.87916666666666,26.729166666666668,71.25,0.5599999999999999,118.70833333333331,1.325,144.45833333333334,98.875,30.858333333333334,54.5,12.8,2023,10,22,6,Autumn,57.07083333333333,152.75416666666666,142.20833333333334,56.020833333333336,145.78472222222226,146.5138888888889,0.37228304986605876,9.274087817128555,1681.7791666666667,3
2023-10-23,151.39166666666668,53.7,550.4166666666666,52.125,32.045833333333334,81.75,0.4341666666666666,139.95833333333334,1.40625,140.875,97.54166666666669,30.233333333333334,61.291666666666664,10.066666666666666,2023,10,23,0,Autumn,47.458333333333336,127.47916666666669,144.45833333333334,53.243055555555564,141.16666666666669,145.97222222222226,0.3547090855636544,13.90314431425719,1853.0513888888888,3
2023-10-24,139.99166666666667,51.46666666666667,554.0416666666666,52.65833333333333,31.995833333333337,72.70833333333333,0.4208333333333333,121.5,1.3708333333333331,139.41666666666666,96.70833333333331,29.45,67.375,8.345833333333333,2023,10,24,1,Autumn,53.7,151.39166666666668,140.875,52.743055555555564,143.87500000000003,142.5138888888889,0.36764092838163515,14.558161011503424,1984.19375,3
2023-10-25,133.62083333333334,50.5625,561.4583333333334,58.17916666666667,33.579166666666666,62.166666666666664,0.4645833333333333,108.45833333333331,1.2958333333333332,141.16666666666666,96.25,29.745833333333337,66.95833333333333,9.225,2023,10,25,2,Autumn,51.46666666666667,139.99166666666667,139.41666666666666,50.87500000000001,139.62083333333337,141.58333333333334,0.37840281608978527,11.756999628870862,1991.7314236111113,3
2023-10-26,98.84166666666664,42.55,383.1666666666667,43.07916666666667,18.916666666666668,43.75,0.6470833333333333,77.875,0.8041666666666667,128.25,88.04166666666667,27.7625,61.833333333333336,13.4375,2023,10,26,3,Autumn,50.5625,133.62083333333334,141.16666666666666,51.90972222222223,141.66805555555558,140.48611111111111,0.4304864639020003,5.795348405927561,1716.6479166666668,3
2023-10-27,65.28333333333333,28.78333333333333,382.6666666666667,43.2875,17.795833333333334,55.5,0.4479166666666667,59.833333333333336,1.23125,98.41666666666669,69.875,26.429166666666664,74.16666666666667,8.058333333333334,2023,10,27,4,Autumn,42.55,98.84166666666664,128.25,48.19305555555556,124.15138888888892,136.2777777777778,0.4408986401700489,7.42502493174458,1960.1631944444443,3
2023-10-28,83.05416666666666,35.954166666666666,554.75,68.6125,31.695833333333336,49.25,0.3720833333333333,70.29166666666667,1.3604166666666666,94.0,70.54166666666667,27.15,69.25,8.366666666666667,2023,10,28,5,Autumn,28.78333333333333,65.28333333333333,98.41666666666669,40.63194444444445,99.24861111111113,122.61111111111114,0.4329002105104074,8.40139341816015,1880.1374999999998,3
2023-10-29,81.15,37.2,472.9166666666667,59.67916666666667,28.075,72.54166666666667,0.3266666666666666,58.416666666666664,1.3979166666666665,103.125,72.83333333333333,28.075,61.333333333333336,10.3,2023,10,29,6,Autumn,35.954166666666666,83.05416666666666,94.0,35.7625,82.39305555555556,106.88888888888891,0.4584103455525528,5.671520484965648,1721.9333333333334,3
2023-10-30,67.89583333333333,34.4375,450.3333333333333,61.09583333333333,26.55,56.125,0.2408333333333333,34.625,1.35625,100.875,70.125,28.804166666666664,57.708333333333336,11.633333333333333,2023,10,30,0,Autumn,37.2,81.15,103.125,33.97916666666667,76.49583333333335,98.51388888888891,0.5072107933887334,2.9763607756709938,1662.2404513888887,3
2023-10-31,64.96666666666667,36.920833333333334,493.125,64.95,27.291666666666668,48.375,0.2204166666666666,19.583333333333332,1.3916666666666666,105.08333333333331,70.04166666666667,29.233333333333334,52.083333333333336,11.358333333333333,2023,10,31,1,Autumn,34.4375,67.89583333333333,100.875,35.863888888888894,77.36666666666669,99.33333333333336,0.5683042498465226,1.7241377792395207,1522.5694444444446,3
2023-11-01,57.94166666666666,29.825,375.8333333333333,48.78333333333333,18.4875,44.041666666666664,0.2341666666666666,32.916666666666664,1.2875,91.33333333333331,65.20833333333333,29.78333333333333,46.458333333333336,13.7625,2023,11,1,2,Autumn,36.920833333333334,64.96666666666667,105.08333333333331,36.18611111111112,71.33750000000002,103.02777777777779,0.5147418291717216,2.391764888276242,1383.6840277777778,3
2023-11-02,67.82916666666667,30.65833333333333,376.3333333333333,43.40833333333333,17.516666666666666,51.541666666666664,0.2825,51.083333333333336,1.2875,86.0,64.33333333333333,29.766666666666666,40.291666666666664,14.65,2023,11,2,3,Autumn,29.825,57.94166666666666,91.33333333333331,33.72777777777778,63.60138888888891,99.09722222222223,0.4519933590221509,3.4869167130659813,1199.348611111111,3
2023-11-03,79.78750000000001,41.954166666666666,494.1666666666667,55.65,24.225,48.583333333333336,0.3604166666666666,35.083333333333336,1.2458333333333331,110.0,72.16666666666667,28.05,50.791666666666664,13.229166666666666,2023,11,3,4,Autumn,30.65833333333333,67.82916666666667,86.0,32.46805555555556,63.57916666666669,94.1388888888889,0.5258237962192432,2.6519683034732626,1424.70625,3
2023-11-04,56.69583333333333,26.27916666666667,224.58333333333337,15.579166666666666,8.0,86.66666666666667,0.2208333333333333,35.916666666666664,1.3729166666666668,93.66666666666669,67.41666666666667,28.645833333333332,60.875,13.025,2023,11,4,5,Autumn,41.954166666666666,79.78750000000001,110.0,34.145833333333336,68.51944444444446,95.77777777777779,0.4635114197660954,2.7575173826602137,1743.8151041666665,3
2023-11-05,58.76666666666667,27.395833333333332,242.41666666666663,18.1875,9.4875,96.625,0.3012499999999999,32.958333333333336,1.2166666666666666,82.79166666666667,62.583333333333336,28.195833333333336,54.375,15.395833333333334,2023,11,5,6,Autumn,26.27916666666667,56.69583333333333,93.66666666666669,32.963888888888896,68.10416666666669,96.55555555555559,0.46617979921418373,2.1407305781392862,1533.1484375000002,3
2023-11-06,57.72083333333333,23.9375,247.08333333333337,20.566666666666663,10.425,81.91666666666667,0.225,51.25,1.25625,77.125,63.416666666666664,27.754166666666663,50.583333333333336,14.583333333333334,2023,11,6,0,Autumn,27.395833333333332,58.76666666666667,82.79166666666667,31.876388888888894,65.08333333333336,95.48611111111114,0.41471160762789394,3.514285473306139,1403.8982638888888,3
2023-11-07,90.525,30.65833333333333,292.125,25.59166666666667,14.295833333333334,83.625,0.30875,110.125,1.1291666666666669,84.0,69.45833333333333,27.0375,54.916666666666664,10.625,2023,11,7,1,Autumn,23.9375,57.72083333333333,77.125,25.870833333333337,57.727777777777796,84.52777777777781,0.3386725544839633,10.364704906851303,1484.809375,3
2023-11-08,84.72083333333333,34.5625,433.7083333333333,44.4,23.545833333333334,74.16666666666667,0.35375,73.70833333333333,1.175,94.25,74.83333333333333,26.541666666666668,58.416666666666664,9.0875,2023,11,8,2,Autumn,30.65833333333333,90.525,84.0,27.33055555555556,69.00416666666669,81.30555555555559,0.40795750268480796,8.110957383480159,1550.4756944444443,3
2023-11-09,72.075,29.52916666666667,333.5416666666667,40.52916666666667,16.841666666666665,63.833333333333336,0.3245833333333333,65.33333333333333,1.1,91.83333333333331,71.08333333333333,27.46666666666667,53.458333333333336,12.7125,2023,11,9,3,Autumn,34.5625,84.72083333333333,94.25,29.71944444444445,77.65555555555558,85.12500000000001,0.40970053773105974,5.139298186354781,1468.3222222222223,3
2023-11-10,51.8875,26.708333333333332,409.875,45.2875,19.770833333333332,52.666666666666664,0.1829166666666667,27.583333333333332,1.1979166666666667,84.875,65.83333333333333,27.254166666666663,54.291666666666664,13.220833333333331,2023,11,10,4,Autumn,29.52916666666667,72.075,91.83333333333331,31.58333333333334,82.4402777777778,90.02777777777779,0.5147353952030438,2.0863534507643156,1479.674131944444,3
2023-11-11,49.375,28.791666666666668,440.2083333333333,52.07083333333333,23.433333333333337,53.291666666666664,0.17875,13.625,1.2145833333333331,85.5,62.875,26.829166666666666,47.208333333333336,10.825,2023,11,11,5,Autumn,26.708333333333332,51.8875,84.875,30.26666666666667,69.56111111111113,90.31944444444446,0.5831223510591255,1.2586603918096637,1266.5602430555555,3
2023-11-12,60.5125,29.975,426.875,54.31666666666666,23.333333333333332,47.875,0.1816666666666666,36.958333333333336,1.1375,85.25,62.833333333333336,26.358333333333334,47.0,11.304166666666667,2023,11,12,6,Autumn,28.791666666666668,49.375,85.5,28.343055555555562,57.77916666666669,87.40277777777779,0.49535219177273804,3.269443131343033,1238.8416666666667,3
2023-11-13,53.9,26.141666666666666,427.9166666666667,50.4875,22.758333333333336,51.375,0.16375,39.458333333333336,1.1416666666666666,84.875,64.83333333333333,25.0125,45.75,11.408333333333331,2023,11,13,0,Autumn,29.975,60.5125,85.25,28.491666666666674,53.92500000000002,85.20833333333336,0.48500308314774737,3.4587286960939063,1144.3218749999999,3
2023-11-14,69.92916666666666,29.09166666666667,500.25,56.9875,26.525,45.041666666666664,0.175,69.29166666666667,1.2083333333333333,84.45833333333333,64.0,25.083333333333332,39.833333333333336,10.241666666666667,2023,11,14,1,Autumn,26.141666666666666,53.9,84.875,28.302777777777788,54.59583333333335,85.20833333333336,0.41601620092689706,6.765662480163144,999.1527777777778,3
2023-11-15,71.77916666666667,25.866666666666664,407.5416666666667,51.04583333333333,20.695833333333333,49.75,0.3033333333333333,86.375,1.1,77.375,65.08333333333333,27.762500000000003,41.041666666666664,13.791666666666666,2023,11,15,2,Autumn,29.09166666666667,69.92916666666666,84.45833333333333,28.402777777777782,61.447222222222244,84.86111111111113,0.3603645390092593,6.2628394250509185,1139.4192708333335,3
2023-11-16,85.97083333333335,26.854166666666668,311.7916666666667,31.741666666666664,13.225,56.833333333333336,0.6045833333333334,117.125,0.75625,83.91666666666667,76.29166666666667,27.270833333333332,53.541666666666664,18.679166666666667,2023,11,16,3,Autumn,25.866666666666664,71.77916666666667,77.375,27.033333333333335,65.2027777777778,82.23611111111113,0.31236368560232225,6.270354337522854,1460.1258680555554,3
2023-11-17,46.92916666666667,22.995833333333337,344.25,38.36666666666667,17.0,57.125,0.4145833333333333,26.375,0.86875,76.58333333333333,65.29166666666667,23.770833333333332,75.16666666666667,11.166666666666666,2023,11,17,4,Autumn,26.854166666666668,85.97083333333335,83.91666666666667,27.27083333333334,75.89305555555558,81.91666666666669,0.4900115317763681,2.3619400869904403,1786.7743055555557,3
2023-11-18,59.12083333333334,29.079166666666666,409.2083333333333,37.75,19.166666666666668,59.0,0.2791666666666667,39.208333333333336,0.9958333333333336,78.54166666666667,58.875,24.241666666666664,69.75,8.954166666666667,2023,11,18,5,Autumn,22.995833333333337,46.92916666666667,76.58333333333333,25.238888888888894,68.22638888888892,79.29166666666669,0.49185988314565,4.378780339270693,1690.8562499999998,3
2023-11-19,68.33749999999999,37.516666666666666,526.5833333333334,59.25416666666666,30.058333333333337,48.625,0.24875,30.625,1.1645833333333333,100.91666666666669,68.625,24.0625,67.45833333333333,9.741666666666667,2023,11,19,6,Autumn,29.079166666666666,59.12083333333334,78.54166666666667,26.30972222222223,64.00694444444447,79.68055555555559,0.5489909071545749,3.1437122521424548,1623.2161458333333,3
2023-11-20,61.50833333333333,29.583333333333332,399.0416666666667,45.791666666666664,20.154166666666665,60.625,0.36,37.916666666666664,1.0208333333333333,90.95833333333331,65.08333333333333,26.09583333333333,59.416666666666664,13.425,2023,11,20,0,Autumn,37.516666666666666,68.33749999999999,100.91666666666669,29.863888888888894,58.129166666666684,85.34722222222224,0.4809646311183097,2.824332502222284,1550.5274305555554,3
2023-11-21,81.17916666666666,35.208333333333336,425.7916666666667,38.13333333333333,16.766666666666666,61.833333333333336,0.3920833333333333,65.0,1.0104166666666667,93.25,68.25,26.833333333333332,59.625,15.7125,2023,11,21,1,Autumn,29.583333333333332,61.50833333333333,90.95833333333331,32.05972222222223,62.98888888888891,90.13888888888891,0.4337114354005675,4.13683346782285,1599.9375,3
2023-11-22,91.075,36.44583333333333,437.2916666666667,42.275,22.579166666666666,60.041666666666664,0.3741666666666667,85.75,0.9875,106.91666666666669,75.45833333333333,25.9125,64.25,12.5125,2023,11,22,2,Autumn,35.208333333333336,81.17916666666666,93.25,34.10277777777778,70.34166666666668,95.04166666666669,0.4001738449976337,6.853146305442854,1664.8781250000002,3
2023-11-23,57.175,24.025,323.25,28.7125,12.9625,81.45833333333333,0.1316666666666666,50.5,1.16875,84.25,70.125,25.491666666666664,60.625,9.166666666666666,2023,11,23,3,Autumn,36.44583333333333,91.075,106.91666666666669,33.74583333333334,77.92083333333335,97.04166666666669,0.42020112951113026,5.50909030809924,1545.4322916666665,3
2023-11-24,61.25416666666666,28.725,452.3333333333333,46.37083333333334,21.84583333333333,64.04166666666667,0.29,41.75,0.9729166666666664,82.875,64.20833333333333,23.8,66.70833333333333,9.770833333333334,2023,11,24,4,Autumn,24.025,57.175,84.25,31.893055555555563,76.4763888888889,94.80555555555559,0.46894768297752243,4.272920671428162,1587.6583333333333,3
2023-11-25,108.00416666666666,34.3375,297.75,25.90416666666667,10.895833333333334,73.25,0.39375,159.08333333333334,0.8729166666666667,88.91666666666667,72.625,24.65416666666667,66.125,11.275,2023,11,25,5,Autumn,28.725,61.25416666666666,82.875,29.73194444444445,69.83472222222224,91.34722222222224,0.3179275461478102,14.109385297024218,1630.2567708333333,3
2023-11-26,83.95,34.295833333333334,409.7083333333333,46.354166666666664,22.825,58.458333333333336,0.2195833333333333,86.54166666666667,1.0104166666666667,101.16666666666669,79.875,24.5,60.375,9.583333333333334,2023,11,26,6,Autumn,34.3375,108.00416666666666,88.91666666666667,29.02916666666667,75.4777777777778,85.34722222222224,0.40852689606678305,9.030433840302557,1479.1875,3
2023-11-27,66.16666666666667,31.925,495.4583333333333,46.333333333333336,24.629166666666663,60.5,0.25125,44.625,1.0270833333333331,94.16666666666669,70.25,24.141666666666666,65.58333333333333,9.275,2023,11,27,0,Autumn,34.295833333333334,83.95,101.16666666666669,32.45277777777778,84.40277777777779,90.98611111111113,0.4824936954786847,4.811320235976255,1583.290972222222,3
2023-11-28,106.98333333333332,48.38333333333333,602.2916666666666,42.27916666666667,22.441666666666663,87.20833333333333,0.5325,79.54166666666667,0.7875000000000001,103.41666666666669,69.875,24.383333333333336,68.70833333333333,9.4125,2023,11,28,1,Autumn,31.925,66.16666666666667,94.16666666666669,33.51944444444445,86.0402777777778,94.75000000000004,0.4522511252321129,8.450640979126236,1675.3381944444445,3
2023-11-29,96.175,39.9375,389.3333333333333,25.97083333333333,15.5125,93.70833333333331,0.3158333333333333,83.58333333333333,1.01875,134.125,86.95833333333333,25.004166666666663,70.41666666666667,15.495833333333332,2023,11,29,2,Autumn,48.38333333333333,106.98333333333332,103.41666666666669,38.20138888888889,85.7,99.58333333333337,0.4152586387807784,5.393922749518296,1760.7100694444443,3
2023-11-30,70.37083333333332,28.65416666666667,277.75,21.570833333333336,10.070833333333333,87.66666666666667,0.1725,67.91666666666667,1.0020833333333334,91.33333333333331,71.04166666666667,24.366666666666664,66.25,14.004166666666668,2023,11,30,3,Autumn,39.9375,96.175,134.125,40.08194444444445,89.77500000000002,110.56944444444447,0.4071881048182164,4.8497467527702405,1614.2916666666665,3
2023-12-01,80.32083333333334,34.704166666666666,511.3333333333333,48.44583333333333,24.270833333333332,64.16666666666667,0.185,66.0,1.0333333333333334,96.08333333333331,70.5,23.02916666666667,67.16666666666667,9.566666666666666,2023,12,1,4,Winter,28.65416666666667,70.37083333333332,91.33333333333331,38.991666666666674,91.1763888888889,109.62500000000001,0.4320693000105497,6.898953982687738,1546.7923611111114,0
2023-12-02,82.67083333333333,38.99166666666667,566.6666666666666,52.37916666666666,29.7125,69.41666666666667,0.2779166666666666,49.541666666666664,0.9979166666666668,101.25,72.625,23.516666666666666,66.125,7.754166666666666,2023,12,2,5,Winter,34.704166666666666,80.32083333333334,96.08333333333331,34.43194444444445,82.2888888888889,107.18055555555556,0.4716496087296051,6.389037327582504,1555.0395833333332,0
2023-12-03,86.95416666666667,41.145833333333336,531.9166666666666,47.6,27.929166666666664,80.91666666666667,0.32,48.5,0.9479166666666666,114.33333333333331,74.41666666666667,23.71666666666667,70.25,10.408333333333331,2023,12,3,6,Winter,38.99166666666667,82.67083333333333,101.25,34.116666666666674,77.78750000000002,96.22222222222223,0.4731898934512639,4.659727334533804,1666.0958333333335,0
2023-12-04,70.81666666666666,35.275,469.6666666666667,43.708333333333336,24.1625,82.16666666666667,0.19625,29.625,1.00625,103.625,71.41666666666667,23.90833333333333,70.54166666666667,10.975,2023,12,4,0,Winter,41.145833333333336,86.95416666666667,114.33333333333331,38.28055555555556,83.3152777777778,103.8888888888889,0.4981171970141135,2.699316382750216,1686.5336805555555,0
2023-12-05,70.7375,39.74166666666667,447.25,34.737500000000004,19.454166666666666,94.41666666666669,0.2191666666666666,11.75,0.9604166666666668,107.83333333333331,70.875,24.5625,67.20833333333333,9.825,2023,12,5,1,Winter,35.275,70.81666666666666,103.625,38.47083333333334,80.14722222222224,106.40277777777779,0.5618189235532461,1.1959286314576458,1650.8046874999998,0
2023-12-06,62.04583333333333,34.975,481.125,40.82083333333333,22.75,88.5,0.2066666666666666,8.583333333333334,0.9875,104.375,69.83333333333333,24.4625,65.91666666666667,9.633333333333336,2023,12,6,2,Winter,39.74166666666667,70.7375,107.83333333333331,38.72083333333334,76.16944444444447,108.59722222222223,0.5636961832457805,0.8910033677159133,1612.4864583333333,0
2023-12-07,62.93333333333334,34.28333333333333,457.4583333333333,34.15,17.8625,95.20833333333331,0.2220833333333333,15.375,0.9791666666666666,96.83333333333331,67.25,23.15416666666667,67.33333333333333,9.616666666666667,2023,12,7,3,Winter,34.975,62.04583333333333,104.375,36.66388888888889,67.86666666666669,105.27777777777779,0.5447563472761173,1.598786662171231,1559.0472222222222,0
2023-12-08,69.04583333333333,37.44166666666667,436.4583333333333,36.108333333333334,17.929166666666667,102.16666666666669,0.2625,7.875,1.0125,97.25,67.33333333333333,22.695833333333336,67.29166666666667,8.079166666666667,2023,12,8,4,Winter,34.28333333333333,62.93333333333334,96.83333333333331,36.333333333333336,65.23888888888891,103.0138888888889,0.542272637128391,0.9747291212300211,1527.2404513888891,0
2023-12-09,91.0875,49.416666666666664,531.8333333333334,53.9625,29.604166666666668,81.25,0.2904166666666666,8.625,1.0041666666666669,124.125,76.125,22.304166666666664,65.45833333333333,10.5125,2023,12,9,5,Winter,37.44166666666667,69.04583333333333,97.25,35.56666666666667,64.67500000000001,99.48611111111113,0.5425186345453331,0.8204517649986431,1459.9935763888886,0
2023-12-10,90.18333333333334,48.65833333333333,464.75,40.82083333333333,22.22083333333333,90.29166666666669,0.3070833333333333,13.208333333333334,0.9354166666666668,140.25,81.33333333333333,22.425,63.041666666666664,8.845833333333333,2023,12,10,6,Winter,49.416666666666664,91.0875,124.125,40.38055555555556,74.35555555555557,106.06944444444446,0.5395490607331466,1.4931698735936085,1413.709375,0
2023-12-11,69.6125,35.800000000000004,453.0833333333333,41.5375,19.825,87.625,0.1779166666666667,20.5,1.0166666666666666,109.95833333333331,71.58333333333333,22.0625,60.208333333333336,9.395833333333334,2023,12,11,0,Winter,48.65833333333333,90.18333333333334,140.25,45.172222222222224,83.43888888888891,120.54166666666669,0.5142754460150772,2.181817949606959,1328.3463541666667,0
2023-12-12,85.00416666666666,42.87083333333334,661.7083333333334,62.81666666666666,34.24583333333333,56.5,0.2370833333333333,31.75,0.9875,111.54166666666669,72.04166666666667,21.216666666666665,59.583333333333336,8.5375,2023,12,12,1,Winter,35.800000000000004,69.6125,109.95833333333331,44.625,83.6277777777778,124.77777777777779,0.5043380167128512,3.718886826484706,1264.1597222222222,0
2023-12-13,85.4375,44.32083333333333,615.625,54.53333333333333,33.670833333333334,77.875,0.3025,32.208333333333336,0.9333333333333332,121.125,75.58333333333333,21.195833333333333,59.625,9.725,2023,12,13,2,Winter,42.87083333333334,85.00416666666666,111.54166666666669,42.44305555555557,81.60000000000001,120.58333333333336,0.5187515179468245,3.311910542048617,1263.8015625,0
2023-12-14,80.88333333333334,40.94166666666667,335.0,26.433333333333337,15.320833333333333,71.25,0.25375,62.791666666666664,0.8583333333333334,119.875,74.66666666666667,21.329166666666666,54.583333333333336,16.945833333333333,2023,12,14,3,Winter,44.32083333333333,85.4375,121.125,40.99722222222223,80.01805555555556,114.20833333333336,0.506181736993426,3.7054337621578304,1164.217013888889,0
2023-12-15,34.395833333333336,16.516666666666666,213.33333333333337,10.295833333333333,5.291666666666667,85.33333333333333,0.1175,19.291666666666668,0.9729166666666668,80.45833333333333,58.791666666666664,23.15833333333333,50.375,23.016666666666666,2023,12,15,4,Winter,40.94166666666667,80.88333333333334,119.875,42.711111111111116,83.77500000000002,117.51388888888891,0.48019380796529204,0.8381607166620978,1166.6010416666666,0
2023-12-16,45.57083333333333,25.375,374.8333333333333,34.954166666666666,18.008333333333333,60.791666666666664,0.1795833333333333,16.416666666666668,0.9729166666666668,69.5,46.875,21.695833333333336,57.25,12.616666666666667,2023,12,16,5,Winter,16.516666666666666,34.395833333333336,80.45833333333333,33.926388888888894,66.90555555555558,107.15277777777779,0.5568254426590376,1.3011888004341772,1242.0864583333334,0
2023-12-17,48.94166666666666,28.308333333333337,370.9583333333333,46.9625,18.3125,45.125,0.1391666666666667,15.875,0.9625,82.83333333333333,61.916666666666664,21.741666666666664,39.25,14.820833333333333,2023,12,17,6,Winter,25.375,45.57083333333333,69.5,27.611111111111114,53.61666666666668,89.94444444444446,0.5784096595591421,1.0711272822404982,853.3604166666665,0
2023-12-18,45.395833333333336,27.71666666666667,419.7916666666667,50.00833333333333,21.4125,52.916666666666664,0.1104166666666666,9.5,0.9854166666666666,86.04166666666667,63.166666666666664,20.454166666666666,35.291666666666664,11.8625,2023,12,18,0,Winter,28.308333333333337,48.94166666666666,82.83333333333333,23.400000000000006,42.969444444444456,77.59722222222224,0.6105552871470152,0.8008429251133466,721.8616319444444,0
2023-12-19,58.775,30.5625,472.1666666666667,47.46666666666667,22.008333333333336,50.958333333333336,0.2216666666666666,29.5,0.9125,86.16666666666667,63.291666666666664,19.966666666666665,53.875,9.270833333333334,2023,12,19,1,Winter,27.71666666666667,45.395833333333336,86.04166666666667,27.13333333333334,46.63611111111112,79.45833333333336,0.5199914841345558,3.1820221286807593,1075.7041666666667,0
2023-12-20,73.52499999999999,36.40833333333333,517.1666666666666,50.2,27.554166666666664,61.791666666666664,0.3116666666666667,39.125,0.8624999999999999,95.04166666666669,66.54166666666667,21.216666666666665,57.125,9.183333333333334,2023,12,20,2,Winter,30.5625,58.775,86.16666666666667,28.862500000000008,51.037500000000016,85.0138888888889,0.49518303758109894,4.260435107756613,1212.0020833333333,0
2023-12-21,67.84583333333333,36.75,371.5,28.1625,15.983333333333334,91.75,0.3954166666666667,20.166666666666668,0.80625,98.625,68.16666666666667,20.808333333333337,63.5,11.008333333333333,2023,12,21,3,Winter,36.40833333333333,73.52499999999999,95.04166666666669,31.562500000000004,59.23194444444446,89.08333333333337,0.5416692175888589,1.8319453294220749,1321.3291666666669,0
2023-12-22,64.20833333333333,33.579166666666666,316.2916666666667,24.3125,14.320833333333333,87.95833333333333,0.2916666666666667,23.958333333333332,0.9104166666666668,99.54166666666669,68.125,21.116666666666667,58.041666666666664,10.691666666666668,2023,12,22,4,Winter,36.75,67.84583333333333,98.625,34.57361111111111,66.71527777777779,93.27777777777779,0.5229720878966061,2.240841567497281,1225.6465277777777,0
2023-12-23,60.97083333333333,34.52916666666667,388.5833333333333,36.00416666666667,18.108333333333334,84.41666666666667,0.2229166666666666,15.333333333333334,1.0208333333333333,98.70833333333331,67.91666666666667,20.325,59.916666666666664,8.9375,2023,12,23,5,Winter,33.579166666666666,64.20833333333333,99.54166666666669,35.57916666666667,68.5263888888889,97.73611111111114,0.5663226859893772,1.7156175236605105,1217.8062499999999,0
2023-12-24,82.59583333333333,48.36666666666667,617.5416666666666,66.39999999999999,33.7125,48.0,0.3354166666666667,11.208333333333334,0.8791666666666665,117.5,74.0,20.920833333333334,61.333333333333336,9.441666666666666,2023,12,24,6,Winter,34.52916666666667,60.97083333333333,98.70833333333331,34.95277777777778,64.34166666666668,98.95833333333336,0.5855823971881262,1.187113731285395,1283.1444444444446,0
2023-12-25,87.12916666666666,45.13333333333333,506.25,55.854166666666664,29.604166666666668,60.166666666666664,0.4770833333333333,36.041666666666664,0.81875,130.625,78.25,21.541666666666668,74.5,8.354166666666666,2023,12,25,0,Winter,48.36666666666667,82.59583333333333,117.5,38.82500000000001,69.25833333333334,105.25000000000001,0.5180048718702516,4.314213947425762,1604.8541666666667,0
2023-12-26,94.475,33.916666666666664,310.5,24.375,11.704166666666666,82.625,0.3258333333333333,109.375,0.875,104.79166666666669,76.79166666666667,23.7,73.08333333333333,10.4,2023,12,26,1,Winter,45.13333333333333,87.12916666666666,130.625,42.6763888888889,76.89861111111112,115.61111111111113,0.3590014957148999,10.516825911843663,1732.0749999999998,0
2023-12-27,54.52916666666667,28.02916666666667,360.2083333333333,31.995833333333337,15.433333333333332,82.0,0.1466666666666666,22.875,0.9604166666666668,88.16666666666667,68.70833333333333,22.229166666666668,78.0,10.8375,2023,12,27,2,Winter,33.916666666666664,94.475,104.79166666666669,42.47222222222223,88.06666666666668,117.63888888888891,0.5140215386746261,2.110726448837237,1733.875,0
2023-12-28,75.33333333333333,39.483333333333334,573.9583333333334,52.8625,25.90833333333333,58.083333333333336,0.2558333333333333,33.958333333333336,0.8145833333333333,100.45833333333331,68.375,20.516666666666666,82.54166666666667,10.1,2023,12,28,3,Winter,28.02916666666667,54.52916666666667,88.16666666666667,35.69305555555556,78.71111111111112,107.86111111111114,0.5241150372905085,3.3622108882299457,1693.4798611111112,0
2023-12-29,85.19166666666666,45.28333333333333,612.5,58.854166666666664,25.416666666666668,46.5,0.2554166666666667,33.416666666666664,0.9458333333333334,118.875,74.54166666666667,21.004166666666663,77.79166666666667,9.129166666666666,2023,12,29,4,Winter,39.483333333333334,75.33333333333333,100.45833333333331,33.80972222222223,74.77916666666668,97.80555555555559,0.5315465065259141,3.660428626881392,1633.9491319444442,0
2023-12-30,89.04583333333333,47.895833333333336,699.4583333333334,64.36666666666666,32.5375,47.375,0.2299999999999999,31.416666666666668,0.9395833333333332,124.95833333333331,76.41666666666667,21.379166666666663,76.70833333333333,9.295833333333333,2023,12,30,5,Winter,45.28333333333333,85.19166666666666,118.875,37.59861111111112,71.68472222222222,102.50000000000001,0.5378784273505769,3.3796500174289545,1639.960243055555,0
2023-12-31,74.625,35.71666666666667,461.125,44.86666666666667,23.03333333333333,61.791666666666664,0.33875,43.666666666666664,0.85,119.75,75.04166666666667,21.65833333333333,81.16666666666667,9.645833333333334,2023,12,31,6,Winter,47.895833333333336,89.04583333333333,124.95833333333331,44.22083333333334,83.1902777777778,114.7638888888889,0.478615292302196,4.5269973708512445,1757.9347222222223,0
2024-01-01,62.78333333333333,24.15,293.0833333333333,21.3,10.683333333333332,79.41666666666667,0.2183333333333333,66.33333333333333,1.0375,83.20833333333333,65.625,22.754166666666663,73.95833333333333,12.941666666666668,2024,1,1,0,Winter,35.71666666666667,74.625,119.75,42.96527777777778,82.95416666666668,121.19444444444446,0.38465621898609687,5.125563029576584,1682.8602430555552,0
2024-01-02,72.25,26.9,247.625,12.745833333333332,6.6499999999999995,89.29166666666667,0.2833333333333333,76.20833333333333,0.9979166666666668,80.33333333333333,69.20833333333333,22.604166666666668,68.66666666666667,16.54583333333333,2024,1,2,1,Winter,24.15,62.78333333333333,83.20833333333333,35.92083333333334,75.48472222222223,109.30555555555556,0.3723183339471511,4.605892443864471,1552.152777777778,0
2024-01-03,54.14166666666667,22.5,259.25,19.454166666666666,8.549999999999999,78.5,0.2841666666666667,47.625,0.8979166666666667,75.08333333333333,60.5,21.15,68.29166666666667,14.9,2024,1,3,2,Winter,26.9,72.25,80.33333333333333,28.922222222222228,69.88611111111112,94.43055555555556,0.41557641221037867,3.196308510314865,1444.36875,0
2024-01-04,58.541666666666664,21.508333333333336,203.66666666666663,9.0375,4.4750000000000005,87.375,0.2483333333333333,63.583333333333336,0.98125,73.29166666666667,66.04166666666667,22.191666666666663,62.458333333333336,23.883333333333336,2024,1,4,3,Winter,22.5,54.14166666666667,75.08333333333333,24.51666666666667,63.058333333333344,79.54166666666667,0.3674021289554086,2.662246922725181,1386.0545138888888,0
2024-01-05,47.958333333333336,24.079166666666666,288.7083333333333,22.09583333333333,11.083333333333334,78.45833333333333,0.19,25.625,1.025,70.0,53.166666666666664,21.004166666666663,64.79166666666667,12.1375,2024,1,5,4,Winter,21.508333333333336,58.541666666666664,73.29166666666667,23.636111111111116,61.64444444444447,76.23611111111113,0.5020851328844108,2.1112253667373544,1360.8949652777776,0
2024-01-06,50.325,27.15,331.5833333333333,27.108333333333334,11.825,84.16666666666667,0.1795833333333333,16.5,0.9166666666666666,83.75,62.166666666666664,20.1875,70.54166666666667,13.058333333333332,2024,1,6,5,Winter,24.079166666666666,47.958333333333336,70.0,22.69583333333334,53.54722222222224,72.79166666666669,0.5394932828714698,1.2635608477171019,1424.0598958333335,0
2024-01-07,40.020833333333336,20.425,312.7083333333333,27.208333333333332,12.166666666666666,78.33333333333333,0.13,10.291666666666666,0.9666666666666668,70.375,46.458333333333336,20.045833333333334,64.58333333333333,10.508333333333336,2024,1,7,6,Winter,27.15,50.325,83.75,24.245833333333337,52.27500000000001,75.68055555555559,0.5103591751706192,0.9793813500985231,1294.626736111111,0
2024-01-08,70.9875,37.5625,555.0416666666666,63.28333333333333,30.2375,42.75,0.21375,25.625,0.9291666666666668,89.79166666666667,62.333333333333336,20.166666666666668,61.333333333333336,11.175,2024,1,8,0,Winter,20.425,40.020833333333336,70.375,23.884722222222223,46.10138888888891,74.70833333333336,0.5291424472034874,2.2930646717615506,1236.888888888889,0
2024-01-09,71.41250000000001,41.2375,467.4166666666667,51.04583333333333,20.6125,51.708333333333336,0.2004166666666666,18.875,0.9770833333333332,116.04166666666669,73.5,19.1875,54.333333333333336,10.145833333333334,2024,1,9,1,Winter,37.5625,70.9875,89.79166666666667,28.379166666666674,53.77777777777779,81.30555555555557,0.5774549192724674,1.8603694264933626,1042.5208333333335,0
2024-01-10,57.575,33.0375,480.2083333333333,45.12083333333334,23.7,68.66666666666667,0.17625,6.666666666666667,1.0729166666666667,99.29166666666669,67.95833333333333,19.054166666666667,66.58333333333333,8.450000000000001,2024,1,10,2,Winter,41.2375,71.41250000000001,116.04166666666669,33.07500000000001,60.80694444444447,92.06944444444447,0.5738167507804299,0.7889545417410799,1268.6899305555555,0
2024-01-11,48.82916666666667,27.966666666666665,459.2083333333333,44.74583333333334,22.1375,69.79166666666667,0.14625,8.333333333333334,1.0854166666666667,90.41666666666669,64.625,18.145833333333332,71.75,9.808333333333334,2024,1,11,3,Winter,33.0375,57.575,99.29166666666669,37.27916666666667,66.65833333333335,101.70833333333337,0.5727451030413153,0.8496175854255649,1301.9635416666665,0
2024-01-12,48.92083333333333,29.179166666666664,512.8333333333334,51.35,23.191666666666663,58.416666666666664,0.1375,11.833333333333334,1.1229166666666666,85.95833333333333,62.916666666666664,17.683333333333334,67.91666666666667,10.779166666666669,2024,1,12,4,Winter,27.966666666666665,48.82916666666667,90.41666666666669,34.080555555555556,59.27222222222225,101.9166666666667,0.5964568483817696,1.0977965738418332,1200.9930555555557,0
2024-01-13,56.97083333333333,32.7875,538.8333333333334,56.958333333333336,23.1125,44.375,0.2041666666666667,18.833333333333332,1.0354166666666669,90.41666666666669,64.83333333333333,18.625,60.333333333333336,9.558333333333334,2024,1,13,5,Winter,29.179166666666664,48.92083333333333,85.95833333333333,30.061111111111114,51.77500000000001,91.88888888888891,0.5755137761922544,1.9703572480881693,1123.7083333333335,0
2024-01-14,94.84583333333336,42.0875,714.5,72.38333333333334,31.65833333333333,35.333333333333336,0.2675,79.54166666666667,0.9958333333333336,102.95833333333331,70.16666666666667,19.7,61.333333333333336,8.887500000000001,2024,1,14,6,Winter,32.7875,56.97083333333333,90.41666666666669,29.977777777777778,51.57361111111112,88.93055555555559,0.44374642593247177,8.949834904847457,1208.2666666666667,0
2024-01-15,90.825,45.35833333333333,650.1666666666666,69.70833333333333,24.495833333333337,43.166666666666664,0.1683333333333333,54.5,1.1479166666666667,124.66666666666669,79.83333333333333,20.225,55.25,9.754166666666666,2024,1,15,0,Winter,42.0875,94.84583333333336,102.95833333333331,34.68472222222223,66.91250000000002,93.11111111111113,0.4994036095120255,5.587355258024237,1117.43125,0
2024-01-16,69.0625,30.77916666666667,345.3333333333333,26.983333333333334,12.5,99.0,0.30125,46.5,1.0125,99.54166666666669,68.875,21.441666666666663,72.79166666666667,15.475,2024,1,16,1,Winter,45.35833333333333,90.825,124.66666666666669,40.07777777777778,80.88055555555557,106.01388888888891,0.4456711851003871,3.0048463324816588,1560.7746527777776,0
2024-01-17,49.7875,21.05,232.125,11.608333333333334,5.7250000000000005,100.875,0.2079166666666666,37.458333333333336,1.08125,81.625,66.29166666666667,22.6625,64.08333333333333,24.525,2024,1,17,2,Winter,30.77916666666667,69.0625,99.54166666666669,39.40833333333334,84.91111111111114,109.05555555555559,0.4227968782767386,1.5273529788371196,1452.2885416666666,0
2024-01-18,44.82916666666667,21.983333333333334,277.0416666666667,19.408333333333335,9.333333333333334,97.08333333333331,0.2241666666666666,20.041666666666668,1.0979166666666669,67.875,48.708333333333336,20.645833333333332,67.25,13.2375,2024,1,18,3,Winter,21.05,49.7875,81.625,32.395833333333336,69.89166666666668,101.94444444444447,0.4903801359149333,1.514006810399234,1388.4322916666665,0
2024-01-19,40.56666666666667,21.870833333333337,258.9583333333333,17.445833333333333,7.5,94.83333333333331,0.24125,8.875,1.0458333333333334,73.41666666666667,52.125,20.625,71.95833333333333,13.454166666666666,2024,1,19,4,Winter,21.983333333333334,44.82916666666667,67.875,24.60416666666667,54.55972222222224,83.01388888888891,0.5391331009252318,0.6596469004907848,1484.140625,0
2024-01-20,54.8625,27.479166666666668,424.625,32.57083333333333,16.779166666666665,77.95833333333333,0.1858333333333333,26.75,1.1354166666666667,75.79166666666667,54.666666666666664,19.691666666666663,74.41666666666667,9.775,2024,1,20,5,Winter,21.870833333333337,40.56666666666667,73.41666666666667,21.634722222222226,45.06111111111113,74.30555555555559,0.500873386480625,2.7365726100692984,1465.3881944444443,0
2024-01-21,61.166666666666664,28.9875,356.4583333333333,24.545833333333334,11.570833333333333,95.0,0.2220833333333333,35.208333333333336,1.1125,84.125,62.791666666666664,20.333333333333332,71.79166666666667,12.804166666666667,2024,1,21,6,Winter,27.479166666666668,54.8625,75.79166666666667,23.777777777777786,46.752777777777794,72.36111111111114,0.47391007399602064,2.7497557240672394,1459.763888888889,0
2024-01-22,53.90833333333333,27.4625,380.1666666666667,28.96666666666667,14.0,89.79166666666667,0.1758333333333333,20.666666666666668,1.1666666666666667,84.91666666666667,63.458333333333336,20.029166666666665,72.04166666666667,11.579166666666666,2024,1,22,0,Winter,28.9875,61.166666666666664,84.125,26.112500000000008,52.19861111111112,77.77777777777781,0.5094295778124054,1.7848145273999692,1442.934548611111,0
2024-01-23,62.2375,33.74583333333333,546.6666666666666,42.71666666666667,23.75,80.33333333333333,0.1741666666666666,19.416666666666668,1.1416666666666666,92.75,65.70833333333333,19.833333333333332,75.91666666666667,8.8375,2024,1,23,1,Winter,27.4625,53.90833333333333,84.91666666666667,27.976388888888895,56.64583333333335,81.61111111111113,0.5422106092166736,2.197076601933812,1505.6805555555557,0
2024-01-24,48.62916666666666,30.079166666666666,559.5,46.11666666666667,22.84583333333333,68.41666666666667,0.15375,7.125,1.10625,91.45833333333331,65.16666666666667,18.4375,76.95833333333333,9.8375,2024,1,24,2,Winter,33.74583333333333,62.2375,92.75,30.06527777777778,59.10416666666668,87.26388888888891,0.618541671797618,0.724269303759156,1418.9192708333333,0
2024-01-25,64.67916666666666,41.65833333333333,615.9583333333334,60.875,22.916666666666668,46.708333333333336,0.18,5.5,0.9958333333333336,102.29166666666669,68.95833333333333,18.945833333333333,56.791666666666664,10.941666666666668,2024,1,25,3,Winter,30.079166666666666,48.62916666666666,91.45833333333331,30.42916666666667,54.92500000000001,89.70833333333336,0.6440765216402523,0.5026656052400056,1075.9654513888888,0
2024-01-26,80.45,49.90833333333333,610.25,76.175,25.383333333333336,34.708333333333336,0.2116666666666666,10.416666666666666,1.08125,121.45833333333331,75.20833333333333,21.183333333333337,46.5,12.245833333333332,2024,1,26,4,Winter,41.65833333333333,64.67916666666666,102.29166666666669,35.16111111111111,58.51527777777778,95.50000000000001,0.6203646079921532,0.8506293963419344,985.0250000000002,0
2024-01-27,118.6625,40.420833333333334,409.3333333333333,50.2,15.229166666666666,34.25,0.3070833333333333,162.16666666666666,1.0979166666666669,121.41666666666669,81.58333333333333,22.72083333333333,52.416666666666664,17.658333333333335,2024,1,27,5,Winter,49.90833333333333,80.45,121.45833333333331,40.548611111111114,64.58611111111112,105.06944444444446,0.34063695769679875,9.183576638966871,1190.950347222222,0
2024-01-28,101.1625,42.420833333333334,360.6666666666667,35.275,11.541666666666666,61.791666666666664,0.3558333333333333,101.58333333333331,0.9958333333333332,130.5,87.66666666666667,21.816666666666663,62.791666666666664,15.425,2024,1,28,6,Winter,40.420833333333334,118.6625,121.41666666666669,43.99583333333334,87.93055555555556,115.05555555555559,0.41933357631533186,6.585628962574026,1369.904861111111,0
2024-01-29,54.87083333333334,17.691666666666666,245.54166666666663,16.691666666666666,7.745833333333334,88.70833333333333,0.1745833333333333,69.08333333333333,0.9875,78.91666666666667,69.20833333333333,20.870833333333337,57.833333333333336,17.029166666666665,2024,1,29,0,Winter,42.420833333333334,101.1625,130.5,44.25,100.09166666666668,124.45833333333336,0.3224238683740809,4.056765115335545,1207.0298611111114,0
2024-01-30,68.19166666666668,25.979166666666668,425.4166666666667,40.40833333333333,18.754166666666663,64.91666666666667,0.4770833333333333,72.08333333333333,0.8166666666666668,66.91666666666667,60.75,21.079166666666666,68.29166666666667,9.379166666666666,2024,1,30,1,Winter,17.691666666666666,54.87083333333334,78.91666666666667,33.51111111111111,91.5652777777778,110.27777777777781,0.3809727427939962,7.685472303636894,1439.5314236111112,0
2024-01-31,202.0625,58.62916666666666,707.0,73.53750000000001,29.05,32.041666666666664,0.5204166666666666,306.8333333333333,0.86875,120.16666666666669,90.375,22.566666666666663,54.541666666666664,7.8,2024,1,31,2,Winter,25.979166666666668,68.19166666666668,66.91666666666667,28.697222222222226,74.74166666666669,92.11111111111113,0.2901536226489974,39.337601794324556,1230.823611111111,0
2024-02-01,235.85833333333335,52.8,380.2083333333333,43.26666666666667,17.545833333333334,34.75,0.6016666666666667,435.7916666666667,0.7916666666666666,143.54166666666666,128.125,23.491666666666664,66.08333333333333,18.366666666666667,2024,2,1,3,Winter,58.62916666666666,202.0625,120.16666666666669,34.1,108.37500000000001,88.6666666666667,0.22386319376519861,23.727312682723447,1552.4076388888886,0
2024-02-02,217.1291666666667,59.30833333333334,290.0416666666667,20.195833333333333,9.445833333333333,63.208333333333336,0.5608333333333333,375.4583333333333,0.7520833333333333,161.70833333333334,150.125,22.545833333333334,55.541666666666664,21.71666666666667,2024,2,2,4,Winter,52.8,235.85833333333335,143.54166666666666,45.802777777777784,168.70416666666668,110.20833333333336,0.2731477026816709,17.288947784085288,1252.2331597222221,0
2024-02-03,33.3125,16.0125,220.5,8.670833333333333,4.508333333333334,100.45833333333331,0.1695833333333333,15.208333333333334,0.9479166666666666,90.95833333333331,73.125,19.095833333333335,58.166666666666664,25.541666666666668,2024,2,3,5,Winter,59.30833333333334,217.1291666666667,161.70833333333334,56.9125,218.35000000000002,141.80555555555557,0.48067540770955625,0.5954322768509386,1110.7409722222224,0
2024-02-04,31.96666666666667,15.445833333333333,225.66666666666663,8.941666666666666,4.7125,99.54166666666669,0.1170833333333333,12.541666666666666,1.2645833333333332,55.875,40.5,19.283333333333335,52.083333333333336,23.808333333333337,2024,2,4,6,Winter,16.0125,33.3125,90.95833333333331,42.706944444444446,162.10000000000002,132.06944444444446,0.4831855948951325,0.5267763166912292,1004.3402777777779,0
2024-02-05,45.65833333333333,16.7625,231.54166666666663,10.958333333333334,5.245833333333333,98.70833333333331,0.3816666666666666,44.875,1.0125,57.791666666666664,40.708333333333336,19.9125,55.375,21.070833333333333,2024,2,5,0,Winter,15.445833333333333,31.96666666666667,55.875,30.25555555555556,94.13611111111113,102.84722222222224,0.3671290301048579,2.1297210774900024,1102.6546875000001,0
2024-02-06,61.575,19.241666666666667,229.625,10.725,5.633333333333333,106.08333333333331,0.4220833333333333,76.125,1.0166666666666666,65.25,62.833333333333336,20.3875,53.875,22.84166666666667,2024,2,6,1,Winter,16.7625,45.65833333333333,57.791666666666664,16.073611111111116,36.979166666666686,68.20833333333334,0.31249153640560506,3.332725136838009,1098.3765624999999,0
2024-02-07,39.458333333333336,16.658333333333335,250.58333333333337,11.354166666666666,5.691666666666666,106.33333333333331,0.1083333333333333,24.875,1.25625,60.875,54.25,19.991666666666667,54.0,19.045833333333334,2024,2,7,2,Winter,19.241666666666667,61.575,65.25,17.150000000000002,46.40000000000001,59.63888888888891,0.42217527969143964,1.306059874545095,1079.55,0
2024-02-08,44.5,18.083333333333332,243.04166666666663,13.108333333333334,6.554166666666667,96.875,0.14125,33.666666666666664,1.25,61.458333333333336,45.333333333333336,19.475,56.625,15.304166666666667,2024,2,8,3,Winter,16.658333333333335,39.458333333333336,60.875,17.55416666666667,48.89722222222224,61.30555555555557,0.4063670320666585,2.1998365020526105,1102.7718750000001,0
2024-02-09,39.84583333333333,18.15,261.0416666666667,16.8875,7.483333333333333,82.375,0.11875,23.625,1.4041666666666668,64.33333333333333,47.458333333333336,18.758333333333333,63.458333333333336,13.233333333333334,2024,2,9,4,Winter,18.083333333333332,44.5,61.458333333333336,17.99444444444445,48.51111111111113,62.5277777777778,0.4555055830470208,1.7852643487205782,1190.3725694444445,0
2024-02-10,51.05833333333334,27.004166666666663,465.7916666666667,39.9,21.475,66.79166666666667,0.1395833333333333,17.25,1.5520833333333333,72.29166666666667,50.583333333333336,17.679166666666667,70.08333333333333,9.170833333333333,2024,2,10,5,Winter,18.15,39.84583333333333,64.33333333333333,17.63055555555556,41.26805555555558,62.222222222222236,0.5288885158370128,1.8809629934433814,1239.0149305555556,0
2024-02-11,124.1125,42.8625,405.7083333333333,51.4875,21.35,48.333333333333336,0.5920833333333333,159.45833333333334,0.4291666666666667,91.0,68.875,17.429166666666667,79.125,10.0125,2024,2,11,6,Winter,27.004166666666663,51.05833333333334,72.29166666666667,21.07916666666667,45.134722222222244,66.02777777777779,0.34535199641170716,15.925924335321751,1379.0828125,0
2024-02-12,50.8,21.2875,310.75,40.47083333333333,15.183333333333332,41.791666666666664,0.3670833333333334,54.75,0.6729166666666666,104.29166666666669,83.75,18.583333333333332,88.375,17.454166666666666,2024,2,12,0,Winter,42.8625,124.1125,91.0,29.338888888888892,71.67222222222223,75.87500000000001,0.41904526734162867,3.1367866429150646,1642.3020833333333,0
2024-02-13,45.19166666666666,23.925,379.9166666666667,50.52916666666667,21.875,37.166666666666664,0.1358333333333333,30.416666666666668,1.4833333333333334,71.16666666666667,51.291666666666664,20.033333333333335,82.33333333333333,16.0625,2024,2,13,1,Winter,21.2875,50.8,104.29166666666669,30.384722222222223,75.32361111111112,89.19444444444447,0.5294117529910732,1.8936444994877613,1649.411111111111,0
2024-02-14,40.575,20.0125,317.7916666666667,38.90416666666667,13.279166666666669,56.875,0.12625,28.166666666666668,1.65,66.75,42.666666666666664,21.125,83.75,15.679166666666667,2024,2,14,2,Winter,23.925,45.19166666666666,71.16666666666667,29.358333333333334,73.36805555555556,88.81944444444446,0.49322241544738343,1.7964388968521565,1769.21875,0
2024-02-15,89.02083333333333,44.52916666666667,506.0416666666667,65.14166666666667,19.875,46.958333333333336,0.2020833333333333,61.416666666666664,1.71875,84.91666666666667,58.166666666666664,22.09166666666667,79.91666666666667,12.2375,2024,2,15,3,Winter,20.0125,40.575,66.75,21.741666666666674,45.52222222222224,80.73611111111113,0.5002106192347041,5.018726181649886,1765.4923611111114,0
2024-02-16,93.95,44.52916666666667,509.1666666666667,64.55416666666666,20.195833333333333,43.083333333333336,0.28125,73.58333333333333,1.58125,123.0,76.16666666666667,22.8,81.04166666666667,14.7,2024,2,16,4,Winter,44.52916666666667,89.02083333333333,84.91666666666667,29.488888888888894,58.26250000000002,74.27777777777781,0.47396664388185233,5.00566859371869,1847.7500000000002,0
2024-02-17,100.20416666666668,42.579166666666666,430.7083333333333,48.25833333333333,15.883333333333333,42.75,0.3383333333333333,106.20833333333331,1.45625,124.375,80.16666666666667,23.1875,74.0,16.416666666666668,2024,2,17,5,Winter,44.52916666666667,93.95,123.0,36.35694444444445,74.5152777777778,91.55555555555559,0.4249241090281597,6.469542753124298,1715.875,0
2024-02-18,67.74166666666666,26.75,281.9166666666667,20.479166666666668,7.970833333333334,78.20833333333333,0.3166666666666666,69.45833333333333,1.5770833333333334,111.29166666666669,79.0,20.995833333333337,68.0,22.004166666666663,2024,2,18,6,Winter,42.579166666666666,100.20416666666668,124.375,43.87916666666667,94.3916666666667,110.76388888888891,0.39488251354583576,3.1565989854982472,1427.716666666667,0
2024-02-19,50.30833333333334,19.925,237.20833333333337,10.445833333333333,5.6625000000000005,108.16666666666669,0.0883333333333333,41.166666666666664,1.78125,69.20833333333333,57.666666666666664,19.908333333333335,67.54166666666667,23.291666666666668,2024,2,19,0,Winter,26.75,67.74166666666666,111.29166666666669,37.95277777777778,87.29861111111113,119.55555555555559,0.39605763665282157,1.7674417845821055,1344.642013888889,0
2024-02-20,40.7,18.220833333333335,282.3333333333333,16.224999999999998,8.308333333333334,104.625,0.5125000000000001,24.833333333333332,1.0416666666666667,67.54166666666667,57.208333333333336,19.491666666666667,75.33333333333333,15.8625,2024,2,20,1,Winter,19.925,50.30833333333334,69.20833333333333,29.751388888888894,72.75138888888891,101.62500000000001,0.44768631168665907,1.5655370696798274,1468.3722222222223,0
2024-02-21,46.96666666666667,21.316666666666663,251.04166666666663,11.870833333333332,6.070833333333333,113.75,0.175,26.583333333333332,1.6,68.375,50.791666666666664,20.695833333333333,66.91666666666667,22.233333333333334,2024,2,21,2,Winter,18.220833333333335,40.7,67.54166666666667,21.631944444444446,52.916666666666686,82.68055555555559,0.4538679818197022,1.1956521201355867,1384.8961805555557,0
2024-02-22,51.36666666666667,23.9125,294.2916666666667,20.866666666666667,10.7,99.04166666666669,0.1120833333333333,28.0,1.6583333333333332,73.29166666666667,58.75,19.9,71.54166666666667,11.904166666666669,2024,2,22,3,Winter,21.316666666666663,46.96666666666667,68.375,19.820833333333336,45.991666666666696,68.37500000000001,0.465525623643239,2.352117408292552,1423.6791666666666,0
2024-02-23,50.7625,28.170833333333334,465.0,35.725,19.483333333333334,81.41666666666667,0.2925,11.958333333333334,1.4020833333333331,84.0,62.75,19.066666666666663,78.33333333333333,11.179166666666667,2024,2,23,4,Winter,23.9125,51.36666666666667,73.29166666666667,21.150000000000002,46.34444444444446,69.73611111111113,0.5549536129698049,1.0696980034560117,1493.5555555555552,0
2024-02-24,63.1,27.833333333333332,487.3333333333333,41.045833333333334,17.675,87.58333333333333,0.5804166666666667,53.666666666666664,1.2895833333333333,78.75,60.583333333333336,20.854166666666668,72.875,12.383333333333333,2024,2,24,5,Winter,28.170833333333334,50.7625,84.0,24.46666666666667,49.69861111111113,75.22222222222224,0.44109877800688674,4.333781615037824,1519.7473958333335,0
2024-02-25,153.75,54.4625,676.0416666666666,80.97500000000001,30.675,39.708333333333336,0.64625,190.91666666666663,0.8083333333333332,108.58333333333331,81.04166666666667,22.241666666666664,61.625,11.004166666666668,2024,2,25,6,Winter,27.833333333333332,63.1,78.75,26.638888888888896,55.076388888888914,78.68055555555559,0.35422763997250317,17.34948725335973,1370.642708333333,0
2024-02-26,92.825,37.12083333333333,291.2083333333333,16.9875,8.345833333333333,95.25,0.3041666666666666,95.66666666666669,1.59375,139.125,97.20833333333331,21.2125,70.75,20.6,2024,2,26,0,Winter,54.4625,153.75,108.58333333333331,36.82222222222222,89.2041666666667,90.44444444444446,0.3999012435597316,4.644012719546309,1500.784375,0
2024-02-27,59.458333333333336,27.8,275.0416666666667,18.554166666666667,9.8,95.04166666666669,0.1766666666666666,36.041666666666664,1.85,89.75,68.0,20.083333333333332,62.25,10.8125,2024,2,27,1,Winter,37.12083333333333,92.825,139.125,39.80555555555556,103.22500000000002,108.81944444444446,0.46755430187715263,3.3333330250481983,1250.1875,0
2024-02-28,70.1375,35.425000000000004,612.5833333333334,54.88333333333333,33.93333333333333,54.541666666666664,0.4608333333333334,34.416666666666664,1.4875,92.54166666666669,65.79166666666667,19.733333333333334,67.16666666666667,9.5,2024,2,28,2,Winter,27.8,59.458333333333336,89.75,39.794444444444444,102.01111111111113,112.48611111111113,0.5050793012998853,3.6228066361957927,1325.4222222222224,0
2024-02-29,95.64166666666668,30.358333333333334,284.3333333333333,17.974999999999998,10.0625,98.29166666666669,0.4966666666666666,128.70833333333334,1.4125,93.45833333333331,73.83333333333333,20.808333333333337,63.416666666666664,21.216666666666665,2024,2,29,3,Winter,35.425000000000004,70.1375,92.54166666666669,33.44861111111111,74.1402777777778,107.13888888888891,0.31741744026399815,6.0663783472249015,1319.595138888889,0
2024-03-01,53.791666666666664,22.004166666666663,254.45833333333337,12.154166666666669,6.375,110.875,0.16125,50.0,1.7666666666666666,78.41666666666667,68.45833333333333,19.029166666666665,49.125,20.879166666666663,2024,3,1,4,Spring,30.358333333333334,95.64166666666668,93.45833333333331,31.194444444444446,75.0791666666667,91.91666666666669,0.4090627344558438,2.394731475806116,934.8078125,1
2024-03-02,86.46249999999999,32.40416666666667,355.0833333333333,31.729166666666668,15.75,77.70833333333333,0.2108333333333333,104.0,1.73125,82.5,68.04166666666667,18.025,42.166666666666664,12.1,2024,3,2,5,Spring,22.004166666666663,53.791666666666664,78.41666666666667,29.262500000000006,73.19027777777781,88.13888888888891,0.37477711484041704,8.595040611980115,760.0541666666666,1
2024-03-03,57.2,26.925,416.9166666666667,42.170833333333334,19.875,70.5,0.1441666666666666,40.208333333333336,1.8625,90.45833333333331,70.58333333333333,18.004166666666666,49.208333333333336,10.4625,2024,3,3,6,Spring,32.40416666666667,86.46249999999999,82.5,28.25555555555556,78.63194444444447,84.79166666666669,0.470716774987469,3.8430900349097543,885.9550347222223,1
2024-03-04,98.66666666666669,34.675000000000004,416.7083333333333,49.208333333333336,17.879166666666666,59.291666666666664,0.6208333333333333,122.16666666666669,1.2916666666666667,81.375,66.16666666666667,21.329166666666666,54.0,16.325,2024,3,4,0,Spring,26.925,57.2,90.45833333333331,27.111111111111114,65.81805555555557,83.79166666666669,0.3514358072489614,7.483409444609938,1151.7749999999999,1
2024-03-05,199.74166666666667,51.43333333333334,410.0,41.46666666666667,16.533333333333335,58.0,0.66125,332.3333333333333,0.95625,115.33333333333331,98.33333333333331,21.070833333333333,78.375,16.966666666666665,2024,3,5,1,Spring,34.675000000000004,98.66666666666669,81.375,31.334722222222226,80.77638888888892,84.77777777777779,0.25749926860111344,19.587425171664528,1651.4265625,1
2024-03-06,154.2125,44.28333333333333,354.7916666666667,25.795833333333334,14.783333333333331,99.83333333333331,0.1970833333333333,237.91666666666663,1.9895833333333333,139.45833333333334,116.66666666666669,19.5,77.95833333333333,11.433333333333332,2024,3,6,2,Spring,51.43333333333334,199.74166666666667,115.33333333333331,37.677777777777784,118.53611111111115,95.72222222222223,0.2871578701219127,20.809036080842326,1520.1875,1
2024-03-07,102.27083333333331,43.95416666666667,621.125,53.895833333333336,29.46666666666667,75.875,0.4575,93.91666666666669,1.4895833333333333,128.95833333333334,93.83333333333331,19.2375,78.79166666666667,9.029166666666669,2024,3,7,3,Spring,44.28333333333333,154.2125,139.45833333333334,43.463888888888896,150.87361111111116,112.05555555555556,0.4297820287982203,10.401475543906724,1515.7546875,1
2024-03-08,129.62916666666666,65.25,670.6666666666666,85.2375,27.6125,57.791666666666664,0.6008333333333333,84.0,1.5270833333333331,134.29166666666666,81.625,22.854166666666668,70.95833333333333,12.35,2024,3,8,4,Spring,43.95416666666667,102.27083333333331,128.95833333333334,46.55694444444445,152.07500000000002,127.91666666666667,0.5033589366845764,6.80161888246001,1621.693576388889,1
2024-03-09,72.18333333333334,27.179166666666664,373.25,42.329166666666666,19.2125,34.041666666666664,0.3883333333333333,97.25,0.75,129.83333333333334,88.29166666666667,20.825,85.25,14.820833333333333,2024,3,9,5,Spring,65.25,129.62916666666666,134.29166666666666,51.1625,128.70416666666668,134.23611111111111,0.37652966460591547,6.561708862859116,1775.33125,1
2024-03-10,47.55833333333334,29.508333333333336,557.0416666666666,60.65,32.44583333333333,28.541666666666668,0.3020833333333333,16.375,1.7958333333333334,84.70833333333333,63.625,19.65,85.91666666666667,9.004166666666666,2024,3,10,6,Spring,27.179166666666664,72.18333333333334,129.83333333333334,45.461111111111116,101.36111111111113,131.0277777777778,0.6204660812237727,1.8186022968697126,1688.2625,1
2024-03-11,78.40833333333333,40.329166666666666,982.5,95.09583333333336,44.42083333333333,24.458333333333332,0.3554166666666666,48.958333333333336,1.8083333333333331,85.70833333333333,62.833333333333336,19.495833333333337,80.66666666666667,7.529166666666666,2024,3,11,0,Spring,29.508333333333336,47.55833333333334,84.70833333333333,40.645833333333336,83.12361111111115,116.27777777777779,0.5143479581547715,6.502489451799963,1572.6638888888892,1
2024-03-12,102.65,40.2625,409.5416666666667,37.833333333333336,13.6375,76.25,0.44625,115.125,1.94375,124.5,79.04166666666667,20.841666666666665,71.08333333333333,21.133333333333333,2024,3,12,1,Spring,40.329166666666666,78.40833333333333,85.70833333333333,32.33888888888889,66.05000000000003,100.08333333333336,0.3922308778155784,5.44755494727658,1481.4951388888887,1
2024-03-13,103.20416666666668,52.425,583.2916666666666,59.61666666666667,27.429166666666664,66.125,0.2725,67.08333333333333,2.058333333333333,120.95833333333331,80.95833333333333,20.0,80.5,10.866666666666667,2024,3,13,2,Spring,40.2625,102.65,124.5,36.7,76.20555555555559,98.30555555555559,0.5079736718513592,6.173312315339357,1610.0,1
2024-03-14,118.85833333333332,59.833333333333336,507.7083333333333,62.7875,24.183333333333337,89.79166666666667,0.5316666666666666,66.95833333333333,1.7541666666666669,149.75,85.54166666666667,21.2,76.25,9.770833333333334,2024,3,14,3,Spring,52.425,103.20416666666668,120.95833333333331,44.33888888888888,94.7541666666667,110.38888888888891,0.5034004024112706,6.852877763458139,1616.5,1
2024-03-15,109.425,57.15416666666667,552.5416666666666,74.55416666666666,25.104166666666668,57.541666666666664,0.6241666666666666,54.333333333333336,1.5083333333333335,150.5,86.83333333333333,21.3375,77.25,11.008333333333333,2024,3,15,4,Spring,59.833333333333336,118.85833333333332,149.75,50.84027777777778,108.23750000000003,131.73611111111111,0.5223136042435739,4.935654358608235,1648.3218749999999,1
2024-03-16,138.6875,81.55833333333334,842.125,110.72916666666669,33.020833333333336,64.54166666666667,0.6679166666666667,41.291666666666664,1.56875,157.29166666666666,95.45833333333331,22.933333333333337,75.125,10.704166666666666,2024,3,16,5,Spring,57.15416666666667,109.425,150.5,56.47083333333333,110.49583333333335,140.4027777777778,0.5880727011825914,3.8575317532862514,1722.866666666667,1
2024-03-17,146.02083333333334,66.56666666666666,762.8333333333334,84.2625,27.866666666666664,92.54166666666669,0.405,124.58333333333331,2.00625,165.79166666666666,101.25,24.695833333333336,69.70833333333333,10.683333333333332,2024,3,17,6,Spring,81.55833333333334,138.6875,157.29166666666666,66.18194444444445,122.32361111111113,152.5138888888889,0.45587101984850775,11.661465367101526,1721.5053819444445,1
2024-03-18,132.41666666666666,51.67083333333333,461.3333333333333,42.25416666666667,18.7125,71.25,0.1945833333333333,156.54166666666666,2.2895833333333333,147.875,98.375,23.704166666666666,74.75,8.908333333333333,2024,3,18,0,Spring,66.56666666666666,146.02083333333334,165.79166666666666,68.42638888888888,131.37777777777782,157.86111111111111,0.39021396810411096,17.57249568877504,1771.8864583333332,1
2024-03-19,148.60416666666666,77.74583333333334,715.2083333333334,98.3125,28.766666666666666,47.333333333333336,0.3720833333333333,70.58333333333333,1.7270833333333335,155.125,96.16666666666669,24.225,70.66666666666667,7.695833333333333,2024,3,19,1,Spring,51.67083333333333,132.41666666666666,147.875,66.59861111111111,139.04166666666669,156.98611111111111,0.5231739765719402,9.171628477969229,1711.9000000000003,1
2024-03-20,123.20416666666668,50.3625,426.5,47.49166666666667,15.575,76.95833333333333,0.4925,108.58333333333331,1.8791666666666669,148.83333333333334,94.125,26.245833333333337,63.166666666666664,16.466666666666665,2024,3,20,2,Spring,77.74583333333334,148.60416666666666,155.125,65.32777777777777,142.34722222222226,156.2638888888889,0.40877269782185904,6.594129154202682,1657.8618055555557,1
2024-03-21,111.025,41.6,332.75,24.445833333333336,12.504166666666668,94.0,0.3770833333333334,139.75,1.925,137.75,91.16666666666669,23.241666666666664,77.83333333333333,12.979166666666666,2024,3,21,3,Spring,50.3625,123.20416666666668,148.83333333333334,59.92638888888888,134.74166666666667,150.61111111111111,0.3746903816735836,10.767254387113628,1808.9763888888886,1
2024-03-22,85.2375,45.36666666666667,560.4583333333334,54.8875,23.483333333333334,81.58333333333333,0.4016666666666666,52.666666666666664,1.85,107.04166666666669,75.75,21.77916666666667,80.08333333333333,10.333333333333334,2024,3,22,4,Spring,41.6,111.025,137.75,56.56944444444445,127.61111111111113,147.23611111111111,0.5322383473756073,5.096773700312222,1744.148263888889,1
2024-03-23,139.95833333333334,58.770833333333336,591.0833333333334,73.17083333333333,23.15416666666667,41.958333333333336,0.5325,147.45833333333334,1.5770833333333334,144.95833333333334,86.04166666666667,25.4875,68.08333333333333,9.945833333333333,2024,3,23,5,Spring,45.36666666666667,85.2375,107.04166666666669,45.77638888888888,106.48888888888892,131.20833333333337,0.4199166388573982,14.826140109646577,1735.2739583333332,1
2024-03-24,114.32083333333333,48.74166666666667,472.3333333333333,64.92916666666666,20.979166666666668,27.625,0.4370833333333333,122.125,1.4208333333333334,146.375,92.75,27.0,58.833333333333336,14.5625,2024,3,24,6,Spring,58.770833333333336,139.95833333333334,144.95833333333334,48.57916666666667,112.07361111111113,129.9166666666667,0.42635856316922205,8.386265518539707,1588.5,1
2024-03-25,177.79166666666666,47.15416666666667,392.5,41.78333333333333,13.845833333333331,45.416666666666664,0.835,301.2916666666667,1.3354166666666665,119.375,91.875,27.983333333333334,52.041666666666664,19.5375,2024,3,25,0,Spring,48.74166666666667,114.32083333333333,146.375,50.95972222222222,113.17222222222223,132.7916666666667,0.26522146558113074,15.421197760484652,1456.2993055555555,1
2024-03-26,199.57083333333333,49.175,275.0416666666667,18.8125,9.008333333333333,96.125,0.515,348.7083333333333,1.875,149.875,135.5,23.354166666666668,68.58333333333333,24.520833333333332,2024,3,26,1,Spring,47.15416666666667,177.79166666666666,119.375,51.555555555555564,144.0236111111111,136.9027777777778,0.24640374012700383,14.220900014780627,1601.7065972222222,1
2024-03-27,83.29583333333333,27.479166666666668,228.45833333333337,10.845833333333331,5.704166666666667,121.83333333333331,0.1291666666666666,103.16666666666669,2.066666666666667,95.66666666666669,80.91666666666667,21.491666666666664,64.33333333333333,22.866666666666664,2024,3,27,2,Spring,49.175,199.57083333333333,149.875,48.356944444444444,163.89444444444447,138.54166666666666,0.3298984503438734,4.511661610277191,1382.6305555555552,1
2024-03-28,104.73333333333332,30.05,244.5,12.15,8.7125,129.04166666666666,0.1833333333333333,149.45833333333334,2.0625,90.83333333333331,79.25,21.933333333333337,65.58333333333333,22.09166666666667,2024,3,28,3,Spring,27.479166666666668,83.29583333333333,95.66666666666669,41.269444444444446,153.55277777777778,121.63888888888891,0.28691915703132576,6.765371251661806,1438.4611111111112,1
2024-03-29,122.9125,35.96666666666667,235.08333333333337,11.991666666666667,6.866666666666667,126.875,0.1929166666666666,180.375,2.1479166666666667,101.45833333333331,84.33333333333333,22.820833333333336,63.666666666666664,22.066666666666663,2024,3,29,4,Spring,30.05,104.73333333333332,90.83333333333331,35.56805555555555,129.20000000000002,112.12500000000001,0.2926200864358514,8.174093285161936,1452.926388888889,1
2024-03-30,95.59166666666664,40.38333333333333,500.1666666666667,41.325,22.804166666666664,85.125,0.3195833333333333,98.5,2.1041666666666665,110.875,86.58333333333333,22.291666666666668,74.08333333333333,11.2625,2024,3,30,5,Spring,35.96666666666667,122.9125,101.45833333333331,31.165277777777778,103.64722222222224,95.98611111111113,0.4224566253426211,8.745837181279718,1651.4409722222222,1
2024-03-31,86.02499999999999,40.6125,440.7916666666667,38.71666666666667,18.358333333333334,98.95833333333331,0.3591666666666666,65.20833333333333,1.3729166666666668,111.20833333333331,75.79166666666667,23.35,75.91666666666667,11.420833333333334,2024,3,31,6,Spring,40.38333333333333,95.59166666666664,110.875,35.46666666666667,107.74583333333334,101.05555555555556,0.47210112790350334,5.7095945383791715,1772.654166666667,1
2024-04-01,60.34166666666667,32.987500000000004,436.9166666666667,25.370833333333337,14.9125,160.29166666666666,0.4395833333333334,20.75,1.8854166666666667,132.25,73.08333333333333,22.2375,67.41666666666667,14.45,2024,4,1,0,Spring,40.6125,86.02499999999999,111.20833333333331,38.987500000000004,101.50972222222224,107.84722222222223,0.546678626487856,1.4359860597933525,1499.1781250000001,1
2024-04-02,73.15833333333333,34.17916666666667,399.7083333333333,25.745833333333337,22.72083333333333,142.625,0.4004166666666666,46.0,1.8166666666666669,125.54166666666669,65.125,23.15416666666667,56.458333333333336,15.225,2024,4,2,1,Spring,32.987500000000004,60.34166666666667,132.25,37.99444444444445,80.65277777777779,118.11111111111113,0.4671944348942554,3.021346271175943,1307.2456597222224,1
2024-04-03,113.64583333333331,49.475,499.7916666666667,34.40416666666667,27.941666666666663,146.0,0.21625,87.0,1.94375,131.70833333333334,81.375,23.916666666666668,48.666666666666664,12.779166666666669,2024,4,3,2,Spring,34.17916666666667,73.15833333333333,125.54166666666669,35.92638888888889,73.17500000000003,123.00000000000001,0.4353437175258482,6.807955124255223,1163.9444444444443,1
2024-04-04,113.5125,49.00833333333333,528.9583333333334,30.929166666666664,20.008333333333333,157.95833333333334,0.2749999999999999,91.41666666666669,1.825,145.125,80.375,24.058333333333337,46.0,14.245833333333335,2024,4,4,3,Spring,49.475,113.64583333333331,131.70833333333334,38.88055555555556,82.38194444444446,129.83333333333337,0.4317439304181425,6.41708056738832,1106.6833333333334,1
2024-04-05,92.75,45.12083333333334,516.2083333333334,27.166666666666668,21.775,164.25,0.2354166666666667,50.875,2.0854166666666667,152.79166666666666,84.83333333333333,22.708333333333332,60.916666666666664,13.325,2024,4,5,4,Spring,49.00833333333333,113.5125,145.125,44.22083333333333,100.10555555555557,134.12500000000003,0.4864779821763381,3.818010970505744,1383.3159722222222,1
2024-04-06,87.91666666666667,44.15416666666667,461.9583333333333,32.15416666666667,24.1625,142.0,0.23375,42.5,2.1625,141.83333333333334,74.91666666666667,23.025,59.666666666666664,13.720833333333331,2024,4,6,5,Spring,45.12083333333334,92.75,152.79166666666666,47.86805555555555,106.63611111111112,143.20833333333334,0.5022274824391187,3.0974792762238006,1373.8249999999998,1
2024-04-07,94.37916666666666,53.55833333333334,596.0,53.15416666666667,29.8875,87.875,0.2154166666666666,29.833333333333332,2.216666666666667,133.58333333333334,79.125,23.520833333333332,56.25,10.8625,2024,4,7,6,Spring,44.15416666666667,87.91666666666667,141.83333333333334,46.09444444444444,98.05972222222225,146.58333333333337,0.5674804584258837,2.7464516075380185,1323.046875,1
2024-04-08,123.74166666666667,77.875,734.0833333333334,108.90416666666664,36.24583333333333,61.25,0.3920833333333333,23.416666666666668,1.7020833333333334,154.875,92.33333333333331,25.9,53.75,8.1625,2024,4,8,0,Spring,53.55833333333334,94.37916666666666,133.58333333333334,47.611111111111114,91.68194444444447,142.73611111111114,0.6293353036891214,2.868810266199866,1392.125,1
2024-04-09,151.09166666666667,48.1375,347.9583333333333,36.46666666666667,13.383333333333333,91.91666666666669,0.3079166666666666,201.20833333333337,1.7833333333333332,152.66666666666666,96.91666666666669,27.0375,52.125,8.7125,2024,4,9,1,Spring,77.875,123.74166666666667,154.875,58.52916666666667,102.01250000000003,143.43055555555557,0.31859797924925504,23.094210644375636,1409.3296875,1
2024-04-10,86.05416666666667,32.329166666666666,313.3333333333333,26.129166666666663,11.9,97.25,0.2620833333333333,99.58333333333331,1.9604166666666665,112.58333333333331,89.125,28.0,49.916666666666664,13.2375,2024,4,10,2,Spring,48.1375,151.09166666666667,152.66666666666666,59.856944444444444,123.07083333333337,147.04166666666666,0.3756839156459526,7.522819702399517,1397.6666666666665,1
2024-04-11,157.79999999999998,51.65,340.2083333333333,33.99583333333333,14.208333333333334,84.04166666666667,0.5466666666666666,228.70833333333337,1.7666666666666666,114.79166666666669,87.79166666666667,27.7375,58.791666666666664,13.608333333333334,2024,4,11,3,Spring,32.329166666666666,86.05416666666667,112.58333333333331,52.78055555555556,120.29583333333335,140.04166666666666,0.32731305242513914,16.8064898856223,1630.7338541666666,1
2024-04-12,151.26250000000002,48.35,392.8333333333333,38.075,16.099999999999998,75.5,0.62875,219.08333333333337,1.4895833333333333,144.08333333333334,103.45833333333331,27.545833333333334,57.458333333333336,11.616666666666667,2024,4,12,4,Spring,51.65,157.79999999999998,114.79166666666669,44.03888888888889,131.64861111111114,126.68055555555559,0.319643002597187,18.85939579402619,1582.7376736111112,1
2024-04-13,78.14166666666667,24.866666666666664,312.5833333333333,21.445833333333336,11.475,118.20833333333331,0.5045833333333333,107.58333333333331,1.8979166666666665,102.83333333333331,85.08333333333333,26.65416666666667,49.875,15.65,2024,4,13,5,Spring,48.35,151.26250000000002,144.08333333333334,44.10972222222222,131.70555555555558,123.81944444444446,0.31822544116593227,6.8743339590414925,1329.3765625,1
2024-04-14,77.8875,21.916666666666668,352.5416666666667,25.233333333333334,16.708333333333332,127.29166666666669,0.4329166666666666,112.54166666666669,2.089583333333333,92.08333333333331,68.75,25.27916666666667,54.291666666666664,14.3875,2024,4,14,6,Spring,24.866666666666664,78.14166666666667,102.83333333333331,41.62222222222222,129.06805555555556,120.56944444444446,0.28138875153622744,7.822183064777316,1372.4480902777777,1
2024-04-15,139.62916666666666,43.20416666666667,545.875,54.2125,26.9625,90.0,0.5279166666666667,196.41666666666663,1.7958333333333334,88.83333333333333,83.66666666666667,25.770833333333332,55.75,11.479166666666666,2024,4,15,0,Spring,21.916666666666668,77.8875,92.08333333333331,31.711111111111112,102.43055555555559,113.0,0.3094207849881834,17.110706313404894,1436.7239583333333,1
2024-04-16,107.97083333333336,26.229166666666668,249.20833333333337,27.7375,10.404166666666669,44.708333333333336,0.8300000000000001,179.0,0.33125,110.95833333333331,98.91666666666669,23.458333333333332,82.16666666666667,21.270833333333332,2024,4,16,1,Spring,43.20416666666667,139.62916666666666,88.83333333333333,29.995833333333337,98.5527777777778,94.58333333333333,0.2429282576968015,8.415278742474653,1927.4930555555557,1
2024-04-17,65.1875,20.070833333333333,237.75,19.195833333333333,8.1875,72.95833333333333,0.3374999999999999,127.95833333333331,2.1104166666666666,69.125,69.83333333333333,22.9625,81.75,18.1625,2024,4,17,2,Spring,26.229166666666668,107.97083333333336,110.95833333333331,30.450000000000003,108.49583333333335,97.29166666666667,0.3078938910901544,7.045193463903088,1877.1843749999998,1
2024-04-18,167.26666666666668,54.2375,406.9583333333333,33.82083333333333,19.954166666666666,125.25,0.3270833333333333,220.875,2.1479166666666667,108.0,81.16666666666667,23.133333333333336,74.75,12.883333333333333,2024,4,18,3,Spring,20.070833333333333,65.1875,69.125,29.834722222222226,104.26250000000003,89.6388888888889,0.32425767044086684,17.144241877549145,1729.216666666667,1
2024-04-19,134.76666666666668,55.64166666666667,641.3333333333334,56.5375,27.72083333333333,81.66666666666667,0.2370833333333333,134.125,2.3270833333333334,151.41666666666666,104.41666666666669,23.03333333333333,74.83333333333333,9.770833333333334,2024,4,19,4,Spring,54.2375,167.26666666666668,108.0,33.512499999999996,113.47500000000002,96.02777777777779,0.41287410032495103,13.727077486354544,1723.6611111111108,1
2024-04-20,86.71666666666665,49.79583333333333,745.2916666666666,65.32916666666667,30.09583333333333,83.70833333333333,0.2033333333333333,28.541666666666668,2.1145833333333335,146.875,86.54166666666667,22.7875,78.16666666666667,9.058333333333334,2024,4,20,5,Spring,55.64166666666667,134.76666666666668,151.41666666666666,43.31666666666666,122.40694444444448,109.51388888888891,0.5742360110601268,3.150873617198865,1781.2229166666668,1
2024-04-21,96.65833333333336,58.09166666666667,709.125,76.28333333333333,30.954166666666666,116.70833333333331,0.3225,20.541666666666668,2.2062500000000003,147.45833333333334,80.16666666666667,23.65416666666667,79.58333333333333,8.6,2024,4,21,6,Spring,49.79583333333333,86.71666666666665,146.875,53.225,129.58333333333334,135.43055555555557,0.6010000799965505,2.388565613732681,1882.4774305555557,1
2024-04-22,123.44166666666666,79.18333333333334,682.9583333333334,83.63333333333334,29.2875,127.125,0.6408333333333334,12.791666666666666,1.7416666666666665,172.625,94.54166666666669,25.8125,66.875,8.579166666666667,2024,4,22,0,Spring,58.09166666666667,96.65833333333336,147.45833333333334,54.50972222222222,106.04722222222226,148.58333333333337,0.6414635740919714,1.4910148820575173,1726.2109375,1
2024-04-23,81.13333333333334,40.50416666666667,453.7916666666667,42.44583333333333,14.6375,120.875,0.5083333333333333,55.5,1.94375,159.70833333333334,90.41666666666669,27.791666666666668,61.583333333333336,14.766666666666666,2024,4,23,1,Spring,79.18333333333334,123.44166666666666,172.625,62.356944444444444,102.27222222222224,155.6527777777778,0.499229656952798,3.7584647567631095,1711.5034722222224,1
2024-04-24,175.25833333333333,46.29583333333333,371.3333333333333,23.4875,15.925,152.95833333333334,0.27875,279.3333333333333,2.1437500000000003,130.75,80.625,25.179166666666664,70.0,16.491666666666667,2024,4,24,2,Spring,40.50416666666667,81.13333333333334,159.70833333333334,59.25972222222222,100.41111111111115,159.93055555555557,0.2641576705007408,16.937846370620733,1762.5416666666665,1
2024-04-25,153.05833333333334,57.22083333333333,517.5833333333334,49.9,25.604166666666668,122.33333333333331,0.4608333333333334,168.95833333333334,1.75625,151.875,120.20833333333331,25.7,46.666666666666664,14.858333333333334,2024,4,25,3,Spring,46.29583333333333,175.25833333333333,130.75,55.32777777777778,126.61111111111113,154.36111111111111,0.3738498369433233,11.371283586901834,1199.3333333333333,1
2024-04-26,93.37083333333334,41.97083333333333,411.125,49.34166666666667,17.92083333333333,77.66666666666667,0.3320833333333333,75.33333333333333,2.1020833333333333,127.0,84.91666666666667,26.691666666666663,50.291666666666664,15.216666666666669,2024,4,26,4,Spring,57.22083333333333,153.05833333333334,151.875,48.006944444444436,136.48333333333335,147.44444444444446,0.44950688973708536,4.950711613315775,1342.3684027777774,1
2024-04-27,101.10833333333332,52.05833333333334,487.0833333333333,59.25833333333333,20.8625,92.25,0.3008333333333333,53.75,2.277083333333333,135.375,80.58333333333333,27.775,57.375,13.216666666666669,2024,4,27,5,Spring,41.97083333333333,93.37083333333334,127.0,48.49583333333334,140.56250000000003,136.54166666666669,0.5148767772368572,4.0668344968347165,1593.5906249999998,1
2024-04-28,131.00833333333333,40.8625,340.6666666666667,39.92916666666667,13.466666666666669,68.41666666666667,0.4483333333333333,191.66666666666663,2.0625,125.125,83.58333333333333,29.708333333333332,45.083333333333336,16.904166666666665,2024,4,28,6,Spring,52.05833333333334,101.10833333333332,135.375,50.416666666666664,115.84583333333335,138.08333333333334,0.3119076370823156,11.33842673866837,1339.3506944444446,1
2024-04-29,137.25416666666666,40.81666666666667,337.0833333333333,42.020833333333336,13.245833333333332,73.0,0.4483333333333333,215.70833333333337,2.0770833333333334,107.25,93.79166666666669,31.566666666666663,40.5,15.275,2024,4,29,0,Spring,40.8625,131.00833333333333,125.125,44.96388888888888,108.49583333333335,129.16666666666669,0.2973801623699573,14.121657558865847,1278.4499999999998,1
2024-04-30,142.40416666666667,45.145833333333336,361.0,39.99583333333333,13.3875,66.33333333333333,0.4595833333333333,204.29166666666663,2.189583333333333,119.33333333333331,98.83333333333331,31.808333333333337,48.583333333333336,15.620833333333332,2024,4,30,1,Spring,40.81666666666667,137.25416666666666,107.25,44.57916666666667,123.12361111111113,122.58333333333336,0.317026067937904,13.078153337221446,1545.3548611111114,1
2024-05-01,128.90416666666667,46.99166666666667,374.7083333333333,40.52916666666667,14.908333333333331,60.0,0.4433333333333333,156.5,2.2104166666666667,130.79166666666666,92.25,31.266666666666666,50.416666666666664,18.39166666666667,2024,5,1,2,Spring,45.145833333333336,142.40416666666667,119.33333333333331,42.275,136.88888888888889,117.23611111111113,0.36454730298699445,8.509288164424747,1576.361111111111,1
2024-05-02,86.52083333333333,30.175,345.5416666666667,35.92916666666667,15.429166666666667,45.625,0.7174999999999999,117.625,0.4270833333333333,106.45833333333331,86.25,25.754166666666663,74.20833333333333,14.741666666666667,2024,5,2,3,Spring,46.99166666666667,128.90416666666667,130.79166666666666,44.31805555555556,136.18750000000003,119.125,0.34875992854792287,7.979083687116991,1911.1737847222219,1
2024-05-03,130.1625,43.38333333333333,498.0,47.979166666666664,23.116666666666664,40.291666666666664,0.3179166666666667,184.95833333333337,2.3291666666666666,102.16666666666669,80.29166666666667,25.745833333333337,76.625,12.258333333333333,2024,5,3,4,Spring,30.175,86.52083333333333,106.45833333333331,40.770833333333336,119.2763888888889,118.86111111111113,0.33330131950471154,15.088374024061947,1972.7744791666669,1
2024-05-04,119.22083333333336,55.458333333333336,603.2083333333334,76.12916666666666,24.816666666666663,45.958333333333336,0.37125,98.66666666666669,2.3854166666666665,124.20833333333331,87.29166666666667,27.8625,64.04166666666667,11.141666666666666,2024,5,4,5,Spring,43.38333333333333,130.1625,102.16666666666669,40.18333333333333,115.19583333333334,113.13888888888891,0.465173169131459,8.855646176007825,1784.3609375,1
2024-05-05,134.57083333333333,69.8625,642.9166666666666,79.0125,24.233333333333334,110.125,0.40125,74.08333333333333,2.433333333333333,167.83333333333334,97.54166666666669,29.558333333333337,54.25,10.716666666666669,2024,5,5,6,Spring,55.458333333333336,119.22083333333336,124.20833333333331,43.00555555555556,111.96805555555557,110.94444444444446,0.5191503816268975,6.912907597551389,1603.5395833333334,1
2024-05-06,97.77916666666664,48.9,696.2083333333334,84.39999999999999,35.266666666666666,96.66666666666669,0.2808333333333333,61.708333333333336,2.654166666666667,149.54166666666666,85.5,29.8875,48.916666666666664,9.620833333333334,2024,5,6,0,Spring,69.8625,134.57083333333333,167.83333333333334,56.23472222222222,127.98472222222226,131.4027777777778,0.5001065274630092,6.41403138182437,1461.9968749999998,1
2024-05-07,98.79166666666669,58.84166666666667,574.0416666666666,76.53750000000001,26.5625,105.625,0.2825,28.5,2.6625,152.79166666666666,84.70833333333333,31.270833333333332,44.75,15.3875,2024,5,7,1,Spring,48.9,97.77916666666664,149.54166666666666,58.07361111111111,117.19027777777778,147.19444444444446,0.5956136590912156,1.852152600997394,1399.3697916666665,1
2024-05-08,126.72083333333336,49.8125,461.0,59.837500000000006,21.53333333333333,102.5,0.3979166666666667,141.79166666666666,2.4208333333333334,153.875,85.79166666666667,31.59583333333333,40.083333333333336,9.6875,2024,5,8,2,Spring,58.84166666666667,98.79166666666669,152.79166666666666,59.201388888888886,110.38055555555555,156.72222222222226,0.39308847879718417,14.636557628914481,1266.4663194444445,1
2024-05-09,93.20833333333331,34.88333333333333,353.75,26.875,12.720833333333331,132.20833333333334,0.4033333333333333,106.29166666666669,2.277083333333333,128.29166666666666,87.66666666666667,30.766666666666666,54.75,15.204166666666666,2024,5,9,3,Spring,49.8125,126.72083333333336,153.875,52.518055555555556,107.76388888888891,152.06944444444446,0.37425122530977684,6.990955966612928,1684.475,1
2024-05-10,65.26666666666667,27.820833333333336,277.2916666666667,17.145833333333332,8.866666666666667,149.625,0.1091666666666666,55.041666666666664,2.654166666666667,116.83333333333331,69.54166666666667,28.025,58.208333333333336,17.495833333333334,2024,5,10,4,Spring,34.88333333333333,93.20833333333331,128.29166666666666,47.84583333333333,106.2402777777778,144.98611111111111,0.4262640384127063,3.145986959981693,1631.2885416666666,1
2024-05-11,56.78333333333333,29.424999999999997,460.625,34.358333333333334,18.408333333333335,125.79166666666669,0.2104166666666666,28.291666666666668,2.4791666666666665,107.83333333333331,65.91666666666667,27.729166666666668,68.75,11.220833333333331,2024,5,11,5,Spring,27.820833333333336,65.26666666666667,116.83333333333331,37.50555555555555,95.0652777777778,133.00000000000003,0.5181978188752953,2.521351427729543,1906.3802083333335,1
2024-05-12,102.15,45.333333333333336,565.0416666666666,61.03333333333333,23.754166666666663,118.95833333333331,0.2804166666666667,86.33333333333333,2.3541666666666665,114.0,70.08333333333333,30.233333333333334,58.666666666666664,8.0,2024,5,12,6,Spring,29.424999999999997,56.78333333333333,107.83333333333331,30.709722222222222,71.75277777777778,117.65277777777779,0.4437918050860649,10.791665317708503,1773.6888888888889,1
2024-05-13,104.875,42.90416666666667,417.4583333333333,41.61666666666667,16.604166666666668,120.16666666666669,0.34,104.45833333333331,2.372916666666667,135.83333333333334,83.875,32.9,39.0,14.816666666666668,2024,5,13,0,Spring,45.333333333333336,102.15,114.0,34.19305555555556,74.73333333333335,112.8888888888889,0.4090981287968395,7.05005576715034,1283.1,1
2024-05-14,77.02499999999999,32.07083333333333,342.4583333333333,38.61666666666667,13.525,83.79166666666667,0.3970833333333333,76.41666666666667,2.504166666666667,107.875,76.20833333333333,34.27916666666667,31.666666666666668,17.358333333333334,2024,5,14,1,Spring,42.90416666666667,104.875,135.83333333333334,39.22083333333333,87.93611111111113,119.22222222222224,0.4163691388116092,4.4023041150856965,1085.5069444444446,1
2024-05-15,67.43333333333334,27.925,320.25,36.53333333333333,12.525,65.95833333333333,0.47,73.5,2.3833333333333333,87.54166666666667,67.375,34.12083333333333,32.375,17.354166666666668,2024,5,15,2,Spring,32.07083333333333,77.02499999999999,107.875,40.10277777777778,94.68333333333334,119.23611111111113,0.41411269776402326,4.235293873596511,1104.6619791666665,1
2024-05-16,81.85000000000001,33.0,357.6666666666667,40.65416666666667,14.7625,75.20833333333333,0.39875,91.125,2.4562500000000003,91.66666666666669,70.66666666666667,33.86666666666667,31.916666666666668,16.0,2024,5,16,3,Spring,27.925,67.43333333333334,87.54166666666667,34.300000000000004,83.11111111111113,110.41666666666669,0.403176537529914,5.69531214404299,1080.9111111111113,1
2024-05-17,71.06666666666666,35.141666666666666,436.8333333333333,48.958333333333336,19.345833333333335,82.95833333333333,0.4470833333333333,47.083333333333336,2.4479166666666665,98.54166666666669,71.0,33.375,36.916666666666664,13.0875,2024,5,17,4,Spring,33.0,81.85000000000001,91.66666666666669,30.998611111111114,75.43611111111113,95.69444444444447,0.4944887360062561,3.5975801135246015,1232.09375,1
2024-05-18,63.46666666666667,32.016666666666666,447.9166666666667,45.375,18.979166666666668,87.08333333333333,0.4345833333333333,42.291666666666664,2.3208333333333333,100.91666666666669,67.79166666666667,32.97083333333333,37.166666666666664,13.029166666666669,2024,5,18,5,Spring,35.141666666666666,71.06666666666666,98.54166666666669,32.02222222222222,73.45,92.58333333333337,0.504464277765794,3.2459223604025045,1225.415972222222,1
2024-05-19,117.55416666666667,31.054166666666664,324.125,20.829166666666666,12.316666666666668,123.45833333333331,0.26125,193.54166666666663,2.4791666666666665,92.04166666666669,72.91666666666667,30.5625,56.708333333333336,15.575,2024,5,19,6,Spring,32.016666666666666,63.46666666666667,100.91666666666669,33.38611111111111,72.1277777777778,97.0416666666667,0.26416899785912307,12.426430448811313,1733.1484375,1
2024-05-20,79.56666666666666,27.95,325.3333333333333,23.0,12.766666666666666,116.08333333333331,0.17875,104.16666666666669,2.7312499999999997,89.29166666666667,81.16666666666667,29.729166666666668,63.25,17.570833333333333,2024,5,20,0,Spring,31.054166666666664,117.55416666666667,92.04166666666669,32.737500000000004,84.02916666666668,97.1666666666667,0.3512777500886751,5.928384770497429,1880.3697916666667,1
2024-05-21,98.625,33.675000000000004,443.7083333333333,33.81666666666667,18.933333333333337,109.20833333333331,0.2533333333333333,134.95833333333334,2.6,97.95833333333331,77.33333333333333,29.28333333333333,67.0,12.4875,2024,5,21,1,Spring,27.95,79.56666666666666,89.29166666666667,30.340277777777782,86.86250000000001,94.08333333333337,0.3414448634581003,10.80747327534415,1961.9833333333331,1
2024-05-22,87.38333333333333,38.9125,561.0833333333334,44.74583333333334,20.995833333333337,115.70833333333331,0.45375,80.0,2.1479166666666667,123.29166666666669,76.04166666666667,30.916666666666668,51.541666666666664,10.704166666666666,2024,5,22,2,Spring,33.675000000000004,98.625,97.95833333333331,30.89305555555556,98.58194444444446,93.09722222222224,0.44530802465792846,7.473724486689812,1593.4965277777778,1
2024-05-23,119.80416666666667,42.425,476.5833333333333,35.775,16.133333333333333,137.66666666666666,0.3916666666666666,141.29166666666666,2.316666666666667,139.91666666666666,81.29166666666667,32.475,35.625,14.520833333333334,2024,5,23,3,Spring,38.9125,87.38333333333333,123.29166666666669,33.51250000000001,88.52500000000002,103.51388888888891,0.3541195671759922,9.730271926753153,1156.921875,1
2024-05-24,82.5625,28.775,261.1666666666667,14.891666666666666,8.35,136.58333333333334,0.1495833333333333,108.16666666666669,2.78125,110.91666666666669,82.25,32.1625,51.625,18.104166666666668,2024,5,24,4,Spring,42.425,119.80416666666667,139.91666666666666,38.337500000000006,101.93750000000001,120.38888888888891,0.34852384135020326,5.974683214286773,1660.3890625000001,1
2024-05-25,65.25416666666666,28.833333333333332,336.0416666666667,22.9875,12.854166666666666,152.33333333333334,0.1445833333333333,48.083333333333336,2.7895833333333333,117.70833333333331,69.125,31.933333333333337,56.25,13.5125,2024,5,25,5,Spring,28.775,82.5625,110.91666666666669,36.704166666666666,96.58333333333336,124.70833333333337,0.44186194329564743,3.558433285839042,1796.2500000000002,1
2024-05-26,87.00833333333333,42.75416666666666,487.6666666666667,39.925,18.55,125.45833333333331,0.1704166666666666,60.333333333333336,2.8312500000000003,127.95833333333331,73.04166666666667,32.37916666666667,59.5,11.020833333333334,2024,5,26,6,Spring,28.833333333333332,65.25416666666666,117.70833333333331,33.34444444444444,89.20694444444446,122.84722222222224,0.4913801303547921,5.474479654489559,1926.560416666667,1
2024-05-27,89.78333333333335,39.99583333333333,425.75,34.579166666666666,16.375,140.66666666666666,0.30375,77.45833333333333,2.5145833333333334,141.66666666666666,75.41666666666667,34.21666666666667,45.458333333333336,10.833333333333334,2024,5,27,0,Spring,42.75416666666666,87.00833333333333,127.95833333333331,33.454166666666666,78.27500000000002,118.86111111111113,0.4454705723541424,7.14999934000006,1555.432638888889,1
2024-05-28,53.625,25.975,351.2916666666667,28.05,14.6,122.16666666666669,0.1358333333333333,35.5,2.814583333333333,105.0,69.5,32.94583333333333,50.416666666666664,15.066666666666668,2024,5,28,1,Spring,39.99583333333333,89.78333333333335,141.66666666666666,37.19444444444445,80.68194444444445,129.11111111111111,0.4843822753495147,2.3561945338808936,1661.0190972222222,1
2024-05-29,58.93333333333334,29.675,428.0,37.395833333333336,18.083333333333332,117.83333333333331,0.1816666666666666,38.666666666666664,2.81875,100.25,64.04166666666667,31.65416666666667,67.08333333333333,12.15,2024,5,29,2,Spring,25.975,53.625,105.0,36.24166666666667,76.80555555555556,124.875,0.5035350593291562,3.182441439030883,2123.4670138888887,1
2024-05-30,72.36666666666666,37.8,485.4166666666667,39.575,20.370833333333337,130.0,0.3016666666666667,49.333333333333336,2.6791666666666667,124.125,69.54166666666667,32.7125,62.833333333333336,10.8625,2024,5,30,3,Spring,29.675,58.93333333333334,100.25,31.881944444444443,67.44722222222224,115.63888888888891,0.5223399282956251,4.54161830073326,2055.4354166666667,1
2024-05-31,72.62083333333332,42.4625,548.5416666666666,53.9375,21.579166666666666,93.45833333333331,0.34625,30.416666666666668,2.6583333333333337,122.79166666666669,73.95833333333333,33.71666666666667,57.083333333333336,8.591666666666667,2024,5,31,4,Spring,37.8,72.36666666666666,124.125,31.149999999999995,61.64166666666667,109.79166666666669,0.584715121904204,3.540251770290774,1924.6597222222224,1
2024-06-01,63.38333333333333,36.68333333333333,502.6666666666667,42.80416666666667,20.308333333333337,118.20833333333331,0.3075,26.208333333333332,2.6875,117.25,70.83333333333333,35.69166666666667,38.666666666666664,8.629166666666666,2024,6,1,5,Summer,42.4625,72.62083333333332,122.79166666666669,36.645833333333336,67.97361111111111,115.72222222222224,0.5787536064356518,3.0371797542621244,1380.0777777777778,2
2024-06-02,111.475,46.1,439.2916666666667,24.179166666666664,13.533333333333331,146.04166666666666,0.2704166666666667,122.04166666666669,2.733333333333333,127.70833333333331,74.58333333333333,33.854166666666664,52.083333333333336,13.0,2024,6,2,6,Summer,36.68333333333333,63.38333333333333,117.25,38.981944444444444,69.45694444444445,121.38888888888891,0.41354563432567276,9.387819790680531,1763.2378472222222,2
2024-06-03,81.90833333333333,33.112500000000004,375.9166666666667,28.84166666666667,16.554166666666667,130.41666666666666,0.3154166666666667,89.16666666666667,2.472916666666667,117.375,79.875,33.55416666666667,55.541666666666664,12.291666666666666,2024,6,3,0,Summer,46.1,111.475,127.70833333333331,41.74861111111111,82.49305555555556,122.58333333333336,0.40426289057772447,7.254236697960406,1863.6543402777777,2
2024-06-04,106.93333333333334,36.6125,457.2916666666667,34.333333333333336,19.9125,143.16666666666666,0.4054166666666667,140.375,2.4166666666666665,129.375,78.125,32.958333333333336,60.25,11.216666666666669,2024,6,4,1,Summer,33.112500000000004,81.90833333333333,117.375,38.63194444444445,85.58888888888889,120.77777777777779,0.34238621874327096,12.514857725272712,1985.7395833333335,2
2024-06-05,82.74583333333334,40.24583333333333,487.5416666666667,33.24583333333333,20.0875,129.875,0.205,63.833333333333336,2.7770833333333336,129.04166666666666,78.79166666666667,32.391666666666666,61.708333333333336,11.983333333333334,2024,6,5,2,Summer,36.6125,106.93333333333334,129.375,38.60833333333333,100.10555555555557,124.81944444444446,0.486378965872856,5.326842392753069,1998.835763888889,2
2024-06-06,155.525,45.14166666666667,574.5416666666666,38.59583333333333,24.991666666666664,128.375,0.24625,224.54166666666663,2.564583333333333,140.41666666666666,89.45833333333333,31.825,52.208333333333336,11.370833333333332,2024,6,6,3,Summer,40.24583333333333,82.74583333333334,129.04166666666666,36.65694444444444,90.52916666666668,125.26388888888891,0.29025344077423715,19.747158395266393,1661.5302083333333,2
2024-06-07,95.55416666666667,42.479166666666664,604.0416666666666,46.708333333333336,24.933333333333337,106.83333333333331,0.2295833333333333,80.04166666666667,2.6458333333333335,133.58333333333334,87.5,32.291666666666664,48.208333333333336,12.095833333333331,2024,6,7,4,Summer,45.14166666666667,155.525,140.41666666666666,40.666666666666664,115.06805555555557,132.94444444444446,0.4445558755202803,6.617291909007904,1556.7274305555554,2
2024-06-08,111.65,42.6,624.25,58.55833333333334,31.925,92.5,0.34,121.16666666666669,2.5770833333333334,123.70833333333331,81.33333333333333,34.170833333333334,43.416666666666664,14.370833333333332,2024,6,8,5,Summer,42.479166666666664,95.55416666666667,133.58333333333334,42.62222222222222,111.27500000000002,134.34722222222226,0.38154948158038976,8.431428813121801,1483.5836805555555,2
2024-06-09,191.26666666666665,45.48333333333333,302.4166666666667,31.316666666666663,13.454166666666666,85.29166666666667,0.5083333333333334,362.8333333333333,2.3041666666666667,118.29166666666669,102.54166666666669,36.395833333333336,41.916666666666664,15.2375,2024,6,9,6,Summer,42.6,111.65,123.70833333333331,43.40694444444444,120.90972222222224,132.56944444444446,0.2378006261530117,23.811866088365363,1525.592013888889,2
2024-06-10,160.02083333333334,48.675,400.0833333333333,36.92916666666667,16.712500000000002,118.54166666666669,0.5029166666666667,238.04166666666663,2.404166666666667,142.79166666666666,107.29166666666669,36.00416666666667,39.5,14.445833333333333,2024,6,10,0,Summer,45.48333333333333,191.26666666666665,118.29166666666669,43.520833333333336,132.82361111111112,125.19444444444446,0.3041791414398387,16.478222107074327,1422.1645833333334,2
2024-06-11,164.75,57.44166666666666,482.2916666666667,39.36666666666667,21.975,127.33333333333331,0.47875,180.16666666666663,2.4375,159.91666666666666,110.54166666666669,35.42916666666667,37.583333333333336,15.445833333333333,2024,6,11,1,Summer,48.675,160.02083333333334,142.79166666666666,45.58611111111111,154.3125,128.2638888888889,0.34865958311385176,11.664417912203856,1331.5461805555556,2
2024-06-12,112.85,54.24583333333334,527.9583333333334,30.858333333333334,18.3125,162.625,0.5204166666666666,66.29166666666667,2.316666666666667,167.41666666666666,90.625,34.90416666666667,39.958333333333336,15.716666666666669,2024,6,12,2,Summer,57.44166666666666,164.75,159.91666666666666,50.533333333333324,172.01250000000002,140.33333333333334,0.4806897018399968,4.217921258668849,1394.712326388889,2
2024-06-13,118.76666666666668,47.6375,447.3333333333333,24.2875,14.745833333333332,148.625,0.375,115.375,2.46875,156.41666666666666,89.95833333333333,35.30833333333333,36.791666666666664,15.704166666666666,2024,6,13,3,Summer,54.24583333333334,112.85,167.41666666666666,53.45416666666667,145.87361111111113,156.70833333333334,0.40110159639824644,7.3467758654215425,1299.0524305555552,2
2024-06-14,158.33333333333334,38.44166666666667,342.125,19.066666666666663,14.829166666666666,164.25,0.3166666666666666,263.5833333333333,2.4208333333333334,132.04166666666666,84.58333333333333,33.975,46.583333333333336,18.470833333333335,2024,6,14,4,Summer,47.6375,118.76666666666668,156.41666666666666,53.10833333333333,132.12222222222223,161.25000000000003,0.24278947215080335,14.270245110566469,1582.66875,2
2024-06-15,259.125,62.96666666666667,555.2083333333334,38.93333333333333,33.77916666666667,142.58333333333334,0.3725,430.625,2.5437499999999997,167.0,131.91666666666666,34.1875,30.666666666666668,11.016666666666666,2024,6,15,5,Summer,38.44166666666667,158.33333333333334,132.04166666666666,46.775,129.98333333333335,151.95833333333334,0.2429972655037893,39.088498721165024,1048.4166666666667,2
2024-06-16,115.15416666666664,51.0125,453.0833333333333,46.96666666666667,20.779166666666665,131.58333333333334,0.3425,97.20833333333331,2.5416666666666665,171.08333333333334,117.0,35.52916666666667,26.958333333333332,13.525,2024,6,16,6,Summer,62.96666666666667,259.125,167.0,49.68194444444444,178.74166666666667,151.81944444444446,0.4429930851279684,7.18730692392062,957.8071180555555,2
2024-06-17,85.80416666666667,42.95416666666667,487.5416666666667,52.32916666666667,23.516666666666666,118.41666666666669,0.3679166666666666,51.708333333333336,2.5791666666666666,133.95833333333334,78.54166666666667,35.57083333333333,44.5,12.291666666666666,2024,6,17,0,Summer,51.0125,115.15416666666664,171.08333333333334,50.80694444444445,177.5375,156.70833333333334,0.5006069965451523,4.206779318770497,1582.9020833333334,2
2024-06-18,79.47500000000001,41.895833333333336,536.375,45.92083333333333,24.8375,128.04166666666666,0.4804166666666666,39.708333333333336,2.3333333333333335,144.45833333333334,76.29166666666667,35.666666666666664,43.541666666666664,10.583333333333334,2024,6,18,1,Summer,42.95416666666667,85.80416666666667,133.95833333333334,52.31111111111111,153.36111111111111,157.34722222222226,0.5271573803859824,3.7519681494203327,1552.9861111111109,2
2024-06-19,70.45416666666667,36.11666666666667,410.75,27.929166666666664,17.933333333333334,154.16666666666666,0.6108333333333333,38.416666666666664,2.183333333333333,141.95833333333334,72.625,35.65,49.541666666666664,14.304166666666667,2024,6,19,2,Summer,41.895833333333336,79.47500000000001,144.45833333333334,45.2875,93.47777777777777,149.83333333333334,0.5126264046939301,2.685697452791323,1766.1604166666666,2
2024-06-20,83.80833333333334,37.63333333333333,431.4166666666667,29.2875,19.558333333333337,162.04166666666666,0.5920833333333334,66.375,2.3333333333333335,146.33333333333334,73.54166666666667,36.15833333333333,40.083333333333336,13.291666666666666,2024,6,20,3,Summer,36.11666666666667,70.45416666666667,141.95833333333334,40.32222222222222,78.57777777777778,140.12500000000003,0.44904046396690306,4.993730031819685,1449.3465277777777,2
2024-06-21,102.43333333333334,47.5875,626.625,47.42083333333333,30.9125,157.83333333333334,0.5020833333333333,63.0,2.3562499999999997,155.70833333333334,80.20833333333333,36.06666666666667,37.916666666666664,9.629166666666666,2024,6,21,4,Summer,37.63333333333333,83.80833333333334,146.33333333333334,38.54861111111111,77.91250000000001,144.25000000000003,0.46457044779137213,6.5426215619951655,1367.5277777777778,2
2024-06-22,105.67916666666667,52.416666666666664,606.2083333333334,51.1875,27.154166666666665,134.375,0.4125,45.541666666666664,2.4791666666666665,158.95833333333334,82.95833333333333,35.775,57.208333333333336,9.316666666666666,2024,6,22,5,Summer,47.5875,102.43333333333334,155.70833333333334,40.44583333333333,85.56527777777778,148.00000000000003,0.49599810278596596,4.888192677474847,2046.628125,2
2024-06-23,118.30416666666667,59.51666666666667,489.0,55.22083333333333,22.275,128.58333333333334,0.45125,47.75,2.341666666666667,167.16666666666666,85.16666666666667,37.016666666666666,47.0,8.65,2024,6,23,6,Summer,52.416666666666664,105.67916666666667,158.95833333333334,45.87916666666666,97.30694444444445,153.66666666666669,0.5030817412482085,5.520230575695887,1739.7833333333333,2
2024-06-24,108.4625,54.25833333333333,480.9583333333333,46.708333333333336,22.541666666666668,145.5,0.5608333333333334,41.416666666666664,2.21875,166.25,86.79166666666667,36.983333333333334,46.583333333333336,10.808333333333332,2024,6,24,0,Summer,59.51666666666667,118.30416666666667,167.16666666666666,53.17361111111111,108.80555555555556,160.61111111111111,0.5002496976658627,3.831919460423798,1722.8069444444445,2
2024-06-25,103.225,46.6125,456.8333333333333,27.97083333333333,26.4375,200.29166666666663,0.4629166666666666,62.166666666666664,2.402083333333333,167.0,81.70833333333333,36.175,46.458333333333336,10.629166666666666,2024,6,25,1,Summer,54.25833333333333,108.4625,166.25,55.39722222222222,110.81527777777778,164.125,0.45156211720453265,5.848686239245513,1680.6302083333333,2
2024-06-26,120.6875,37.50416666666667,432.9583333333333,25.95,16.458333333333332,155.29166666666666,0.3995833333333333,166.83333333333334,2.50625,156.95833333333334,84.66666666666667,35.641666666666666,54.291666666666664,13.525,2024,6,26,2,Summer,46.6125,103.225,167.0,53.4625,109.99722222222222,166.80555555555557,0.3107543561339187,12.335180850140665,1935.045486111111,2
2024-06-27,139.42499999999998,48.575,518.625,29.020833333333332,19.870833333333337,196.95833333333337,0.3995833333333333,171.41666666666666,2.3645833333333335,197.0,98.83333333333331,35.03333333333333,43.208333333333336,12.383333333333333,2024,6,27,3,Summer,37.50416666666667,120.6875,156.95833333333334,46.125,110.79166666666667,163.4027777777778,0.3483951920502408,13.84252916480249,1513.7319444444445,2
2024-06-28,148.10833333333332,47.75,602.2916666666666,43.69583333333333,33.74166666666667,185.20833333333337,0.4287499999999999,172.08333333333334,2.4166666666666665,161.58333333333334,92.45833333333331,34.03333333333333,55.958333333333336,10.5625,2024,6,28,4,Summer,48.575,139.42499999999998,197.0,44.230555555555554,121.1125,173.6527777777778,0.3223991425933778,16.291911672560634,1904.4486111111112,2
2024-06-29,132.33333333333334,42.74166666666667,484.4166666666667,34.69583333333333,24.608333333333334,163.29166666666666,0.5941666666666666,175.08333333333334,2.2083333333333335,164.25,98.75,34.37916666666667,64.45833333333333,10.154166666666669,2024,6,29,5,Summer,47.75,148.10833333333332,161.58333333333334,44.60972222222222,136.0736111111111,171.84722222222226,0.3229848842091822,17.24250958629368,2216.0237847222224,2
2024-06-30,231.45,60.54583333333333,504.25,33.670833333333334,25.145833333333332,160.79166666666666,0.7329166666666667,388.625,1.9479166666666667,148.91666666666666,109.75,33.925000000000004,55.125,11.325,2024,6,30,6,Summer,42.74166666666667,132.33333333333334,164.25,46.355555555555554,139.95555555555555,174.2777777777778,0.26159357559619684,34.31567025910197,1870.1156250000001,2
2024-07-01,172.3125,51.90416666666667,436.4583333333333,23.4125,22.829166666666666,200.0,0.5983333333333333,238.125,2.1666666666666665,177.54166666666666,119.29166666666669,34.25416666666667,47.666666666666664,14.875,2024,7,1,0,Summer,60.54583333333333,231.45,148.91666666666666,50.345833333333324,170.63055555555556,158.25000000000003,0.30122113233483083,16.008402285149426,1632.7819444444444,2
2024-07-02,140.4375,49.17083333333333,451.625,26.3875,22.9375,182.91666666666663,0.6162500000000001,159.91666666666666,2.1770833333333335,185.625,108.91666666666669,35.637499999999996,37.666666666666664,13.520833333333334,2024,7,2,1,Summer,51.90416666666667,172.3125,177.54166666666666,51.730555555555554,178.6986111111111,163.56944444444446,0.350126091558218,11.827425935721964,1342.345833333333,2
2024-07-03,112.87916666666666,41.59166666666667,388.4166666666667,27.241666666666664,17.766666666666666,134.66666666666666,0.625,132.04166666666666,2.2354166666666666,124.83333333333331,87.125,35.18333333333333,58.666666666666664,14.6625,2024,7,3,2,Summer,49.17083333333333,140.4375,185.625,53.8736111111111,181.4,170.69444444444446,0.3684618475349436,9.0053986469748,2064.0888888888885,2
2024-07-04,109.08333333333331,33.25416666666667,239.70833333333337,15.05,9.295833333333333,143.20833333333334,0.4395833333333334,162.08333333333334,2.4,116.04166666666669,81.25,35.454166666666666,50.75,22.7375,2024,7,4,3,Summer,41.59166666666667,112.87916666666666,124.83333333333331,47.55555555555555,141.8763888888889,162.66666666666666,0.30485102852695783,7.128458546668489,1799.2989583333333,2
2024-07-05,194.29583333333332,49.3375,287.4166666666667,20.870833333333337,14.641666666666666,146.25,0.545,340.7916666666667,2.2041666666666666,127.0,102.0,34.725,50.041666666666664,17.858333333333334,2024,7,5,4,Summer,33.25416666666667,109.08333333333331,116.04166666666669,41.33888888888889,120.8,142.1666666666667,0.2539297878891049,19.083060060677923,1737.696875,2
2024-07-06,151.69583333333333,48.583333333333336,378.375,31.854166666666668,22.820833333333336,148.29166666666666,0.5279166666666667,211.20833333333337,2.3125,152.79166666666666,109.0,34.829166666666666,51.708333333333336,12.970833333333331,2024,7,6,5,Summer,49.3375,194.29583333333332,127.0,41.394444444444446,138.75277777777777,122.62500000000001,0.32026807820297365,16.283326724060906,1800.9581597222223,2
2024-07-07,257.325,69.41250000000001,671.75,56.979166666666664,38.42916666666667,129.25,0.7479166666666667,384.4166666666667,2.004166666666667,162.875,118.66666666666669,35.800000000000004,41.125,10.333333333333334,2024,7,7,6,Summer,48.583333333333336,151.69583333333333,152.79166666666666,43.725,151.69166666666663,131.94444444444446,0.2697464285640866,37.20160930307007,1472.275,2
2024-07-08,214.40416666666667,68.25,631.4583333333334,50.1375,31.858333333333334,159.25,0.8329166666666666,286.375,1.89375,179.375,144.91666666666666,36.27916666666667,40.625,10.304166666666664,2024,7,8,0,Summer,69.41250000000001,257.325,162.875,55.77777777777778,201.10555555555553,147.55555555555557,0.31832403606122067,27.79215257981537,1473.8411458333335,2
2024-07-09,154.82083333333333,48.67083333333333,347.1666666666667,35.208333333333336,15.475,125.70833333333331,0.6737500000000001,230.66666666666663,2.2,157.58333333333334,106.58333333333331,38.90833333333333,43.708333333333336,18.1875,2024,7,9,1,Summer,68.25,214.40416666666667,179.375,62.081944444444446,207.8083333333333,165.0138888888889,0.31436875755716276,12.682702624547849,1700.6184027777779,2
2024-07-10,208.40833333333333,52.40833333333333,376.2083333333333,43.94166666666666,17.991666666666667,63.791666666666664,0.8204166666666667,382.0416666666667,1.9958333333333331,129.95833333333334,107.58333333333331,38.3,37.5,13.75,2024,7,10,2,Summer,48.67083333333333,154.82083333333333,157.58333333333334,62.11111111111111,208.85,166.61111111111114,0.25146946978382434,27.784846464132382,1436.25,2
2024-07-11,229.825,65.02916666666667,441.4166666666667,42.916666666666664,19.908333333333335,106.375,0.7366666666666667,359.1666666666667,2.1020833333333333,154.29166666666666,130.41666666666666,37.82083333333333,48.0,14.583333333333334,2024,7,11,3,Summer,52.40833333333333,208.40833333333333,129.95833333333334,56.44305555555555,192.54444444444448,155.6388888888889,0.2829507946642701,24.628569739755218,1815.4,2
2024-07-12,173.7458333333333,59.520833333333336,527.7916666666666,31.95,21.629166666666663,152.875,0.5775,205.0,2.222916666666667,170.91666666666666,129.375,36.53333333333333,53.916666666666664,15.691666666666665,2024,7,12,4,Summer,65.02916666666667,229.825,154.29166666666666,55.36944444444444,197.68472222222223,147.2777777777778,0.3425741604782418,13.064258328353162,1969.7555555555555,2
2024-07-13,121.88333333333333,51.13333333333333,522.8333333333334,32.78333333333333,25.291666666666668,194.66666666666663,0.4258333333333333,106.125,2.2520833333333337,178.79166666666666,94.79166666666669,36.4375,45.916666666666664,12.508333333333333,2024,7,13,5,Summer,59.520833333333336,173.7458333333333,170.91666666666666,58.986111111111114,203.99305555555554,151.72222222222226,0.4195268665155734,8.484343092524204,1673.0885416666665,2
2024-07-14,200.1625,65.575,516.5833333333334,31.770833333333332,21.854166666666668,184.41666666666663,0.4870833333333333,278.5833333333333,2.2958333333333334,181.08333333333337,99.04166666666669,35.50833333333333,46.041666666666664,9.904166666666669,2024,7,14,6,Summer,51.13333333333333,121.88333333333333,178.79166666666666,58.56111111111111,175.15138888888887,168.0,0.32760881619879445,28.12788946121435,1634.8628472222222,2
2024-07-15,261.7916666666667,60.575,440.3333333333333,35.46666666666667,23.03333333333333,130.04166666666666,0.5916666666666667,476.8333333333333,2.214583333333333,155.375,130.0,35.125,66.16666666666667,9.55,2024,7,15,0,Summer,65.575,200.1625,181.08333333333337,58.743055555555564,165.26388888888889,176.93055555555557,0.23138627955542404,49.93018674378498,2324.104166666667,2
2024-07-16,227.1875,77.08333333333333,601.875,39.704166666666666,22.77916666666667,159.79166666666666,0.7975,287.5416666666667,1.9666666666666668,173.66666666666666,146.20833333333334,38.75416666666667,49.416666666666664,14.854166666666666,2024,7,16,1,Summer,60.575,261.7916666666667,155.375,59.09444444444444,194.61250000000004,171.75000000000003,0.3392939003864184,19.357642455586486,1915.1017361111112,2
2024-07-17,204.25833333333333,75.65416666666667,575.9166666666666,33.09166666666667,24.108333333333334,164.70833333333334,0.8204166666666667,192.375,2.1395833333333334,188.54166666666663,125.45833333333331,37.079166666666666,55.666666666666664,14.275,2024,7,17,2,Summer,77.08333333333333,227.1875,173.66666666666666,67.74444444444445,229.71388888888887,170.0416666666667,0.3703847234120939,13.476356323897981,2064.073611111111,2
2024-07-18,181.22083333333333,58.42916666666667,439.5416666666667,25.52916666666667,17.599999999999998,170.83333333333334,0.7200000000000001,260.75,2.2395833333333335,162.25,112.875,36.454166666666666,53.833333333333336,15.554166666666667,2024,7,18,3,Summer,75.65416666666667,204.25833333333333,188.54166666666663,71.10416666666667,231.07916666666668,172.5277777777778,0.32241969794264075,16.763995707645602,1962.4493055555556,2
2024-07-19,251.07083333333333,70.08333333333333,503.375,36.516666666666666,25.854166666666668,154.20833333333334,0.8616666666666667,398.5416666666667,1.9979166666666668,157.95833333333334,131.45833333333334,35.229166666666664,67.20833333333333,11.0125,2024,7,19,4,Summer,58.42916666666667,181.22083333333333,162.25,70.38888888888889,204.22222222222226,174.81944444444446,0.27913769243418945,36.18993239289302,2367.6935763888887,2
2024-07-20,255.63333333333333,70.37916666666668,576.4583333333334,42.44583333333333,31.575,169.25,0.7566666666666667,382.8333333333333,2.1104166666666666,171.70833333333334,141.125,34.7875,72.91666666666667,10.670833333333334,2024,7,20,5,Summer,70.08333333333333,251.07083333333333,157.95833333333334,68.05555555555556,212.18333333333337,169.58333333333334,0.2753129471561627,35.876607336827114,2536.588541666667,2
2024-07-21,178.59583333333333,56.87083333333334,451.125,38.38333333333333,23.7875,120.5,0.64875,237.375,2.1416666666666666,157.58333333333334,125.375,35.99583333333333,68.04166666666667,11.7625,2024,7,21,6,Summer,70.37916666666668,255.63333333333333,171.70833333333334,66.29722222222222,229.30833333333337,163.97222222222226,0.31843314568686387,20.180657157861244,2449.2164930555555,2
2024-07-22,204.03333333333333,57.8875,553.125,41.49166666666667,28.391666666666666,149.79166666666666,0.58625,308.625,2.2291666666666665,164.04166666666666,118.125,35.475,70.16666666666667,9.391666666666667,2024,7,22,0,Summer,56.87083333333334,178.59583333333333,157.58333333333334,65.77777777777779,228.43333333333337,162.41666666666669,0.2837158947048723,32.86157591536015,2489.1625000000004,2
2024-07-23,170.05833333333334,40.479166666666664,398.2916666666667,31.370833333333337,19.325,135.83333333333334,0.5395833333333333,297.0833333333333,2.372916666666667,140.125,110.91666666666669,35.083333333333336,66.625,12.829166666666666,2024,7,23,1,Summer,57.8875,204.03333333333333,164.04166666666666,61.712500000000006,212.7541666666667,164.44444444444446,0.23803106637116048,23.15686730833123,2337.4270833333335,2
2024-07-24,145.92916666666667,40.65833333333333,358.5,21.566666666666663,15.995833333333332,163.875,0.4566666666666667,226.0,2.377083333333333,137.25,102.83333333333331,35.487500000000004,54.083333333333336,15.75,2024,7,24,2,Summer,40.479166666666664,170.05833333333334,140.125,51.74583333333334,184.2291666666667,153.91666666666666,0.27861690697918345,14.349205438145686,1919.2822916666669,2
2024-07-25,210.075,64.1375,518.875,22.40416666666667,16.8625,191.70833333333337,0.5287499999999999,303.6666666666667,2.277083333333333,178.58333333333334,113.25,35.666666666666664,43.625,14.504166666666668,2024,7,25,3,Summer,40.65833333333333,145.92916666666667,137.25,46.34166666666667,173.3402777777778,147.1388888888889,0.30530762677468704,20.93651105292656,1555.9583333333333,2
2024-07-26,173.55416666666667,49.52916666666667,484.125,24.05,15.075,173.625,0.7004166666666666,265.0416666666667,2.1104166666666666,175.79166666666666,116.5,36.233333333333334,47.791666666666664,13.766666666666666,2024,7,26,4,Summer,64.1375,210.075,178.58333333333334,48.42499999999999,175.3541666666667,151.98611111111114,0.28538160352215725,19.252419909025193,1731.651388888889,2
2024-07-27,231.9958333333333,69.7125,479.7916666666667,20.575,17.941666666666666,199.0,0.79625,347.6666666666667,1.9770833333333335,165.20833333333334,120.33333333333331,35.99166666666667,43.416666666666664,17.55,2024,7,27,5,Summer,49.52916666666667,173.55416666666667,175.79166666666666,51.44166666666666,176.51944444444447,163.875,0.3004903092347623,19.81006534795449,1562.6381944444445,2
2024-07-28,160.90416666666667,42.00416666666667,249.54166666666663,14.966666666666669,11.1375,127.45833333333331,0.6879166666666666,281.0416666666667,2.05,152.75,119.33333333333331,35.94583333333333,54.25,21.633333333333336,2024,7,28,6,Summer,69.7125,231.9958333333333,165.20833333333334,61.12638888888889,205.20833333333334,173.19444444444446,0.26105083091249454,12.991139615201558,1950.0614583333333,2
2024-07-29,243.925,59.99166666666667,280.8333333333333,20.720833333333335,14.845833333333331,140.20833333333334,0.6825,442.625,2.120833333333333,134.5,122.54166666666669,35.40833333333333,56.875,15.983333333333334,2024,7,29,0,Summer,42.00416666666667,160.90416666666667,152.75,53.74861111111111,188.8180555555556,164.58333333333334,0.24594308258982714,27.692907547888996,2013.8489583333333,2
2024-07-30,225.65416666666667,72.52916666666667,524.0,36.395833333333336,23.4625,149.625,0.8995833333333333,322.9166666666667,1.991666666666667,166.0,131.625,37.775,52.791666666666664,17.625,2024,7,30,1,Summer,59.99166666666667,243.925,134.5,57.23611111111111,212.275,150.81944444444446,0.32141735921228715,18.32151196284566,1994.205208333333,2
2024-07-31,345.45,93.04583333333332,459.7083333333333,39.06666666666667,16.912499999999998,92.5,1.0741666666666667,625.2916666666666,1.5625,170.0,147.91666666666666,38.775,40.833333333333336,15.454166666666666,2024,7,31,2,Summer,72.52916666666667,225.65416666666667,166.0,58.17499999999999,210.16111111111113,151.08333333333334,0.26934674501081657,40.461038093650814,1583.3125,2
2024-08-01,258.32916666666665,80.77083333333333,550.9166666666666,41.05416666666667,26.27916666666667,107.29166666666669,1.0279166666666668,371.9166666666667,1.7354166666666666,197.58333333333337,175.5,38.358333333333334,44.958333333333336,14.608333333333334,2024,8,1,3,Summer,93.04583333333332,345.45,170.0,75.18888888888888,271.6763888888889,156.83333333333334,0.3126663321176161,25.45921103530786,1724.5267361111112,2
2024-08-02,193.05416666666667,55.28333333333333,412.875,25.204166666666666,17.400000000000002,160.45833333333334,0.85,306.2083333333333,2.06875,167.08333333333334,122.0,36.145833333333336,61.708333333333336,13.6375,2024,8,2,4,Summer,80.77083333333333,258.32916666666665,197.58333333333337,82.11527777777776,276.4777777777778,177.86111111111117,0.28636177090352827,22.453405014110235,2230.499131944445,2
2024-08-03,156.12916666666666,45.458333333333336,386.8333333333333,30.629166666666663,18.379166666666663,131.5,0.91125,251.29166666666663,1.8270833333333336,133.95833333333334,112.04166666666669,35.891666666666666,63.5,12.054166666666667,2024,8,3,5,Summer,55.28333333333333,193.05416666666667,167.08333333333334,76.36666666666666,265.61111111111114,178.22222222222226,0.2911584940386422,20.846870029986583,2279.1208333333334,2
2024-08-04,250.6625,53.35833333333333,320.75,23.675,15.504166666666668,138.25,0.6854166666666667,481.5833333333333,2.1041666666666665,130.70833333333334,119.54166666666669,34.699999999999996,66.70833333333333,13.4625,2024,8,4,6,Summer,45.458333333333336,156.12916666666666,133.95833333333334,60.50416666666666,202.5041666666667,166.20833333333337,0.21286922902494032,35.772204089963175,2314.7791666666662,2
2024-08-05,249.14583333333337,59.04583333333333,361.7916666666667,33.40416666666667,17.966666666666665,90.54166666666669,0.7916666666666666,451.625,1.58125,146.125,131.45833333333334,35.75,59.0,15.966666666666669,2024,8,5,0,Summer,53.35833333333333,250.6625,130.70833333333334,51.36666666666665,199.94861111111115,143.9166666666667,0.2369930586691473,28.285488833894224,2109.25,2
2024-08-06,239.9958333333333,64.77916666666667,286.6666666666667,21.925,11.866666666666667,106.29166666666669,0.7891666666666667,410.875,2.0124999999999997,169.70833333333334,157.125,34.795833333333334,50.291666666666664,16.95416666666667,2024,8,6,1,Summer,59.04583333333333,249.14583333333337,146.125,52.62083333333333,218.64583333333337,136.93055555555557,0.2699178793940817,24.234454210796503,1749.940451388889,2
2024-08-07,219.3375,62.44583333333333,543.7916666666666,42.34583333333333,28.0625,118.58333333333331,0.8233333333333333,327.0833333333333,2.0124999999999997,152.875,122.66666666666669,36.2125,51.75,11.779166666666669,2024,8,7,2,Summer,64.77916666666667,239.9958333333333,169.70833333333334,59.0611111111111,246.60138888888892,148.84722222222226,0.28470203703712904,27.767949535087407,1873.9968749999998,2
2024-08-08,230.40833333333333,58.375,412.25,34.458333333333336,20.133333333333333,102.0,0.7683333333333334,392.8333333333333,2.1145833333333335,151.0,124.0,36.454166666666666,52.583333333333336,18.716666666666665,2024,8,8,3,Summer,62.44583333333333,219.3375,152.875,62.09027777777777,236.15972222222226,156.23611111111111,0.25335455060209966,20.98842274327216,1916.8815972222224,2
2024-08-09,334.42083333333335,62.62916666666666,274.7083333333333,23.55,11.7625,76.29166666666667,0.6745833333333334,689.3333333333334,2.13125,170.91666666666666,157.58333333333334,36.275,50.208333333333336,24.325,2024,8,9,4,Summer,58.375,230.40833333333333,151.0,61.86666666666667,229.9138888888889,157.86111111111111,0.18727650982486682,28.338470914485608,1821.3072916666667,2
2024-08-10,219.7458333333333,46.75,310.1666666666667,31.366666666666664,14.658333333333331,63.833333333333336,0.5337500000000001,425.875,2.2333333333333334,165.66666666666666,154.58333333333334,35.97083333333333,48.75,19.183333333333337,2024,8,10,5,Summer,62.62916666666666,334.42083333333335,170.91666666666666,61.15,261.3888888888889,158.2638888888889,0.2127457848829332,22.200259485651106,1753.578125,2
2024-08-11,149.43333333333334,41.12083333333333,347.0416666666667,34.25833333333333,17.712500000000002,69.375,0.5858333333333333,246.41666666666663,2.2062500000000003,121.375,113.58333333333331,36.2875,49.25,15.1625,2024,8,11,6,Summer,46.75,219.7458333333333,165.66666666666666,55.918055555555554,261.52500000000003,162.5277777777778,0.27517845008803177,16.25171643297281,1787.1593750000002,2
2024-08-12,127.125,46.45416666666667,439.125,45.4625,23.633333333333336,78.79166666666667,0.6354166666666666,145.125,2.066666666666667,116.29166666666669,92.125,37.104166666666664,49.083333333333336,12.316666666666668,2024,8,12,0,Summer,41.12083333333333,149.43333333333334,121.375,50.166666666666664,234.5333333333334,152.6527777777778,0.3654211705112724,11.782813657687658,1821.1961805555554,2
2024-08-13,172.3708333333333,46.3125,392.1666666666667,37.083333333333336,18.929166666666667,99.95833333333331,0.685,277.375,1.9416666666666669,127.20833333333331,97.20833333333331,37.645833333333336,46.416666666666664,13.958333333333334,2024,8,13,1,Summer,46.45416666666667,127.125,116.29166666666669,44.775000000000006,165.43472222222223,134.44444444444449,0.26867944440322306,19.87164036740487,1747.3940972222222,2
2024-08-14,222.925,48.6875,334.875,36.1125,16.979166666666668,75.375,0.5545833333333333,425.2916666666667,2.066666666666667,131.0,121.04166666666669,37.75416666666667,47.208333333333336,15.491666666666667,2024,8,14,2,Summer,46.3125,172.3708333333333,127.20833333333331,44.62916666666667,149.64305555555558,121.62500000000001,0.21840304937354243,27.4529299115914,1782.3112847222226,2
2024-08-15,238.2375,51.3625,375.5416666666667,37.9125,19.095833333333335,66.45833333333333,0.5066666666666667,444.7083333333333,2.2270833333333333,139.45833333333334,133.66666666666666,37.46666666666667,48.875,13.770833333333334,2024,8,15,3,Summer,48.6875,222.925,131.0,47.151388888888896,174.14027777777778,124.83333333333336,0.21559368186958944,32.29349235992794,1831.1833333333334,2
2024-08-16,190.2375,57.475,668.1666666666666,54.0,35.63333333333333,97.125,0.4654166666666666,251.70833333333337,2.310416666666667,148.125,125.70833333333331,35.13333333333333,60.375,9.15,2024,8,16,4,Summer,51.3625,238.2375,139.45833333333334,48.787499999999994,211.1777777777778,132.55555555555557,0.30212234547803485,27.509104461664364,2121.175,2
2024-08-17,336.9875,62.94583333333333,372.4583333333333,38.1125,19.25,74.91666666666667,0.6654166666666667,680.25,1.95,157.08333333333334,134.91666666666666,36.13333333333333,55.833333333333336,21.020833333333332,2024,8,17,5,Summer,57.475,190.2375,148.125,52.508333333333326,217.13333333333335,139.5277777777778,0.1867898160808443,32.36075168154997,2017.4444444444446,2
2024-08-18,357.75,60.6875,242.54166666666663,24.97083333333333,11.508333333333333,65.45833333333333,0.86,771.9583333333334,1.6583333333333334,235.25,191.58333333333337,35.454166666666666,53.708333333333336,24.491666666666664,2024,8,18,6,Summer,62.94583333333333,336.9875,157.08333333333334,57.26111111111111,255.1541666666667,148.22222222222226,0.16963661727564888,31.519222938990563,1904.1842013888888,2
2024-08-19,269.8333333333333,54.57916666666667,337.625,35.487500000000004,16.958333333333332,58.791666666666664,0.9083333333333332,535.9166666666666,1.8020833333333333,177.16666666666666,163.58333333333334,36.108333333333334,50.0,15.1875,2024,8,19,0,Summer,60.6875,357.75,235.25,60.36944444444445,294.99166666666673,180.1527777777778,0.20226991895391017,35.28669177810534,1805.4166666666667,2
2024-08-20,222.5583333333333,49.25,318.6666666666667,32.487500000000004,15.4125,64.5,0.8466666666666667,416.3333333333333,1.83125,146.29166666666666,138.16666666666666,35.766666666666666,50.541666666666664,15.6,2024,8,20,1,Summer,54.57916666666667,269.8333333333333,177.16666666666666,59.40416666666667,321.52361111111117,189.83333333333334,0.22129029742933182,26.688032477262876,1807.7069444444444,2
2024-08-21,257.6625,49.01666666666667,262.0833333333333,25.858333333333334,12.3,61.291666666666664,0.69625,524.4583333333334,1.9416666666666669,150.58333333333334,142.33333333333334,35.016666666666666,48.208333333333336,16.5,2024,8,21,2,Summer,49.25,222.5583333333333,146.29166666666666,54.838888888888896,283.3805555555556,186.23611111111111,0.19023593451290247,31.78535160896859,1688.0951388888889,2
2024-08-22,203.01666666666665,42.55833333333333,366.125,35.30416666666667,18.25,52.958333333333336,0.67375,388.4583333333333,1.94375,124.25,121.20833333333331,34.6875,50.666666666666664,14.529166666666669,2024,8,22,3,Summer,49.01666666666667,257.6625,150.58333333333334,50.94861111111112,250.0180555555556,158.0138888888889,0.20962975021937566,26.736447830012192,1757.5,2
2024-08-23,188.3125,44.57083333333333,487.2083333333333,47.17916666666667,27.929166666666664,64.0,0.5516666666666666,318.8333333333333,2.1729166666666666,128.41666666666666,122.5,35.229166666666664,55.083333333333336,11.666666666666666,2024,8,23,4,Summer,42.55833333333333,203.01666666666665,124.25,46.94166666666666,227.74583333333337,140.37500000000003,0.23668547279998864,27.328569086122652,1940.5399305555554,2
2024-08-24,169.2875,49.71666666666667,508.5,53.9125,27.97083333333333,70.79166666666667,0.5466666666666666,247.58333333333337,2.0229166666666667,127.45833333333331,112.375,35.983333333333334,53.083333333333336,11.095833333333331,2024,8,24,5,Summer,44.57083333333333,188.3125,128.41666666666666,45.38194444444445,216.3305555555556,134.41666666666669,0.2936818511289069,22.31317861240599,1910.115277777778,2
2024-08-25,146.64583333333334,51.99583333333334,523.5,53.03333333333333,27.883333333333336,75.70833333333333,0.4329166666666666,158.70833333333334,2.11875,139.58333333333334,103.29166666666669,35.824999999999996,55.208333333333336,12.870833333333332,2024,8,25,6,Summer,49.71666666666667,169.2875,127.45833333333331,45.61527777777778,186.87222222222226,126.70833333333333,0.35456740772563783,12.330850450176724,1977.8385416666665,2
2024-08-26,116.3875,54.05416666666667,571.125,46.80833333333334,28.495833333333337,62.916666666666664,0.4341666666666666,106.25,2.1979166666666665,141.08333333333334,92.54166666666669,34.1875,62.208333333333336,11.525,2024,8,26,0,Summer,51.99583333333334,146.64583333333334,139.58333333333334,48.76111111111111,168.08194444444447,131.81944444444446,0.4644327458037497,9.219088137172395,2126.7473958333335,2
2024-08-27,137.88750000000002,71.72916666666667,546.3333333333334,44.35,27.383333333333336,100.625,0.4404166666666667,73.91666666666667,2.2395833333333335,153.25,90.5,34.4125,67.83333333333333,10.8,2024,8,27,1,Summer,54.05416666666667,116.3875,141.08333333333334,51.922222222222224,144.10694444444448,136.0416666666667,0.5202006428897907,6.844135168752917,2334.3145833333333,2
2024-08-28,147.36249999999998,84.14583333333333,612.25,55.479166666666664,32.416666666666664,106.5,0.4270833333333333,39.916666666666664,2.245833333333333,164.125,104.41666666666669,35.12916666666667,65.95833333333333,10.729166666666666,2024,8,28,2,Summer,71.72916666666667,137.88750000000002,153.25,59.25972222222223,133.6402777777778,144.6388888888889,0.5710125219260044,3.7203880027599534,2317.0612847222224,2
2024-08-29,145.49166666666665,77.71666666666667,576.6666666666666,42.3125,22.395833333333332,125.70833333333331,0.4375,62.708333333333336,2.1750000000000003,167.08333333333334,103.75,35.03333333333333,60.291666666666664,10.433333333333334,2024,8,29,3,Summer,84.14583333333333,147.36249999999998,164.125,69.97638888888889,133.87916666666672,152.81944444444446,0.5341657561086036,6.0103828105064405,2112.2180555555556,2
2024-08-30,192.09583333333333,69.77916666666667,564.5416666666666,31.770833333333332,19.45,152.79166666666666,0.6066666666666667,240.29166666666663,1.9020833333333331,161.58333333333334,108.16666666666669,34.175000000000004,72.75,8.841666666666667,2024,8,30,4,Summer,77.71666666666667,145.49166666666665,167.08333333333334,77.8638888888889,143.5805555555556,161.48611111111111,0.36325184722945486,27.17718825517192,2486.2312500000003,2
2024-08-31,224.71666666666667,55.70416666666667,400.0,36.9375,18.6875,88.08333333333333,0.6308333333333334,400.3333333333333,1.925,153.625,118.95833333333331,36.96666666666667,46.75,18.941666666666663,2024,8,31,5,Summer,69.77916666666667,192.09583333333333,161.58333333333334,77.21388888888889,161.65,164.2638888888889,0.24788622599768798,21.135062676547506,1728.1916666666668,2
2024-09-01,293.2291666666667,60.25,293.25,30.866666666666664,13.816666666666668,71.66666666666667,0.5404166666666667,588.7083333333334,1.94375,165.16666666666666,152.5,34.895833333333336,47.125,16.054166666666667,2024,9,1,6,Autumn,55.70416666666667,224.71666666666667,153.625,67.73333333333333,187.43472222222226,160.7638888888889,0.20547069201686727,36.67012488948093,1644.4661458333335,3
2024-09-02,187.1875,48.74583333333334,306.4583333333333,31.25,14.925,66.95833333333333,0.42375,343.5,2.0833333333333335,149.04166666666666,136.45833333333334,34.574999999999996,47.625,14.766666666666666,2024,9,2,0,Autumn,60.25,293.2291666666667,165.16666666666666,61.91111111111112,236.68055555555557,160.12500000000003,0.26041179604899656,23.26184944050681,1646.6343749999999,3
2024-09-03,143.74166666666667,44.88333333333333,362.5,39.50416666666667,16.6375,83.08333333333333,0.3791666666666666,215.875,2.18125,124.75,101.79166666666669,35.137499999999996,49.5,14.845833333333331,2024,9,3,1,Autumn,48.74583333333334,187.1875,149.04166666666666,54.900000000000006,235.04444444444448,155.94444444444446,0.3122499833341064,14.541116056730889,1739.3062499999999,3
2024-09-04,194.72083333333333,50.1125,355.1666666666667,36.020833333333336,14.941666666666668,47.583333333333336,0.3608333333333333,358.6666666666667,2.1,127.83333333333331,104.70833333333331,34.475,47.041666666666664,15.25,2024,9,4,2,Autumn,44.88333333333333,143.74166666666667,124.75,51.293055555555554,208.05277777777783,146.31944444444446,0.25735561462424095,23.519124140822463,1621.7614583333334,3
2024-09-05,146.42499999999998,49.270833333333336,432.25,40.5375,20.5625,77.66666666666667,0.3420833333333333,193.375,2.2312499999999997,139.66666666666666,113.20833333333331,33.65416666666667,57.25,14.783333333333331,2024,9,5,3,Autumn,50.1125,194.72083333333333,127.83333333333331,47.91388888888889,175.2166666666667,133.875,0.33649194466000615,13.080607908865307,1926.7010416666667,3
2024-09-06,196.97916666666663,70.46666666666667,623.6666666666666,50.28333333333333,27.9,92.79166666666669,0.3879166666666667,240.25,2.0,147.375,102.5,31.854166666666668,64.91666666666667,9.479166666666666,2024,9,6,4,Autumn,49.270833333333336,146.42499999999998,139.66666666666666,48.08888888888888,161.6291666666667,130.75,0.3577366454604592,25.34505227129119,2067.866319444445,3
2024-09-07,226.22083333333333,78.9875,632.125,56.31666666666666,36.954166666666666,111.95833333333331,0.3954166666666667,279.9166666666667,2.0,164.91666666666666,132.04166666666666,32.9625,63.25,10.0125,2024,9,7,5,Autumn,70.46666666666667,196.97916666666663,147.375,56.61666666666667,179.375,138.29166666666666,0.3491610321072947,27.956717973527965,2084.8781249999997,3
2024-09-08,201.00833333333333,61.74166666666667,433.4166666666667,39.391666666666666,20.720833333333335,111.66666666666669,0.3541666666666667,285.0416666666667,1.9895833333333333,156.20833333333334,121.20833333333331,34.229166666666664,58.291666666666664,13.625,2024,9,8,6,Autumn,78.9875,226.22083333333333,164.91666666666666,66.24166666666666,189.87500000000003,150.6527777777778,0.3071597348012451,20.920487761187445,1995.2751736111109,3
2024-09-09,159.2875,60.541666666666664,511.7916666666667,42.59583333333333,26.670833333333334,110.5,0.3545833333333333,150.04166666666666,2.09375,154.75,117.75,33.487500000000004,59.333333333333336,11.4375,2024,9,9,0,Autumn,61.74166666666667,201.00833333333333,156.20833333333334,70.39861111111111,208.06944444444446,156.1666666666667,0.3800779489074078,13.118395938646621,1986.9250000000004,3
2024-09-10,97.57083333333333,40.3125,424.125,31.066666666666663,19.4375,129.70833333333334,0.3704166666666666,96.0,2.154166666666667,144.75,87.58333333333333,32.6875,74.45833333333333,11.708333333333334,2024,9,10,1,Autumn,60.541666666666664,159.2875,154.75,67.09027777777777,195.5055555555556,158.62500000000003,0.41316137425123933,8.199287555932736,2433.856770833333,3
2024-09-11,109.14583333333331,45.770833333333336,531.375,46.083333333333336,28.27916666666667,120.83333333333331,0.41,92.83333333333331,2.154166666666667,132.33333333333334,80.66666666666667,33.6625,59.958333333333336,11.683333333333332,2024,9,11,2,Autumn,40.3125,97.57083333333333,144.75,54.1986111111111,152.62222222222226,151.9027777777778,0.41935483486752595,7.945791046009326,2018.3473958333334,3
2024-09-12,98.65416666666664,41.291666666666664,415.5833333333333,46.06666666666666,15.516666666666666,84.95833333333333,0.2758333333333333,99.75,2.14375,126.875,84.83333333333333,34.641666666666666,31.333333333333332,12.666666666666666,2024,9,12,3,Autumn,45.770833333333336,109.14583333333331,132.33333333333334,48.87499999999999,122.00138888888893,143.94444444444446,0.4185496430944836,7.874999378289524,1085.4388888888889,3
2024-09-13,119.10416666666669,49.96666666666667,472.2083333333333,43.62083333333334,17.670833333333334,93.45833333333331,0.3291666666666666,112.45833333333331,2.0187500000000003,125.29166666666669,80.125,33.795833333333334,44.541666666666664,14.816666666666668,2024,9,13,4,Autumn,41.291666666666664,98.65416666666664,126.875,42.45833333333333,101.7902777777778,134.6527777777778,0.41952072413206315,7.589988239145899,1505.3227430555555,3
2024-09-14,173.88750000000002,57.97083333333333,568.375,44.92083333333333,25.879166666666663,94.5,0.3925,212.41666666666663,2.0208333333333335,148.04166666666666,97.0,32.94166666666667,60.25,14.520833333333334,2024,9,14,5,Autumn,49.96666666666667,119.10416666666669,125.29166666666669,45.67638888888888,108.96805555555558,128.16666666666669,0.3333812551215704,14.628406453137,1984.7354166666669,3
2024-09-15,276.45,60.34166666666667,380.0,29.633333333333336,15.841666666666669,93.875,0.5075,536.375,1.9083333333333332,150.58333333333334,123.25,33.49166666666667,60.208333333333336,12.641666666666666,2024,9,15,6,Autumn,57.97083333333333,173.88750000000002,148.04166666666666,49.74305555555554,130.54861111111117,133.4027777777778,0.21827334580717428,42.429133097234036,2016.4774305555557,3
2024-09-16,298.22083333333336,61.10833333333333,451.9583333333333,39.4375,24.754166666666663,89.66666666666667,0.4225,580.2916666666666,1.8125,198.04166666666663,175.625,32.387499999999996,55.25,11.283333333333331,2024,9,16,0,Autumn,60.34166666666667,276.45,150.58333333333334,56.093055555555544,189.81388888888895,141.30555555555557,0.20490967195481083,51.429094408056635,1789.4093749999997,3
2024-09-17,132.92499999999998,46.35833333333333,549.75,55.229166666666664,29.829166666666666,73.125,0.27125,172.83333333333334,2.0812500000000003,140.33333333333334,115.79166666666669,31.645833333333332,59.541666666666664,11.320833333333333,2024,9,17,1,Autumn,61.10833333333333,298.22083333333336,198.04166666666663,59.80694444444444,249.51944444444447,165.55555555555557,0.34875556129078633,15.266837076171921,1884.2456597222222,3
2024-09-18,146.6,49.93333333333334,529.5,50.99166666666667,30.0875,69.04166666666667,0.2991666666666666,201.625,2.027083333333333,124.66666666666669,92.25,32.06666666666667,61.083333333333336,10.3875,2024,9,18,2,Autumn,46.35833333333333,132.92499999999998,140.33333333333334,55.9361111111111,235.8652777777778,162.98611111111111,0.3406093655711049,19.41034710851051,1958.7388888888893,3
2024-09-19,150.625,45.87916666666666,435.7083333333333,36.041666666666664,21.975,89.83333333333333,0.3349999999999999,222.875,1.9729166666666669,135.16666666666666,102.66666666666669,32.4,63.458333333333336,10.908333333333331,2024,9,19,3,Autumn,49.93333333333334,146.6,124.66666666666669,52.46666666666666,192.58194444444447,154.34722222222226,0.30459197584779873,20.431625323304026,2056.05,3
2024-09-20,140.73749999999998,42.49166666666667,400.1666666666667,35.987500000000004,17.7625,95.54166666666669,0.2854166666666667,211.58333333333337,2.0791666666666666,123.75,100.08333333333331,32.37916666666667,62.333333333333336,9.683333333333334,2024,9,20,4,Autumn,45.87916666666666,150.625,135.16666666666666,47.390277777777776,143.38333333333335,133.3888888888889,0.3019214236770246,21.850255919078567,2018.3013888888893,3
2024-09-21,73.16666666666667,29.225,453.6666666666667,41.1,21.47083333333333,86.20833333333333,0.3108333333333333,78.33333333333333,1.9875,101.29166666666669,82.5,32.550000000000004,62.25,9.529166666666669,2024,9,21,5,Autumn,42.49166666666667,140.73749999999998,123.75,46.101388888888884,145.98750000000004,127.86111111111113,0.3994305184588084,8.220375175824204,2026.2375000000002,3
2024-09-22,49.395833333333336,26.7625,468.0,44.5,23.191666666666663,80.75,0.2266666666666666,25.625,2.058333333333333,84.375,64.5,33.17916666666667,58.708333333333336,10.645833333333334,2024,9,22,6,Autumn,29.225,73.16666666666667,101.29166666666669,39.198611111111106,121.50972222222225,120.06944444444447,0.5417966992803704,2.407044783682682,1947.893576388889,3
2024-09-23,58.15416666666667,28.6875,430.3333333333333,41.4875,20.420833333333334,87.83333333333333,0.2533333333333333,39.291666666666664,2.033333333333333,79.79166666666667,60.166666666666664,33.50833333333333,48.083333333333336,10.916666666666666,2024,9,23,0,Autumn,26.7625,49.395833333333336,84.375,32.826388888888886,87.76666666666671,103.13888888888891,0.4933008441361179,3.5992363115203383,1611.1923611111113,3
2024-09-24,68.7625,33.608333333333334,403.3333333333333,32.88333333333333,16.95,110.54166666666669,0.25625,40.333333333333336,1.99375,96.41666666666669,65.45833333333333,32.99166666666667,65.95833333333333,12.9875,2024,9,24,1,Autumn,28.6875,58.15416666666667,79.79166666666667,28.224999999999994,60.23888888888893,88.48611111111114,0.48875961235518955,3.105549969415466,2176.0753472222223,3
2024-09-25,71.24583333333334,35.833333333333336,426.75,32.612500000000004,18.895833333333332,132.41666666666666,0.2845833333333333,36.541666666666664,2.00625,122.04166666666669,69.54166666666667,32.59166666666667,70.875,12.325,2024,9,25,2,Autumn,33.608333333333334,68.7625,96.41666666666669,29.686111111111103,58.77083333333337,86.86111111111114,0.5029533820276735,2.964840868302296,2309.9343750000003,3
2024-09-26,97.51666666666668,48.87083333333334,558.875,42.02916666666667,25.233333333333334,107.91666666666669,0.3466666666666667,62.708333333333336,1.9979166666666668,121.875,74.04166666666667,32.44583333333333,75.54166666666667,9.933333333333334,2024,9,26,3,Autumn,35.833333333333336,71.24583333333334,122.04166666666669,32.70972222222222,66.05416666666672,99.4166666666667,0.5011536438097387,6.312918827558508,2451.012326388889,3
2024-09-27,130.98749999999998,56.63333333333333,612.4166666666666,55.541666666666664,30.645833333333332,76.0,0.3929166666666666,123.625,1.9333333333333331,143.29166666666666,83.45833333333333,31.579166666666666,75.20833333333333,8.045833333333333,2024,9,27,4,Autumn,48.87083333333334,97.51666666666668,121.875,39.43749999999999,79.17500000000005,113.44444444444447,0.43235677374540754,15.365093895586469,2375.016493055555,3
2024-09-28,154.55416666666667,56.94583333333333,561.2083333333334,51.7,29.633333333333336,72.625,0.32625,198.95833333333337,1.9541666666666664,151.54166666666666,100.75,32.3375,73.20833333333333,8.4125,2024,9,28,5,Autumn,56.63333333333333,130.98749999999998,143.29166666666666,47.11249999999999,99.9166666666667,129.06944444444446,0.3684522662381435,23.650319130224577,2367.3744791666663,3
2024-09-29,167.5625,51.7625,457.0416666666667,44.25,23.4125,72.83333333333333,0.4620833333333333,251.95833333333337,1.73125,142.45833333333334,100.25,33.12916666666667,62.333333333333336,13.625,2024,9,29,6,Autumn,56.94583333333333,154.55416666666667,151.54166666666666,54.15,127.68611111111115,138.9027777777778,0.30891458226682833,18.49235338282422,2065.051388888889,3
2024-09-30,189.66666666666663,34.583333333333336,268.2916666666667,28.795833333333334,11.620833333333332,48.75,0.4720833333333333,387.4583333333333,1.6854166666666668,128.83333333333334,118.375,32.920833333333334,53.291666666666664,17.104166666666668,2024,9,30,0,Autumn,51.7625,167.5625,142.45833333333334,55.11388888888888,151.03472222222226,145.76388888888889,0.1823374331335461,22.652861038565977,1754.4060763888888,3
2024-10-01,76.39583333333333,22.508333333333336,318.1666666666667,32.266666666666666,15.35,60.458333333333336,0.3379166666666666,108.5,1.8541666666666667,85.29166666666667,87.75,32.641666666666666,54.208333333333336,11.879166666666668,2024,10,1,1,Autumn,34.583333333333336,189.66666666666663,128.83333333333334,47.763888888888886,170.59444444444446,140.94444444444446,0.29462775725603163,9.133636551359952,1769.4503472222223,3
2024-10-02,85.14166666666667,28.041666666666668,357.5833333333333,35.791666666666664,18.125,81.625,0.2329166666666666,102.58333333333331,1.9833333333333336,81.125,75.5,33.19583333333333,56.541666666666664,11.308333333333332,2024,10,2,2,Autumn,22.508333333333336,76.39583333333333,85.29166666666667,36.28472222222222,144.54166666666669,118.86111111111114,0.32935303518426506,9.071480406353981,1876.9477430555555,3
2024-10-03,57.17916666666667,24.291666666666668,366.25,26.8375,15.120833333333335,85.79166666666667,0.1720833333333333,49.583333333333336,2.066666666666667,79.91666666666667,67.75,32.75416666666667,60.208333333333336,11.979166666666666,2024,10,3,3,Autumn,28.041666666666668,85.14166666666667,81.125,28.377777777777776,117.06805555555559,98.41666666666669,0.4248342124928798,4.139130089255228,1972.0737847222224,3
2024-10-04,76.53333333333333,29.2625,285.7083333333333,18.266666666666666,13.329166666666666,118.16666666666669,0.225,73.41666666666667,1.975,85.0,66.125,32.19583333333333,64.91666666666667,17.854166666666668,2024,10,4,4,Autumn,24.291666666666668,57.17916666666667,79.91666666666667,24.94722222222222,72.9055555555556,82.11111111111113,0.38234973368009934,4.112018439466878,2090.0461805555556,3
2024-10-05,71.45833333333333,24.516666666666666,242.91666666666663,17.25,6.791666666666667,114.5,0.1741666666666666,88.83333333333333,1.975,81.79166666666667,64.95833333333333,31.8875,57.333333333333336,15.1625,2024,10,5,5,Autumn,29.2625,76.53333333333333,85.0,27.198611111111102,72.95138888888893,82.01388888888891,0.3430903742074817,5.858752018109238,1828.2166666666667,3
2024-10-06,115.97083333333336,33.4625,394.375,38.1,15.8375,82.0,0.1983333333333333,180.58333333333337,1.9270833333333333,95.25,85.66666666666667,30.3,60.416666666666664,10.4375,2024,10,6,6,Autumn,24.516666666666666,71.45833333333333,81.79166666666667,26.023611111111105,68.39027777777783,82.23611111111114,0.28854237526496707,17.301395547970092,1830.625,3
2024-10-07,94.64166666666668,31.191666666666663,443.6666666666667,50.4375,25.758333333333336,55.583333333333336,0.2958333333333333,123.375,1.7520833333333332,90.625,78.91666666666667,32.1875,49.541666666666664,11.983333333333334,2024,10,7,0,Autumn,33.4625,115.97083333333336,95.25,29.08055555555555,87.98750000000005,87.34722222222224,0.3295764691776722,10.295548514975088,1594.6223958333333,3
2024-10-08,67.0,23.025,304.375,34.0625,15.041666666666666,57.916666666666664,0.24625,84.375,1.7333333333333334,82.125,73.125,32.1625,51.791666666666664,15.195833333333333,2024,10,8,1,Autumn,31.191666666666663,94.64166666666668,90.625,29.7236111111111,94.02361111111117,89.22222222222224,0.3436567112887058,5.552508546037277,1665.7494791666666,3
2024-10-09,63.37916666666666,24.55,383.625,42.44166666666667,20.220833333333335,46.916666666666664,0.2920833333333333,68.83333333333333,1.7020833333333334,75.79166666666667,65.33333333333333,31.120833333333337,53.208333333333336,13.104166666666666,2024,10,9,2,Autumn,23.025,67.0,82.125,29.22638888888888,92.53750000000007,89.33333333333336,0.38735125284568406,5.252781793110452,1655.8876736111115,3
2024-10-10,62.416666666666664,29.025,509.7916666666667,46.291666666666664,26.6,57.875,0.2533333333333333,45.0,1.75,81.16666666666667,66.08333333333333,31.204166666666666,60.708333333333336,10.4625,2024,10,10,3,Autumn,24.55,63.37916666666666,75.79166666666667,26.255555555555546,75.0069444444445,82.84722222222224,0.46502001925201575,4.301074857722833,1894.3529513888889,3
2024-10-11,61.3125,29.879166666666663,435.6666666666667,44.56666666666666,24.90833333333333,66.41666666666667,0.3633333333333333,37.875,1.6104166666666666,87.29166666666667,64.58333333333333,31.295833333333334,59.25,10.620833333333334,2024,10,11,4,Autumn,29.025,62.416666666666664,81.16666666666667,25.533333333333328,64.26527777777781,79.69444444444447,0.4873258500198298,3.56610401888389,1854.278125,3
2024-10-12,69.64166666666667,32.166666666666664,404.0,34.395833333333336,22.045833333333334,92.08333333333331,0.3016666666666667,39.375,1.6166666666666665,90.33333333333331,66.45833333333333,30.8,61.333333333333336,10.108333333333333,2024,10,12,5,Autumn,29.879166666666663,61.3125,87.29166666666667,27.818055555555546,62.369444444444476,81.4166666666667,0.46188823077341296,3.895300521487171,1889.0666666666668,3
2024-10-13,67.16666666666667,33.34583333333333,466.1666666666667,40.87083333333333,23.983333333333334,75.0,0.2091666666666666,31.125,1.7541666666666669,94.75,67.58333333333333,30.21666666666667,55.125,9.745833333333334,2024,10,13,6,Autumn,32.166666666666664,69.64166666666667,90.33333333333331,30.356944444444437,64.45694444444449,86.26388888888891,0.4964640124595928,3.1936721819233336,1665.6937500000001,3
2024-10-14,75.79583333333333,33.791666666666664,387.9583333333333,48.12916666666666,22.03333333333333,66.95833333333333,0.3158333333333333,56.541666666666664,1.5833333333333333,94.625,67.5,31.241666666666664,46.916666666666664,12.383333333333333,2024,10,14,0,Autumn,33.34583333333333,67.16666666666667,94.75,31.797222222222214,66.04027777777782,90.79166666666667,0.44582485256456683,4.565948487271993,1465.7548611111108,3
2024-10-15,104.275,31.495833333333337,293.5416666666667,29.270833333333332,12.633333333333333,74.54166666666667,0.2975,145.79166666666666,1.5625,93.16666666666669,73.79166666666667,30.85,52.083333333333336,17.595833333333335,2024,10,15,1,Autumn,33.791666666666664,75.79583333333333,94.625,33.101388888888884,70.8680555555556,93.23611111111113,0.30204586939618766,8.285578501411592,1606.7708333333335,3
2024-10-16,67.40416666666667,20.254166666666663,265.375,25.979166666666668,11.3375,66.625,0.2554166666666667,98.625,1.6270833333333332,79.83333333333333,75.91666666666667,30.370833333333337,54.416666666666664,17.033333333333335,2024,10,16,2,Autumn,31.495833333333337,104.275,93.16666666666669,32.87777777777777,82.41250000000004,94.18055555555559,0.3004883431960683,5.790117076901149,1652.679513888889,3
2024-10-17,28.025,14.579166666666666,369.375,35.03333333333333,18.379166666666663,51.833333333333336,0.1741666666666666,14.208333333333334,1.7916666666666667,61.208333333333336,54.708333333333336,30.191666666666663,61.583333333333336,12.3875,2024,10,17,3,Autumn,20.254166666666663,67.40416666666667,79.83333333333333,28.513888888888886,82.4916666666667,89.20833333333336,0.5202200230667847,1.1469894802295746,1859.3034722222221,3
2024-10-18,50.35833333333333,25.2375,544.0416666666666,49.72083333333333,29.108333333333334,60.041666666666664,0.2183333333333333,25.875,1.7604166666666667,67.875,44.541666666666664,30.770833333333332,65.79166666666667,10.091666666666669,2024,10,18,4,Autumn,14.579166666666666,28.025,61.208333333333336,22.109722222222217,66.5680555555556,78.06944444444447,0.5011583550986262,2.5639964428740103,2024.4644097222224,3
2024-10-19,60.50833333333333,30.195833333333336,512.5,44.52916666666667,26.758333333333336,76.58333333333333,0.1945833333333333,27.333333333333332,1.75625,82.5,62.041666666666664,31.483333333333334,64.54166666666667,9.729166666666666,2024,10,19,5,Autumn,25.2375,50.35833333333333,67.875,20.023611111111105,48.59583333333337,69.6388888888889,0.49903593721466577,2.8094215527789412,2031.9868055555557,3
2024-10-20,82.31666666666666,40.68333333333333,447.625,33.40416666666667,19.4625,89.95833333333333,0.1979166666666666,35.083333333333336,1.7833333333333332,99.375,68.25,31.366666666666664,66.66666666666667,9.904166666666669,2024,10,20,6,Autumn,30.195833333333336,60.50833333333333,82.5,23.337499999999995,46.29722222222225,70.52777777777779,0.4942295951298288,3.5422798274517633,2091.111111111111,3
2024-10-21,81.4125,39.15,459.375,37.0625,21.266666666666666,85.79166666666667,0.2975,44.166666666666664,1.65625,111.25,72.20833333333333,31.179166666666664,68.16666666666667,12.279166666666669,2024,10,21,0,Autumn,40.68333333333333,82.31666666666666,99.375,32.038888888888884,64.39444444444447,83.25000000000001,0.48088437916923843,3.5968778882759773,2125.379861111111,3
2024-10-22,94.85833333333332,44.43333333333334,398.625,31.445833333333336,19.325,96.29166666666669,0.2933333333333333,74.45833333333333,1.58125,116.70833333333331,76.08333333333333,30.129166666666663,73.0,13.216666666666669,2024,10,22,1,Autumn,39.15,81.4125,111.25,36.67638888888889,74.74583333333337,97.70833333333336,0.46841781110338787,5.633669182824525,2199.4291666666663,3
2024-10-23,121.27083333333331,49.85833333333333,499.625,49.30416666666667,23.983333333333334,77.25,0.37,111.08333333333331,1.3979166666666665,128.79166666666666,81.83333333333333,30.2875,66.20833333333333,13.3875,2024,10,23,2,Autumn,44.43333333333334,94.85833333333332,116.70833333333331,41.42222222222222,86.19583333333337,109.11111111111113,0.4111321044950454,8.29754061892009,2005.2848958333334,3
2024-10-24,78.48333333333333,32.24583333333333,386.7916666666667,37.420833333333334,17.7625,81.58333333333333,0.3270833333333333,65.5,1.4333333333333331,114.5,81.33333333333333,31.670833333333334,56.291666666666664,15.995833333333332,2024,10,24,3,Autumn,49.85833333333333,121.27083333333331,128.79166666666666,44.48055555555555,99.18055555555559,118.91666666666667,0.4108621735715161,4.094816102434003,1782.8039930555556,3
2024-10-25,84.75416666666666,35.645833333333336,379.3333333333333,36.525,17.545833333333334,73.375,0.2799999999999999,64.41666666666667,1.3979166666666665,97.25,72.75,30.4875,59.333333333333336,13.508333333333333,2024,10,25,4,Autumn,32.24583333333333,78.48333333333333,114.5,42.17916666666666,98.2041666666667,120.0,0.42057912094100647,4.7686609671564995,1808.9250000000002,3
2024-10-26,97.4125,31.65416666666667,486.2083333333333,24.641666666666666,13.15,93.70833333333331,0.2270833333333333,131.54166666666666,1.4854166666666666,98.375,77.66666666666667,30.34583333333333,65.875,11.283333333333331,2024,10,26,5,Autumn,35.645833333333336,84.75416666666666,97.25,39.24999999999999,94.83611111111115,113.51388888888891,0.3249497378849422,11.658049188356056,1999.0317708333332,3
2024-10-27,54.833333333333336,23.5,501.75,23.108333333333334,11.804166666666667,110.375,0.1687499999999999,41.916666666666664,1.5333333333333332,81.125,68.5,29.5375,64.45833333333333,12.941666666666668,2024,10,27,6,Autumn,31.65416666666667,97.4125,98.375,33.18194444444444,86.88333333333337,103.37500000000001,0.4285714207555364,3.238892215925907,1903.9380208333332,3
2024-10-28,48.39166666666667,20.8375,334.7083333333333,13.879166666666668,6.141666666666667,107.29166666666669,0.1341666666666666,38.583333333333336,1.5604166666666668,72.83333333333333,60.083333333333336,29.6,57.25,17.116666666666667,2024,10,28,0,Autumn,23.5,54.833333333333336,81.125,30.266666666666662,79.00000000000003,92.25000000000001,0.4306009898963115,2.2541381351039065,1694.6000000000001,3
2024-10-29,42.38333333333333,20.6875,312.0833333333333,14.920833333333334,6.591666666666666,105.58333333333331,0.1479166666666666,24.291666666666668,1.5166666666666666,70.0,53.875,28.554166666666664,57.166666666666664,16.845833333333335,2024,10,29,1,Autumn,20.8375,48.39166666666667,72.83333333333333,25.33055555555555,66.8791666666667,84.11111111111113,0.4881045893486924,1.4419984303537907,1632.3465277777775,3
2024-10-30,45.01666666666667,21.054166666666667,377.5416666666667,18.65,8.304166666666667,111.375,0.1616666666666666,27.208333333333332,1.5083333333333335,71.0,49.583333333333336,28.3375,55.5,14.0125,2024,10,30,2,Autumn,20.6875,42.38333333333333,70.0,21.674999999999994,48.536111111111154,74.65277777777779,0.4676971388145767,1.9417185649680477,1572.7312499999998,3
2024-10-31,74.56666666666666,36.416666666666664,422.5,52.74583333333334,28.27916666666667,81.66666666666667,0.2329166666666666,39.375,1.4479166666666667,88.45833333333333,63.75,27.90833333333333,62.125,9.6,2024,10,31,3,Autumn,21.054166666666667,45.01666666666667,71.0,20.859722222222217,45.263888888888935,71.27777777777779,0.488377284465213,4.101562072753951,1733.8052083333332,3
2024-11-01,82.29166666666667,39.704166666666666,456.3333333333333,53.80833333333334,30.008333333333336,77.91666666666667,0.27,38.25,1.39375,106.54166666666669,71.75,28.21666666666667,65.16666666666667,9.354166666666666,2024,11,1,4,Autumn,36.416666666666664,74.56666666666666,88.45833333333333,26.052777777777774,53.98888888888893,76.48611111111113,0.4824810067951675,4.089086422547554,1838.7861111111113,3
2024-11-02,85.19583333333334,41.75,505.375,59.675,35.791666666666664,70.16666666666667,0.2395833333333333,43.75,1.3916666666666666,115.16666666666669,73.83333333333333,28.1375,69.29166666666667,8.358333333333333,2024,11,2,5,Autumn,39.704166666666666,82.29166666666667,106.54166666666669,32.39166666666666,67.2916666666667,88.66666666666669,0.49004743397019684,5.234296482437112,1949.6942708333333,3
2024-11-03,69.26666666666667,35.19166666666667,636.1666666666666,54.14166666666667,31.4,53.791666666666664,0.1645833333333333,41.666666666666664,1.4270833333333333,108.41666666666669,71.33333333333333,27.429166666666664,73.45833333333333,9.2125,2024,11,3,6,Autumn,41.75,85.19583333333334,115.16666666666669,39.29027777777777,80.68472222222226,103.38888888888891,0.5080606278913289,4.522839852789884,2014.9008680555553,3
2024-11-04,64.77499999999999,37.954166666666666,734.1666666666666,62.520833333333336,34.125,48.25,0.205,23.416666666666668,1.3729166666666668,100.0,68.41666666666667,27.016666666666666,74.79166666666667,7.795833333333333,2024,11,4,0,Autumn,35.19166666666667,69.26666666666667,108.41666666666669,38.881944444444436,78.9180555555556,110.0416666666667,0.5859384960359425,3.003740929504103,2020.6215277777778,3
2024-11-05,66.53750000000001,39.5,663.5416666666666,65.39166666666667,37.645833333333336,56.333333333333336,0.21375,17.916666666666668,1.35,107.70833333333331,70.79166666666667,27.854166666666668,65.75,9.266666666666667,2024,11,5,1,Autumn,37.954166666666666,64.77499999999999,100.0,38.29861111111111,73.0791666666667,107.86111111111114,0.5936501883351465,1.9334530287640617,1831.4114583333335,3
2024-11-06,71.1125,40.84166666666667,445.3333333333333,70.45416666666667,31.579166666666666,55.583333333333336,0.235,27.208333333333332,1.31875,116.5,73.79166666666667,27.733333333333334,61.875,9.716666666666669,2024,11,6,2,Autumn,39.5,66.53750000000001,107.70833333333331,37.54861111111111,66.85972222222226,105.37500000000001,0.5743247121440247,2.8001712384043316,1716.0,3
2024-11-07,66.37916666666666,36.2125,462.2916666666667,50.8625,28.570833333333336,70.5,0.2491666666666666,26.0,1.2958333333333332,101.0,68.625,27.704166666666666,71.5,8.479166666666666,2024,11,7,3,Autumn,40.84166666666667,71.1125,116.5,39.43194444444444,67.47500000000004,108.06944444444446,0.5455401336432345,3.066338704706984,1980.8479166666666,3
2024-11-08,69.29166666666667,34.737500000000004,508.875,42.833333333333336,23.6875,70.79166666666667,0.1966666666666666,40.291666666666664,1.3208333333333333,103.33333333333331,69.5,26.825,71.33333333333333,8.529166666666667,2024,11,8,4,Autumn,36.2125,66.37916666666666,101.0,38.851388888888884,68.00972222222227,108.40277777777779,0.5013229031679196,4.723985767583496,1913.5166666666664,3
2024-11-09,62.25416666666666,35.487500000000004,691.75,53.87916666666666,26.8875,61.541666666666664,0.2108333333333333,23.5,1.29375,95.0,66.58333333333333,25.945833333333336,68.54166666666667,8.629166666666666,2024,11,9,5,Autumn,34.737500000000004,69.29166666666667,103.33333333333331,37.263888888888886,68.92777777777782,106.94444444444446,0.5700421566956619,2.7233217510394883,1778.3706597222226,3
2024-11-10,66.86666666666666,40.40416666666667,529.7083333333334,71.80833333333334,38.854166666666664,48.208333333333336,0.2891666666666667,18.666666666666668,1.2270833333333333,114.5,73.04166666666667,26.675,64.04166666666667,9.0875,2024,11,10,6,Autumn,35.487500000000004,62.25416666666666,95.0,35.479166666666664,65.97500000000004,99.77777777777779,0.6042497417111207,2.054103396155518,1708.3114583333336,3
2024-11-11,61.8875,37.458333333333336,427.0416666666667,59.69166666666666,30.625,54.791666666666664,0.2841666666666667,14.958333333333334,1.1875,106.20833333333331,70.5,26.925,68.625,7.945833333333333,2024,11,11,0,Autumn,40.40416666666667,66.86666666666666,114.5,36.87638888888889,66.13750000000003,104.27777777777779,0.6052649198637595,1.8825377809076733,1847.728125,3
2024-11-12,64.48333333333333,40.608333333333334,449.75,46.5125,27.3625,67.75,0.26125,17.125,1.2270833333333333,105.70833333333331,70.20833333333333,26.808333333333337,67.41666666666667,8.241666666666665,2024,11,12,1,Autumn,37.458333333333336,61.8875,106.20833333333331,37.78333333333333,63.66944444444448,105.23611111111113,0.629749279455943,2.07785616851088,1807.3284722222227,3
2024-11-13,64.96666666666667,41.833333333333336,627.9583333333334,37.9625,24.120833333333337,81.20833333333333,0.315,38.333333333333336,1.2,113.375,72.66666666666667,26.629166666666663,70.04166666666667,9.091666666666669,2024,11,13,2,Autumn,40.608333333333334,64.48333333333333,105.70833333333331,39.49027777777778,64.41250000000004,108.80555555555556,0.6439199490417659,4.216314843301759,1865.1512152777777,3
2024-11-14,61.0375,35.425000000000004,351.5833333333333,33.329166666666666,21.029166666666665,83.95833333333333,0.2625,41.333333333333336,1.1583333333333334,106.54166666666669,70.58333333333333,26.7125,76.75,11.916666666666666,2024,11,14,3,Autumn,41.833333333333336,64.96666666666667,113.375,39.96666666666666,63.779166666666704,108.43055555555556,0.5803809038643309,3.4685311774659158,2050.184375,3
2024-11-15,37.27916666666667,23.375,328.0,23.929166666666664,15.483333333333334,90.20833333333331,0.2195833333333333,19.875,1.1416666666666666,89.79166666666667,64.08333333333333,27.275,64.29166666666667,11.554166666666667,2024,11,15,4,Autumn,35.425000000000004,61.0375,106.54166666666669,39.28888888888889,63.495833333333366,108.54166666666669,0.6270258018904445,1.7201585240396517,1753.5552083333334,3
2024-11-16,23.954166666666666,17.458333333333332,368.625,17.233333333333334,11.329166666666666,107.91666666666669,0.12,6.0,1.2083333333333333,67.08333333333333,47.75,25.8875,61.583333333333336,12.9375,2024,11,16,5,Autumn,23.375,37.27916666666667,89.79166666666667,33.544444444444444,54.42777777777781,103.23611111111114,0.7288223734706262,0.4637680800952209,1594.2385416666666,3
2024-11-17,34.145833333333336,22.270833333333332,396.625,26.629166666666663,17.416666666666668,103.41666666666669,0.1583333333333333,17.166666666666668,1.11875,63.875,43.875,25.820833333333336,54.458333333333336,11.704166666666666,2024,11,17,6,Autumn,17.458333333333332,23.954166666666666,67.08333333333333,25.41944444444444,40.756944444444485,87.80555555555559,0.6522269485619929,1.4667140078279242,1406.1595486111114,3
2024-11-18,44.67083333333333,29.3125,529.6666666666666,52.3625,29.395833333333332,71.54166666666667,0.2070833333333333,27.208333333333332,1.1645833333333333,80.875,59.958333333333336,24.979166666666668,51.5,7.866666666666667,2024,11,18,0,Autumn,22.270833333333332,34.145833333333336,63.875,21.034722222222218,31.793055555555593,73.58333333333336,0.6561887736698718,3.458686001014491,1286.4270833333335,3
2024-11-19,38.7625,29.608333333333334,461.5416666666667,55.37916666666666,29.258333333333336,62.333333333333336,0.2295833333333333,15.791666666666666,1.10625,88.29166666666667,63.958333333333336,25.545833333333334,56.25,8.491666666666667,2024,11,19,1,Autumn,29.3125,44.67083333333333,80.875,23.013888888888886,34.25694444444448,70.61111111111113,0.763839601921799,1.8596661205496228,1436.953125,3
2024-11-20,42.3875,34.604166666666664,468.875,49.666666666666664,32.112500000000004,73.33333333333333,0.2120833333333333,13.833333333333334,1.11875,91.95833333333331,65.29166666666667,25.525,53.666666666666664,7.516666666666667,2024,11,20,2,Autumn,29.608333333333334,38.7625,88.29166666666667,27.063888888888886,39.193055555555596,77.68055555555559,0.8163766641177234,1.8403545223475137,1369.8416666666665,3
2024-11-21,62.54583333333333,35.47083333333333,458.9166666666667,44.74583333333334,27.645833333333332,65.375,0.3225,47.041666666666664,1.0270833333333331,98.33333333333331,67.75,24.3875,62.791666666666664,8.958333333333334,2024,11,21,3,Autumn,34.604166666666664,42.3875,91.95833333333331,31.174999999999994,41.940277777777816,87.04166666666669,0.5671174381381531,5.251162204521428,1531.3317708333332,3
2024-11-22,74.6375,37.25,515.4583333333334,38.795833333333334,33.4125,82.79166666666667,0.3233333333333333,63.125,1.1,101.33333333333331,68.95833333333333,25.6875,73.25,8.5375,2024,11,22,4,Autumn,35.47083333333333,62.54583333333333,98.33333333333331,33.22777777777777,47.898611111111144,92.86111111111113,0.4990788745727165,7.3938497928140805,1881.609375,3
2024-11-23,59.708333333333336,36.225,514.2916666666666,40.141666666666666,25.858333333333334,76.125,0.2370833333333333,36.75,1.0416666666666667,104.29166666666669,69.79166666666667,25.225,77.875,10.1625,2024,11,23,5,Autumn,37.25,74.6375,101.33333333333331,35.775,59.85694444444448,97.20833333333333,0.6066992222185755,3.616235806520462,1964.3968750000001,3
2024-11-24,36.12916666666667,26.7875,421.625,37.49583333333333,23.4,86.20833333333333,0.2083333333333333,10.166666666666666,1.075,93.54166666666669,65.95833333333333,25.520833333333332,70.41666666666667,11.066666666666668,2024,11,24,6,Autumn,36.225,59.708333333333336,104.29166666666669,36.31527777777777,65.6305555555556,101.31944444444446,0.7414369532989427,0.9186746157824142,1797.092013888889,3
2024-11-25,37.891666666666666,30.63333333333333,388.125,58.775,37.425,54.0,0.2279166666666666,5.125,1.0541666666666667,80.33333333333333,60.541666666666664,25.395833333333332,68.58333333333333,9.954166666666667,2024,11,25,0,Autumn,26.7875,36.12916666666667,93.54166666666669,33.42083333333333,56.825000000000045,99.72222222222224,0.8084451073205602,0.5148597222409655,1741.7309027777776,3
2024-11-26,48.95,32.362500000000004,496.2083333333333,58.75416666666666,33.520833333333336,38.75,0.1804166666666666,26.875,1.08125,90.875,65.04166666666667,25.991666666666664,59.166666666666664,9.754166666666666,2024,11,26,1,Autumn,30.63333333333333,37.891666666666666,80.33333333333333,31.21527777777777,44.576388888888935,92.72222222222224,0.6611337965039061,2.7552325240257134,1537.8402777777776,3
2024-11-27,61.208333333333336,44.53333333333333,666.5,77.5125,48.80833333333334,33.541666666666664,0.18375,29.458333333333332,1.0416666666666667,114.875,73.04166666666667,25.35,64.95833333333333,7.4375,2024,11,27,2,Autumn,32.362500000000004,48.95,90.875,29.927777777777777,40.99027777777782,88.25000000000001,0.7275697634706096,3.960783781183133,1646.69375,3
2024-11-28,50.99583333333334,29.525,618.4166666666666,31.84583333333333,21.15,83.54166666666667,0.2925,34.708333333333336,0.9791666666666666,102.5,68.91666666666667,25.308333333333337,76.5,13.204166666666666,2024,11,28,3,Autumn,44.53333333333333,61.208333333333336,114.875,35.84305555555555,49.350000000000044,95.36111111111113,0.5789688586524613,2.628589261324891,1936.0875000000003,3
2024-11-29,24.691666666666663,13.1,244.625,10.758333333333333,6.858333333333333,97.625,0.1775,16.416666666666668,1.0354166666666669,69.04166666666667,50.375,25.141666666666666,60.875,19.679166666666667,2024,11,29,4,Autumn,29.525,50.99583333333334,102.5,35.473611111111104,53.7180555555556,102.75000000000001,0.5305433467211604,0.8342154985789287,1530.4989583333333,3
2024-11-30,23.679166666666664,13.579166666666666,234.375,9.941666666666666,5.858333333333333,106.25,0.0995833333333333,13.125,1.05,54.583333333333336,44.416666666666664,24.0125,58.041666666666664,20.541666666666668,2024,11,30,5,Autumn,13.1,24.691666666666663,69.04166666666667,29.052777777777774,45.631944444444485,95.47222222222224,0.5734646951202663,0.6389452021608826,1393.7255208333333,3
2024-12-01,17.120833333333334,10.925,268.7083333333333,11.0625,6.495833333333334,107.04166666666669,0.0933333333333333,6.25,1.05,54.0,44.875,23.483333333333334,53.583333333333336,19.825,2024,12,1,6,Winter,13.579166666666666,23.679166666666664,54.583333333333336,18.734722222222217,33.12222222222226,75.37500000000001,0.6381114253719294,0.3152584960777556,1258.315277777778,0
2024-12-02,29.045833333333334,19.183333333333337,389.375,21.295833333333334,14.6125,100.45833333333331,0.1983333333333333,13.625,0.88125,56.291666666666664,41.541666666666664,22.8125,52.375,9.283333333333331,2024,12,2,0,Winter,10.925,17.120833333333334,54.0,12.534722222222216,21.830555555555595,59.20833333333335,0.6604504147886818,1.4676838634451856,1194.8046875,0
2024-12-03,34.045833333333334,23.7625,340.0833333333333,41.3625,26.116666666666664,64.54166666666667,0.16375,18.833333333333332,1.0333333333333334,74.0,52.791666666666664,21.170833333333334,53.166666666666664,9.320833333333333,2024,12,3,1,Winter,19.183333333333337,29.045833333333334,56.291666666666664,14.562499999999995,23.281944444444488,54.95833333333335,0.6979561660127916,2.02056303757929,1125.5826388888888,0
2024-12-04,32.916666666666664,24.683333333333337,326.4166666666667,40.791666666666664,24.05416666666667,64.04166666666667,0.1579166666666666,14.333333333333334,1.0541666666666667,73.375,52.083333333333336,20.795833333333334,49.958333333333336,9.85,2024,12,4,2,Winter,23.7625,34.045833333333334,74.0,17.956944444444442,26.737500000000043,61.43055555555557,0.7498733949405553,1.455160596768806,1038.9251736111112,0
2024-12-05,41.13333333333333,33.13333333333333,484.0416666666667,52.333333333333336,33.541666666666664,66.25,0.23375,14.166666666666666,0.9854166666666666,86.75,63.375,20.970833333333335,56.125,8.070833333333333,2024,12,5,3,Winter,24.683333333333337,32.916666666666664,73.375,22.543055555555554,32.00277777777782,67.8888888888889,0.8055105152631156,1.755291470691816,1176.9880208333334,0
2024-12-06,90.98333333333332,45.583333333333336,473.5,42.25416666666667,30.5625,96.45833333333331,0.36625,79.79166666666667,0.9125,107.20833333333331,70.70833333333333,22.59166666666667,68.95833333333333,9.05,2024,12,6,4,Winter,33.13333333333333,41.13333333333333,86.75,27.19305555555555,36.031944444444484,78.04166666666669,0.5010075050264793,8.816757773470597,1557.8836805555557,0
2024-12-07,104.9,39.77916666666667,329.125,28.15416666666667,19.629166666666663,85.45833333333333,0.2845833333333333,116.16666666666669,0.99375,122.66666666666669,86.66666666666667,24.808333333333337,62.416666666666664,8.825000000000001,2024,12,7,5,Winter,45.583333333333336,90.98333333333332,107.20833333333331,34.46666666666666,55.01111111111115,89.11111111111113,0.3792103554571622,13.163360170346348,1548.4534722222224,0
2024-12-08,75.94583333333334,34.824999999999996,382.2083333333333,50.79583333333333,23.825,57.25,0.1833333333333333,70.33333333333333,1.0125,98.04166666666669,69.5,22.9375,50.583333333333336,13.904166666666669,2024,12,8,6,Winter,39.77916666666667,104.9,122.66666666666669,39.4986111111111,79.0055555555556,105.54166666666669,0.4585504959646612,5.0584353569000635,1160.2552083333335,0
2024-12-09,41.391666666666666,27.0625,363.9166666666667,37.13333333333333,20.558333333333337,65.95833333333333,0.1354166666666666,24.083333333333332,1.05,95.45833333333331,68.95833333333333,22.21666666666667,46.041666666666664,11.691666666666668,2024,12,9,0,Winter,34.824999999999996,75.94583333333334,98.04166666666669,40.06249999999999,90.60972222222226,109.30555555555559,0.6538151643934328,2.059871527309634,1022.8923611111112,0
2024-12-10,41.8,33.59583333333333,496.25,51.7,32.225,65.875,0.2695833333333333,10.875,0.9291666666666668,86.79166666666667,63.458333333333336,21.891666666666666,61.166666666666664,7.354166666666667,2024,12,10,1,Winter,27.0625,41.391666666666666,95.45833333333331,33.888888888888886,74.07916666666672,105.38888888888891,0.8037280509474949,1.4787533399995458,1339.0402777777776,0
2024-12-11,78.50416666666666,34.88333333333333,303.2083333333333,40.670833333333334,23.825,73.04166666666667,0.29375,77.70833333333333,0.8979166666666667,102.16666666666669,69.29166666666667,22.554166666666664,56.75,15.258333333333333,2024,12,11,2,Winter,33.59583333333333,41.8,86.79166666666667,31.827777777777772,53.04583333333338,93.43055555555559,0.44435008191475933,5.092845105875798,1279.9489583333332,0
2024-12-12,61.59583333333333,25.304166666666664,340.5833333333333,32.17916666666667,17.304166666666667,64.66666666666667,0.2129166666666666,63.375,0.91875,83.16666666666667,70.20833333333333,21.791666666666668,54.041666666666664,10.516666666666667,2024,12,12,3,Winter,34.88333333333333,78.50416666666666,102.16666666666669,31.847222222222218,53.898611111111144,94.80555555555559,0.41080970719107557,6.026148396879709,1177.657986111111,0
2024-12-13,54.375,34.266666666666666,548.375,50.25833333333333,29.479166666666668,42.375,0.2441666666666666,32.25,0.8791666666666668,88.08333333333333,64.66666666666667,20.870833333333337,62.291666666666664,8.254166666666666,2024,12,13,4,Winter,25.304166666666664,61.59583333333333,83.16666666666667,31.261111111111106,60.633333333333375,90.70833333333337,0.6301915592914963,3.907117144014077,1300.0789930555557,0
2024-12-14,45.583333333333336,30.7875,532.2916666666666,40.37083333333333,26.8,64.45833333333333,0.27875,26.208333333333332,0.8833333333333333,96.91666666666669,67.25,20.7875,66.54166666666667,11.570833333333333,2024,12,14,5,Winter,34.266666666666666,54.375,88.08333333333333,31.484722222222217,64.82500000000005,91.13888888888891,0.6754113197350351,2.2650340138249323,1383.2348958333334,0
2024-12-15,55.30416666666667,26.6875,361.8333333333333,16.6375,12.029166666666669,93.875,0.2620833333333333,47.958333333333336,0.80625,83.875,62.375,19.733333333333334,66.95833333333333,14.370833333333332,2024,12,15,6,Winter,30.7875,45.583333333333336,96.91666666666669,30.11944444444444,53.85138888888893,89.38888888888891,0.48255856883793746,3.3371989559502038,1321.3111111111111,0
2024-12-16,65.03333333333333,33.34583333333333,398.5,22.9875,15.279166666666669,80.66666666666667,0.2620833333333333,52.125,0.8958333333333334,85.375,64.20833333333333,20.395833333333332,61.625,7.754166666666666,2024,12,16,0,Winter,26.6875,55.30416666666667,83.875,30.580555555555552,51.75416666666671,89.62500000000001,0.5127498639761682,6.722191502780247,1256.8932291666665,0
2024-12-17,70.79166666666667,41.666666666666664,444.2916666666667,35.083333333333336,22.670833333333334,58.416666666666664,0.3416666666666667,49.0,0.95625,104.875,70.0,19.545833333333334,61.416666666666664,8.049999999999999,2024,12,17,1,Winter,33.34583333333333,65.03333333333333,85.375,30.27361111111111,55.30694444444449,88.72222222222224,0.588581510226041,6.086955765595558,1200.4399305555555,0
2024-12-18,46.05833333333334,31.7125,341.7083333333333,17.341666666666665,9.4,101.58333333333331,0.3258333333333333,18.583333333333332,0.775,107.75,70.83333333333333,21.129166666666663,55.0,14.8125,2024,12,18,2,Winter,41.666666666666664,70.79166666666667,104.875,33.9,63.70972222222226,91.37500000000001,0.6885290243127405,1.254570942026153,1162.1041666666665,0
2024-12-19,48.92083333333333,37.225,416.5833333333333,34.708333333333336,22.729166666666668,89.16666666666667,0.3324999999999999,16.208333333333332,0.8624999999999999,99.5,68.04166666666667,20.175,59.0,9.929166666666667,2024,12,19,3,Winter,31.7125,46.05833333333334,107.75,35.574999999999996,60.627777777777816,99.33333333333336,0.7609232448154691,1.632395974916058,1190.325,0
2024-12-20,42.1625,34.00416666666667,347.0833333333333,44.70416666666667,24.9125,69.375,0.2220833333333333,10.833333333333334,0.975,93.875,66.08333333333333,19.5375,59.875,8.945833333333333,2024,12,20,4,Winter,37.225,48.92083333333333,99.5,36.86805555555555,55.256944444444485,104.04166666666669,0.8065025997074194,1.210991946605465,1169.8078125000002,0
2024-12-21,42.84166666666667,35.704166666666666,479.8333333333333,38.31666666666667,24.554166666666664,75.0,0.32375,10.458333333333334,0.9083333333333332,112.0,72.16666666666667,18.875,58.0,10.941666666666668,2024,12,21,5,Winter,34.00416666666667,42.1625,93.875,34.31388888888889,45.71388888888893,100.37500000000001,0.8333981521089714,0.9558262645094046,1094.75,0
2024-12-22,78.67916666666666,32.858333333333334,324.7083333333333,16.4875,15.595833333333331,85.79166666666667,0.3654166666666666,78.83333333333333,0.69375,89.04166666666667,65.54166666666667,19.308333333333337,62.666666666666664,14.9375,2024,12,22,6,Winter,35.704166666666666,42.84166666666667,112.0,35.644444444444446,44.64166666666671,101.79166666666669,0.4176243128618422,5.277544974446083,1209.988888888889,0
2024-12-23,66.7,36.11666666666667,470.125,30.34166666666667,20.683333333333337,71.83333333333333,0.3670833333333334,49.541666666666664,0.8729166666666667,95.79166666666669,69.16666666666667,19.616666666666667,60.833333333333336,9.958333333333334,2024,12,23,0,Winter,32.858333333333334,78.67916666666666,89.04166666666667,34.18888888888889,54.56111111111115,98.30555555555559,0.5414792522516854,4.974894897918504,1193.3472222222224,0
2024-12-24,74.44166666666666,40.18333333333333,395.0833333333333,47.416666666666664,29.016666666666666,63.125,0.3641666666666667,58.125,0.84375,111.33333333333331,72.04166666666667,20.258333333333333,67.20833333333333,7.9,2024,12,24,1,Winter,36.11666666666667,66.7,95.79166666666669,34.893055555555556,62.74027777777783,98.94444444444447,0.5397962538032519,7.357594005367847,1361.5288194444443,0
2024-12-25,70.96666666666667,40.795833333333334,509.25,29.583333333333332,21.091666666666665,89.41666666666667,0.3183333333333333,48.875,0.8729166666666667,110.54166666666669,72.0,20.966666666666665,65.625,8.116666666666667,2024,12,25,2,Winter,40.18333333333333,74.44166666666666,111.33333333333331,36.38611111111111,73.27361111111115,98.72222222222224,0.5748590806736625,6.021559833072711,1375.9375,0
2024-12-26,70.28333333333333,49.75833333333333,474.7083333333333,56.375,38.15833333333333,50.541666666666664,0.4704166666666667,32.375,0.7916666666666666,124.5,76.25,20.15,70.375,8.725,2024,12,26,3,Winter,40.795833333333334,70.96666666666667,110.54166666666669,39.03194444444444,70.70277777777783,105.88888888888891,0.7079677395119601,3.7106012939138924,1418.0562499999999,0
2024-12-27,54.6,42.07083333333333,311.875,55.5375,28.879166666666663,56.458333333333336,0.2529166666666667,22.833333333333332,0.9625,133.29166666666666,79.125,20.6625,61.458333333333336,10.341666666666669,2024,12,27,4,Winter,49.75833333333333,70.28333333333333,124.5,43.57916666666666,71.89722222222225,115.45833333333336,0.7705280689158474,2.2078966438778425,1269.8828125000002,0
2024-12-28,43.06666666666666,33.737500000000004,464.1666666666667,53.4,28.975,47.791666666666664,0.1966666666666666,16.583333333333332,0.95625,99.66666666666669,68.04166666666667,20.4,56.583333333333336,8.1,2024,12,28,5,Winter,42.07083333333333,54.6,133.29166666666666,44.208333333333336,65.28333333333337,122.77777777777779,0.783378464782234,2.0473248501245043,1154.3,0
2024-12-29,47.604166666666664,36.28333333333333,622.9583333333334,48.7375,26.325,59.208333333333336,0.3033333333333333,18.083333333333332,0.8729166666666667,103.04166666666669,69.375,20.129166666666663,70.58333333333333,9.1375,2024,12,29,6,Winter,33.737500000000004,43.06666666666666,99.66666666666669,41.855555555555554,55.98333333333338,119.15277777777779,0.7621881677964849,1.979023951224009,1420.7836805555553,0
2024-12-30,60.7625,41.31666666666667,560.9583333333334,46.52916666666667,29.608333333333334,61.875,0.43875,29.166666666666668,0.7979166666666667,102.25,69.04166666666667,20.758333333333333,78.58333333333333,7.9,2024,12,30,0,Winter,36.28333333333333,47.604166666666664,103.04166666666669,37.36388888888889,48.42361111111115,112.00000000000004,0.679969816691164,3.6919826550232924,1631.2590277777776,0
2024-12-31,76.1875,56.49583333333334,698.3333333333334,83.92083333333333,50.06666666666666,21.333333333333332,0.4141666666666666,33.458333333333336,0.8083333333333332,132.375,78.75,21.370833333333337,77.0,6.5125,2024,12,31,1,Winter,41.31666666666667,60.7625,102.25,37.112500000000004,50.47777777777782,101.65277777777781,0.7415367690473709,5.137555193209695,1645.554166666667,0
2025-01-01,62.74166666666667,36.291666666666664,370.5,52.49166666666667,27.86666666666667,51.666666666666664,0.4058333333333333,44.75,0.7583333333333333,138.41666666666666,81.04166666666667,20.533333333333335,64.08333333333333,15.204166666666666,2025,1,1,2,Winter,56.49583333333334,76.1875,132.375,44.69861111111111,61.5180555555556,112.55555555555559,0.5784300611752414,2.943271935767261,1315.8444444444444,0
2025-01-02,18.25,10.645833333333334,247.125,8.541666666666666,6.2625,111.41666666666669,0.10125,9.708333333333334,1.0,71.66666666666667,53.458333333333336,20.179166666666667,49.625,23.3625,2025,1,2,3,Winter,36.291666666666664,62.74166666666667,138.41666666666666,44.701388888888886,66.56388888888893,124.34722222222224,0.5833333013698647,0.4155519707985602,1001.3911458333333,0
2025-01-03,39.95,18.758333333333333,306.5416666666667,15.766666666666666,9.070833333333333,92.375,0.1579166666666666,36.166666666666664,0.8312499999999999,56.541666666666664,38.833333333333336,18.6,46.791666666666664,12.279166666666669,2025,1,3,4,Winter,10.645833333333334,18.25,71.66666666666667,34.477777777777774,52.3930555555556,114.15277777777779,0.4695452531611534,2.945367931154291,870.325,0
2025-01-04,26.45,18.654166666666665,320.625,33.6625,20.783333333333335,72.75,0.1504166666666666,12.166666666666666,0.9083333333333332,66.16666666666667,41.541666666666664,16.900000000000002,41.666666666666664,11.229166666666666,2025,1,4,5,Winter,18.758333333333333,39.95,56.541666666666664,21.89861111111111,40.31388888888893,88.87500000000001,0.7052614730209902,1.0834878441420845,704.1666666666667,0
2025-01-05,29.258333333333336,23.65416666666667,452.75,24.674999999999997,16.570833333333333,98.29166666666669,0.1804166666666666,4.458333333333333,1.0020833333333334,67.875,43.833333333333336,18.654166666666665,55.416666666666664,8.783333333333333,2025,1,5,6,Winter,18.654166666666665,26.45,66.16666666666667,16.019444444444442,28.21666666666671,64.79166666666669,0.8084591008216769,0.5075900750371831,1033.751736111111,0
2025-01-06,44.75833333333333,29.045833333333334,364.25,52.666666666666664,25.354166666666668,60.166666666666664,0.1404166666666666,25.875,1.0708333333333333,82.54166666666667,61.375,17.983333333333334,57.125,11.583333333333334,2025,1,6,0,Winter,23.65416666666667,29.258333333333336,67.875,20.355555555555554,31.88611111111116,63.52777777777779,0.6489480398671077,2.233812756793143,1027.2979166666667,0
2025-01-07,67.17916666666666,39.6375,421.9583333333333,56.0,27.941666666666663,44.125,0.2079166666666666,46.333333333333336,0.9833333333333334,93.0,65.54166666666667,18.7625,51.458333333333336,9.716666666666669,2025,1,7,1,Winter,29.045833333333334,44.75833333333333,82.54166666666667,23.784722222222218,33.48888888888893,72.19444444444447,0.5900266611916891,4.7684386173133495,965.4869791666666,0
2025-01-08,46.9875,33.729166666666664,498.2083333333333,56.77916666666667,26.579166666666666,42.375,0.145,19.416666666666668,0.8875000000000001,109.25,71.20833333333333,17.833333333333332,61.0,9.183333333333334,2025,1,8,2,Winter,39.6375,67.17916666666666,93.0,30.779166666666665,47.065277777777816,81.1388888888889,0.7178327416618021,2.1143373378217056,1087.8333333333333,0
2025-01-09,34.75833333333333,23.52916666666667,508.5416666666667,26.616666666666664,14.8875,92.08333333333331,0.2566666666666666,14.708333333333334,0.7999999999999999,83.375,60.416666666666664,18.895833333333332,72.375,11.441666666666668,2025,1,9,3,Winter,33.729166666666664,46.9875,109.25,34.137499999999996,52.975000000000044,94.93055555555559,0.6769359670984618,1.2855060784699712,1367.5859375,0
2025-01-10,41.56666666666667,32.12083333333333,410.1666666666667,52.42083333333333,29.633333333333336,50.833333333333336,0.1895833333333333,15.166666666666666,1.0,84.66666666666667,61.708333333333336,18.416666666666668,72.20833333333333,9.470833333333331,2025,1,10,4,Winter,23.52916666666667,34.75833333333333,83.375,32.29861111111111,49.64166666666671,95.20833333333333,0.7727545924758317,1.6014076619719146,1329.8368055555557,0
2025-01-11,37.75416666666667,31.6375,331.3333333333333,61.1625,30.283333333333335,45.541666666666664,0.1208333333333333,11.208333333333334,1.1,92.83333333333331,65.66666666666667,18.666666666666668,56.25,10.725,2025,1,11,5,Winter,32.12083333333333,41.56666666666667,84.66666666666667,29.79305555555555,41.10416666666671,92.43055555555556,0.8379869549589594,1.0450659476239987,1050.0,0
2025-01-12,29.1,26.741666666666664,600.2083333333334,54.15,27.65833333333333,47.333333333333336,0.115,3.4583333333333335,1.1083333333333334,86.33333333333333,63.25,18.254166666666663,52.166666666666664,8.7125,2025,1,12,6,Winter,31.6375,37.75416666666667,92.83333333333331,29.095833333333328,38.02638888888893,86.95833333333333,0.918957585831927,0.3969392179505441,952.2590277777775,0
2025-01-13,50.80416666666667,28.21666666666667,518.125,23.320833333333336,14.575,94.125,0.265,35.375,0.8916666666666667,80.66666666666667,61.083333333333336,19.4625,68.91666666666667,12.679166666666667,2025,1,13,0,Winter,26.741666666666664,29.1,86.33333333333333,30.166666666666657,36.140277777777825,87.94444444444446,0.5554006287791232,2.790009638645313,1341.290625,0
2025-01-14,73.8875,34.31666666666667,409.75,17.5125,12.504166666666668,90.375,0.3183333333333333,65.29166666666667,0.8229166666666666,91.16666666666669,67.04166666666667,19.641666666666666,62.375,10.7875,2025,1,14,1,Winter,28.21666666666667,50.80416666666667,80.66666666666667,28.865277777777774,39.21944444444449,86.61111111111113,0.46444481410552335,6.052529373268811,1225.1489583333332,0
2025-01-15,63.34583333333333,40.7375,420.7083333333333,44.50416666666666,29.7625,65.25,0.2829166666666666,36.708333333333336,0.96875,107.75,71.16666666666667,18.820833333333333,65.33333333333333,9.429166666666667,2025,1,15,2,Winter,34.31666666666667,73.8875,91.16666666666669,29.758333333333326,51.263888888888935,86.05555555555559,0.6430967470668145,3.8930618937981203,1229.6277777777777,0
2025-01-16,58.475,39.62083333333333,390.25,40.81666666666667,27.666666666666668,78.33333333333333,0.2745833333333333,32.333333333333336,1.0083333333333333,109.66666666666669,71.41666666666667,19.358333333333334,66.20833333333333,8.416666666666666,2025,1,16,3,Winter,40.7375,63.34583333333333,107.75,34.42361111111111,62.67916666666671,93.19444444444447,0.6775687499916987,3.8415837019900563,1281.6829861111112,0
2025-01-17,61.15,42.24166666666667,478.4166666666667,26.133333333333336,18.475,101.41666666666669,0.3533333333333333,31.708333333333332,0.94375,107.25,70.75,18.291666666666668,74.125,12.516666666666666,2025,1,17,4,Winter,39.62083333333333,58.475,109.66666666666669,38.224999999999994,65.23611111111116,102.86111111111114,0.6907876692703026,2.5332887456759994,1355.8697916666667,0
2025-01-18,56.69583333333333,31.6875,329.5416666666667,15.8875,12.2875,98.83333333333331,0.3304166666666666,39.375,0.7833333333333333,115.79166666666669,73.5,18.73333333333333,62.291666666666664,19.479166666666668,2025,1,18,5,Winter,42.24166666666667,61.15,107.25,40.86666666666667,60.99027777777783,108.22222222222224,0.5589034956906858,2.021390270559644,1166.9305555555554,0
2025-01-19,48.45,22.066666666666663,291.2916666666667,10.683333333333332,7.775,105.04166666666669,0.2220833333333333,41.25,0.8604166666666666,76.33333333333333,54.416666666666664,19.770833333333332,49.291666666666664,17.070833333333333,2025,1,19,6,Winter,31.6875,56.69583333333333,115.79166666666669,37.849999999999994,58.77361111111116,110.90277777777781,0.45545234698068765,2.416402103994019,974.5373263888888,0
2025-01-20,46.275,20.275,324.125,12.520833333333334,8.258333333333333,104.04166666666669,0.1345833333333333,41.416666666666664,1.0020833333333334,70.58333333333333,61.583333333333336,18.370833333333337,62.375,13.716666666666669,2025,1,20,0,Winter,22.066666666666663,48.45,76.33333333333333,31.998611111111103,55.43194444444449,99.79166666666669,0.4381415356425384,3.019440849129464,1145.880729166667,0
2025-01-21,49.32916666666667,17.775000000000002,254.58333333333337,9.708333333333334,7.2125,108.0,0.1933333333333333,52.958333333333336,0.9854166666666668,65.70833333333333,51.208333333333336,19.325,54.208333333333336,21.441666666666663,2025,1,21,1,Winter,20.275,46.275,70.58333333333333,24.67638888888888,50.473611111111154,87.56944444444446,0.36033448040541644,2.469879402881645,1047.5760416666667,0
2025-01-22,41.52916666666667,23.475,278.375,29.354166666666668,15.933333333333332,87.08333333333333,0.17125,30.541666666666668,0.9958333333333332,64.20833333333333,49.708333333333336,19.7125,42.125,15.454166666666666,2025,1,22,2,Winter,17.775000000000002,49.32916666666667,65.70833333333333,20.03888888888888,48.018055555555605,70.87500000000001,0.565265362128656,1.976273800402882,830.3890624999999,0
2025-01-23,91.15,33.4125,252.08333333333337,44.475,16.754166666666666,53.458333333333336,0.1770833333333333,103.79166666666669,1.0291666666666666,88.0,66.16666666666667,18.175,36.791666666666664,13.654166666666669,2025,1,23,3,Winter,23.475,41.52916666666667,64.20833333333333,20.50833333333333,45.71111111111116,66.83333333333333,0.3665660958138662,7.601464197634603,668.6885416666667,0
2025-01-24,61.57083333333333,28.808333333333337,256.6666666666667,41.483333333333334,19.7,58.708333333333336,0.1525,56.458333333333336,1.0895833333333331,91.625,71.75,17.620833333333334,44.25,11.583333333333334,2025,1,24,4,Winter,33.4125,91.15,88.0,24.8875,60.6694444444445,72.6388888888889,0.46788927980690087,4.874100298638823,779.721875,0
2025-01-25,84.3625,38.40416666666667,444.0,50.04583333333333,27.566666666666663,50.416666666666664,0.2066666666666666,78.70833333333333,1.075,96.75,69.79166666666667,17.145833333333332,54.291666666666664,8.512500000000001,2025,1,25,5,Winter,28.808333333333337,61.57083333333333,91.625,28.565277777777776,64.75000000000004,81.27777777777779,0.4552279296066231,9.24620547279035,930.8758680555554,0
2025-01-26,49.875,31.02916666666667,412.5416666666667,45.02916666666667,29.433333333333337,79.0,0.1841666666666666,30.791666666666668,1.14375,98.625,69.04166666666667,18.3,63.958333333333336,9.404166666666669,2025,1,26,6,Winter,38.40416666666667,84.3625,96.75,33.541666666666664,79.02777777777781,92.12500000000001,0.6221386675594587,3.274257516250862,1170.4375,0
2025-01-27,56.916666666666664,40.104166666666664,523.875,50.19166666666666,31.958333333333332,81.95833333333333,0.2458333333333333,23.041666666666668,1.14375,96.91666666666669,67.125,18.816666666666663,74.95833333333333,8.516666666666667,2025,1,27,0,Winter,31.02916666666667,49.875,98.625,32.74722222222221,65.26944444444449,95.66666666666669,0.7046119934768025,2.7054791343860116,1410.4659722222218,0
2025-01-28,41.354166666666664,24.366666666666664,315.75,16.929166666666667,10.6625,98.45833333333331,0.3441666666666667,24.125,1.0666666666666669,97.875,67.375,20.729166666666668,73.70833333333333,14.5125,2025,1,28,1,Winter,40.104166666666664,56.916666666666664,96.91666666666669,36.512499999999996,63.718055555555594,97.43055555555559,0.5892191293287062,1.6623599199062933,1527.912326388889,0
2025-01-29,30.079166666666666,20.5875,360.125,15.770833333333334,9.6625,110.08333333333331,0.1345833333333333,10.25,1.2645833333333332,70.33333333333333,49.583333333333336,19.725,68.125,14.1625,2025,1,29,2,Winter,24.366666666666664,41.354166666666664,97.875,31.833333333333325,49.38194444444448,97.80555555555559,0.684443806030404,0.7237422260376187,1343.765625,0
2025-01-30,44.979166666666664,31.058333333333337,368.6666666666667,37.2875,24.22083333333333,81.20833333333333,0.2558333333333333,19.166666666666668,1.0645833333333334,82.33333333333333,58.416666666666664,18.766666666666666,67.79166666666667,13.083333333333334,2025,1,30,3,Winter,20.5875,30.079166666666666,70.33333333333333,28.35277777777777,42.78333333333337,88.37500000000001,0.6905048480110086,1.4649680408941625,1272.223611111111,0
2025-01-31,35.4,18.241666666666667,372.6666666666667,14.329166666666666,9.604166666666666,102.79166666666669,0.1858333333333333,26.541666666666668,1.1125,73.66666666666667,52.708333333333336,19.8125,51.416666666666664,12.983333333333334,2025,1,31,4,Winter,31.058333333333337,44.979166666666664,82.33333333333333,25.33749999999999,38.8041666666667,83.5138888888889,0.515301303710886,2.044287390683898,1018.6927083333333,0
2025-02-01,59.5375,33.454166666666666,321.9166666666667,44.6625,24.004166666666663,61.833333333333336,0.2241666666666666,45.25,1.2020833333333334,83.75,58.0,17.991666666666667,57.416666666666664,8.970833333333333,2025,2,1,5,Winter,18.241666666666667,35.4,73.66666666666667,23.29583333333333,36.81944444444448,75.44444444444446,0.5619007533867884,5.044123915192876,1033.0215277777777,0
2025-02-02,55.2875,28.5,370.75,24.795833333333334,15.845833333333331,97.875,0.2933333333333333,45.0,0.8729166666666667,90.33333333333331,64.75,17.545833333333334,54.666666666666664,14.7875,2025,2,2,6,Winter,33.454166666666666,59.5375,83.75,27.584722222222215,46.63888888888892,79.91666666666669,0.5154872165410407,3.043110529629043,959.1722222222222,0
2025-02-03,38.09166666666667,24.116666666666664,375.375,13.941666666666668,10.016666666666667,133.41666666666666,0.255,19.666666666666668,1.0,92.29166666666669,61.5,19.325,50.625,13.8,2025,2,3,0,Winter,28.5,55.2875,90.33333333333331,26.731944444444437,50.075000000000045,82.58333333333334,0.633121838552916,1.4251206696772463,978.328125,0
2025-02-04,34.699999999999996,23.641666666666666,455.125,22.420833333333334,14.783333333333331,116.29166666666669,0.1908333333333333,12.458333333333334,1.21875,81.95833333333333,59.583333333333336,18.3625,59.041666666666664,11.258333333333333,2025,2,4,1,Winter,24.116666666666664,38.09166666666667,92.29166666666669,28.69027777777777,50.972222222222264,88.79166666666669,0.6813160226325835,1.106587614514794,1084.1526041666666,0
2025-02-05,33.704166666666666,26.8375,512.8333333333334,44.07916666666667,32.00833333333333,89.20833333333333,0.13625,4.916666666666667,1.2708333333333333,76.375,57.041666666666664,17.079166666666666,71.33333333333333,7.5375,2025,2,5,2,Winter,23.641666666666666,34.699999999999996,81.95833333333333,25.419444444444437,42.693055555555596,88.19444444444446,0.7962665111751808,0.6522939985900721,1218.3138888888886,0
2025-02-06,55.80833333333334,40.479166666666664,462.0833333333333,59.85,27.84166666666667,62.416666666666664,0.2204166666666666,25.25,1.1708333333333334,95.125,66.45833333333333,19.575,63.333333333333336,11.566666666666668,2025,2,6,3,Winter,26.8375,33.704166666666666,76.375,24.865277777777774,35.49861111111115,83.54166666666669,0.7253247592893876,2.1829969294238962,1239.75,0
2025-02-07,122.57916666666668,40.8125,307.75,48.52916666666667,19.520833333333332,50.25,0.34875,148.66666666666666,1.00625,108.08333333333331,76.91666666666667,21.25,63.666666666666664,15.775,2025,2,7,4,Winter,40.479166666666664,55.80833333333334,95.125,30.31944444444444,41.404166666666704,84.48611111111113,0.33294809205249865,9.424193803009373,1352.9166666666665,0
2025-02-08,142.51250000000002,42.475,285.8333333333333,25.054166666666664,11.408333333333331,69.33333333333333,0.4658333333333333,183.58333333333337,1.1479166666666667,118.58333333333331,95.91666666666669,21.516666666666666,71.16666666666667,20.416666666666668,2025,2,8,5,Winter,40.8125,122.57916666666668,108.08333333333331,36.04305555555555,70.69722222222227,93.19444444444446,0.2980440291339775,8.991836294277407,1531.2694444444444,0
2025-02-09,112.1875,34.645833333333336,303.0833333333333,15.379166666666668,10.570833333333333,102.79166666666669,0.5095833333333334,135.0,1.11875,119.91666666666669,94.41666666666669,19.454166666666666,67.75,14.358333333333334,2025,2,9,6,Winter,42.475,142.51250000000002,118.58333333333331,41.25555555555555,106.96666666666671,107.2638888888889,0.30882079576167165,9.402204800775058,1318.0197916666666,0
2025-02-10,69.01666666666667,22.0375,406.6666666666667,15.333333333333334,9.766666666666667,103.0,0.1604166666666666,78.54166666666667,1.4083333333333334,78.16666666666667,73.625,18.1,69.75,13.566666666666668,2025,2,10,0,Winter,34.645833333333336,112.1875,119.91666666666669,39.31111111111111,125.75972222222227,115.52777777777779,0.31930692606655026,5.789311612581454,1262.4750000000001,0
2025-02-11,46.3125,30.629166666666663,460.7083333333333,51.17916666666667,33.824999999999996,70.08333333333333,0.2179166666666666,22.833333333333332,1.3583333333333334,77.91666666666667,63.125,18.354166666666668,67.95833333333333,10.45,2025,2,11,1,Winter,22.0375,69.01666666666667,78.16666666666667,33.05277777777778,107.90555555555561,105.55555555555559,0.6613585102360735,2.1850077653900066,1247.318576388889,0
2025-02-12,86.80833333333334,47.854166666666664,421.5833333333333,69.47083333333333,25.77916666666667,43.75,0.3145833333333333,69.20833333333333,1.2458333333333331,104.45833333333331,69.70833333333333,21.925,49.875,10.770833333333334,2025,2,12,2,Winter,30.629166666666663,46.3125,77.91666666666667,29.10416666666666,75.83888888888892,92.00000000000001,0.5512623532541535,6.425531318325912,1093.509375,0
2025-02-13,101.60833333333332,46.9875,376.1666666666667,56.40416666666667,21.4375,31.291666666666668,0.2879166666666666,99.125,1.4145833333333335,136.04166666666666,81.125,23.8875,49.5,12.754166666666668,2025,2,13,3,Winter,47.854166666666664,86.80833333333334,104.45833333333331,33.506944444444436,67.3791666666667,86.84722222222223,0.4624374595675802,7.771969335095511,1182.4312499999999,0
2025-02-14,88.32083333333333,45.1125,347.1666666666667,49.208333333333336,21.083333333333332,34.916666666666664,0.33,73.45833333333333,0.8333333333333334,130.95833333333334,80.66666666666667,23.475,58.75,10.35,2025,2,14,4,Winter,46.9875,101.60833333333332,136.04166666666666,41.823611111111106,78.2430555555556,106.1388888888889,0.5107798215508252,7.097422824725653,1379.15625,0
2025-02-15,49.49583333333334,27.454166666666666,382.1666666666667,26.041666666666668,16.983333333333334,82.95833333333333,0.3916666666666666,34.333333333333336,1.1416666666666666,99.41666666666669,67.875,21.158333333333335,82.95833333333333,9.1625,2025,2,15,5,Winter,45.1125,88.32083333333333,130.95833333333334,46.65138888888888,92.24583333333338,123.81944444444446,0.5546763083489928,3.7471573900328456,1755.2600694444445,0
2025-02-16,87.12083333333334,37.525,440.875,38.28333333333333,22.02916666666667,66.41666666666667,0.4729166666666666,87.20833333333333,1.1916666666666669,91.66666666666669,67.91666666666667,22.2,69.5,8.700000000000001,2025,2,16,6,Winter,27.454166666666666,49.49583333333334,99.41666666666669,39.851388888888884,79.80833333333338,122.13888888888891,0.4307236068978112,10.023945207975645,1542.8999999999999,0
2025-02-17,55.49583333333334,29.833333333333332,352.2083333333333,49.30416666666667,18.920833333333334,47.708333333333336,0.53625,48.333333333333336,1.1083333333333332,96.04166666666669,67.83333333333333,24.15833333333333,59.666666666666664,15.825,2025,2,17,0,Winter,37.525,87.12083333333334,91.66666666666669,36.697222222222216,74.9791666666667,107.34722222222224,0.5375778865516411,3.0542388801955425,1441.447222222222,0
2025-02-18,75.68333333333334,41.958333333333336,533.5416666666666,48.729166666666664,22.02916666666667,46.916666666666664,0.4745833333333333,58.0,0.575,104.08333333333331,69.54166666666667,21.983333333333334,72.83333333333333,9.241666666666667,2025,2,18,1,Winter,29.833333333333332,55.49583333333334,96.04166666666669,31.60416666666666,64.03750000000004,95.70833333333337,0.5543932981141604,6.275923576996547,1601.1194444444443,0
2025-02-19,35.983333333333334,25.129166666666663,495.0,25.483333333333334,18.091666666666665,101.83333333333331,0.2629166666666666,11.958333333333334,1.5395833333333335,97.04166666666669,67.04166666666667,21.229166666666668,71.25,11.0375,2025,2,19,2,Winter,41.958333333333336,75.68333333333334,104.08333333333331,36.43888888888888,72.76666666666671,97.26388888888891,0.6983557008330976,1.0834276104104847,1512.578125,0
2025-02-20,44.9625,32.729166666666664,544.8333333333334,53.104166666666664,35.0,74.5,0.3979166666666667,16.541666666666668,1.3625,86.29166666666667,63.208333333333336,20.908333333333335,63.75,9.458333333333334,2025,2,20,3,Winter,25.129166666666663,35.983333333333334,97.04166666666669,32.30694444444444,55.72083333333337,99.05555555555559,0.7279213998052881,1.7488984935085294,1332.90625,0
2025-02-21,110.61666666666667,40.7625,333.1666666666667,41.53333333333333,20.6125,64.75,0.3866666666666666,122.66666666666669,1.4520833333333334,99.58333333333331,71.66666666666667,23.933333333333337,53.75,11.65,2025,2,21,4,Winter,32.729166666666664,44.9625,86.29166666666667,33.27222222222221,52.20972222222226,95.80555555555559,0.3685023320611511,10.52932670706781,1286.416666666667,0
2025-02-22,114.6125,54.87083333333334,580.7083333333334,52.55833333333334,31.766666666666666,73.75,0.3620833333333333,99.25,1.5020833333333332,127.41666666666669,84.375,21.775,66.95833333333333,6.908333333333332,2025,2,22,5,Winter,40.7625,110.61666666666667,99.58333333333331,32.8736111111111,63.85416666666671,94.30555555555559,0.47875085923945887,14.36670479613441,1458.017708333333,0
2025-02-23,110.1375,53.30833333333334,411.0,72.82916666666667,28.266666666666666,39.166666666666664,0.44,101.45833333333331,1.475,151.875,88.625,25.612499999999997,53.666666666666664,13.279166666666669,2025,2,23,6,Winter,54.87083333333334,114.6125,127.41666666666669,42.787499999999994,90.06388888888893,104.43055555555559,0.4840161874867066,7.640413607248424,1374.5374999999997,0
2025-02-24,60.833333333333336,36.18333333333333,365.1666666666667,49.208333333333336,21.59166666666667,50.291666666666664,0.5533333333333333,38.875,1.3458333333333332,119.29166666666669,75.75,23.691666666666663,68.45833333333333,14.304166666666667,2025,2,24,0,Winter,53.30833333333334,110.1375,151.875,49.64722222222222,111.78888888888893,126.29166666666669,0.5947945107705012,2.717739396371263,1621.8920138888884,0
2025-02-25,66.55,26.016666666666666,252.08333333333337,15.591666666666669,10.129166666666666,97.70833333333331,0.6033333333333334,68.08333333333333,1.1229166666666666,95.79166666666669,69.08333333333333,21.46666666666667,64.83333333333333,19.058333333333337,2025,2,25,1,Winter,36.18333333333333,60.833333333333336,119.29166666666669,48.12083333333333,95.19444444444447,132.86111111111114,0.3909341288614957,3.5723653569375404,1391.7555555555555,0
2025-02-26,27.191666666666663,16.729166666666668,273.875,13.8,9.854166666666666,113.79166666666669,0.3733333333333333,11.958333333333334,1.19375,67.45833333333333,54.25,18.8625,64.0,14.470833333333331,2025,2,26,2,Winter,26.016666666666666,66.55,95.79166666666669,38.50277777777777,79.17361111111114,122.31944444444447,0.6152313595379213,0.8263748349179499,1207.2,0
2025-02-27,124.6125,33.612500000000004,260.5416666666667,13.029166666666669,9.958333333333334,107.79166666666669,0.6791666666666667,158.75,1.0770833333333334,79.66666666666667,66.125,19.6125,61.25,17.95,2025,2,27,3,Winter,16.729166666666668,27.191666666666663,67.45833333333333,26.309722222222216,51.525000000000034,94.18055555555559,0.26973618000011096,8.844010649358738,1201.265625,0
2025-02-28,61.925,19.983333333333334,290.2916666666667,11.429166666666667,8.533333333333333,112.95833333333331,0.3833333333333333,70.125,1.4979166666666666,84.5,82.54166666666667,19.5,57.708333333333336,19.566666666666663,2025,2,28,4,Winter,33.612500000000004,124.6125,79.66666666666667,25.452777777777772,72.78472222222224,80.97222222222224,0.3227021883024812,3.5839010093406642,1125.3125,0
2025-03-01,32.40416666666667,19.75,440.2916666666667,19.125,14.6,109.95833333333331,0.5554166666666667,14.916666666666666,1.3416666666666666,64.0,49.083333333333336,18.954166666666666,67.41666666666667,11.766666666666666,2025,3,1,5,Spring,19.983333333333334,61.925,84.5,23.441666666666663,71.24305555555559,77.20833333333336,0.609489501571624,1.2677052746992685,1277.8267361111111,1
2025-03-02,44.57083333333333,21.754166666666663,376.5833333333333,16.683333333333334,12.770833333333334,119.66666666666669,0.5341666666666667,33.208333333333336,1.23125,74.66666666666667,52.75,19.433333333333337,64.70833333333333,17.145833333333332,2025,3,2,6,Spring,19.75,32.40416666666667,64.0,24.44861111111111,72.9805555555556,76.05555555555559,0.4880807593587564,1.9368164119475242,1257.4986111111114,1
2025-03-03,43.3375,21.008333333333333,379.5833333333333,20.445833333333333,15.241666666666667,113.54166666666669,0.095,35.041666666666664,1.6229166666666668,68.58333333333333,50.458333333333336,19.5375,51.041666666666664,12.866666666666667,2025,3,3,0,Spring,21.754166666666663,44.57083333333333,74.66666666666667,20.49583333333333,46.30000000000004,74.38888888888891,0.4847610694796023,2.7234453841881825,997.2265625,1
2025-03-04,111.49166666666667,39.15416666666667,253.83333333333337,44.729166666666664,19.391666666666666,72.91666666666667,0.3491666666666667,130.375,0.9645833333333332,85.75,64.04166666666667,21.2625,45.208333333333336,17.95,2025,3,4,1,Spring,21.008333333333333,43.3375,68.58333333333333,20.837499999999995,40.10416666666671,69.08333333333336,0.3511846892785587,7.263230793134775,961.2421875,1
2025-03-05,135.24166666666667,50.59166666666667,226.83333333333337,38.1375,16.3875,73.45833333333333,0.455,152.29166666666666,1.1395833333333334,135.45833333333334,100.58333333333331,24.008333333333336,48.75,18.75,2025,3,5,2,Spring,39.15416666666667,111.49166666666667,85.75,27.305555555555554,66.46666666666671,76.33333333333336,0.37408342812927403,8.12222178903706,1170.4062500000002,1
2025-03-06,94.26666666666668,40.875,322.5416666666667,47.175,19.120833333333337,62.291666666666664,0.3891666666666666,93.20833333333331,1.6583333333333332,119.95833333333331,82.45833333333333,24.55,46.666666666666664,13.875,2025,3,6,3,Spring,50.59166666666667,135.24166666666667,135.45833333333334,36.918055555555554,96.69027777777781,96.59722222222224,0.4336103207184195,6.7177172335579165,1145.6666666666667,1
2025-03-07,81.675,37.954166666666666,324.7916666666667,56.1625,19.508333333333333,53.333333333333336,0.2541666666666666,79.75,1.8791666666666669,106.5,72.5,27.308333333333337,25.5,13.145833333333334,2025,3,7,4,Spring,40.875,94.26666666666668,119.95833333333331,43.54027777777778,113.6666666666667,113.72222222222224,0.46469747415940243,6.066560552781448,696.3625000000001,1
2025-03-08,69.8875,30.766666666666666,259.4583333333333,46.40416666666667,19.145833333333332,49.958333333333336,0.1633333333333333,73.5,1.9729166666666669,98.04166666666669,72.95833333333333,28.1625,21.708333333333332,16.516666666666666,2025,3,8,5,Spring,37.954166666666666,81.675,106.5,43.14027777777778,103.72777777777782,120.63888888888891,0.44023131785276837,4.450050184658919,611.3609375,1
2025-03-09,70.11666666666666,33.9625,350.9166666666667,45.645833333333336,19.754166666666663,44.125,0.4358333333333333,66.25,1.4354166666666668,97.33333333333331,67.83333333333333,25.791666666666668,37.5,17.495833333333334,2025,3,9,6,Spring,30.766666666666666,69.8875,98.04166666666669,36.53194444444444,81.9430555555556,108.16666666666669,0.4843712790439086,3.7866156444896983,967.1875,1
2025-03-10,103.9875,39.95,374.1666666666667,48.62083333333334,19.920833333333334,46.583333333333336,0.4416666666666666,115.91666666666669,1.4979166666666668,103.95833333333331,73.95833333333333,25.4,52.541666666666664,13.479166666666666,2025,3,10,0,Spring,33.9625,70.11666666666666,97.33333333333331,34.22777777777778,73.89305555555559,100.62500000000001,0.38418078726596194,8.599690242990524,1334.5583333333332,1
2025-03-11,95.3,46.67083333333333,481.1666666666667,63.06666666666666,24.041666666666668,32.333333333333336,0.4341666666666666,87.29166666666667,1.15,112.91666666666669,81.125,26.5125,42.958333333333336,8.870833333333334,2025,3,11,1,Spring,39.95,103.9875,103.95833333333331,34.89305555555555,81.33055555555559,99.77777777777779,0.48972542333271674,9.84029950132838,1138.9328125,1
2025-03-12,94.40416666666664,47.416666666666664,552.9583333333334,56.075,23.945833333333336,71.33333333333333,0.4458333333333333,80.33333333333333,1.6520833333333331,136.25,80.08333333333333,26.116666666666664,51.708333333333336,11.204166666666666,2025,3,12,2,Spring,46.67083333333333,95.3,112.91666666666669,40.19444444444444,89.80138888888892,104.73611111111113,0.5022730228827504,7.169951014954168,1350.4493055555554,1
2025-03-13,37.858333333333334,24.379166666666663,457.8333333333333,21.84166666666667,13.679166666666667,118.375,0.39875,17.625,1.5,103.95833333333331,68.625,23.179166666666664,66.625,14.8125,2025,3,13,3,Spring,47.416666666666664,94.40416666666664,136.25,44.67916666666667,97.89722222222224,117.70833333333336,0.643957720168407,1.1898733373925174,1544.3119791666666,1
2025-03-14,44.65833333333333,33.12083333333333,548.5416666666666,37.275,26.575,107.16666666666669,0.17375,12.625,1.9145833333333335,79.875,59.333333333333336,21.84166666666667,76.58333333333333,9.8375,2025,3,14,4,Spring,24.379166666666663,37.858333333333334,103.95833333333331,39.48888888888888,75.8541666666667,117.70833333333336,0.7416495448781592,1.283354380345171,1672.7076388888888,1
2025-03-15,46.10833333333333,37.295833333333334,627.9166666666666,53.725,25.616666666666664,97.04166666666669,0.1825,11.958333333333334,1.8875,103.75,69.58333333333333,23.058333333333337,69.125,9.5125,2025,3,15,5,Spring,33.12083333333333,44.65833333333333,79.875,34.97222222222222,58.97361111111115,106.69444444444446,0.8088740110130345,1.2571176952657703,1593.9072916666669,1
2025-03-16,44.270833333333336,34.74166666666667,283.7916666666667,61.68333333333334,26.679166666666664,73.125,0.28875,16.416666666666668,1.7125,107.70833333333331,70.875,23.954166666666666,44.291666666666664,10.920833333333334,2025,3,16,6,Spring,37.295833333333334,46.10833333333333,103.75,31.598611111111108,42.875000000000036,95.86111111111113,0.7847529234502869,1.5032428993596736,1060.9699652777776,1
2025-03-17,47.47083333333333,29.979166666666668,561.5416666666666,36.5875,22.1375,108.95833333333331,0.4095833333333333,27.0,1.4895833333333333,89.0,63.833333333333336,23.575,63.916666666666664,11.208333333333334,2025,3,17,0,Spring,34.74166666666667,44.270833333333336,107.70833333333331,35.05277777777778,45.01250000000004,97.11111111111113,0.6315281180052008,2.408921718163118,1506.8354166666666,1
2025-03-18,52.42916666666667,32.270833333333336,544.625,32.800000000000004,24.59166666666667,117.5,0.2325,29.041666666666668,1.914583333333333,93.58333333333331,65.95833333333333,21.9125,70.70833333333333,12.108333333333334,2025,3,18,1,Spring,29.979166666666668,47.47083333333333,89.0,34.00555555555555,45.95000000000004,100.15277777777779,0.6155129819817917,2.3984856931739276,1549.3963541666667,1
2025-03-19,34.00416666666667,26.641666666666666,492.8333333333333,35.37916666666667,20.85,107.16666666666669,0.1558333333333333,10.75,2.0812500000000003,86.41666666666667,62.958333333333336,22.34166666666667,59.333333333333336,10.866666666666667,2025,3,19,2,Spring,32.270833333333336,52.42916666666667,93.58333333333331,32.330555555555556,48.05694444444449,96.7638888888889,0.7834823933297665,0.9892637126444437,1325.6055555555556,1
2025-03-20,49.333333333333336,41.520833333333336,551.1666666666666,81.87916666666666,32.949999999999996,47.5,0.165,13.25,2.1374999999999997,100.41666666666669,68.29166666666667,23.84166666666667,53.75,8.954166666666667,2025,3,20,3,Spring,26.641666666666666,34.00416666666667,86.41666666666667,29.630555555555556,44.63472222222226,89.66666666666669,0.8416384964532738,1.4797578617301597,1281.4895833333335,1
2025-03-21,45.958333333333336,34.32083333333333,403.0,60.44166666666666,21.158333333333335,61.916666666666664,0.1741666666666666,20.916666666666668,2.2270833333333333,103.58333333333331,69.41666666666667,27.0375,35.416666666666664,14.7625,2025,3,21,4,Spring,41.520833333333336,49.333333333333336,100.41666666666669,33.47777777777778,45.255555555555596,93.47222222222224,0.7467814887373021,1.4168782557011628,957.578125,1
2025-03-22,53.925,28.1625,259.7083333333333,44.39166666666667,17.145833333333332,60.0,0.2425,46.791666666666664,2.225,90.66666666666669,64.875,28.200000000000003,25.875,16.941666666666666,2025,3,22,5,Spring,34.32083333333333,45.958333333333336,103.58333333333331,34.16111111111111,43.098611111111154,96.80555555555559,0.5222531196615092,2.7619280219225955,729.6750000000001,1
2025-03-23,87.35416666666667,37.80416666666667,366.375,51.333333333333336,22.416666666666668,50.791666666666664,0.2879166666666666,88.58333333333333,1.9791666666666667,93.79166666666669,67.45833333333333,26.608333333333334,38.5,13.925,2025,3,23,6,Spring,28.1625,53.925,90.66666666666669,34.668055555555554,49.73888888888893,98.22222222222224,0.43276889559434606,6.36145974663365,1024.4208333333333,1
2025-03-24,70.78750000000001,31.40416666666667,344.875,20.879166666666663,13.15,108.20833333333331,0.3120833333333333,66.41666666666667,1.8958333333333333,107.16666666666669,75.25,23.441666666666663,68.95833333333333,18.045833333333334,2025,3,24,0,Spring,37.80416666666667,87.35416666666667,93.79166666666669,33.42916666666667,62.412500000000044,96.01388888888891,0.4436399960872565,3.6804431116817486,1616.4982638888885,1
2025-03-25,63.38333333333333,21.866666666666664,263.2916666666667,8.729166666666666,5.825,132.875,0.1483333333333333,68.83333333333333,2.129166666666667,94.58333333333331,63.208333333333336,21.158333333333335,60.5,25.133333333333336,2025,3,25,1,Spring,31.40416666666667,70.78750000000001,107.16666666666669,32.456944444444446,70.68888888888894,97.20833333333337,0.34499079129649024,2.7387266814830227,1280.0791666666669,1
2025-03-26,54.525,29.09583333333333,442.5833333333333,21.854166666666668,14.054166666666667,138.45833333333334,0.2204166666666666,37.875,1.9375,100.375,66.5,20.966666666666665,65.75,12.6625,2025,3,26,2,Spring,21.866666666666664,63.38333333333333,94.58333333333331,30.358333333333334,73.84166666666671,98.51388888888891,0.533623710219342,2.991115262300868,1378.5583333333332,1
2025-03-27,47.45,32.270833333333336,457.4166666666667,42.125,29.441666666666663,116.125,0.2508333333333333,21.166666666666668,1.99375,98.54166666666669,66.625,21.4375,70.58333333333333,12.1,2025,3,27,3,Spring,29.09583333333333,54.525,100.375,27.455555555555552,62.89861111111116,100.70833333333336,0.6801018472756899,1.749311150194671,1513.1302083333333,1
2025-03-28,46.1,32.2875,433.2916666666667,51.5125,29.35,82.54166666666667,0.2675,23.083333333333332,1.9,91.08333333333331,64.41666666666667,22.616666666666664,63.541666666666664,9.145833333333334,2025,3,28,4,Spring,32.270833333333336,47.45,98.54166666666669,27.744444444444444,55.11944444444449,97.83333333333336,0.7003795943518527,2.5239177194805227,1437.1006944444441,1
2025-03-29,49.9625,36.295833333333334,462.8333333333333,54.3125,26.708333333333332,84.66666666666667,0.2716666666666666,21.333333333333332,2.1645833333333333,96.375,67.04166666666667,24.179166666666664,60.666666666666664,9.258333333333333,2025,3,29,5,Spring,32.2875,46.1,91.08333333333331,31.218055555555555,49.35833333333338,96.66666666666669,0.7264614982611326,2.3042301741605575,1466.8694444444443,1
2025-03-30,52.2625,37.12916666666667,442.125,65.33749999999999,27.620833333333337,67.66666666666667,0.2495833333333333,25.791666666666668,2.185416666666667,106.375,70.41666666666667,25.21666666666667,51.083333333333336,9.8,2025,3,30,6,Spring,36.295833333333334,49.9625,96.375,33.618055555555564,47.837500000000034,95.33333333333336,0.71043608622302,2.631802452537165,1288.151388888889,1
2025-03-31,43.57916666666667,35.62083333333333,434.5,64.56666666666666,26.541666666666668,75.5,0.2004166666666667,13.875,2.308333333333333,100.04166666666669,68.375,26.754166666666663,35.291666666666664,9.0625,2025,3,31,0,Spring,37.12916666666667,52.2625,106.375,35.237500000000004,49.4416666666667,97.94444444444446,0.8173821401499459,1.5310343138169034,944.1991319444443,1
2025-04-01,35.425000000000004,33.604166666666664,497.3333333333333,64.16666666666667,28.8,72.625,0.1483333333333333,2.1666666666666665,2.441666666666667,105.45833333333331,70.04166666666667,25.795833333333334,42.791666666666664,9.966666666666669,2025,4,1,1,Spring,35.62083333333333,43.57916666666667,100.04166666666669,36.34861111111112,48.60138888888893,100.93055555555559,0.9486003025565662,0.2173912825359917,1103.846701388889,1
2025-04-02,49.56666666666666,35.329166666666666,630.5416666666666,60.61666666666667,26.9625,66.16666666666667,0.1933333333333333,22.0,2.3854166666666665,90.04166666666667,64.70833333333333,24.95,47.5,9.070833333333333,2025,4,2,2,Spring,33.604166666666664,35.425000000000004,105.45833333333331,35.451388888888886,43.755555555555596,103.95833333333336,0.7127605774157248,2.425355727108234,1185.125,1
2025-04-03,103.8625,53.87916666666666,568.9166666666666,71.0,27.4625,64.04166666666667,0.3233333333333333,88.41666666666667,2.2041666666666666,118.08333333333331,74.16666666666667,26.445833333333336,52.833333333333336,10.458333333333334,2025,4,3,3,Spring,35.329166666666666,49.56666666666666,90.04166666666667,34.851388888888884,42.85694444444448,98.51388888888891,0.518754758915989,8.454182458564228,1397.221527777778,1
2025-04-04,59.46666666666667,42.666666666666664,329.625,61.50416666666666,22.920833333333334,63.25,0.25,29.375,2.34375,141.875,82.04166666666667,30.358333333333334,24.791666666666668,14.475,2025,4,4,4,Spring,53.87916666666666,103.8625,118.08333333333331,40.9375,62.95138888888892,104.52777777777779,0.7174887771722739,2.0293608269871624,752.6336805555557,1
2025-04-05,44.75,27.9375,271.5,51.0875,17.483333333333334,59.041666666666664,0.1770833333333333,30.625,2.4,99.33333333333331,67.95833333333333,30.270833333333332,21.875,15.675,2025,4,5,5,Spring,42.666666666666664,59.46666666666667,141.875,43.958333333333336,70.96527777777781,116.66666666666667,0.6243016620267785,1.953747881738572,662.1744791666666,1
2025-04-06,55.09583333333333,32.37083333333333,328.2916666666667,48.57916666666667,17.7,70.41666666666667,0.2070833333333333,40.083333333333336,2.3000000000000003,84.75,62.666666666666664,29.670833333333334,25.5,12.070833333333333,2025,4,6,6,Spring,27.9375,44.75,99.33333333333331,41.49444444444444,69.35972222222226,119.76388888888891,0.5875368569153108,3.3206762868614748,756.60625,1
2025-04-07,62.25416666666666,35.55833333333333,459.0416666666667,48.07916666666667,20.4875,72.625,0.1904166666666666,46.208333333333336,2.35,97.625,67.5,29.025,35.5,10.608333333333333,2025,4,7,0,Spring,32.37083333333333,55.09583333333333,84.75,34.324999999999996,53.10416666666671,108.65277777777779,0.571179965391661,4.355851906753945,1030.3875,1
2025-04-08,65.0,30.929166666666664,395.25,26.204166666666666,13.779166666666669,92.70833333333331,0.1941666666666666,58.625,2.2687500000000003,97.83333333333331,68.41666666666667,28.495833333333337,43.041666666666664,14.429166666666667,2025,4,8,1,Spring,35.55833333333333,62.25416666666666,97.625,31.955555555555552,54.03333333333337,93.90277777777779,0.4758333260128206,4.062950916803864,1226.5081597222222,1
2025-04-09,59.7,28.329166666666666,384.125,25.35,17.008333333333333,104.125,0.12875,51.375,2.4229166666666666,82.58333333333333,62.875,27.02916666666667,57.875,15.2,2025,4,9,2,Spring,30.929166666666664,65.0,97.83333333333331,32.952777777777776,60.78333333333337,93.40277777777779,0.4745253968532876,3.379933988162238,1564.3130208333334,1
2025-04-10,64.58749999999999,41.6625,433.5833333333333,42.80833333333334,25.1625,91.91666666666669,0.1754166666666666,34.333333333333336,2.4770833333333333,97.16666666666669,67.33333333333333,26.145833333333332,63.916666666666664,9.3,2025,4,10,3,Spring,28.329166666666666,59.7,82.58333333333333,31.60555555555555,62.31805555555559,92.68055555555556,0.645055147744453,3.6917558754384365,1671.1545138888887,1
2025-04-11,74.89999999999999,51.70416666666667,623.4166666666666,66.61666666666666,28.208333333333332,63.166666666666664,0.3216666666666666,38.333333333333336,2.2916666666666665,138.875,80.79166666666667,27.366666666666664,56.041666666666664,9.295833333333333,2025,4,11,4,Spring,41.6625,64.58749999999999,97.16666666666669,33.640277777777776,63.09583333333337,92.52777777777779,0.6903092920741974,4.123710896597664,1533.6736111111109,1
2025-04-12,55.479166666666664,40.27916666666667,491.9166666666667,72.75,22.995833333333337,51.458333333333336,0.3695833333333333,26.041666666666668,2.2020833333333334,123.625,75.95833333333333,29.84583333333333,30.75,10.7,2025,4,12,5,Spring,51.70416666666667,74.89999999999999,138.875,40.56527777777779,66.39583333333337,106.20833333333336,0.726023268926355,2.433800395594979,917.759375,1
2025-04-13,106.77083333333331,47.27916666666667,326.75,55.979166666666664,24.041666666666668,59.75,0.3429166666666667,108.08333333333331,2.1895833333333337,114.04166666666669,74.625,32.512499999999996,24.916666666666668,17.15,2025,4,13,6,Spring,40.27916666666667,55.479166666666664,123.625,44.548611111111114,64.98888888888892,119.88888888888891,0.4428097519502697,6.302234812308951,810.103125,1
2025-04-14,89.41250000000001,50.95416666666667,443.5833333333333,70.075,27.483333333333334,67.08333333333333,0.3916666666666666,69.125,2.18125,142.95833333333334,83.58333333333333,32.4125,26.958333333333332,12.670833333333334,2025,4,14,0,Spring,47.27916666666667,106.77083333333331,114.04166666666669,46.42083333333334,79.05000000000003,125.51388888888891,0.5698774343272947,5.4554418581696655,873.7869791666667,1
2025-04-15,120.5375,52.475,462.9166666666667,49.1625,19.8375,76.29166666666667,0.3570833333333333,124.29166666666669,1.9520833333333336,128.58333333333334,78.625,30.1875,44.916666666666664,9.175,2025,4,15,1,Spring,50.95416666666667,89.41250000000001,142.95833333333334,46.17083333333333,83.88750000000005,126.87500000000004,0.43534169502983144,13.546774182004633,1355.921875,1
2025-04-16,87.15833333333335,36.50416666666667,417.7083333333333,23.383333333333336,14.666666666666666,112.29166666666669,0.3004166666666666,86.95833333333333,2.31875,137.16666666666666,90.08333333333331,28.02916666666667,62.416666666666664,15.2375,2025,4,16,2,Spring,52.475,120.5375,128.58333333333334,50.236111111111114,105.57361111111113,128.5277777777778,0.41882588677128724,5.706863174829871,1749.4871527777777,1
2025-04-17,44.76666666666667,22.02916666666667,294.2916666666667,13.1125,8.629166666666666,134.70833333333334,0.4066666666666667,35.541666666666664,2.1979166666666665,100.125,64.41666666666667,26.775,59.375,17.795833333333334,2025,4,17,3,Spring,36.50416666666667,87.15833333333335,137.16666666666666,46.644444444444446,99.03611111111115,136.23611111111111,0.4920885966026375,1.9971902413192089,1589.765625,1
2025-04-18,58.275,22.733333333333334,315.0,11.708333333333334,7.970833333333334,123.125,0.44875,59.416666666666664,2.3333333333333335,80.45833333333333,57.125,25.670833333333334,62.375,19.791666666666668,2025,4,18,4,Spring,22.02916666666667,44.76666666666667,100.125,37.00277777777778,84.15416666666671,121.95833333333333,0.3901043834101922,3.0021051114725834,1601.2182291666668,1
2025-04-19,75.19583333333334,28.725,420.7083333333333,16.720833333333335,12.2625,142.58333333333334,0.3433333333333333,79.33333333333333,2.35,103.375,68.33333333333333,24.71666666666667,64.08333333333333,13.908333333333331,2025,4,19,5,Spring,22.733333333333334,58.275,80.45833333333333,27.088888888888892,63.400000000000034,105.91666666666669,0.38200254381999166,5.7040139697533405,1583.9263888888888,1
2025-04-20,39.68333333333333,23.704166666666666,482.75,21.058333333333337,16.316666666666666,148.375,0.25,21.166666666666668,2.4708333333333337,115.66666666666669,66.625,25.3125,59.791666666666664,12.216666666666669,2025,4,20,6,Spring,28.725,75.19583333333334,103.375,24.495833333333337,59.412500000000044,94.65277777777779,0.5973330382864418,1.7326055880541127,1513.4765625,1
2025-04-21,33.824999999999996,24.90416666666667,530.9583333333334,35.46666666666667,24.7625,124.70833333333331,0.2791666666666667,10.0,2.31875,97.29166666666669,60.75,27.0875,53.708333333333336,9.0875,2025,4,21,0,Spring,23.704166666666666,39.68333333333333,115.66666666666669,25.054166666666664,57.718055555555594,99.83333333333336,0.7362650681567363,1.100412533654742,1454.8244791666666,1
2025-04-22,56.4875,31.6125,642.9166666666666,59.975,30.475,84.625,0.5308333333333334,42.375,1.9895833333333333,82.29166666666667,61.875,28.02916666666667,43.791666666666664,9.1375,2025,4,22,1,Spring,24.90416666666667,33.824999999999996,97.29166666666669,25.777777777777782,49.56805555555559,105.44444444444447,0.5596370779440217,4.637482392614786,1227.4439236111111,1
2025-04-23,156.87916666666666,57.1,823.0833333333334,68.0,28.441666666666663,62.458333333333336,0.54625,180.45833333333337,2.21875,117.5,84.58333333333333,30.9125,32.875,8.362499999999999,2025,4,23,2,Spring,31.6125,56.4875,82.29166666666667,26.740277777777777,43.33194444444448,98.4166666666667,0.3639743941102798,21.57946926802561,1016.2484375,1
2025-04-24,86.17083333333333,37.38333333333333,711.5833333333334,28.3,20.045833333333334,101.125,0.295,86.125,2.347916666666667,133.95833333333334,90.33333333333331,27.829166666666666,56.833333333333336,12.458333333333334,2025,4,24,3,Spring,57.1,156.87916666666666,117.5,37.87222222222223,82.39722222222225,99.02777777777781,0.4338281464088412,6.913042923367792,1581.6243055555556,1
2025-04-25,88.3125,50.425,516.875,58.19583333333333,27.520833333333332,88.16666666666667,0.30625,63.75,2.472916666666667,117.25,74.875,28.791666666666668,58.166666666666664,9.75,2025,4,25,4,Spring,37.38333333333333,86.17083333333333,133.95833333333334,42.03194444444444,99.84583333333337,111.25000000000004,0.5709837161105877,6.538460867850168,1674.7152777777778,1
2025-04-26,103.93333333333334,62.28333333333333,555.4583333333334,91.24583333333334,35.2125,52.0,0.3487499999999999,76.45833333333333,2.1479166666666667,150.375,87.125,32.22083333333333,41.833333333333336,7.854166666666667,2025,4,26,5,Spring,50.425,88.3125,117.25,48.30277777777778,110.45416666666671,122.90277777777779,0.5992623418929216,9.734746771172825,1347.9048611111111,1
2025-04-27,69.63333333333334,44.53333333333333,393.9583333333333,54.34583333333333,24.920833333333334,73.25,0.3429166666666667,46.958333333333336,2.2291666666666665,138.58333333333334,81.5,33.97083333333333,19.583333333333332,10.316666666666666,2025,4,27,6,Spring,62.28333333333333,103.93333333333334,150.375,50.03055555555556,92.8055555555556,133.86111111111111,0.6395404407916643,4.5516958431312595,665.2621527777777,1
2025-04-28,64.77499999999999,43.541666666666664,388.8333333333333,50.925,22.854166666666668,85.41666666666667,0.36,39.166666666666664,2.3604166666666666,123.625,75.91666666666667,33.729166666666664,22.041666666666668,10.7,2025,4,28,0,Spring,44.53333333333333,69.63333333333334,138.58333333333334,52.41388888888889,87.2930555555556,135.4027777777778,0.6721986259277197,3.6604357949748483,743.4470486111111,1
2025-04-29,65.75416666666666,39.0,434.5416666666667,60.42083333333333,22.670833333333334,72.20833333333333,0.2666666666666666,48.333333333333336,2.558333333333333,117.08333333333331,73.91666666666667,33.65,22.75,9.904166666666669,2025,4,29,1,Spring,43.541666666666664,64.77499999999999,123.625,50.11944444444444,79.44722222222225,137.5277777777778,0.5931182978044236,4.880100474874163,765.5375,1
2025-04-30,64.11666666666666,35.52916666666667,452.25,48.416666666666664,21.129166666666663,68.58333333333333,0.23625,51.0,2.558333333333333,100.70833333333331,68.58333333333333,32.9625,28.208333333333332,11.4375,2025,4,30,2,Spring,39.0,65.75416666666666,117.08333333333331,42.35833333333333,66.72083333333336,126.43055555555556,0.554133082077467,4.459016003583301,929.8171874999999,1
2025-05-01,70.96666666666667,38.2625,429.3333333333333,40.7125,21.2375,87.58333333333333,0.23,59.958333333333336,2.6750000000000003,103.5,69.41666666666667,32.06666666666667,32.333333333333336,11.5,2025,5,1,3,Spring,35.52916666666667,64.11666666666666,100.70833333333331,39.356944444444444,64.88194444444447,113.80555555555556,0.5391615706083387,5.213767662570929,1036.8222222222223,1
2025-05-02,63.26666666666667,34.78333333333333,612.7083333333334,38.99166666666667,19.204166666666666,97.41666666666669,0.2825,47.75,2.5187500000000003,102.75,69.25,32.00416666666667,41.625,10.595833333333331,2025,5,2,4,Spring,38.2625,70.96666666666667,103.5,37.59722222222222,66.94583333333337,107.09722222222223,0.5497892431540161,4.506487974220562,1332.1734375,1
2025-05-03,52.916666666666664,28.1625,449.2916666666667,28.608333333333334,15.075,117.29166666666669,0.3154166666666667,42.375,2.4250000000000003,101.91666666666669,65.54166666666667,31.9125,43.416666666666664,14.083333333333334,2025,5,3,5,Spring,34.78333333333333,63.26666666666667,102.75,36.19166666666667,66.1166666666667,102.31944444444446,0.532204714352037,3.008875525997004,1385.534375,1
2025-05-04,47.50833333333333,29.9375,395.875,30.6375,21.608333333333334,110.91666666666669,0.30875,31.291666666666668,2.379166666666667,90.125,63.916666666666664,33.275,30.875,14.1125,2025,5,4,6,Spring,28.1625,52.916666666666664,101.91666666666669,33.736111111111114,62.383333333333375,102.72222222222224,0.6301525915421311,2.217301289591878,1027.365625,1
2025-05-05,43.708333333333336,26.27916666666667,544.25,35.0625,17.529166666666665,90.95833333333331,0.2545833333333333,31.625,2.5375,85.41666666666667,62.916666666666664,33.30833333333333,29.333333333333332,13.370833333333332,2025,5,5,0,Spring,29.9375,47.50833333333333,90.125,30.96111111111111,54.563888888888926,98.26388888888891,0.6012392617447643,2.3652226339503177,977.0444444444443,1
2025-05-06,95.81666666666666,38.0625,334.6666666666667,17.358333333333334,9.604166666666666,118.25,0.3158333333333333,102.33333333333331,2.4625,91.875,67.375,31.995833333333337,49.666666666666664,18.566666666666663,2025,5,6,1,Spring,26.27916666666667,43.708333333333336,85.41666666666667,28.126388888888886,48.04444444444448,92.48611111111114,0.3972429946365317,5.51166936202858,1589.126388888889,1
2025-05-07,86.50416666666666,27.9625,252.04166666666663,10.179166666666667,6.991666666666667,136.91666666666666,0.2141666666666666,105.66666666666669,2.527083333333333,105.125,76.875,29.858333333333334,53.208333333333336,24.920833333333334,2025,5,7,2,Spring,38.0625,95.81666666666666,91.875,31.42638888888889,62.344444444444484,89.13888888888891,0.3232503213920294,4.240093459685266,1588.7121527777779,1
2025-05-08,81.42083333333333,27.84583333333333,301.4166666666667,13.1,9.3,147.29166666666666,0.2329166666666666,94.16666666666669,2.5187500000000003,114.875,70.875,28.133333333333336,57.958333333333336,19.291666666666668,2025,5,8,3,Spring,27.9625,86.50416666666666,105.125,30.76805555555556,75.3430555555556,94.13888888888891,0.34199886996163303,4.881209250218095,1630.5611111111114,1
2025-05-09,74.56666666666666,35.358333333333334,382.625,28.78333333333333,21.383333333333336,149.33333333333334,0.1825,65.08333333333333,2.5645833333333337,117.95833333333331,74.58333333333333,28.079166666666666,63.791666666666664,11.5875,2025,5,9,4,Spring,27.84583333333333,81.42083333333333,114.875,31.290277777777778,87.91388888888893,103.95833333333336,0.47418416887549175,5.616684161091622,1791.2168402777777,1
2025-05-10,71.14999999999999,40.63333333333333,674.5416666666666,42.81666666666666,35.041666666666664,125.54166666666669,0.30875,49.5,2.4812499999999997,115.79166666666669,71.0,28.170833333333334,74.625,8.758333333333333,2025,5,10,5,Spring,35.358333333333334,74.56666666666666,117.95833333333331,30.388888888888886,80.83055555555559,112.65277777777779,0.571093924978769,5.651759583053141,2102.2484375,1
2025-05-11,52.76666666666667,38.7,430.375,47.34166666666667,24.7875,105.25,0.4345833333333333,24.541666666666668,2.3375,118.125,73.79166666666667,30.795833333333334,55.833333333333336,10.05,2025,5,11,6,Spring,40.63333333333333,71.14999999999999,115.79166666666669,34.612500000000004,75.71250000000003,116.20833333333336,0.7334175476926554,2.44195663927463,1719.4340277777778,1
2025-05-12,48.32083333333333,33.2875,458.5,52.01666666666667,26.708333333333332,94.54166666666669,0.33375,25.625,2.44375,97.33333333333331,67.33333333333333,32.24166666666667,41.333333333333336,9.183333333333334,2025,5,12,0,Spring,38.7,52.76666666666667,118.125,38.230555555555554,66.16111111111114,117.29166666666669,0.6888850422236432,2.7903808213741392,1332.6555555555556,1
2025-05-13,51.225,36.75,395.0833333333333,62.24583333333334,27.616666666666664,77.91666666666667,0.2595833333333333,25.833333333333332,2.4583333333333335,101.5,68.875,33.3125,31.791666666666668,11.7875,2025,5,13,1,Spring,33.2875,48.32083333333333,97.33333333333331,37.54027777777778,57.412500000000044,110.41666666666669,0.717423119230393,2.1915869473379757,1059.0598958333335,1
2025-05-14,46.94166666666666,24.84166666666667,287.0,33.795833333333334,15.079166666666666,74.58333333333333,0.2241666666666666,39.958333333333336,2.622916666666667,88.08333333333333,63.666666666666664,33.80416666666667,32.958333333333336,14.845833333333331,2025,5,14,2,Spring,36.75,51.225,101.5,36.24583333333334,50.77083333333337,105.65277777777779,0.5292029001412485,2.6915518815682153,1114.1289930555556,1
2025-05-15,49.68333333333334,25.475,285.0833333333333,39.05,17.879166666666666,58.541666666666664,0.2520833333333333,44.375,2.5875,78.20833333333333,60.041666666666664,33.25,33.875,14.145833333333334,2025,5,15,3,Spring,24.84166666666667,46.94166666666666,88.08333333333333,31.626388888888886,48.8291666666667,95.6388888888889,0.512747389880965,3.1369659048978447,1126.34375,1
2025-05-16,99.3875,45.05416666666667,542.3333333333334,26.366666666666664,17.970833333333335,125.33333333333331,0.285,98.16666666666669,2.5479166666666666,101.91666666666669,68.625,31.82083333333333,43.625,11.695833333333333,2025,5,16,4,Spring,25.475,49.68333333333334,78.20833333333333,29.022222222222222,49.28333333333337,89.2638888888889,0.45331823633101176,8.393301740508582,1388.1838541666664,1
2025-05-17,65.94166666666666,28.945833333333336,364.0833333333333,17.766666666666666,12.783333333333331,127.91666666666669,0.29375,63.333333333333336,2.525,114.79166666666669,72.91666666666667,30.59583333333333,61.416666666666664,18.25,2025,5,17,5,Spring,45.05416666666667,99.3875,101.91666666666669,31.790277777777778,65.33750000000005,89.40277777777779,0.43896119642672277,3.4703194445487062,1879.094097222222,1
2025-05-18,142.52083333333334,47.025,448.2083333333333,23.554166666666664,18.170833333333334,144.54166666666666,0.3216666666666666,174.375,2.535416666666667,116.45833333333331,78.75,29.72083333333333,60.125,12.408333333333331,2025,5,18,6,Spring,28.945833333333336,65.94166666666666,114.79166666666669,33.15833333333334,71.67083333333338,98.30555555555559,0.3299517591232737,14.053054609559068,1786.9651041666666,1
2025-05-19,88.34166666666665,50.6125,500.875,42.11666666666667,32.75,130.58333333333334,0.5829166666666666,62.541666666666664,2.216666666666667,144.875,92.20833333333331,29.7625,70.83333333333333,9.4625,2025,5,19,0,Spring,47.025,142.52083333333334,116.45833333333331,40.34166666666666,102.61666666666672,111.05555555555559,0.5729176427931217,6.609422463116957,2108.177083333333,1
2025-05-20,64.92083333333333,44.9125,614.8333333333334,45.90833333333333,27.9125,116.875,0.4020833333333333,28.916666666666668,2.535416666666667,133.66666666666666,76.95833333333333,31.4625,65.33333333333333,9.483333333333333,2025,5,20,1,Spring,50.6125,88.34166666666665,144.875,42.19444444444444,98.93472222222226,125.37500000000001,0.6918041097469363,3.049208817306628,2055.5499999999997,1
2025-05-21,67.80833333333334,45.3875,710.6666666666666,61.479166666666664,37.454166666666666,97.70833333333331,0.29,35.916666666666664,2.527083333333333,131.625,78.5,32.46666666666667,57.5,8.7875,2025,5,21,2,Spring,44.9125,64.92083333333333,133.66666666666666,47.51666666666666,98.59444444444448,131.66666666666666,0.6693498733781511,4.087244674756414,1866.8333333333335,1
2025-05-22,118.36666666666667,48.65416666666667,568.9583333333334,39.733333333333334,22.4,93.29166666666669,0.2920833333333333,127.04166666666669,2.6791666666666667,121.16666666666669,77.875,33.84583333333333,51.25,9.5625,2025,5,22,3,Spring,45.3875,67.80833333333334,131.625,46.97083333333333,73.69027777777781,136.72222222222226,0.4110461807008208,13.285401660785887,1734.5989583333333,1
2025-05-23,106.95,54.75416666666666,438.9166666666667,69.34583333333333,28.504166666666663,75.33333333333333,0.3075,94.29166666666669,2.7104166666666667,143.95833333333334,86.41666666666667,35.24583333333333,32.208333333333336,8.945833333333333,2025,5,23,4,Spring,48.65416666666667,118.36666666666667,121.16666666666669,46.31805555555556,83.69861111111116,128.81944444444446,0.5119604128537284,10.540287596800646,1135.2095486111111,1
2025-05-24,72.6875,45.45,493.0833333333333,58.0125,24.604166666666668,83.25,0.2954166666666666,46.583333333333336,2.7624999999999997,135.70833333333334,79.83333333333333,35.67916666666667,31.541666666666668,9.558333333333334,2025,5,24,5,Spring,54.75416666666666,106.95,143.95833333333334,49.59861111111112,97.70833333333337,132.25000000000003,0.6252794410967575,4.873582750802154,1125.3803819444445,1
2025-05-25,91.18333333333334,46.90833333333333,514.5,40.21666666666667,18.341666666666665,107.41666666666669,0.3883333333333333,80.08333333333333,2.49375,128.5,76.91666666666667,34.675000000000004,40.791666666666664,13.420833333333334,2025,5,25,6,Spring,45.45,72.6875,135.70833333333334,49.61944444444444,99.33472222222225,133.61111111111114,0.514439767708575,5.967090520924643,1414.4510416666667,1
2025-05-26,98.75,39.50416666666667,469.1666666666667,29.95,15.429166666666667,115.95833333333331,0.41875,107.54166666666669,2.4229166666666666,125.54166666666669,81.125,34.9125,48.25,12.591666666666669,2025,5,26,0,Spring,46.90833333333333,91.18333333333334,128.5,49.037499999999994,90.27361111111115,136.05555555555557,0.4000421900417669,8.540700843888748,1684.528125,1
2025-05-27,139.9125,35.920833333333334,342.4166666666667,17.091666666666665,12.220833333333331,144.41666666666666,0.3291666666666666,190.58333333333337,2.4520833333333334,115.04166666666669,84.20833333333333,33.12916666666667,46.416666666666664,15.095833333333331,2025,5,27,1,Spring,39.50416666666667,98.75,125.54166666666669,43.95416666666667,87.54027777777782,129.91666666666669,0.2567378402687072,12.624895658301147,1537.7454861111112,1
2025-05-28,90.70833333333331,45.8625,399.75,27.295833333333334,19.479166666666668,148.83333333333334,0.4383333333333333,76.75,2.36875,138.16666666666666,88.54166666666667,32.06666666666667,55.166666666666664,11.495833333333332,2025,5,28,2,Spring,35.920833333333334,139.9125,115.04166666666669,40.77777777777778,109.94861111111116,123.02777777777781,0.5056040366860374,6.676331423588424,1769.0111111111112,1
2025-05-29,80.58749999999999,47.06666666666666,472.75,51.07916666666667,31.7,114.95833333333331,0.45375,54.75,2.3312500000000003,131.16666666666666,77.70833333333333,32.99583333333333,57.708333333333336,9.8125,2025,5,29,3,Spring,45.8625,90.70833333333331,138.16666666666666,40.42916666666667,109.79027777777782,126.25000000000004,0.5840442510640288,5.579617265771489,1904.134548611111,1
2025-05-30,74.33749999999999,44.770833333333336,602.5833333333334,34.295833333333334,21.504166666666663,130.0,0.3899999999999999,49.125,2.470833333333333,133.66666666666666,74.79166666666667,33.766666666666666,47.083333333333336,12.091666666666669,2025,5,30,4,Spring,47.06666666666666,80.58749999999999,131.16666666666666,42.949999999999996,103.73611111111114,128.12500000000003,0.6022644389583844,4.06271503271826,1589.8472222222222,1
2025-05-31,77.64999999999999,34.68333333333333,433.9166666666667,20.425,13.445833333333333,123.0,0.24375,76.41666666666667,2.6437500000000003,120.125,75.04166666666667,33.02916666666667,52.666666666666664,15.145833333333334,2025,5,31,5,Spring,44.770833333333336,74.33749999999999,133.66666666666666,45.9,81.87777777777781,134.33333333333334,0.44666236814772653,5.045391688887482,1739.536111111111,1
2025-06-01,70.74583333333334,34.795833333333334,331.25,26.8875,19.6875,133.375,0.29125,61.0,2.6270833333333337,101.04166666666669,69.25,31.8,55.75,11.175,2025,6,1,6,Summer,34.68333333333333,77.64999999999999,120.125,42.17361111111111,77.52500000000003,128.31944444444446,0.49184285776298453,5.458612486925057,1772.8500000000001,2
2025-06-02,55.8375,36.725,525.5,44.01666666666667,25.5125,106.20833333333331,0.3445833333333333,28.958333333333332,2.6125,111.70833333333331,71.08333333333333,32.94583333333333,51.875,11.195833333333333,2025,6,2,0,Summer,34.795833333333334,70.74583333333334,101.04166666666669,38.083333333333336,74.24444444444448,118.27777777777779,0.6577120992574508,2.586527495062673,1709.0651041666667,2
2025-06-03,77.92083333333333,36.87083333333333,368.9583333333333,29.395833333333332,22.629166666666663,122.5,0.3095833333333333,68.54166666666667,2.6750000000000003,99.66666666666669,66.625,31.745833333333337,65.08333333333333,13.0,2025,6,3,1,Summer,36.725,55.8375,111.70833333333331,35.40138888888888,68.07777777777781,110.95833333333336,0.4731832461598856,5.272435491863937,2066.124652777778,2
2025-06-04,92.00416666666666,36.3,382.8333333333333,20.454166666666666,15.629166666666668,132.54166666666666,0.3170833333333333,98.04166666666669,2.595833333333333,112.66666666666669,73.04166666666667,31.2625,62.541666666666664,15.675,2025,6,4,2,Summer,36.87083333333333,77.92083333333333,99.66666666666669,36.13055555555555,68.1680555555556,104.13888888888891,0.39454734411071224,6.25465138194675,1955.2088541666665,2
2025-06-05,136.82500000000002,48.4125,342.2916666666667,22.491666666666664,16.829166666666666,134.91666666666666,0.3587499999999999,160.625,2.4125,120.5,87.95833333333333,30.90416666666667,59.875,15.641666666666666,2025,6,5,3,Summer,36.3,92.00416666666666,112.66666666666669,36.63194444444444,75.2541666666667,108.01388888888891,0.3538278797454567,10.269045694040766,1850.3869791666668,2
2025-06-06,209.45416666666668,43.84583333333333,357.9583333333333,20.15,13.391666666666666,124.70833333333331,0.2525,309.5,2.4499999999999997,123.20833333333331,104.95833333333331,30.291666666666668,56.75,14.179166666666667,2025,6,6,4,Summer,48.4125,136.82500000000002,120.5,40.52777777777777,102.25000000000004,110.94444444444447,0.20933378324135932,21.82779746145419,1719.0520833333335,2
2025-06-07,160.47083333333333,57.025,317.2083333333333,45.04583333333333,33.449999999999996,103.95833333333331,0.4624999999999999,185.83333333333337,2.308333333333333,144.16666666666666,122.04166666666669,30.270833333333332,69.91666666666667,10.216666666666669,2025,6,7,5,Summer,43.84583333333333,209.45416666666668,123.20833333333331,42.85277777777778,146.09444444444452,118.79166666666669,0.3553605253995657,18.189231498607032,2116.435763888889,2
2025-06-08,136.1625,54.07916666666667,407.5,37.68333333333333,30.7375,120.58333333333331,0.49125,147.83333333333334,2.285416666666667,146.5,95.29166666666669,31.96666666666667,69.5,11.695833333333333,2025,6,8,6,Summer,57.025,160.47083333333333,144.16666666666666,49.76111111111111,168.9166666666667,129.29166666666666,0.397166373043241,12.639827918219204,2221.6833333333334,2
2025-06-09,111.97916666666669,53.46666666666667,389.25,42.84166666666667,25.679166666666664,112.95833333333331,0.4616666666666666,105.58333333333331,2.2916666666666665,150.08333333333334,92.79166666666669,34.1875,51.75,10.754166666666668,2025,6,9,0,Summer,54.07916666666667,136.1625,146.5,51.650000000000006,168.6958333333334,137.95833333333334,0.4774697631779444,9.81789912580558,1769.203125,2
2025-06-10,63.45416666666667,35.858333333333334,392.0,49.275,25.52916666666667,95.91666666666669,0.32125,50.541666666666664,2.5208333333333335,122.66666666666669,76.0,35.512499999999996,34.375,10.5625,2025,6,10,1,Summer,53.46666666666667,111.97916666666669,150.08333333333334,54.85694444444445,136.20416666666674,146.91666666666669,0.5651060387664686,4.785009408914297,1220.7421874999998,2
2025-06-11,53.916666666666664,33.074999999999996,420.4583333333333,45.645833333333336,24.8625,85.16666666666667,0.2491666666666666,38.125,2.6125000000000003,95.08333333333331,66.58333333333333,35.112500000000004,30.791666666666668,10.7625,2025,6,11,2,Summer,35.858333333333334,63.45416666666667,122.66666666666669,47.80138888888889,103.86527777777782,139.75000000000003,0.6134466655929521,3.542392237640675,1081.1723958333334,2
2025-06-12,58.4125,37.47083333333333,389.5,52.55833333333334,28.7875,103.625,0.3533333333333333,37.166666666666664,2.50625,106.54166666666669,68.125,35.3375,38.916666666666664,8.583333333333334,2025,6,12,3,Summer,33.074999999999996,53.916666666666664,95.08333333333331,40.8,76.45000000000006,122.61111111111114,0.6414865429804715,4.330096582901369,1375.2177083333331,2
2025-06-13,76.33333333333333,39.5375,416.875,41.1375,25.7375,109.875,0.4570833333333333,63.208333333333336,2.3833333333333333,111.91666666666669,70.70833333333333,35.225,46.0,9.5125,2025,6,13,4,Summer,37.47083333333333,58.4125,106.54166666666669,35.46805555555556,58.59444444444449,108.09722222222224,0.5179585084983602,6.6447649606905,1620.3500000000001,2
2025-06-14,79.64166666666667,39.675,464.7916666666667,34.204166666666666,26.025,122.20833333333331,0.4116666666666666,72.29166666666667,2.4916666666666667,114.25,71.29166666666667,34.53333333333333,48.458333333333336,10.8375,2025,6,14,5,Summer,39.5375,76.33333333333333,111.91666666666669,36.694444444444436,62.887500000000045,104.51388888888891,0.49816887519302444,6.670510726288899,1673.4277777777777,2
2025-06-15,80.96249999999999,47.24166666666667,556.4166666666666,37.858333333333334,29.40833333333333,122.16666666666669,0.41875,61.416666666666664,2.4812499999999997,125.58333333333331,74.54166666666667,33.7125,40.208333333333336,10.604166666666666,2025,6,15,6,Summer,39.675,79.64166666666667,114.25,38.894444444444446,71.46250000000005,110.90277777777781,0.5835005846307375,5.791747980345967,1355.5234375,2
2025-06-16,72.20833333333333,47.69583333333333,662.1666666666666,44.80833333333334,30.145833333333332,131.16666666666666,0.3591666666666666,45.541666666666664,2.6125000000000003,144.54166666666666,79.625,34.766666666666666,47.666666666666664,8.895833333333334,2025,6,16,0,Summer,47.24166666666667,80.96249999999999,125.58333333333331,42.15138888888889,78.97916666666671,117.25000000000001,0.6605308621738369,5.119437363622966,1657.211111111111,2
2025-06-17,77.74166666666666,42.38333333333333,483.4583333333333,41.53333333333334,23.670833333333334,105.08333333333331,0.2925,66.41666666666667,2.7104166666666667,119.75,74.54166666666667,34.800000000000004,54.291666666666664,11.083333333333334,2025,6,17,1,Summer,47.69583333333333,72.20833333333333,144.54166666666666,44.87083333333333,77.6041666666667,128.125,0.5451816844868902,5.992480662332572,1889.3500000000001,2
2025-06-18,82.07916666666667,40.1125,491.0833333333333,32.112500000000004,24.233333333333334,128.5,0.3454166666666666,73.45833333333333,2.658333333333333,118.08333333333331,73.16666666666667,34.22083333333333,53.708333333333336,12.220833333333331,2025,6,18,2,Summer,42.38333333333333,77.74166666666666,119.75,45.77361111111111,76.97083333333337,129.95833333333334,0.48870500445255083,6.010909838861794,1837.9439236111111,2
2025-06-19,83.55,39.854166666666664,362.8333333333333,28.066666666666663,22.145833333333332,126.70833333333331,0.40625,76.25,2.4520833333333334,118.375,73.5,34.108333333333334,66.16666666666667,14.258333333333333,2025,6,19,3,Summer,40.1125,82.07916666666667,118.08333333333331,43.39722222222222,77.34305555555561,127.45833333333333,0.4770097688768031,5.3477494788252855,2256.8347222222224,2
2025-06-20,74.55833333333332,36.920833333333334,385.0,27.291666666666668,22.433333333333337,139.75,0.3279166666666667,65.45833333333333,2.5833333333333335,120.95833333333331,74.66666666666667,33.516666666666666,66.20833333333333,13.658333333333331,2025,6,20,4,Summer,39.854166666666664,83.55,118.375,40.78333333333333,81.12361111111116,118.73611111111113,0.49519391310793914,4.792556085962947,2219.0826388888886,2
2025-06-21,101.07916666666668,48.23333333333333,498.7916666666667,28.141666666666666,22.816666666666663,157.95833333333334,0.425,94.29166666666669,2.4541666666666666,127.25,71.45833333333333,33.141666666666666,64.45833333333333,10.358333333333333,2025,6,21,5,Summer,36.920833333333334,74.55833333333332,120.95833333333331,38.9625,80.06250000000004,119.1388888888889,0.4771837209067111,9.10297579054136,2136.256597222222,2
2025-06-22,114.62916666666666,54.84583333333333,524.5833333333334,22.65416666666667,19.441666666666663,178.83333333333334,0.52625,108.08333333333331,2.4,161.70833333333334,85.125,32.925000000000004,62.625,11.354166666666666,2025,6,22,6,Summer,48.23333333333333,101.07916666666668,127.25,41.669444444444444,86.39583333333339,122.19444444444446,0.47846315601646044,9.51926521665187,2061.9281250000004,2
2025-06-23,126.43333333333334,48.0875,485.0,19.441666666666663,16.854166666666668,166.83333333333334,0.4754166666666666,144.75,2.4625,157.375,86.875,33.329166666666666,56.083333333333336,14.316666666666668,2025,6,23,0,Summer,54.84583333333333,114.62916666666666,161.70833333333334,46.666666666666664,96.7555555555556,136.6388888888889,0.3803387789585649,10.110593007409102,1869.210763888889,2
2025-06-24,104.94166666666666,38.00416666666667,441.5833333333333,18.054166666666667,15.679166666666667,146.25,0.5391666666666667,125.29166666666669,2.310416666666667,136.16666666666666,87.66666666666667,33.46666666666667,49.875,16.941666666666666,2025,6,24,1,Summer,48.0875,126.43333333333334,157.375,50.388888888888886,114.04722222222227,148.7777777777778,0.36214563301377944,7.395474231452579,1669.15,2
2025-06-25,112.125,45.979166666666664,317.0,28.191666666666663,21.129166666666663,132.54166666666666,0.515,122.20833333333331,2.3958333333333335,117.625,82.66666666666667,33.57083333333333,47.666666666666664,12.608333333333334,2025,6,25,2,Summer,38.00416666666667,104.94166666666666,136.16666666666666,46.979166666666664,115.33472222222228,151.75000000000003,0.4100706020655167,9.692662813536325,1600.2097222222221,2
2025-06-26,141.25,56.775,354.875,31.8,25.59583333333333,134.875,0.6366666666666667,153.91666666666666,2.1999999999999997,137.20833333333334,88.95833333333333,33.583333333333336,65.33333333333333,10.804166666666667,2025,6,26,3,Summer,45.979166666666664,112.125,117.625,44.02361111111111,114.50000000000006,137.05555555555557,0.4019468998092255,14.246045731179724,2194.1111111111113,2
2025-06-27,139.33333333333334,67.99583333333334,479.4583333333333,50.38333333333333,31.625,102.375,0.74375,125.625,2.185416666666667,156.45833333333334,100.04166666666669,34.9125,56.666666666666664,10.179166666666664,2025,6,27,4,Summer,56.775,141.25,137.20833333333334,46.919444444444444,119.43888888888894,130.33333333333334,0.4880083697032892,12.34138233240616,1978.375,2
2025-06-28,116.6125,56.85833333333333,527.3333333333334,45.333333333333336,30.566666666666663,97.20833333333331,0.8825,108.20833333333331,1.9645833333333331,152.95833333333334,91.29166666666669,34.59583333333333,60.208333333333336,9.720833333333331,2025,6,28,5,Summer,67.99583333333334,139.33333333333334,156.45833333333334,56.916666666666664,130.90277777777783,137.09722222222226,0.48758351673919875,11.131589082048274,2082.957465277778,2
2025-06-29,102.94583333333333,53.44583333333333,736.5,39.50416666666667,32.608333333333334,120.75,0.7954166666666667,88.16666666666667,1.9333333333333331,140.16666666666666,81.375,32.4375,66.45833333333333,9.583333333333334,2025,6,29,6,Summer,56.85833333333333,116.6125,152.95833333333334,60.543055555555554,132.39861111111117,148.87500000000003,0.519164604176974,9.199999040000101,2155.7421875,2
2025-06-30,144.31666666666666,60.4625,510.0,33.6,28.479166666666668,136.29166666666666,0.6679166666666667,150.95833333333334,2.1875,153.04166666666666,96.95833333333331,33.041666666666664,60.416666666666664,10.979166666666666,2025,6,30,0,Summer,53.44583333333333,102.94583333333333,140.16666666666666,59.43333333333334,119.6305555555556,149.86111111111111,0.4189571515027799,13.7495243643697,1996.2673611111109,2
2025-07-01,98.15,54.3375,492.625,36.016666666666666,27.395833333333332,136.79166666666666,0.4395833333333334,77.54166666666667,2.49375,152.79166666666666,86.33333333333333,34.229166666666664,54.208333333333336,8.012500000000001,2025,7,1,1,Summer,60.4625,144.31666666666666,153.04166666666666,56.92222222222222,121.2916666666667,148.72222222222226,0.5536169072479173,9.677585895673108,1855.506076388889,2
2025-07-02,155.825,63.6875,651.25,36.4875,29.429166666666664,119.58333333333331,0.5108333333333334,169.125,2.3520833333333333,152.0,92.83333333333331,33.199999999999996,66.04166666666667,9.629166666666666,2025,7,2,2,Summer,54.3375,98.15,152.79166666666666,56.081944444444446,115.13750000000005,148.66666666666666,0.4087116931897212,17.563823359879876,2192.583333333333,2
2025-07-03,113.09583333333336,44.2875,399.625,27.8125,20.945833333333333,132.875,0.42625,124.83333333333331,2.4479166666666665,139.54166666666666,91.875,33.666666666666664,67.75,13.833333333333334,2025,7,3,3,Summer,63.6875,155.825,152.0,59.49583333333334,132.76388888888894,152.61111111111111,0.39159267236553646,9.024095733197898,2280.9166666666665,2
2025-07-04,101.1625,44.01666666666667,300.9583333333333,30.112499999999997,23.55,139.54166666666666,0.6116666666666667,100.54166666666669,2.2958333333333334,130.54166666666666,81.58333333333333,34.108333333333334,62.25,11.1125,2025,7,4,4,Summer,44.2875,113.09583333333336,139.54166666666666,54.104166666666664,122.3569444444445,148.11111111111111,0.4351085257042694,9.04761823343518,2123.24375,2
2025-07-05,162.23333333333332,52.00416666666666,467.0416666666667,27.791666666666668,21.820833333333336,123.45833333333331,0.8016666666666666,204.875,2.1395833333333334,139.70833333333334,94.625,33.6875,66.70833333333333,12.204166666666666,2025,7,5,5,Summer,44.01666666666667,101.1625,130.54166666666666,50.66388888888889,123.36111111111116,140.69444444444446,0.3205516725669714,16.787298044058886,2247.2369791666665,2
2025-07-06,164.55416666666667,51.7625,331.7916666666667,19.804166666666667,14.608333333333334,136.16666666666666,0.7208333333333333,208.625,2.1666666666666665,141.41666666666666,106.33333333333331,33.104166666666664,57.375,18.354166666666668,2025,7,6,6,Summer,52.00416666666666,162.23333333333332,139.70833333333334,46.769444444444446,125.49722222222226,136.59722222222226,0.31456207238004463,11.366628211579846,1899.3515624999998,2
2025-07-07,258.68333333333334,63.49583333333334,363.5833333333333,18.929166666666667,15.395833333333334,144.16666666666666,0.7233333333333333,374.2083333333333,1.9458333333333335,147.125,122.95833333333331,32.69166666666667,54.166666666666664,16.925,2025,7,7,0,Summer,51.7625,164.55416666666667,141.41666666666666,49.26111111111112,142.65000000000006,137.22222222222226,0.24545776594758933,22.109796822660943,1770.7986111111113,2
2025-07-08,223.47083333333333,60.75416666666666,481.625,29.125,20.816666666666663,129.08333333333334,0.7858333333333333,308.5416666666667,1.9791666666666667,155.33333333333334,138.25,32.8375,47.583333333333336,11.5625,2025,7,8,1,Summer,63.49583333333334,258.68333333333334,147.125,55.75416666666666,195.15694444444446,142.75000000000003,0.27186620056219324,26.684682376820266,1562.5177083333333,2
2025-07-09,234.63333333333333,73.49166666666666,722.375,38.7375,35.15416666666667,132.08333333333334,0.8245833333333333,302.7916666666667,1.9375,156.125,132.54166666666666,32.791666666666664,39.208333333333336,8.841666666666667,2025,7,9,2,Summer,60.75416666666666,223.47083333333333,155.33333333333334,58.67083333333333,215.56944444444449,147.95833333333337,0.3132192059388299,34.24599047170702,1285.7065972222222,2
2025-07-10,176.88333333333333,69.48333333333333,526.125,46.78333333333333,35.479166666666664,123.875,0.7895833333333333,199.41666666666663,1.9270833333333333,159.58333333333334,115.16666666666669,33.324999999999996,38.666666666666664,8.2875,2025,7,10,3,Summer,73.49166666666666,234.63333333333333,156.125,65.91388888888889,238.9291666666667,152.86111111111111,0.39282012403946037,24.062339982422525,1288.5666666666664,2
2025-07-11,151.14583333333334,72.66250000000001,442.9166666666667,58.270833333333336,33.975,81.29166666666667,0.76625,143.58333333333334,2.0395833333333333,160.66666666666666,110.70833333333331,34.35,53.25,11.029166666666669,2025,7,11,4,Summer,69.48333333333333,176.88333333333333,159.58333333333334,67.90972222222221,211.66250000000002,157.0138888888889,0.48074431108535814,13.018510342107108,1829.1375,2
2025-07-12,149.19583333333333,57.5375,299.0,40.1375,19.8625,67.375,0.8666666666666667,173.83333333333334,1.7979166666666666,153.95833333333334,98.79166666666669,35.65416666666667,54.708333333333336,9.816666666666666,2025,7,12,5,Summer,72.66250000000001,151.14583333333334,160.66666666666666,71.87916666666666,187.5541666666667,158.79166666666666,0.385650847807518,17.70797782261686,1950.5800347222223,2
2025-07-13,119.43333333333334,49.25,265.875,39.641666666666666,18.804166666666667,78.95833333333333,0.8454166666666666,129.375,1.9958333333333331,145.04166666666666,94.70833333333331,37.625,41.0,13.308333333333332,2025,7,13,6,Summer,57.5375,149.19583333333333,153.95833333333334,66.56111111111112,159.07500000000005,158.06944444444446,0.4123639373790349,9.721351805533992,1542.625,2
2025-07-14,120.10416666666669,53.775,309.2916666666667,46.2875,21.5125,72.29166666666667,0.8083333333333332,123.70833333333331,2.0145833333333334,138.91666666666666,87.08333333333333,38.2625,33.208333333333336,11.720833333333331,2025,7,14,0,Summer,49.25,119.43333333333334,145.04166666666666,59.81666666666667,139.92500000000004,153.22222222222226,0.4477363362547538,10.554567176290039,1270.6338541666669,2
2025-07-15,115.40833333333336,55.770833333333336,277.1666666666667,44.76666666666667,21.258333333333333,77.5,0.8104166666666667,111.20833333333331,2.0625,148.375,87.875,38.42916666666667,35.375,12.070833333333333,2025,7,15,1,Summer,53.775,120.10416666666669,138.91666666666666,53.520833333333336,129.5777777777778,145.97222222222226,0.4832478837468592,9.21297818049197,1359.4317708333333,2
2025-07-16,159.99166666666667,69.79166666666667,381.25,49.229166666666664,31.083333333333332,107.20833333333331,0.75875,170.45833333333334,2.097916666666667,153.41666666666666,90.75,37.333333333333336,38.75,12.520833333333334,2025,7,16,2,Summer,55.770833333333336,115.40833333333336,148.375,52.93194444444445,118.31527777777784,144.11111111111111,0.436220633764963,13.613975618184977,1446.6666666666667,2
2025-07-17,195.7125,72.30416666666666,461.125,42.75416666666666,37.4625,119.08333333333331,0.6391666666666667,230.08333333333337,2.1666666666666665,161.33333333333334,114.16666666666669,36.19166666666667,41.166666666666664,11.1375,2025,7,17,3,Summer,69.79166666666667,159.99166666666667,153.41666666666666,59.77916666666667,131.83472222222227,146.9027777777778,0.36944071685368046,20.65843435913796,1489.8902777777778,2
2025-07-18,132.56666666666666,59.854166666666664,359.875,46.833333333333336,24.40416666666667,83.70833333333333,0.8058333333333333,139.04166666666666,1.9083333333333332,156.95833333333334,109.91666666666669,37.94583333333333,39.0,13.783333333333331,2025,7,18,4,Summer,72.30416666666666,195.7125,161.33333333333334,65.95555555555556,157.03750000000005,154.37500000000003,0.45150238532937603,10.087665531729225,1479.8875,2
2025-07-19,109.03333333333336,54.53333333333333,284.125,50.3125,28.066666666666663,61.166666666666664,0.6766666666666666,99.95833333333331,2.1958333333333333,141.29166666666666,82.95833333333333,37.88333333333333,42.291666666666664,13.120833333333332,2025,7,19,5,Summer,59.854166666666664,132.56666666666666,156.95833333333334,67.31666666666666,162.75694444444449,157.23611111111111,0.5001528538659168,7.618290940492275,1602.1493055555554,2
2025-07-20,154.17083333333332,68.375,520.5833333333334,42.76666666666667,30.46666666666667,98.5,0.6908333333333333,160.75,2.0833333333333335,153.41666666666666,93.79166666666669,35.84166666666667,60.291666666666664,10.116666666666667,2025,7,20,6,Summer,54.53333333333333,109.03333333333336,141.29166666666666,62.230555555555554,145.77083333333337,153.19444444444449,0.4435015241090683,15.889619516676818,2160.9538194444444,2
2025-07-21,135.79999999999998,68.70833333333333,424.125,48.0625,24.379166666666663,96.125,0.6749999999999999,129.41666666666666,2.0708333333333333,157.83333333333334,99.25,38.18333333333333,49.625,11.395833333333334,2025,7,21,0,Summer,68.375,154.17083333333332,153.41666666666666,60.92083333333333,131.92361111111117,150.55555555555557,0.505952377226664,11.356488948607916,1894.8479166666666,2
2025-07-22,133.17083333333332,62.525,282.5,38.354166666666664,19.979166666666668,88.875,0.75875,134.0,2.027083333333333,155.625,94.41666666666669,38.21666666666667,45.958333333333336,13.791666666666666,2025,7,22,1,Summer,68.70833333333333,135.79999999999998,157.83333333333334,63.87222222222223,133.00138888888893,150.84722222222223,0.4695097114394941,9.716011380107938,1756.3743055555558,2
2025-07-23,113.30416666666667,53.39166666666667,521.3333333333334,39.88333333333333,31.05,114.91666666666669,0.5995833333333334,110.75,2.154166666666667,151.70833333333334,89.20833333333333,34.925000000000004,64.25,8.808333333333334,2025,7,23,2,Summer,62.525,133.17083333333332,155.625,66.53611111111111,141.04722222222225,155.62500000000003,0.4712242079544806,12.573319291581537,2243.93125,2
2025-07-24,93.92083333333332,49.56666666666666,533.1666666666666,45.575,31.59583333333333,112.66666666666669,0.57125,79.83333333333333,2.2583333333333333,134.125,82.125,34.454166666666666,69.58333333333333,10.7125,2025,7,24,3,Summer,53.39166666666667,113.30416666666667,151.70833333333334,61.541666666666664,127.42500000000003,155.05555555555557,0.5277494287449598,7.452352474303931,2397.4357638888887,2
2025-07-25,130.98333333333332,48.69166666666666,211.79166666666663,34.141666666666666,17.0625,85.91666666666667,0.5575,165.875,2.2333333333333334,132.91666666666666,82.66666666666667,39.2,41.125,15.883333333333333,2025,7,25,4,Summer,49.56666666666666,93.92083333333332,134.125,55.16111111111112,113.46527777777781,147.1527777777778,0.37173940421117646,10.44333617355701,1612.1000000000001,2
2025-07-26,94.0,43.40416666666667,244.5,35.84583333333333,17.691666666666666,77.0,0.6008333333333333,98.45833333333331,2.1020833333333333,130.16666666666666,89.66666666666667,38.516666666666666,36.625,13.141666666666666,2025,7,26,5,Summer,48.69166666666666,130.98333333333332,132.91666666666666,50.550000000000004,112.73611111111114,139.58333333333334,0.46174644898851297,7.492072987286773,1410.6729166666667,2
2025-07-27,88.33749999999999,48.92083333333333,312.25,43.4,27.575,82.41666666666667,0.5820833333333334,75.79166666666667,2.1770833333333335,122.29166666666669,75.91666666666667,37.895833333333336,39.375,11.695833333333333,2025,7,27,6,Summer,43.40416666666667,94.0,130.16666666666666,47.22083333333334,106.30138888888892,132.4027777777778,0.5537946260595863,6.4802274473621,1492.1484375,2
2025-07-28,109.15833333333336,58.82916666666667,387.375,46.075,27.129166666666663,95.29166666666669,0.6083333333333333,100.41666666666669,2.1354166666666665,147.66666666666666,84.33333333333333,37.729166666666664,44.916666666666664,13.3375,2025,7,28,0,Summer,48.92083333333333,88.33749999999999,122.29166666666669,47.00555555555556,104.44027777777781,128.45833333333337,0.5389342648544078,7.528896655128025,1694.6684027777776,2
2025-07-29,111.24583333333334,57.81666666666666,421.0833333333333,40.59583333333333,23.866666666666664,95.79166666666669,0.59,103.875,2.2666666666666666,151.79166666666666,86.91666666666667,37.2875,45.958333333333336,13.479166666666666,2025,7,29,1,Summer,58.82916666666667,109.15833333333336,147.66666666666666,50.38472222222223,97.16527777777782,133.37500000000003,0.5197198350225566,7.706336367999776,1713.6713541666668,2
2025-07-30,163.36666666666667,60.525,514.1666666666666,24.691666666666663,18.5625,146.45833333333334,0.6108333333333333,193.54166666666663,2.2312499999999997,161.04166666666666,89.08333333333333,35.762499999999996,50.166666666666664,13.4875,2025,7,30,2,Summer,57.81666666666666,111.24583333333334,151.79166666666666,55.18888888888889,102.91388888888893,140.58333333333334,0.37048561291275894,14.349705454454952,1794.0854166666663,2
2025-07-31,163.77083333333334,77.52916666666667,666.6666666666666,48.208333333333336,32.604166666666664,168.29166666666666,0.715,161.79166666666666,2.1020833333333333,174.70833333333334,112.95833333333331,37.30416666666667,42.666666666666664,9.025,2025,7,31,3,Summer,60.525,163.36666666666667,161.04166666666666,59.05694444444445,127.92361111111116,153.50000000000003,0.4734003278560977,17.92705249192401,1591.6444444444444,2
2025-08-01,186.65833333333333,68.04583333333333,245.625,36.2875,18.1875,105.66666666666669,0.7916666666666666,230.58333333333337,1.93125,161.0,103.75,39.0,42.125,17.016666666666666,2025,8,1,4,Summer,77.52916666666667,163.77083333333334,174.70833333333334,65.29027777777777,146.12777777777782,162.5138888888889,0.36454752249003514,13.550439948064255,1642.875,2
2025-08-02,150.27083333333334,61.7375,251.29166666666663,36.541666666666664,19.675,87.41666666666667,0.7275,168.875,2.0166666666666666,155.5,113.16666666666669,38.025,44.458333333333336,15.516666666666666,2025,8,2,5,Summer,68.04583333333333,186.65833333333333,161.0,68.7,171.2652777777778,165.58333333333337,0.4108415333813401,10.883457945212164,1690.528125,2
2025-08-03,150.07916666666668,65.10416666666667,319.7916666666667,38.8125,23.879166666666663,84.25,0.65125,159.0,2.11875,152.875,97.75,37.90416666666667,40.666666666666664,14.779166666666669,2025,8,3,6,Summer,61.7375,150.27083333333334,155.5,69.10416666666667,166.90000000000006,163.73611111111111,0.4337988255056576,10.758386641665409,1541.4361111111111,2
2025-08-04,154.525,58.76666666666667,259.4583333333333,38.65416666666667,19.766666666666666,77.29166666666667,0.6954166666666667,184.5,2.0500000000000003,155.125,101.70833333333331,37.42916666666667,43.291666666666664,15.191666666666668,2025,8,4,0,Summer,65.10416666666667,150.07916666666668,152.875,64.96249999999999,162.33611111111114,156.45833333333334,0.3803052340162526,12.144815437532719,1620.3710069444444,2
2025-08-05,138.80416666666667,49.291666666666664,222.45833333333337,31.28333333333333,17.595833333333335,58.041666666666664,0.5995833333333334,171.25,2.214583333333333,144.16666666666666,102.125,37.3625,39.875,14.2625,2025,8,5,1,Summer,58.76666666666667,154.525,155.125,61.86944444444445,151.62500000000003,154.5,0.3551166185804944,12.007010551655704,1489.8296874999999,2
2025-08-06,135.39583333333334,58.23333333333333,244.45833333333337,41.00833333333333,22.8375,77.45833333333333,0.6041666666666666,143.875,2.1979166666666665,142.66666666666666,91.75,37.483333333333334,36.916666666666664,13.183333333333332,2025,8,6,2,Summer,49.291666666666664,138.80416666666667,144.16666666666666,57.72083333333334,147.8027777777778,150.72222222222223,0.43009693481387085,10.913399930715556,1383.759722222222,2
2025-08-07,139.74166666666667,59.3375,266.875,39.37083333333333,23.0,84.33333333333333,0.6891666666666666,154.66666666666666,2.066666666666667,151.625,94.79166666666669,37.6,37.5,13.595833333333331,2025,8,7,3,Summer,58.23333333333333,135.39583333333334,142.66666666666666,55.43055555555555,142.9083333333334,147.31944444444446,0.4246228128716836,11.376033487512096,1410.0,2
2025-08-08,111.72083333333336,45.895833333333336,219.75,35.11666666666667,20.8125,69.04166666666667,0.63625,125.0,2.11875,141.29166666666666,91.5,37.1875,43.125,15.0125,2025,8,8,4,Summer,59.3375,139.74166666666667,151.625,55.62083333333333,137.9805555555556,146.1527777777778,0.4108081863799662,8.326394116476662,1603.7109375,2
2025-08-09,115.98333333333332,48.15,222.20833333333337,38.266666666666666,23.6875,62.083333333333336,0.5375,129.04166666666666,2.247916666666667,128.70833333333334,84.91666666666667,37.09583333333333,41.375,12.575,2025,8,9,5,Summer,45.895833333333336,111.72083333333336,141.29166666666666,54.48888888888889,128.95277777777784,145.19444444444446,0.4151458507100516,10.261761940747892,1534.8401041666666,2
2025-08-10,123.9875,54.520833333333336,230.5,46.075,27.266666666666666,67.625,0.5516666666666666,132.08333333333334,2.191666666666667,142.95833333333334,87.70833333333333,37.09166666666667,38.041666666666664,14.15,2025,8,10,6,Summer,48.15,115.98333333333332,128.70833333333334,51.12777777777777,122.48194444444448,140.5416666666667,0.43972846370484825,9.334510529952142,1411.0288194444445,2
2025-08-11,117.39166666666668,44.84583333333333,203.91666666666663,38.49583333333333,19.225,46.541666666666664,0.4845833333333333,139.08333333333334,2.28125,138.25,89.79166666666667,36.69583333333333,38.125,14.366666666666667,2025,8,11,0,Summer,54.520833333333336,123.9875,142.95833333333334,49.52222222222222,117.2305555555556,137.6527777777778,0.3820188794035447,9.680973804108552,1399.0286458333333,2
2025-08-12,109.7,49.28333333333333,284.4166666666667,42.083333333333336,24.666666666666668,57.666666666666664,0.4624999999999999,114.08333333333331,2.2958333333333334,126.79166666666669,85.45833333333333,36.0375,40.875,14.1875,2025,8,12,1,Summer,44.84583333333333,117.39166666666668,138.25,49.17222222222222,119.12083333333338,136.6388888888889,0.44925554133161155,8.041115439099057,1473.0328125,2
2025-08-13,93.27083333333331,51.73333333333333,585.4583333333334,25.27916666666667,19.4625,119.91666666666669,0.5325000000000001,76.08333333333333,2.2604166666666665,134.33333333333334,81.375,35.19583333333333,51.5,12.6875,2025,8,13,2,Summer,49.28333333333333,109.7,126.79166666666669,49.550000000000004,117.02638888888892,136.00000000000003,0.5546571305285812,5.996715455102887,1812.5854166666666,2
2025-08-14,123.00833333333333,73.58333333333333,568.2083333333334,42.40416666666667,35.77916666666667,140.875,0.7516666666666666,95.29166666666669,2.0479166666666666,159.08333333333334,89.83333333333333,35.270833333333336,50.208333333333336,9.408333333333331,2025,8,14,3,Summer,51.73333333333333,93.27083333333331,134.33333333333334,48.62083333333333,106.78750000000002,133.12500000000003,0.5981979492050841,10.128431164382874,1770.8897569444446,2
2025-08-15,238.70416666666665,60.4625,195.70833333333337,26.741666666666664,12.9875,77.45833333333333,0.7999999999999999,346.125,1.6416666666666666,156.04166666666666,108.125,36.7,46.333333333333336,26.195833333333336,2025,8,15,4,Summer,73.58333333333333,123.00833333333333,159.08333333333334,58.19999999999999,108.65972222222224,140.06944444444449,0.2532946977466752,13.212978658960571,1700.4333333333336,2
2025-08-16,207.4416666666667,55.69583333333333,171.79166666666666,29.733333333333334,15.179166666666667,69.66666666666667,0.8029166666666666,294.1666666666667,1.8833333333333335,154.875,140.875,36.7875,47.5,17.25,2025,8,16,5,Summer,60.4625,238.70416666666665,156.04166666666666,61.92638888888888,151.66111111111113,149.81944444444446,0.26848913219705556,17.05313910803058,1747.40625,2
2025-08-17,127.39166666666668,53.2875,299.0416666666667,36.016666666666666,20.279166666666665,80.66666666666667,0.71,140.41666666666666,1.9395833333333332,141.16666666666666,104.41666666666669,37.0625,41.375,12.679166666666667,2025,8,17,6,Summer,55.69583333333333,207.4416666666667,154.875,63.24722222222223,189.7180555555556,156.66666666666666,0.4182965885919022,11.07459656329176,1533.4609375,2
2025-08-18,129.57916666666668,59.23333333333333,415.875,49.229166666666664,31.495833333333337,67.875,0.625,130.66666666666666,2.1333333333333333,151.5,90.83333333333331,36.8125,41.041666666666664,11.425,2025,8,18,0,Summer,53.2875,127.39166666666668,141.16666666666666,56.481944444444444,191.1791666666667,150.69444444444446,0.4571208042152804,11.43690636584335,1510.8463541666665,2
2025-08-19,133.5625,55.895833333333336,307.9583333333333,38.25833333333333,25.229166666666668,76.0,0.7125,147.5,2.029166666666667,148.125,92.45833333333331,36.229166666666664,49.125,12.429166666666667,2025,8,19,1,Summer,59.23333333333333,129.57916666666668,151.5,56.072222222222216,154.8041666666667,149.18055555555557,0.41849945092996826,11.867246782387118,1779.7578124999998,2
2025-08-20,134.5375,54.35833333333333,258.2083333333333,41.40416666666667,24.566666666666663,77.125,0.735,153.125,1.8104166666666668,150.33333333333334,92.375,36.9875,46.916666666666664,11.983333333333334,2025,8,20,2,Summer,55.895833333333336,133.5625,148.125,56.138888888888886,130.1777777777778,146.93055555555557,0.40403852404939,12.778163050500996,1735.330208333333,2
2025-08-21,155.85,57.0125,223.125,29.4,16.908333333333335,83.04166666666667,0.62,190.04166666666663,2.13125,146.08333333333334,102.5,36.12083333333333,44.708333333333336,12.041666666666666,2025,8,21,3,Summer,54.35833333333333,134.5375,150.33333333333334,56.49583333333334,132.55972222222226,149.98611111111111,0.36581648786771587,15.78200560979884,1614.9022569444444,2
2025-08-22,166.07083333333333,71.04583333333333,334.1666666666667,35.545833333333334,25.6125,78.66666666666667,0.7154166666666667,177.70833333333334,2.0166666666666666,155.0,99.75,35.25833333333333,52.916666666666664,15.1125,2025,8,22,4,Summer,57.0125,155.85,146.08333333333334,55.75555555555555,141.31666666666672,148.18055555555557,0.42780439815658344,11.759028722865484,1865.7534722222222,2
2025-08-23,172.42916666666667,75.25,449.25,28.5125,22.141666666666666,97.95833333333331,0.6916666666666668,183.33333333333337,2.035416666666667,159.875,110.75,34.975,56.125,13.8,2025,8,23,5,Summer,71.04583333333333,166.07083333333333,155.0,60.80555555555555,152.15277777777783,150.47222222222226,0.4364110841471459,13.285023191906534,1962.9718750000002,2
2025-08-24,120.175,50.395833333333336,487.0416666666667,32.762499999999996,24.5625,117.75,0.56375,125.95833333333331,2.2083333333333335,154.29166666666666,100.08333333333331,34.416666666666664,59.583333333333336,12.033333333333331,2025,8,24,6,Summer,75.25,172.42916666666667,159.875,67.76944444444445,164.7833333333334,153.6527777777778,0.4193537167795267,10.467450653674462,2050.659722222222,2
2025-08-25,102.02083333333331,51.36666666666667,521.0833333333334,35.108333333333334,27.870833333333337,130.83333333333334,0.5425,93.41666666666669,2.03125,140.125,83.08333333333333,34.99166666666667,43.791666666666664,10.8875,2025,8,25,0,Summer,50.395833333333336,120.175,154.29166666666666,65.5638888888889,152.89166666666668,156.3888888888889,0.5034919289018558,8.580175254786814,1532.3434027777778,2
2025-08-26,131.17083333333332,59.270833333333336,401.75,72.3875,44.65833333333333,72.25,0.7433333333333333,138.20833333333334,1.7020833333333334,143.70833333333334,82.91666666666667,35.579166666666666,28.916666666666668,8.829166666666667,2025,8,26,1,Summer,51.36666666666667,102.02083333333331,140.125,59.00416666666666,131.54166666666669,151.43055555555557,0.4518598485293872,15.653608420544588,1028.8309027777777,2
2025-08-27,169.40416666666667,61.30416666666667,212.625,42.50833333333333,22.295833333333334,81.16666666666667,0.6995833333333333,207.58333333333337,1.7791666666666668,153.25,102.79166666666669,36.704166666666666,48.375,13.970833333333331,2025,8,27,2,Summer,59.270833333333336,131.17083333333332,143.70833333333334,53.67777777777778,117.78888888888893,146.04166666666669,0.3618811007489125,14.85833475514455,1775.5640624999999,2
2025-08-28,167.58333333333334,65.97500000000001,270.3333333333333,39.69583333333333,19.591666666666665,88.08333333333333,0.7087500000000001,194.0,1.8145833333333332,154.70833333333334,110.04166666666669,36.9375,40.0,12.8125,2025,8,28,3,Summer,61.30416666666667,169.40416666666667,153.25,57.31388888888889,134.19861111111115,145.69444444444446,0.39368473161401457,15.141462232861485,1477.5,2
2025-08-29,105.28333333333336,56.55833333333334,379.1666666666667,52.73333333333333,25.358333333333334,81.5,0.6445833333333334,89.375,1.875,153.45833333333334,95.0,35.99166666666667,43.583333333333336,10.316666666666666,2025,8,29,4,Summer,65.97500000000001,167.58333333333334,154.70833333333334,62.18333333333334,156.0527777777778,150.55555555555557,0.5372011980003052,8.663165557689931,1568.6368055555556,2
2025-08-30,95.35416666666669,54.979166666666664,420.875,46.00416666666666,32.204166666666666,93.04166666666669,0.6408333333333334,75.625,1.9333333333333331,150.54166666666666,85.16666666666667,35.637499999999996,55.333333333333336,10.970833333333331,2025,8,30,5,Summer,56.55833333333334,105.28333333333336,153.45833333333334,61.27916666666667,147.42361111111117,153.80555555555557,0.5765785388516997,6.8932770017521925,1971.9416666666666,2
2025-08-31,94.37916666666666,56.208333333333336,417.875,41.12916666666667,24.895833333333332,111.79166666666669,0.5516666666666666,71.66666666666667,2.00625,146.16666666666666,83.25,36.3125,44.833333333333336,10.491666666666667,2025,8,31,6,Summer,54.979166666666664,95.35416666666669,150.54166666666666,59.17083333333334,122.74027777777785,152.9027777777778,0.5955586886700771,6.830817458540037,1628.0104166666667,2
2025-09-01,98.53333333333336,58.39166666666667,454.7916666666667,36.420833333333334,24.90416666666667,106.125,0.5304166666666666,74.875,2.066666666666667,149.04166666666666,84.58333333333333,34.525,58.208333333333336,11.458333333333334,2025,9,1,0,Autumn,56.208333333333336,94.37916666666666,146.16666666666666,55.91527777777778,98.33888888888896,150.05555555555557,0.5926082483835428,6.534544884257901,2009.6427083333333,3
2025-09-02,180.5125,69.91250000000001,441.0833333333333,34.00416666666667,25.741666666666664,119.83333333333331,0.4995833333333333,204.91666666666663,2.058333333333333,156.375,98.5,33.43333333333333,72.5,11.3,2025,9,2,1,Autumn,58.39166666666667,98.53333333333336,149.04166666666666,56.526388888888896,96.08888888888896,148.58333333333334,0.38730004632753945,18.134216684287605,2423.9166666666665,3
2025-09-03,180.40416666666667,67.87083333333334,331.75,52.075,34.25833333333333,88.83333333333333,0.5295833333333334,208.33333333333337,1.9229166666666664,155.83333333333334,114.20833333333331,35.00416666666667,54.333333333333336,11.2125,2025,9,3,2,Autumn,69.91250000000001,180.5125,156.375,61.50416666666667,124.47500000000007,150.5277777777778,0.37621544009303864,18.580451705942625,1901.8930555555557,3
2025-09-04,252.67083333333335,59.18333333333334,178.70833333333334,28.03333333333333,14.379166666666668,79.58333333333333,0.6166666666666667,378.5833333333333,1.7104166666666665,154.16666666666666,120.20833333333331,36.141666666666666,43.583333333333336,16.616666666666667,2025,9,4,3,Autumn,67.87083333333334,180.40416666666667,155.83333333333334,65.39166666666667,153.15000000000006,153.75000000000003,0.23423096492116832,22.783348679036184,1575.1743055555555,3
2025-09-05,173.6875,51.30833333333334,259.0,33.574999999999996,17.1125,57.375,0.5795833333333333,237.75,1.90625,146.625,133.04166666666666,36.6,39.25,14.529166666666669,2025,9,5,4,Autumn,59.18333333333334,252.67083333333335,154.16666666666666,65.65555555555555,204.5291666666667,155.45833333333334,0.29540601964981544,16.363635237375263,1436.55,3
2025-09-06,115.78333333333336,52.4125,336.1666666666667,42.020833333333336,21.925,71.125,0.5229166666666667,116.41666666666669,2.0104166666666665,146.04166666666666,96.83333333333331,35.69166666666667,46.0,12.208333333333334,2025,9,6,5,Autumn,51.30833333333334,173.6875,146.625,59.45416666666667,202.25416666666672,152.20833333333334,0.45267741080169205,9.535835396382085,1641.8166666666668,3
2025-09-07,97.4875,47.13333333333333,509.125,24.791666666666668,17.879166666666666,140.66666666666666,0.5541666666666667,90.41666666666669,1.93125,138.54166666666666,81.04166666666667,34.483333333333334,57.708333333333336,12.9875,2025,9,7,6,Autumn,52.4125,115.78333333333336,146.04166666666666,54.30138888888889,180.71388888888896,148.94444444444446,0.48348078317581794,6.961821728958226,1989.9756944444446,3
2025-09-08,100.45,45.44166666666666,515.2083333333334,35.72083333333333,25.520833333333332,121.41666666666669,0.5879166666666666,97.375,1.8625,134.79166666666666,81.29166666666667,33.69166666666667,70.91666666666667,9.425,2025,9,8,0,Autumn,47.13333333333333,97.4875,138.54166666666666,50.28472222222223,128.98611111111117,143.73611111111111,0.4523809478774088,10.33156389055025,2389.3006944444446,3
2025-09-09,129.60833333333332,53.45416666666667,351.25,36.854166666666664,23.475,116.70833333333331,0.5375,146.625,1.825,133.16666666666666,85.25,35.87916666666667,60.083333333333336,12.829166666666666,2025,9,9,1,Autumn,45.44166666666666,100.45,134.79166666666666,48.32916666666667,104.57361111111118,139.79166666666669,0.41242846720945064,11.429034510240896,2155.739930555556,3
2025-09-10,114.24583333333334,53.76666666666667,287.25,40.00416666666667,24.4375,76.29166666666667,0.4645833333333333,113.625,1.9916666666666665,146.625,88.08333333333333,34.699999999999996,44.083333333333336,11.245833333333332,2025,9,10,2,Autumn,53.45416666666667,129.60833333333332,133.16666666666666,48.67638888888889,109.18194444444448,135.5,0.4706225568784634,10.103741228270511,1529.6916666666666,3
2025-09-11,169.92499999999998,51.475,253.29166666666663,33.045833333333334,18.095833333333335,72.125,0.5445833333333333,225.25,1.89375,140.95833333333334,94.25,35.125,44.625,13.616666666666667,2025,9,11,3,Autumn,53.76666666666667,114.24583333333334,146.625,50.88750000000001,114.76805555555559,138.19444444444446,0.30292776046533615,16.542226447327312,1567.453125,3
2025-09-12,199.475,47.36666666666667,218.41666666666663,28.225,15.3125,57.666666666666664,0.5670833333333333,296.4166666666667,1.8833333333333335,135.08333333333334,115.45833333333331,34.80416666666667,50.583333333333336,15.525,2025,9,12,4,Autumn,51.475,169.92499999999998,140.95833333333334,52.898611111111116,137.92638888888894,140.25000000000003,0.2374566558677028,19.092859747105116,1760.510763888889,3
2025-09-13,271.12916666666666,49.86666666666667,137.16666666666666,24.95,11.7625,57.0,0.5570833333333333,420.125,1.8104166666666668,143.16666666666666,135.875,34.108333333333334,53.625,16.6375,2025,9,13,5,Autumn,47.36666666666667,199.475,135.08333333333334,50.86944444444445,161.2152777777778,140.8888888888889,0.18392217663565455,25.251688940544618,1829.059375,3
2025-09-14,165.60416666666666,34.93333333333333,140.79166666666666,27.075,13.754166666666668,54.833333333333336,0.4320833333333333,249.875,1.95625,133.5,128.79166666666666,33.25833333333333,53.666666666666664,15.691666666666668,2025,9,14,6,Autumn,49.86666666666667,271.12916666666666,143.16666666666666,49.56944444444445,213.50972222222222,139.73611111111111,0.21094477165362321,15.924056340474369,1784.8638888888888,3
2025-09-15,135.09166666666667,34.02916666666667,191.83333333333337,27.070833333333336,14.570833333333333,53.208333333333336,0.3925,190.29166666666663,1.99375,96.33333333333331,98.41666666666669,32.887499999999996,53.125,14.6,2025,9,15,0,Autumn,34.93333333333333,165.60416666666666,133.5,44.055555555555564,212.06944444444449,137.25000000000003,0.2518968582920472,13.033674906369297,1747.1484374999998,3
2025-09-16,80.61666666666666,38.69166666666667,351.4166666666667,33.15833333333333,23.1625,81.125,0.5695833333333333,73.33333333333333,1.9083333333333332,101.54166666666669,82.0,33.395833333333336,67.125,10.291666666666666,2025,9,16,1,Autumn,34.02916666666667,135.09166666666667,96.33333333333331,39.609722222222224,190.60833333333335,124.33333333333336,0.47994624172074135,7.125505380517696,2241.6953125,3
2025-09-17,69.06666666666666,38.7125,499.7083333333333,37.833333333333336,27.879166666666663,103.29166666666669,0.5950000000000001,52.166666666666664,1.8541666666666667,116.08333333333331,74.08333333333333,33.38333333333333,71.33333333333333,9.354166666666666,2025,9,17,2,Autumn,38.69166666666667,80.61666666666666,101.54166666666669,35.88472222222222,127.10416666666673,110.45833333333336,0.5605091617686898,5.5768368202936145,2381.3444444444444,3
2025-09-18,56.50416666666666,32.958333333333336,570.0416666666666,33.233333333333334,23.1875,109.70833333333331,0.4491666666666666,40.791666666666664,1.9666666666666668,98.08333333333331,67.04166666666667,32.99583333333333,67.125,9.141666666666667,2025,9,18,3,Autumn,38.7125,69.06666666666666,116.08333333333331,37.144444444444446,94.92500000000005,104.65277777777779,0.5832903075002085,4.462169065213958,2214.8453124999996,3
2025-09-19,93.39166666666668,49.43333333333334,551.625,58.57083333333333,39.7125,99.33333333333331,0.3320833333333333,78.20833333333333,2.058333333333333,114.41666666666669,72.95833333333333,32.12916666666667,65.91666666666667,8.112499999999999,2025,9,19,4,Autumn,32.958333333333336,56.50416666666666,98.08333333333331,36.7875,68.72916666666673,105.23611111111113,0.5293120314519992,9.64047133348068,2117.8475694444446,3
2025-09-20,102.35833333333332,42.69166666666666,406.5416666666667,40.0625,23.2,78.16666666666667,0.4108333333333333,111.45833333333331,1.9625,124.75,78.70833333333333,34.079166666666666,55.0,13.3625,2025,9,20,5,Autumn,49.43333333333334,93.39166666666668,114.41666666666669,40.368055555555564,72.98750000000005,109.52777777777779,0.41708051371410393,8.341128156572884,1874.3541666666665,3
2025-09-21,155.72083333333333,46.75416666666666,261.2083333333333,40.44166666666667,22.725,42.041666666666664,0.4029166666666666,206.75,1.89375,119.625,91.08333333333331,33.9,51.291666666666664,10.583333333333334,2025,9,21,6,Autumn,42.69166666666666,102.35833333333332,124.75,41.69444444444445,84.08472222222228,112.41666666666669,0.3002434893624157,19.535431224998625,1738.7875,3
2025-09-22,126.05,56.575,363.875,44.7625,30.233333333333334,66.375,0.5091666666666667,126.16666666666669,1.7916666666666667,143.41666666666666,98.66666666666669,33.4625,57.625,11.379166666666668,2025,9,22,0,Autumn,46.75416666666666,155.72083333333333,119.625,46.293055555555554,117.1569444444445,119.59722222222224,0.44882982587203635,11.087512756864497,1928.2765625,3
2025-09-23,126.25,62.925,633.375,56.416666666666664,41.391666666666666,64.5,0.5304166666666666,113.125,1.8333333333333333,152.58333333333334,89.75,31.958333333333332,73.41666666666667,7.1625000000000005,2025,9,23,1,Autumn,56.575,126.05,143.41666666666666,48.67361111111111,128.0430555555556,129.2638888888889,0.4984158376363102,15.794064112521589,2346.2743055555557,3
2025-09-24,56.8875,28.608333333333334,329.2083333333333,19.3375,11.545833333333334,121.125,0.1779166666666667,47.0,2.15,134.625,79.04166666666667,32.112500000000004,65.75,17.2625,2025,9,24,2,Autumn,62.925,126.25,152.58333333333334,55.418055555555554,136.00694444444449,138.54166666666669,0.5028931281993444,2.722664577977432,2111.3968750000004,3
2025-09-25,41.9375,25.375,362.2916666666667,36.141666666666666,20.020833333333332,113.33333333333331,0.18625,21.875,2.1020833333333333,77.33333333333333,57.083333333333336,31.99166666666667,59.958333333333336,10.958333333333334,2025,9,25,3,Autumn,28.608333333333334,56.8875,134.625,49.36944444444444,103.06250000000006,143.54166666666669,0.6050670496556293,1.996197536468666,1918.1670138888892,3
2025-09-26,85.47916666666667,44.0875,625.2916666666666,55.2,39.075,95.91666666666669,0.355,71.41666666666667,1.8458333333333337,100.5,68.08333333333333,31.90833333333333,64.16666666666667,7.6375,2025,9,26,4,Autumn,25.375,41.9375,77.33333333333333,38.96944444444444,75.02500000000005,121.5138888888889,0.5157689435152548,9.350789828592712,2047.451388888889,3
2025-09-27,94.6875,42.67083333333333,394.7083333333333,42.35,25.84583333333333,78.29166666666667,0.3458333333333334,94.66666666666669,1.81875,120.95833333333331,77.33333333333333,33.53333333333333,53.0,10.808333333333332,2025,9,27,5,Autumn,44.0875,85.47916666666667,100.5,32.69027777777777,61.434722222222284,104.15277777777779,0.4506490601471606,8.758673052397254,1777.2666666666667,3
2025-09-28,76.54166666666667,40.875,384.7083333333333,43.42916666666667,27.870833333333337,86.83333333333333,0.2820833333333333,65.29166666666667,1.93125,115.25,75.04166666666667,32.666666666666664,56.166666666666664,10.629166666666666,2025,9,28,6,Autumn,42.67083333333333,94.6875,120.95833333333331,37.37777777777777,74.03472222222229,99.59722222222223,0.5340228563872899,6.14268856360437,1834.7777777777776,3
2025-09-29,56.21666666666667,30.829166666666666,448.2916666666667,25.0875,17.491666666666667,120.04166666666669,0.26,41.875,2.004166666666667,108.41666666666669,68.33333333333333,31.691666666666663,71.16666666666667,12.691666666666668,2025,9,29,0,Autumn,40.875,76.54166666666667,115.25,42.544444444444444,85.5694444444445,112.23611111111113,0.548399041534556,3.2994088010971394,2255.3902777777776,3
2025-09-30,56.1375,33.4,464.125,35.34166666666667,25.808333333333337,120.625,0.3108333333333333,36.083333333333336,1.95625,96.58333333333331,65.70833333333333,31.641666666666666,70.16666666666667,9.645833333333334,2025,9,30,1,Autumn,30.829166666666666,56.21666666666667,108.41666666666669,38.12499999999999,75.81527777777784,114.87500000000001,0.5949677026057857,3.740820346524025,2220.1902777777777,3
2025-10-01,71.5625,38.99583333333333,501.5833333333333,29.495833333333337,21.625,126.79166666666669,0.3029166666666666,53.125,1.8958333333333333,107.54166666666669,69.5,31.395833333333332,77.41666666666667,10.216666666666669,2025,10,1,2,Autumn,33.4,56.1375,96.58333333333331,35.03472222222222,62.96527777777783,106.75000000000001,0.5449199341612353,5.199836358906718,2430.560763888889,3
2025-10-02,66.65833333333333,33.141666666666666,404.125,32.25833333333333,22.133333333333336,96.375,0.3320833333333333,55.75,1.75,100.66666666666669,68.16666666666667,31.45,70.33333333333333,8.725,2025,10,2,3,Autumn,38.99583333333333,71.5625,107.54166666666669,34.40833333333333,61.30555555555562,104.18055555555559,0.49718714093480976,6.389684081411567,2211.983333333333,3
2025-10-03,80.64583333333333,40.483333333333334,433.125,33.07083333333333,24.183333333333337,94.70833333333331,0.2945833333333333,69.79166666666667,1.8041666666666665,105.79166666666669,71.04166666666667,31.420833333333334,68.375,8.308333333333334,2025,10,3,4,Autumn,33.141666666666666,66.65833333333333,100.66666666666669,35.17916666666667,64.78611111111117,101.59722222222224,0.5019891438658025,8.400199590748295,2148.399479166667,3
2025-10-04,69.0,35.920833333333334,426.1666666666667,21.05,15.316666666666668,110.625,0.2958333333333333,57.458333333333336,1.7729166666666665,107.75,70.91666666666667,30.816666666666663,70.70833333333333,10.983333333333333,2025,10,4,5,Autumn,40.483333333333334,80.64583333333333,105.79166666666669,37.540277777777774,72.95555555555562,104.6666666666667,0.5205917798948052,5.231410752830585,2178.9951388888885,3
2025-10-05,62.92916666666667,34.391666666666666,435.3333333333333,22.170833333333334,17.320833333333333,118.66666666666669,0.2904166666666666,47.458333333333336,1.7729166666666665,95.58333333333331,66.75,30.71666666666667,69.29166666666667,9.829166666666667,2025,10,5,6,Autumn,35.920833333333334,69.0,107.75,36.515277777777776,72.10138888888895,104.73611111111114,0.5465139289436971,4.82831659228657,2128.409027777778,3
2025-10-06,65.24166666666666,42.0375,362.875,50.86666666666667,33.96666666666667,91.25,0.3833333333333333,39.291666666666664,1.7,109.375,71.33333333333333,30.9125,68.08333333333333,9.9875,2025,10,6,0,Autumn,34.391666666666666,62.92916666666667,95.58333333333331,36.93194444444445,70.85833333333339,103.04166666666669,0.6443351542572209,3.934083878105911,2104.6260416666664,3
2025-10-07,68.72916666666667,41.65416666666666,353.625,50.18333333333334,32.875,78.5,0.3933333333333333,49.458333333333336,1.6270833333333332,117.75,74.04166666666667,31.183333333333337,62.541666666666664,10.708333333333334,2025,10,7,1,Autumn,42.0375,65.24166666666666,109.375,37.449999999999996,65.72361111111117,104.23611111111113,0.6060624343464694,4.618676611485453,1950.257638888889,3
2025-10-08,76.58333333333333,46.15416666666667,422.25,56.90416666666667,37.875,71.83333333333333,0.345,55.291666666666664,1.6958333333333335,117.54166666666669,74.0,30.183333333333337,64.29166666666667,9.758333333333333,2025,10,8,2,Autumn,41.65416666666666,68.72916666666667,117.75,39.36111111111111,65.63333333333338,107.56944444444446,0.6026659333710651,5.666096772048154,1940.536805555556,3
2025-10-09,90.1,47.375,357.9166666666667,53.52916666666667,31.9375,55.875,0.3479166666666666,79.125,1.6770833333333333,127.83333333333331,77.29166666666667,30.383333333333336,58.416666666666664,11.1125,2025,10,9,3,Autumn,46.15416666666667,76.58333333333333,117.54166666666669,43.28194444444444,70.18472222222228,114.88888888888891,0.5258046556514467,7.12035931425338,1774.8930555555557,3
2025-10-10,82.22500000000001,42.55833333333333,344.3333333333333,46.24583333333334,27.491666666666664,79.54166666666667,0.4216666666666666,72.25,1.5708333333333335,125.20833333333331,76.54166666666667,30.620833333333337,55.208333333333336,11.241666666666667,2025,10,10,4,Autumn,47.375,90.1,127.83333333333331,45.06111111111111,78.47083333333339,121.04166666666669,0.5175838591152261,6.426982378622768,1690.5251736111113,3
2025-10-11,90.32916666666668,52.775,413.4583333333333,45.65416666666667,33.40833333333333,89.5,0.4745833333333333,68.91666666666667,1.54375,128.5,77.58333333333333,29.858333333333334,60.791666666666664,10.170833333333333,2025,10,11,5,Autumn,42.55833333333333,82.22500000000001,125.20833333333331,45.362500000000004,82.9694444444445,123.52777777777779,0.5842520346777762,6.775910845465547,1815.1378472222223,3
2025-10-12,73.55833333333334,39.108333333333334,301.0833333333333,40.479166666666664,26.945833333333336,71.58333333333333,0.4516666666666666,64.04166666666667,1.5520833333333333,133.95833333333334,79.25,31.28333333333333,49.041666666666664,12.6375,2025,10,12,6,Autumn,52.775,90.32916666666668,128.5,47.569444444444436,87.55138888888895,127.18055555555556,0.531664204848793,5.06758944404172,1534.1868055555553,3
2025-10-13,68.07083333333334,32.25416666666667,321.875,33.625,20.279166666666665,54.166666666666664,0.4079166666666666,65.16666666666667,1.4604166666666665,96.875,68.83333333333333,32.15,41.791666666666664,11.066666666666668,2025,10,13,0,Autumn,39.108333333333334,73.55833333333334,133.95833333333334,44.81388888888889,82.03750000000007,129.22222222222226,0.4738323980094402,5.888553684769246,1343.6020833333332,3
2025-10-14,67.2,37.625,460.9166666666667,33.895833333333336,23.175,83.125,0.325,50.916666666666664,1.56875,98.45833333333331,67.91666666666667,30.554166666666664,53.958333333333336,8.616666666666667,2025,10,14,1,Autumn,32.25416666666667,68.07083333333334,96.875,41.37916666666666,77.3194444444445,119.77777777777779,0.5598958250015502,5.909090223316415,1648.6519097222222,3
2025-10-15,54.2,35.74166666666667,452.0416666666667,30.7,20.866666666666667,90.04166666666667,0.3645833333333333,27.416666666666668,1.4979166666666668,100.125,68.45833333333333,30.191666666666663,68.08333333333333,9.529166666666669,2025,10,15,2,Autumn,37.625,67.2,98.45833333333331,36.32916666666667,69.60972222222227,109.76388888888891,0.6594403322366482,2.877131311538472,2055.5493055555553,3
2025-10-16,98.81666666666666,45.6875,353.9583333333333,44.27916666666667,26.25,65.375,0.4766666666666666,97.91666666666669,1.4145833333333335,113.125,73.08333333333333,29.891666666666666,62.416666666666664,11.045833333333334,2025,10,16,3,Autumn,35.74166666666667,54.2,100.125,35.206944444444446,63.1569444444445,98.48611111111113,0.46234609078415156,8.864578601471573,1865.7381944444444,3
2025-10-17,72.64999999999999,36.675,302.0833333333333,39.420833333333334,22.395833333333332,69.33333333333333,0.47125,66.16666666666667,1.4,117.875,76.5,30.075,50.166666666666664,11.404166666666669,2025,10,17,4,Autumn,45.6875,98.81666666666666,113.125,39.68472222222223,73.40555555555561,103.90277777777779,0.5048176117712648,5.80197245433928,1508.7624999999998,3
2025-10-18,61.2125,40.24166666666667,381.25,41.09166666666667,26.65416666666667,75.45833333333333,0.3874999999999999,38.458333333333336,1.50625,104.08333333333331,69.70833333333333,29.558333333333337,51.083333333333336,11.116666666666667,2025,10,18,5,Autumn,36.675,72.64999999999999,117.875,39.36805555555556,75.22222222222227,110.37500000000001,0.6574092874700002,3.4595199286788674,1509.9381944444447,3
2025-10-19,74.57916666666667,51.02916666666667,449.7083333333333,44.92083333333333,32.46666666666667,64.16666666666667,0.4291666666666667,41.791666666666664,1.4895833333333333,128.75,77.54166666666667,28.90833333333333,61.375,10.220833333333331,2025,10,19,6,Autumn,40.24166666666667,61.2125,104.08333333333331,40.86805555555555,77.55972222222228,111.69444444444446,0.6842281599969408,4.088870370432578,1774.2489583333331,3
2025-10-20,61.3125,35.5875,398.9583333333333,46.25,32.770833333333336,75.04166666666667,0.2966666666666667,43.041666666666664,1.4979166666666668,120.16666666666669,74.83333333333333,29.041666666666668,62.291666666666664,9.175,2025,10,20,0,Autumn,51.02916666666667,74.57916666666667,128.75,42.64861111111111,69.48055555555561,116.90277777777779,0.5804281250898573,4.691189316128321,1809.0538194444443,3
2025-10-21,54.895833333333336,34.80833333333333,489.2916666666667,57.895833333333336,40.791666666666664,67.08333333333333,0.38,32.375,1.4854166666666666,98.5,67.83333333333333,29.35,57.916666666666664,9.141666666666667,2025,10,21,1,Autumn,35.5875,61.3125,120.16666666666669,42.28611111111111,65.70138888888896,117.66666666666669,0.6340796848440892,3.541476367386359,1699.8541666666667,3
2025-10-22,54.78333333333333,36.38333333333333,488.7916666666667,49.7625,31.34166666666667,73.04166666666667,0.3899999999999999,33.416666666666664,1.4166666666666667,100.95833333333331,68.70833333333333,29.333333333333332,58.375,9.070833333333336,2025,10,22,2,Autumn,34.80833333333333,54.895833333333336,98.5,40.475,63.595833333333395,115.80555555555559,0.6641314147101051,3.6839683582212177,1712.3333333333333,3
2025-10-23,46.770833333333336,30.75,464.9583333333333,30.916666666666668,19.254166666666663,92.20833333333331,0.3216666666666666,26.416666666666668,1.46875,95.75,66.79166666666667,28.96666666666667,59.666666666666664,8.775,2025,10,23,3,Autumn,36.38333333333333,54.78333333333333,100.95833333333331,35.59305555555556,56.997222222222284,106.54166666666669,0.6574610104418136,3.010446000708908,1728.3444444444444,3
2025-10-24,51.0,32.512499999999996,473.0,32.40833333333333,18.85,86.83333333333333,0.2608333333333333,28.875,1.5854166666666665,90.0,64.625,28.954166666666666,51.375,8.008333333333335,2025,10,24,4,Autumn,30.75,46.770833333333336,95.75,33.980555555555554,52.150000000000055,98.40277777777779,0.6374999875000001,3.60561869648882,1487.5203125,3
2025-10-25,54.64166666666667,36.775,406.125,44.07083333333333,24.804166666666664,67.79166666666667,0.2904166666666666,26.583333333333332,1.5666666666666669,97.95833333333331,67.54166666666667,28.391666666666666,53.583333333333336,8.65,2025,10,25,5,Autumn,32.512499999999996,51.0,90.0,33.21527777777777,50.85138888888895,95.56944444444446,0.6730211864019303,3.073217371111672,1521.320138888889,3
2025-10-26,63.4375,41.020833333333336,467.375,44.87916666666666,27.21666666666667,64.66666666666667,0.3395833333333333,36.291666666666664,1.491666666666667,109.16666666666669,71.33333333333333,27.479166666666668,62.208333333333336,8.758333333333333,2025,10,26,6,Autumn,36.775,54.64166666666667,97.95833333333331,33.34583333333333,50.804166666666724,94.56944444444446,0.6466338157509284,4.1436722195616875,1709.4331597222224,3
2025-10-27,65.42916666666666,45.1125,515.5416666666666,58.4125,38.80833333333333,64.625,0.3591666666666666,35.291666666666664,1.4791666666666667,119.83333333333331,74.75,27.1625,64.16666666666667,8.058333333333334,2025,10,27,0,Autumn,41.020833333333336,63.4375,109.16666666666669,36.769444444444446,56.35972222222228,99.04166666666669,0.6894860749234759,4.3795237584872275,1742.9270833333335,3
2025-10-28,61.9125,44.76666666666667,454.8333333333333,42.77916666666667,31.858333333333334,89.79166666666667,0.40125,30.916666666666668,1.3770833333333332,123.20833333333331,75.91666666666667,28.34583333333333,65.125,9.541666666666666,2025,10,28,1,Autumn,45.1125,65.42916666666666,119.83333333333331,40.96944444444444,61.1694444444445,108.98611111111113,0.7230634515421478,3.240174332907494,1846.0223958333331,3
2025-10-29,61.5125,41.05833333333333,448.3333333333333,33.22083333333333,22.570833333333336,98.04166666666669,0.4058333333333333,37.208333333333336,1.3833333333333335,119.58333333333331,74.66666666666667,28.491666666666664,64.58333333333333,9.829166666666667,2025,10,29,2,Autumn,44.76666666666667,61.9125,123.20833333333331,43.63333333333333,63.5930555555556,117.40277777777779,0.667479498733653,3.785501946366907,1840.0868055555552,3
2025-10-30,55.69166666666666,40.708333333333336,516.8333333333334,29.566666666666663,21.675,103.54166666666669,0.4220833333333333,26.083333333333332,1.325,115.70833333333331,73.45833333333333,28.583333333333332,62.833333333333336,9.170833333333333,2025,10,30,3,Autumn,41.05833333333333,61.5125,119.58333333333331,43.645833333333336,62.95138888888894,120.875,0.7309591369571905,2.84416143453033,1795.986111111111,3
2025-10-31,33.75,25.645833333333332,365.0833333333333,30.270833333333332,20.466666666666665,88.91666666666667,0.3304166666666666,13.666666666666666,1.41875,94.875,66.29166666666667,28.304166666666664,60.0,10.408333333333331,2025,10,31,4,Autumn,40.708333333333336,55.69166666666666,115.70833333333331,42.177777777777784,59.70555555555561,119.5,0.7598765206950167,1.313050314198529,1698.2499999999998,3
2025-11-01,34.145833333333336,25.22083333333333,339.8333333333333,19.466666666666665,13.979166666666666,98.79166666666669,0.30625,13.625,1.36875,76.66666666666667,57.916666666666664,28.40416666666667,56.125,11.579166666666666,2025,11,1,5,Autumn,25.645833333333332,33.75,94.875,35.80416666666667,50.31805555555562,110.05555555555556,0.7386210888018229,1.1766821581850604,1594.1838541666668,3
2025-11-02,47.604166666666664,35.2125,334.8333333333333,19.295833333333334,15.395833333333334,111.91666666666669,0.3329166666666667,20.75,1.3104166666666666,85.91666666666667,63.125,28.0625,56.125,8.879166666666666,2025,11,2,6,Autumn,25.22083333333333,34.145833333333336,76.66666666666667,30.524999999999995,41.19583333333339,95.75000000000001,0.7396936387285363,2.3369307551086904,1575.0078125,3
2025-11-03,48.82916666666667,32.300000000000004,352.25,23.795833333333334,14.45,104.08333333333331,0.3416666666666666,24.416666666666668,1.3083333333333331,101.04166666666669,68.58333333333333,27.6125,54.458333333333336,12.416666666666666,2025,11,3,0,Autumn,35.2125,47.604166666666664,85.91666666666667,28.693055555555556,38.50000000000006,85.81944444444446,0.6614898746686945,1.9664427946489027,1503.7307291666668,3
2025-11-04,56.96666666666667,37.62916666666667,414.8333333333333,49.7625,29.225,72.83333333333333,0.3583333333333333,30.666666666666668,1.30625,92.41666666666669,65.54166666666667,27.808333333333337,52.333333333333336,10.233333333333333,2025,11,4,1,Autumn,32.300000000000004,48.82916666666667,101.04166666666669,30.911111111111115,43.52638888888895,87.87500000000004,0.6605470919740125,2.9967423781684976,1455.3027777777781,3
2025-11-05,93.975,43.43333333333334,355.8333333333333,46.15833333333333,23.02916666666667,64.25,0.4558333333333333,92.66666666666669,1.2020833333333334,117.70833333333331,74.625,27.2,40.083333333333336,12.533333333333331,2025,11,5,2,Autumn,37.62916666666667,56.96666666666667,92.41666666666669,35.047222222222224,51.13333333333339,93.12500000000004,0.46217965279227124,7.393616431360394,1090.2666666666667,3
2025-11-06,68.82083333333334,39.325,341.8333333333333,52.26666666666667,31.233333333333334,55.416666666666664,0.4054166666666667,53.416666666666664,1.2333333333333334,113.79166666666669,73.91666666666667,26.1125,48.625,9.6625,2025,11,6,3,Autumn,43.43333333333334,93.975,117.70833333333331,37.7875,66.59027777777784,103.72222222222224,0.571411264930756,5.528244361026888,1269.7203125,3
2025-11-07,69.38333333333334,39.4375,249.66666666666663,55.11666666666667,29.041666666666668,49.833333333333336,0.2720833333333333,51.166666666666664,1.3208333333333333,112.25,72.25,25.541666666666668,42.375,10.883333333333333,2025,11,7,4,Autumn,39.325,68.82083333333334,113.79166666666669,40.12916666666667,73.25416666666672,107.97222222222224,0.568400183976937,4.7013778222317475,1082.328125,3
2025-11-08,54.2,33.94583333333333,329.2916666666667,50.25416666666666,27.145833333333332,52.375,0.2704166666666667,33.458333333333336,1.26875,104.08333333333331,69.625,25.179166666666664,39.0,10.966666666666669,2025,11,8,5,Autumn,39.4375,69.38333333333334,112.25,40.731944444444444,77.39305555555562,114.58333333333336,0.6263068765134032,3.0509115759047196,981.9874999999998,3
2025-11-09,52.9875,34.770833333333336,348.875,41.325,24.1625,72.25,0.3145833333333333,30.458333333333332,1.2270833333333333,92.79166666666669,65.58333333333333,25.329166666666666,48.5,9.908333333333331,2025,11,9,6,Autumn,33.94583333333333,54.2,104.08333333333331,37.56944444444445,64.1347222222223,110.04166666666669,0.6562082128261406,3.0740114643554457,1228.4645833333334,3
2025-11-10,59.145833333333336,42.44583333333333,455.5,47.3625,31.8,73.41666666666667,0.3520833333333333,28.083333333333332,1.2041666666666666,110.41666666666669,71.66666666666667,25.991666666666664,51.291666666666664,7.904166666666666,2025,11,10,0,Autumn,34.770833333333336,52.9875,92.79166666666669,36.05138888888889,58.8569444444445,103.04166666666669,0.7176470466900112,3.5529779374197656,1333.1559027777776,3
2025-11-11,56.42083333333333,42.72083333333333,424.5,44.84166666666667,32.35,88.625,0.3720833333333333,23.791666666666668,1.1895833333333334,117.04166666666669,74.0,25.454166666666666,57.583333333333336,8.670833333333333,2025,11,11,1,Autumn,42.44583333333333,59.145833333333336,110.41666666666669,37.05416666666667,55.44444444444451,102.43055555555559,0.7571818786113544,2.7438728214658936,1465.7357638888889,3
2025-11-12,47.1125,36.641666666666666,377.6666666666667,54.3125,36.96666666666667,71.625,0.2608333333333333,19.375,1.2458333333333331,112.5,72.45833333333333,25.016666666666666,53.708333333333336,8.775,2025,11,12,2,Autumn,42.72083333333333,56.42083333333333,117.04166666666669,39.979166666666664,56.184722222222284,106.75000000000004,0.7777482810064927,2.2079769563559024,1343.6034722222223,3
2025-11-13,44.95416666666667,30.641666666666666,447.3333333333333,44.89166666666667,27.7625,75.54166666666667,0.2175,26.416666666666668,1.2479166666666668,98.08333333333331,67.625,25.079166666666666,55.166666666666664,9.770833333333334,2025,11,13,3,Autumn,36.641666666666666,47.1125,112.5,40.60277777777778,54.22638888888895,113.31944444444447,0.6816201535277748,2.703624456771911,1383.5340277777777,3
2025-11-14,42.6875,32.62916666666667,468.5833333333333,47.7875,30.025,66.875,0.2358333333333333,18.25,1.2291666666666667,87.16666666666667,63.583333333333336,24.95,53.375,9.241666666666667,2025,11,14,4,Autumn,30.641666666666666,44.95416666666667,98.08333333333331,36.668055555555554,49.49583333333339,109.20833333333336,0.7643728469058583,1.9747518151756378,1331.70625,3
2025-11-15,51.67083333333333,42.45,417.7083333333333,50.0125,32.666666666666664,73.79166666666667,0.27625,15.916666666666666,1.2,110.75,71.83333333333333,24.5875,50.458333333333336,10.204166666666667,2025,11,15,5,Autumn,32.62916666666667,42.6875,87.16666666666667,33.30416666666667,44.91805555555561,99.25000000000001,0.8215466335641327,1.559820181969439,1240.6442708333334,3
2025-11-16,48.8875,42.75,349.9166666666667,49.375,32.041666666666664,88.66666666666667,0.2508333333333333,10.333333333333334,1.2291666666666667,115.125,73.20833333333333,25.020833333333332,50.375,9.429166666666667,2025,11,16,6,Autumn,42.45,51.67083333333333,110.75,35.24027777777778,46.43750000000006,98.66666666666669,0.8744566428134668,1.0958902947354527,1260.4244791666665,3
2025-11-17,48.30833333333334,42.604166666666664,417.7916666666667,46.7,30.254166666666663,80.70833333333333,0.27375,9.25,1.10625,117.79166666666669,74.29166666666667,24.441666666666663,59.333333333333336,9.575,2025,11,17,0,Autumn,42.75,48.8875,115.125,39.276388888888896,47.74861111111117,104.34722222222224,0.8819216653733655,0.9660573403595468,1450.2055555555553,3
2025-11-18,70.1375,56.85833333333333,499.3333333333333,54.67083333333333,39.31666666666667,61.458333333333336,0.3425,22.875,1.09375,130.04166666666666,78.08333333333333,23.96666666666667,66.91666666666667,8.3125,2025,11,18,1,Autumn,42.604166666666664,48.30833333333334,117.79166666666669,42.60138888888889,49.622222222222284,114.55555555555559,0.810669506649992,2.7518793681949636,1603.7694444444446,3
2025-11-19,88.15833333333335,65.90416666666667,471.7083333333333,73.38333333333334,52.22083333333333,38.625,0.3020833333333333,39.5,1.1833333333333331,153.83333333333334,90.16666666666669,24.141666666666666,74.29166666666667,8.308333333333334,2025,11,19,2,Autumn,56.85833333333333,70.1375,130.04166666666666,47.40416666666666,55.777777777777835,120.98611111111113,0.7475659240279883,4.754262216136945,1793.5246527777779,3
2025-11-20,71.575,59.1,471.4166666666667,64.72916666666667,39.3,57.916666666666664,0.2441666666666666,22.875,1.2,154.58333333333334,91.45833333333331,24.045833333333334,78.16666666666667,8.6,2025,11,20,3,Autumn,65.90416666666667,88.15833333333335,153.83333333333334,55.12222222222221,68.86805555555561,133.8888888888889,0.8257072884986757,2.6598834116414642,1879.582638888889,3
2025-11-21,54.96666666666667,46.72083333333333,564.4583333333334,51.145833333333336,40.05833333333333,75.33333333333333,0.2470833333333333,14.208333333333334,1.0875,143.45833333333334,82.58333333333333,24.120833333333337,78.66666666666667,7.145833333333333,2025,11,21,4,Autumn,59.1,71.575,154.58333333333334,60.62083333333333,76.62361111111117,146.1527777777778,0.8499848238329019,1.9883379141684552,1897.505555555556,3
2025-11-22,43.52916666666667,38.454166666666666,388.2083333333333,69.39583333333333,49.75833333333333,45.083333333333336,0.2233333333333333,9.041666666666666,1.1458333333333333,115.54166666666669,73.33333333333333,24.133333333333336,65.41666666666667,7.720833333333334,2025,11,22,5,Autumn,46.72083333333333,54.96666666666667,143.45833333333334,57.24166666666667,71.56666666666673,150.62500000000003,0.8834114854007125,1.1710737824836976,1578.7222222222226,3
2025-11-23,46.24583333333334,35.395833333333336,463.4166666666667,61.0375,35.604166666666664,41.375,0.22,19.5,1.15,105.58333333333331,70.16666666666667,23.241666666666664,49.5,8.549999999999999,2025,11,23,6,Autumn,38.454166666666666,43.52916666666667,115.54166666666669,48.09166666666667,56.69027777777783,137.86111111111111,0.7653842523027101,2.2807014876372533,1150.4624999999999,3
2025-11-24,37.6,29.1375,408.5833333333333,49.5125,31.71666666666667,64.125,0.2358333333333333,15.083333333333334,1.1,94.83333333333331,66.54166666666667,24.2625,54.416666666666664,9.595833333333331,2025,11,24,0,Autumn,35.395833333333336,46.24583333333334,105.58333333333331,40.19027777777778,48.247222222222284,121.52777777777779,0.7749334900283646,1.5718626238614726,1320.284375,3
2025-11-25,35.9375,29.53333333333333,381.4166666666667,51.604166666666664,28.616666666666664,61.583333333333336,0.1725,11.5,1.1375,81.83333333333333,61.583333333333336,22.6,50.833333333333336,9.870833333333334,2025,11,25,1,Autumn,29.1375,37.6,94.83333333333331,34.329166666666666,42.45833333333339,105.31944444444446,0.8217970785818784,1.1650484256599316,1148.8333333333335,3
2025-11-26,41.4625,34.829166666666666,483.0833333333333,53.46666666666667,31.7875,66.70833333333333,0.2375,11.208333333333334,1.11875,96.41666666666669,67.08333333333333,22.770833333333332,50.666666666666664,9.05,2025,11,26,2,Autumn,29.53333333333333,35.9375,81.83333333333333,31.355555555555554,39.927777777777834,94.08333333333333,0.8400160585263939,1.238489734236862,1153.7222222222222,3
2025-11-27,34.40833333333333,29.366666666666664,489.2083333333333,47.2,28.866666666666664,78.75,0.2491666666666666,7.25,1.1145833333333333,88.75,64.16666666666667,22.695833333333336,49.958333333333336,9.129166666666666,2025,11,27,3,Autumn,34.829166666666666,41.4625,96.41666666666669,31.166666666666668,38.33333333333339,91.02777777777779,0.853475392972379,0.7941578317672846,1133.8460069444448,3
2025-11-28,48.13333333333333,42.24166666666667,519.5416666666666,55.87083333333334,42.19166666666667,69.29166666666667,0.3575,8.833333333333334,1.0333333333333334,100.91666666666669,68.41666666666667,22.570833333333336,51.625,8.066666666666666,2025,11,28,4,Autumn,29.366666666666664,34.40833333333333,88.75,31.243055555555554,37.2694444444445,89.00000000000001,0.877596934675964,1.0950411865651424,1165.2192708333334,3
2025-11-29,49.175,43.25416666666666,363.5,44.49583333333334,30.9375,91.66666666666669,0.3266666666666666,9.833333333333334,1.0208333333333333,120.875,75.29166666666667,22.920833333333334,53.333333333333336,9.366666666666667,2025,11,29,5,Autumn,42.24166666666667,48.13333333333333,100.91666666666669,35.479166666666664,41.334722222222275,95.36111111111114,0.879596660641993,1.0498219519763041,1222.4444444444446,3
2025-11-30,58.825,48.479166666666664,407.2083333333333,49.166666666666664,31.75,81.16666666666667,0.3699999999999999,18.291666666666668,1.0125,123.45833333333331,75.91666666666667,22.541666666666668,57.083333333333336,8.520833333333334,2025,11,30,6,Autumn,43.25416666666666,49.175,120.875,38.2875,43.905555555555615,103.51388888888891,0.8241252161927998,2.146699014568331,1286.7534722222224,3
2025-12-01,68.825,54.38333333333333,432.1666666666667,49.145833333333336,34.166666666666664,78.70833333333333,0.4520833333333333,25.75,0.9895833333333334,141.375,81.70833333333333,22.829166666666666,49.875,8.525,2025,12,1,0,Winter,48.479166666666664,58.825,123.45833333333331,44.65833333333333,52.0444444444445,115.08333333333336,0.7901682897662919,3.02052750492346,1138.6046875,0
2025-12-02,68.625,56.25833333333333,417.2916666666667,49.81666666666666,35.80416666666667,86.58333333333333,0.3929166666666666,21.541666666666668,0.9958333333333332,145.0,82.75,22.275,63.625,9.275,2025,12,2,1,Winter,54.38333333333333,68.825,141.375,48.705555555555556,58.94166666666673,128.56944444444446,0.8197935521098694,2.322551411764448,1417.2468749999998,0
2025-12-03,76.15833333333333,57.729166666666664,474.2083333333333,46.67083333333333,33.958333333333336,86.54166666666667,0.44875,31.166666666666668,0.9458333333333332,151.91666666666666,87.33333333333333,22.679166666666664,73.45833333333333,8.174999999999999,2025,12,3,2,Winter,56.25833333333333,68.625,145.0,53.04027777777778,65.42500000000005,136.61111111111111,0.7580150901672162,3.8124358231475046,1665.9737847222218,0
2025-12-04,76.60833333333333,58.4,371.0416666666667,56.99166666666667,39.22083333333333,66.875,0.4975,31.5,0.9333333333333332,151.16666666666666,86.20833333333333,23.395833333333332,65.0,8.154166666666667,2025,12,4,3,Winter,57.729166666666664,76.15833333333333,151.91666666666666,56.12361111111111,71.20277777777784,146.09722222222226,0.7623191459286089,3.8630552237438667,1520.7291666666665,0
2025-12-05,56.5875,41.88333333333333,526.9166666666666,57.19583333333333,33.94166666666667,54.166666666666664,0.5233333333333333,23.416666666666668,0.6395833333333333,140.16666666666666,81.58333333333333,23.429166666666664,64.41666666666667,8.395833333333334,2025,12,5,4,Winter,58.4,76.60833333333333,151.16666666666666,57.4625,73.79722222222227,149.36111111111111,0.7401516694178337,2.7890815536577804,1509.2288194444443,0
2025-12-06,46.99583333333334,35.329166666666666,411.4166666666667,61.7125,39.375,43.916666666666664,0.4304166666666666,18.5,0.9145833333333332,104.45833333333331,69.875,22.96666666666667,69.83333333333333,8.004166666666666,2025,12,6,5,Winter,41.88333333333333,56.5875,140.16666666666666,52.67083333333333,69.78472222222227,147.75,0.7517510257629004,2.3112959111342954,1603.838888888889,0
2025-12-07,34.579166666666666,26.808333333333337,266.75,45.416666666666664,25.333333333333332,66.20833333333333,0.2570833333333333,12.5,0.9895833333333334,90.66666666666669,64.875,23.991666666666664,60.958333333333336,10.425,2025,12,7,6,Winter,35.329166666666666,46.99583333333334,104.45833333333331,45.20416666666667,60.06388888888895,131.93055555555557,0.7752741069929168,1.1990406523702013,1462.4920138888888,0
2025-12-08,47.416666666666664,30.958333333333332,254.45833333333337,54.1875,26.333333333333332,53.208333333333336,0.1633333333333333,29.416666666666668,1.0354166666666669,79.41666666666667,59.666666666666664,23.71666666666667,50.625,11.295833333333334,2025,12,8,0,Winter,26.808333333333337,34.579166666666666,90.66666666666669,34.67361111111111,46.054166666666724,111.76388888888891,0.6528998104836595,2.6042048598269396,1200.65625,0
2025-12-09,64.92916666666666,38.891666666666666,520.0833333333334,51.27916666666667,35.30416666666667,42.5,0.2216666666666666,46.875,0.9916666666666668,103.75,69.54166666666667,22.929166666666664,45.25,9.520833333333334,2025,12,9,1,Winter,30.958333333333332,47.416666666666664,79.41666666666667,31.031944444444445,42.997222222222284,91.51388888888891,0.5989860653432166,4.923413049619636,1037.5447916666665,0
2025-12-10,41.125,33.137499999999996,363.0833333333333,60.275,28.070833333333336,40.0,0.1433333333333333,14.5,1.06875,102.125,69.04166666666667,22.3125,54.375,11.854166666666666,2025,12,10,2,Winter,38.891666666666666,64.92916666666666,103.75,32.21944444444444,48.97500000000005,91.27777777777781,0.8057750563945274,1.2231984908373859,1213.2421875,0
2025-12-11,50.43333333333334,36.75416666666667,473.7916666666667,64.2625,33.579166666666666,35.291666666666664,0.21875,25.041666666666668,0.9270833333333334,100.83333333333331,68.66666666666667,22.375,61.041666666666664,9.783333333333331,2025,12,11,3,Winter,33.137499999999996,41.125,102.125,34.32916666666666,51.1569444444445,95.09722222222224,0.7287673351863715,2.5596249513160196,1365.8072916666665,0
2025-12-12,53.675,33.487500000000004,548.5833333333334,58.39166666666667,31.55,39.333333333333336,0.2304166666666667,36.541666666666664,0.95625,100.66666666666669,68.5,22.816666666666663,53.5,9.416666666666666,2025,12,12,4,Winter,36.75416666666667,50.43333333333334,100.83333333333331,36.26111111111111,52.16250000000006,102.23611111111113,0.6238937936861894,3.8805305613595866,1220.6916666666664,0
2025-12-13,33.94166666666667,23.75,449.5833333333333,45.7625,22.133333333333336,40.5,0.3154166666666667,17.583333333333332,0.9375,84.5,61.958333333333336,23.15416666666667,54.708333333333336,10.7375,2025,12,13,5,Winter,33.487500000000004,53.675,100.66666666666669,34.45972222222222,48.411111111111175,101.20833333333336,0.6997299081837494,1.6375629053104006,1266.7258680555558,0
2025-12-14,59.791666666666664,27.85,512.9166666666666,41.954166666666666,23.275,53.166666666666664,0.4091666666666667,56.5,0.71875,77.58333333333333,56.833333333333336,22.0875,65.79166666666667,8.741666666666667,2025,12,14,6,Winter,23.75,33.94166666666667,84.5,31.33055555555556,46.01666666666673,95.33333333333336,0.46578396433532054,6.463297640042215,1453.1734375,0
2025-12-15,58.6125,27.008333333333336,394.375,45.85,26.9125,57.333333333333336,0.29625,53.083333333333336,0.9708333333333332,78.83333333333333,60.666666666666664,22.791666666666668,66.375,11.933333333333332,2025,12,15,0,Winter,27.85,59.791666666666664,77.58333333333333,28.3625,49.13611111111117,87.58333333333336,0.4607947600347806,4.448323649581818,1512.796875,0
2025-12-16,64.96249999999999,22.425,229.70833333333337,28.829166666666666,14.695833333333333,61.583333333333336,0.4145833333333333,75.91666666666667,0.7062499999999999,82.70833333333333,70.70833333333333,23.195833333333336,58.75,17.995833333333334,2025,12,16,1,Winter,27.008333333333336,58.6125,78.83333333333333,26.20277777777778,50.7819444444445,80.30555555555556,0.34519914804388463,4.2185688788014515,1362.7552083333335,0
2025-12-17,202.875,44.98333333333333,235.875,34.36666666666667,18.441666666666663,56.083333333333336,0.5941666666666666,287.0416666666667,0.7291666666666666,89.875,88.66666666666667,24.0375,59.125,20.904166666666665,2025,12,17,2,Winter,22.425,64.96249999999999,82.70833333333333,25.76111111111111,61.122222222222284,79.70833333333334,0.221729306773156,13.731312877114792,1421.2171875000001,0
2025-12-18,125.84166666666664,35.979166666666664,199.54166666666663,45.84166666666667,22.05,40.458333333333336,0.7470833333333333,168.25,0.4666666666666667,124.875,110.79166666666669,22.05,75.0,18.4375,2025,12,18,3,Winter,44.98333333333333,202.875,89.875,31.472222222222218,108.81666666666672,83.80555555555557,0.2859082157268403,9.125423233875349,1653.75,0
2025-12-19,70.42916666666666,20.85833333333333,319.4166666666667,14.4375,9.15,75.375,0.3254166666666666,93.20833333333331,0.44375,78.70833333333333,77.45833333333333,18.9125,79.04166666666667,20.7375,2025,12,19,4,Winter,35.979166666666664,125.84166666666664,124.875,34.4625,131.22638888888892,99.15277777777779,0.2961604406863571,4.494675290592309,1494.8755208333334,0
2025-12-20,174.25,42.15416666666667,331.4166666666667,19.9,13.804166666666667,72.20833333333333,0.3820833333333333,238.0,0.6416666666666667,88.75,83.375,15.625,72.83333333333333,19.0,2025,12,20,5,Winter,20.85833333333333,70.42916666666666,78.70833333333333,33.94027777777777,133.04861111111117,97.81944444444446,0.24191774131850174,12.52631513019394,1138.0208333333333,0
2025-12-21,174.35833333333335,54.28333333333333,396.4166666666667,39.525,26.22083333333333,50.708333333333336,0.3858333333333333,215.08333333333337,0.7541666666666668,134.16666666666666,114.70833333333331,15.7875,72.29166666666667,9.775,2025,12,21,6,Winter,42.15416666666667,174.25,88.75,32.99722222222223,123.5069444444445,97.44444444444446,0.3113320251703941,22.00340780868804,1141.3046875,0
2025-12-22,29.7875,14.9625,349.0416666666667,28.683333333333337,15.145833333333334,63.958333333333336,0.1125,25.958333333333332,0.9333333333333332,104.75,79.625,17.054166666666667,68.625,10.645833333333334,2025,12,22,0,Winter,54.28333333333333,174.35833333333335,134.16666666666666,39.09861111111111,139.67916666666673,100.54166666666669,0.5023079982439614,2.4383559353403426,1170.3421875000001,0
2025-12-23,19.095833333333335,16.766666666666666,361.0833333333333,46.12083333333334,25.6,49.791666666666664,0.0920833333333333,4.208333333333333,0.9916666666666668,56.583333333333336,30.583333333333332,16.641666666666666,70.625,8.700000000000001,2025,12,23,1,Winter,14.9625,29.7875,104.75,37.13333333333333,126.13194444444451,109.22222222222224,0.8780274469285211,0.4837164194961969,1175.3177083333333,0
2025-12-24,24.045833333333334,23.195833333333336,386.5,57.0625,31.78333333333333,46.541666666666664,0.1279166666666666,1.5,0.9916666666666668,66.45833333333333,40.708333333333336,17.466666666666665,71.70833333333333,8.725,2025,12,24,2,Winter,16.766666666666666,19.095833333333335,56.583333333333336,28.67083333333333,74.41388888888895,98.50000000000001,0.9646508002917706,0.17191975106936952,1252.5055555555552,0
2025-12-25,47.74166666666667,39.575,430.0416666666667,52.9375,30.504166666666663,54.25,0.3854166666666667,11.5,0.7520833333333333,86.75,62.625,18.6125,78.04166666666667,9.545833333333333,2025,12,25,3,Winter,23.195833333333336,24.045833333333334,66.45833333333333,18.308333333333334,24.30972222222228,75.93055555555557,0.828940460905419,1.204713972443757,1452.5505208333334,0
2025-12-26,61.85833333333333,50.95,507.7083333333333,71.4375,40.791666666666664,29.291666666666668,0.50375,18.625,0.7937500000000001,129.95833333333334,78.04166666666667,19.533333333333335,75.83333333333333,8.633333333333333,2025,12,26,4,Winter,39.575,47.74166666666667,86.75,26.5125,30.294444444444498,69.93055555555557,0.8236561903760283,2.1573356574514686,1481.2777777777778,0
2025-12-27,65.56666666666666,50.35833333333333,503.7916666666667,88.29583333333333,49.2875,21.916666666666668,0.3791666666666666,27.291666666666668,0.9166666666666666,131.83333333333334,78.54166666666667,19.7625,71.45833333333333,7.529166666666666,2025,12,27,5,Winter,50.95,61.85833333333333,129.95833333333334,37.90694444444444,44.548611111111164,94.38888888888891,0.7680477767964243,3.624791992279979,1412.1953124999998,0
2025-12-28,67.0125,49.95416666666667,276.5833333333333,68.09583333333333,31.65,24.125,0.4404166666666667,30.875,0.8541666666666666,147.125,83.79166666666667,21.279166666666665,61.666666666666664,11.991666666666667,2025,12,28,6,Winter,50.35833333333333,65.56666666666666,131.83333333333334,46.96111111111111,58.38888888888894,116.18055555555559,0.7454454903371935,2.5747044413033127,1312.2152777777776,0
2025-12-29,96.04583333333332,32.479166666666664,250.66666666666663,24.754166666666663,11.929166666666667,56.541666666666664,0.5283333333333333,115.375,0.7854166666666668,107.83333333333331,74.83333333333333,22.866666666666664,61.833333333333336,20.55,2025,12,29,0,Winter,49.95416666666667,67.0125,147.125,50.42083333333333,64.81250000000006,136.30555555555557,0.3381631998108903,5.614354957938931,1413.922222222222,0
2025-12-30,86.55416666666667,22.4125,192.625,8.2125,7.6625,87.95833333333333,0.2645833333333333,113.625,0.8854166666666666,81.95833333333333,74.04166666666667,22.1125,45.416666666666664,25.65833333333333,2025,12,30,1,Winter,32.479166666666664,96.04583333333332,107.83333333333331,44.263888888888886,76.20833333333339,128.93055555555557,0.2589418927383597,4.428385666967756,1004.2760416666666,0
2025-12-31,61.729166666666664,17.970833333333335,327.75,13.0,8.5625,94.66666666666669,0.1291666666666666,77.0,1.0395833333333333,68.16666666666667,72.83333333333333,20.5625,51.541666666666664,20.708333333333332,2025,12,31,2,Winter,22.4125,86.55416666666667,81.95833333333333,34.94861111111111,83.20416666666672,112.30555555555556,0.2911238562355906,3.7183096795987276,1059.8255208333333,0
2026-01-01,53.24583333333334,26.066666666666663,410.4166666666667,42.295833333333334,26.416666666666668,69.66666666666667,0.1129166666666666,45.125,1.0625,72.16666666666667,62.333333333333336,17.745833333333334,63.583333333333336,7.720833333333334,2026,1,1,3,Winter,17.970833333333335,61.729166666666664,68.16666666666667,24.287499999999998,81.44305555555562,85.98611111111113,0.48955316398053367,5.844575605667487,1128.3392361111112,0
2026-01-02,53.65416666666667,29.795833333333334,446.875,34.49166666666667,22.275,75.79166666666667,0.24,37.291666666666664,0.9833333333333334,81.08333333333333,61.333333333333336,18.554166666666667,77.16666666666667,10.070833333333333,2026,1,2,4,Winter,26.066666666666663,53.24583333333334,72.16666666666667,22.149999999999995,67.17638888888895,74.09722222222224,0.5553312003355216,3.7029371581692523,1431.7631944444445,0
2026-01-03,127.73333333333332,48.825,531.375,34.05416666666667,26.116666666666664,70.66666666666667,0.2491666666666666,136.58333333333334,1.0208333333333333,108.04166666666669,74.70833333333333,19.0375,81.625,8.9,2026,1,3,5,Winter,29.795833333333334,53.65416666666667,81.08333333333333,24.61111111111111,56.209722222222275,73.80555555555559,0.3822416462768139,15.346440223246418,1553.9359375000001,0
2026-01-04,64.62916666666668,36.95,348.0833333333333,27.070833333333336,17.045833333333334,80.83333333333333,0.2312499999999999,44.375,0.9916666666666668,128.83333333333334,85.125,20.54583333333333,78.66666666666667,12.929166666666667,2026,1,4,6,Winter,48.825,127.73333333333332,108.04166666666669,34.895833333333336,78.21111111111117,87.09722222222224,0.5717232843005874,3.4321621580022823,1616.2722222222221,0
2026-01-05,44.11666666666667,29.775,311.0416666666667,37.59166666666667,23.041666666666668,70.0,0.1720833333333333,22.458333333333332,1.0770833333333334,90.5,64.875,20.270833333333332,66.54166666666667,10.633333333333336,2026,1,5,0,Winter,36.95,64.62916666666668,128.83333333333334,38.523611111111116,82.0055555555556,105.98611111111113,0.6749149828126563,2.112068766890084,1348.8550347222222,0
2026-01-06,40.11666666666667,23.995833333333337,294.4583333333333,39.075,20.404166666666665,59.625,0.1779166666666667,28.375,1.0416666666666667,84.125,62.291666666666664,19.975,54.041666666666664,11.6375,2026,1,6,1,Winter,29.775,44.11666666666667,90.5,38.51666666666667,78.82638888888894,109.12500000000004,0.5981512106817315,2.438238243760409,1079.4822916666667,0
2026-01-07,31.9875,22.370833333333337,356.375,33.5875,18.770833333333332,78.08333333333333,0.1683333333333333,17.041666666666668,0.9875,73.875,52.958333333333336,19.5875,50.0,9.758333333333333,2026,1,7,2,Winter,23.995833333333337,40.11666666666667,84.125,30.240277777777777,49.620833333333394,101.15277777777779,0.6993617079787926,1.7463704444368464,979.3749999999999,0
2026-01-08,33.237500000000004,27.09583333333333,516.0416666666666,42.84583333333333,26.179166666666664,79.375,0.1516666666666666,11.083333333333334,1.0854166666666667,77.66666666666667,57.125,18.6875,51.916666666666664,8.483333333333333,2026,1,8,3,Winter,22.370833333333337,31.9875,73.875,25.38055555555556,38.740277777777834,82.83333333333336,0.8152187293904355,1.3064831465835194,970.1927083333333,0
2026-01-09,45.3375,37.545833333333334,412.4166666666667,51.041666666666664,33.09166666666667,76.25,0.2916666666666667,13.666666666666666,1.0833333333333333,90.41666666666669,64.79166666666667,18.770833333333332,57.125,7.175,2026,1,9,4,Winter,27.09583333333333,33.237500000000004,77.66666666666667,24.4875,35.113888888888944,78.55555555555559,0.8281407776165991,1.9047616392898992,1072.2838541666665,0
2026-01-10,43.51666666666667,34.358333333333334,369.2083333333333,49.3,27.2125,59.916666666666664,0.2954166666666666,14.708333333333334,0.9604166666666668,102.75,69.33333333333333,19.229166666666668,63.708333333333336,8.799999999999999,2026,1,10,5,Winter,37.545833333333334,45.3375,90.41666666666669,29.004166666666666,36.85416666666672,80.65277777777781,0.7895442177814427,1.6714013252195468,1225.0581597222224,0
2026-01-11,42.325,34.28333333333333,389.25,51.333333333333336,31.454166666666666,56.666666666666664,0.2579166666666667,13.416666666666666,1.0458333333333334,97.33333333333331,67.25,19.675,60.833333333333336,8.758333333333333,2026,1,11,6,Winter,34.358333333333334,43.51666666666667,102.75,33.0,40.69722222222229,90.27777777777781,0.8100019497538424,1.5318742304234942,1196.8958333333335,0
2026-01-12,60.0625,46.1625,503.0,47.17083333333333,29.620833333333337,68.41666666666667,0.3075,22.5,1.0458333333333334,109.0,71.25,18.933333333333337,64.58333333333333,7.683333333333334,2026,1,12,0,Winter,34.28333333333333,42.325,97.33333333333331,35.395833333333336,43.72638888888895,96.83333333333336,0.7685743888686887,2.928416104761461,1222.7777777777778,0
2026-01-13,75.53333333333333,55.333333333333336,514.2916666666666,55.92916666666667,36.65833333333333,61.083333333333336,0.24375,33.25,1.1375,142.66666666666666,82.08333333333333,19.045833333333334,65.66666666666667,7.445833333333333,2026,1,13,1,Winter,46.1625,60.0625,109.0,38.268055555555556,48.63472222222228,103.02777777777779,0.7325683927727045,4.46558417921645,1250.676388888889,0
2026-01-14,77.3625,61.60833333333333,645.1666666666666,84.02499999999999,43.29583333333333,21.75,0.2270833333333333,27.958333333333332,1.0104166666666667,148.70833333333334,84.66666666666667,19.154166666666665,61.791666666666664,9.15,2026,1,14,2,Winter,55.333333333333336,75.53333333333333,142.66666666666666,45.25972222222222,59.306944444444504,116.33333333333333,0.7963591214991012,3.0555552216150943,1183.5678819444443,0
2026-01-15,83.075,48.854166666666664,369.0416666666667,51.8125,22.995833333333337,45.416666666666664,0.3633333333333333,60.875,0.9020833333333332,149.375,86.29166666666667,20.370833333333337,53.75,13.120833333333332,2026,1,15,3,Winter,61.60833333333333,77.3625,148.70833333333334,54.36805555555555,70.98611111111117,133.45833333333334,0.588073019302963,4.639567763259365,1094.932291666667,0
2026-01-16,125.63333333333333,27.445833333333336,229.91666666666663,9.383333333333333,5.491666666666667,92.5,0.1716666666666666,174.04166666666666,0.9625,99.45833333333331,79.125,19.841666666666665,57.041666666666664,20.879166666666663,2026,1,16,4,Winter,48.854166666666664,83.075,149.375,55.26527777777778,78.65694444444449,146.91666666666666,0.21845980192258055,8.335661145368455,1131.801736111111,0
2026-01-17,50.8625,20.454166666666666,273.7083333333333,11.820833333333333,7.075,100.33333333333331,0.1304166666666666,50.0,1.0375,80.125,81.29166666666667,19.554166666666667,60.375,17.216666666666665,2026,1,17,5,Winter,27.445833333333336,125.63333333333333,99.45833333333331,45.96944444444444,95.3569444444445,132.5138888888889,0.40214630158801407,2.904162464424252,1180.5828125,0
2026-01-18,34.9125,22.09583333333333,387.125,21.704166666666666,12.204166666666666,91.08333333333331,0.1525,16.791666666666668,1.0666666666666669,72.5,52.833333333333336,18.404166666666665,71.08333333333333,10.7875,2026,1,18,6,Winter,20.454166666666666,50.8625,80.125,32.25138888888889,86.52361111111117,109.65277777777779,0.6328917350645642,1.5565854099727703,1308.2295138888887,0
2026-01-19,48.8875,31.275,416.4166666666667,43.025,25.679166666666664,68.41666666666667,0.3095833333333333,24.75,1.0166666666666666,73.45833333333333,50.375,18.158333333333335,74.29166666666667,9.35,2026,1,19,0,Winter,22.09583333333333,34.9125,72.5,23.331944444444446,70.4694444444445,84.02777777777779,0.6397340702687994,2.647058540421547,1349.0128472222225,0
2026-01-20,84.77499999999999,45.6125,482.375,52.675,29.729166666666668,44.5,0.3820833333333333,66.79166666666667,1.0416666666666667,114.08333333333331,72.875,19.604166666666668,62.458333333333336,9.983333333333333,2026,1,20,1,Winter,31.275,48.8875,73.45833333333333,24.60833333333333,44.88750000000005,75.36111111111113,0.5380418692062299,6.690316525176978,1224.443576388889,0
2026-01-21,56.9875,23.183333333333337,247.875,11.079166666666666,8.216666666666667,95.875,0.3483333333333333,55.833333333333336,0.94375,102.0,70.70833333333333,19.566666666666663,62.25,19.4875,2026,1,21,2,Winter,45.6125,84.77499999999999,114.08333333333331,32.99444444444444,56.19166666666672,86.68055555555556,0.40681435273558214,2.8650843088261206,1218.0249999999999,0
2026-01-22,29.59166666666667,14.0625,261.75,11.829166666666666,7.629166666666666,95.08333333333331,0.1304166666666666,25.875,1.19375,58.375,42.791666666666664,17.516666666666666,40.666666666666664,19.633333333333333,2026,1,22,3,Winter,23.183333333333337,56.9875,102.0,33.356944444444444,63.55000000000006,96.5138888888889,0.4752182323215466,1.317911647644568,712.3444444444443,0
2026-01-23,92.16666666666669,32.395833333333336,302.4583333333333,31.645833333333332,16.991666666666667,68.5,0.2904166666666666,107.75,1.0479166666666666,73.16666666666667,54.458333333333336,16.599999999999998,39.375,11.7125,2026,1,23,4,Winter,14.0625,29.59166666666667,58.375,27.619444444444444,57.11805555555561,91.48611111111113,0.351491858754157,9.199572320207272,653.6249999999999,0
2026-01-24,82.7375,43.3125,402.25,58.55833333333333,32.63333333333333,40.416666666666664,0.4308333333333333,65.625,1.0770833333333332,106.5,76.33333333333333,17.575,48.958333333333336,9.029166666666669,2026,1,24,5,Winter,32.395833333333336,92.16666666666669,73.16666666666667,23.213888888888892,59.58194444444451,77.84722222222224,0.523492968442448,7.268111793102523,860.4427083333334,0
2026-01-25,85.5625,41.204166666666666,301.0416666666667,46.9875,21.266666666666666,40.583333333333336,0.5216666666666666,78.5,0.7687499999999999,120.20833333333331,75.75,19.7375,49.375,13.616666666666667,2026,1,25,6,Winter,43.3125,82.7375,106.5,29.923611111111114,68.16527777777785,79.34722222222224,0.4815680489127669,5.7649934566712275,974.5390625,0
2026-01-26,95.45833333333331,37.729166666666664,368.2083333333333,21.870833333333337,13.108333333333334,80.0,0.2941666666666666,100.79166666666669,1.0229166666666667,111.66666666666669,78.54166666666667,19.3875,70.75,13.470833333333331,2026,1,26,0,Winter,41.204166666666666,85.5625,120.20833333333331,38.97083333333333,86.8222222222223,99.95833333333336,0.39524224815110703,7.48221410586719,1371.6656249999999,0
2026-01-27,57.17083333333333,36.19166666666667,343.2916666666667,48.82916666666667,26.35,54.583333333333336,0.22875,36.125,1.1020833333333333,110.70833333333331,73.41666666666667,18.716666666666665,65.33333333333333,11.716666666666669,2026,1,27,1,Winter,37.729166666666664,95.45833333333331,111.66666666666669,40.74861111111111,87.9194444444445,112.79166666666669,0.6330442276852553,3.083214530593354,1222.822222222222,0
2026-01-28,43.275,28.625,356.0,50.78333333333333,23.90833333333333,47.375,0.26875,23.75,1.0770833333333334,84.29166666666667,61.75,19.595833333333335,58.708333333333336,11.8875,2026,1,28,2,Winter,36.19166666666667,57.17083333333333,110.70833333333331,38.375,79.39722222222227,114.19444444444446,0.6614673446223607,1.9978967825113119,1150.4387152777779,0
2026-01-29,73.625,41.11666666666667,411.0,51.34166666666667,23.545833333333334,48.541666666666664,0.3366666666666666,54.0,1.1458333333333333,92.625,65.66666666666667,20.904166666666665,58.416666666666664,11.683333333333332,2026,1,29,3,Winter,28.625,43.275,84.29166666666667,34.18194444444444,65.30138888888895,102.22222222222224,0.5584606602133244,4.6219682206589265,1221.151736111111,0
2026-01-30,88.25833333333333,46.3125,485.7083333333333,45.21666666666667,21.616666666666664,64.29166666666667,0.3383333333333333,71.75,1.1125,136.66666666666666,80.125,18.745833333333337,65.04166666666667,12.766666666666666,2026,1,30,4,Winter,41.11666666666667,73.625,92.625,35.31111111111111,58.023611111111165,95.87500000000001,0.5247379791361951,5.620103998425275,1219.260243055556,0
2026-01-31,111.79583333333332,37.7625,452.4166666666667,23.96666666666667,15.15,80.66666666666667,0.2004166666666667,129.04166666666666,1.1541666666666666,110.70833333333331,83.16666666666667,18.291666666666668,71.58333333333333,10.254166666666666,2026,1,31,5,Winter,46.3125,88.25833333333333,136.66666666666666,38.68472222222223,68.38611111111118,104.52777777777779,0.3377809220279744,12.584314091736944,1309.3784722222222,0
2026-02-01,87.75416666666666,43.09166666666667,496.125,42.37083333333333,29.7,64.95833333333333,0.51375,75.375,1.0395833333333333,107.16666666666669,76.16666666666667,18.695833333333333,78.125,7.958333333333333,2026,2,1,6,Winter,37.7625,111.79583333333332,110.70833333333331,41.73055555555556,91.22638888888895,113.33333333333333,0.4910498021056953,9.47120299838287,1460.6119791666667,0
2026-02-02,125.1625,61.19166666666666,622.2083333333334,60.57083333333333,39.516666666666666,44.125,0.2879166666666666,111.875,1.2395833333333333,138.16666666666666,82.125,19.595833333333335,63.458333333333336,6.845833333333334,2026,2,2,0,Winter,43.09166666666667,87.75416666666666,107.16666666666669,42.38888888888889,95.93611111111117,118.18055555555556,0.48889776233112076,16.342054825262835,1243.5189236111112,0
2026-02-03,110.45,69.6125,519.3333333333334,91.3,41.42916666666667,29.166666666666668,0.1925,70.95833333333333,1.2916666666666667,155.91666666666666,93.58333333333331,19.258333333333333,62.375,8.066666666666666,2026,2,3,1,Winter,61.19166666666666,125.1625,138.16666666666666,47.34861111111112,108.23750000000005,118.68055555555559,0.6302625565390443,8.796486512832251,1201.2385416666666,0
2026-02-04,83.41666666666667,54.35833333333333,407.1666666666667,71.8875,28.683333333333337,37.041666666666664,0.3729166666666666,50.458333333333336,1.1145833333333333,150.375,88.25,22.233333333333334,55.416666666666664,11.833333333333334,2026,2,4,2,Winter,69.6125,110.45,155.91666666666666,57.96527777777777,107.78888888888895,133.75000000000003,0.6516483438363834,4.264084146697114,1232.0972222222222,0
2026-02-05,93.7625,48.1875,526.3333333333334,42.95,21.8375,64.54166666666667,0.3875,77.91666666666667,1.1145833333333333,149.33333333333334,85.04166666666667,20.733333333333334,65.125,10.170833333333333,2026,2,5,3,Winter,54.35833333333333,83.41666666666667,150.375,61.72083333333333,106.34305555555562,148.1527777777778,0.5139314703220214,7.660794003035413,1350.2583333333334,0
2026-02-06,72.05833333333334,41.59166666666667,503.2916666666667,55.35,38.0375,56.333333333333336,0.32,49.041666666666664,1.0270833333333331,113.29166666666669,73.66666666666667,20.475,71.08333333333333,7.1875,2026,2,6,4,Winter,48.1875,93.7625,149.33333333333334,57.38611111111111,95.87638888888894,151.87500000000003,0.5771943946729123,6.823187456484064,1455.43125,0
2026-02-07,83.87083333333334,56.1125,429.625,58.19166666666666,30.925,50.875,0.44875,46.875,1.16875,140.79166666666666,82.33333333333333,21.191666666666663,74.0,10.908333333333331,2026,2,7,5,Winter,41.59166666666667,72.05833333333334,113.29166666666669,48.04583333333333,83.07916666666674,137.6666666666667,0.6690347180402239,4.297173020885591,1568.183333333333,0
2026-02-08,85.3125,43.958333333333336,388.4583333333333,48.05,22.808333333333337,53.375,0.4079166666666666,74.79166666666667,1.1666666666666667,124.0,76.125,22.433333333333337,61.75,10.033333333333331,2026,2,8,6,Winter,56.1125,83.87083333333334,140.79166666666666,48.63055555555556,83.23055555555563,134.47222222222226,0.5152625092228083,7.454318193921777,1385.2583333333337,0
2026-02-09,100.2,52.9,550.5,57.35833333333333,29.0375,55.833333333333336,0.29625,81.25,1.3958333333333333,141.5,81.79166666666667,21.620833333333337,59.625,10.320833333333333,2026,2,9,0,Winter,43.958333333333336,85.3125,124.0,47.22083333333334,80.41388888888895,126.02777777777779,0.5279441065075439,7.872425559393568,1289.1421875000003,0
2026-02-10,114.65416666666664,42.3875,512.4166666666666,28.3875,17.325,86.16666666666667,0.2175,127.375,1.375,121.20833333333331,80.54166666666667,21.279166666666665,77.125,11.091666666666669,2026,2,10,1,Winter,52.9,100.2,141.5,50.99027777777778,89.7944444444445,135.43055555555557,0.36969872846866697,11.483845696422625,1641.1557291666666,0
2026-02-11,121.95,65.41250000000001,415.0416666666667,68.56666666666666,36.079166666666666,39.625,0.285,99.70833333333331,1.2916666666666667,144.33333333333334,91.29166666666669,21.616666666666664,73.41666666666667,9.716666666666669,2026,2,11,2,Winter,42.3875,114.65416666666664,121.20833333333331,46.41527777777778,100.0555555555556,128.9027777777778,0.5363878594802144,10.261576988516945,1587.023611111111,0
2026-02-12,86.57916666666667,43.42083333333333,312.1666666666667,47.29583333333333,19.483333333333334,62.458333333333336,0.2175,73.625,1.3645833333333333,137.20833333333334,81.83333333333333,23.683333333333337,60.958333333333336,13.708333333333334,2026,2,12,3,Winter,65.41250000000001,121.95,144.33333333333334,53.56666666666666,112.26805555555559,135.68055555555557,0.5015159478144363,5.370820276900648,1443.696527777778,0
2026-02-13,87.5125,57.0625,456.3333333333333,68.19583333333334,28.804166666666664,40.666666666666664,0.2029166666666666,52.416666666666664,1.4125,131.0,78.25,22.9375,67.16666666666667,8.895833333333334,2026,2,13,4,Winter,43.42083333333333,86.57916666666667,137.20833333333334,50.40694444444444,107.72777777777783,134.25000000000003,0.6520496997337557,5.8922710004004495,1540.6354166666667,0
2026-02-14,75.2,55.00833333333333,609.3333333333334,65.84166666666667,37.0125,53.458333333333336,0.1925,35.083333333333336,1.4166666666666667,153.625,89.91666666666667,22.3875,57.75,8.033333333333333,2026,2,14,5,Winter,57.0625,87.5125,131.0,55.298611111111114,98.68055555555561,137.5138888888889,0.7314937845989301,4.367219373375183,1292.878125,0
2026-02-15,42.13333333333333,32.270833333333336,501.9583333333333,47.02916666666667,20.9875,53.916666666666664,0.2058333333333333,17.541666666666668,1.4583333333333333,121.33333333333331,75.20833333333333,23.016666666666666,45.666666666666664,12.754166666666668,2026,2,15,6,Winter,55.00833333333333,75.2,153.625,51.83055555555555,83.09722222222229,140.61111111111111,0.7659216590366696,1.3753674191152627,1051.0944444444444,0
2026-02-16,123.12916666666666,40.30416666666667,301.9166666666667,17.370833333333334,11.279166666666669,106.83333333333331,0.2616666666666666,144.45833333333334,1.3958333333333333,92.70833333333331,74.20833333333333,22.34583333333333,68.25,16.258333333333333,2026,2,16,0,Winter,32.270833333333336,42.13333333333333,121.33333333333331,48.11388888888889,68.2819444444445,135.31944444444446,0.32733240572028777,8.885186537046446,1525.1031249999999,0
2026-02-17,100.45,50.51666666666667,310.6666666666667,45.65,23.09166666666667,74.625,0.3274999999999999,87.625,1.4125,125.20833333333331,82.66666666666667,22.570833333333336,58.833333333333336,10.933333333333332,2026,2,17,1,Winter,40.30416666666667,123.12916666666666,92.70833333333331,42.52777777777778,80.15416666666674,122.55555555555554,0.5029035954580695,8.014480974285279,1327.9173611111114,0
2026-02-18,75.72083333333333,44.24166666666667,344.0,61.87916666666666,24.829166666666666,41.541666666666664,0.2304166666666667,54.708333333333336,1.5291666666666668,137.125,80.20833333333333,22.1125,44.625,9.108333333333333,2026,2,18,2,Winter,50.51666666666667,100.45,125.20833333333331,41.03055555555556,88.5708333333334,113.08333333333333,0.5842733648695534,6.006403732142318,986.7703125,0
