date,pm10,pm2_5,carbon_monoxide,nitrogen_dioxide,sulphur_dioxide,ozone,aerosol_optical_depth,dust,uv_index,us_aqi,european_aqi,temperature,humidity,wind_speed
2022-08-05,86.75833333333333,53.94583333333333,737.4583333333334,106.075,30.816666666666663,48.083333333333336,0.5108333333333334,25.458333333333332,2.0395833333333333,142.85,82.15,35.03333333333333,58.791666666666664,10.570833333333335
2022-08-06,105.07083333333333,66.25,889.5,137.6625,34.55833333333333,43.291666666666664,0.5133333333333333,30.125,2.13125,152.08333333333334,88.04166666666667,36.204166666666666,45.416666666666664,10.158333333333333
2022-08-07,150.69166666666666,93.75833333333333,813.5833333333334,119.61666666666667,23.90416666666667,120.0,0.5733333333333334,41.041666666666664,1.8895833333333336,180.29166666666663,98.41666666666669,37.49583333333333,33.208333333333336,12.3375
2022-08-08,103.125,62.74583333333334,607.625,94.85833333333332,18.945833333333333,152.66666666666666,0.35375,29.25,2.2729166666666667,207.16666666666663,109.58333333333331,38.36666666666667,35.583333333333336,10.9
2022-08-09,76.59583333333333,45.35833333333333,602.625,107.9125,24.2125,63.375,0.3391666666666666,26.083333333333332,2.3666666666666667,146.79166666666666,85.625,36.75,44.541666666666664,11.4625
2022-08-10,114.8625,59.2875,766.9166666666666,115.25416666666666,26.708333333333332,99.54166666666669,0.485,66.875,2.1416666666666666,144.58333333333334,79.58333333333333,36.0875,54.166666666666664,12.558333333333332
2022-08-11,165.525,75.74166666666666,938.3333333333334,137.95416666666668,36.704166666666666,72.91666666666667,0.6341666666666667,133.33333333333334,1.9541666666666664,157.08333333333334,97.45833333333331,35.8125,54.916666666666664,11.716666666666667
2022-08-12,190.825,116.43333333333334,1071.5833333333333,117.54166666666669,25.47083333333333,105.625,0.7383333333333333,53.916666666666664,1.8875,167.625,109.0,37.454166666666666,41.625,13.112499999999999
2022-08-13,140.45416666666668,81.56666666666666,661.1666666666666,77.6125,13.625,92.16666666666669,0.4645833333333333,56.5,2.19375,180.5,130.75,39.03333333333333,18.166666666666668,15.329166666666666
2022-08-14,111.98333333333332,58.62916666666666,717.5416666666666,120.05833333333334,27.920833333333334,65.45833333333333,0.47125,73.79166666666667,2.1666666666666665,158.33333333333334,97.04166666666669,36.18333333333333,35.791666666666664,14.804166666666667
2022-08-15,66.8,36.875,540.1666666666666,91.21666666666664,24.620833333333337,79.75,0.4879166666666667,24.25,1.2333333333333334,132.0,79.16666666666667,34.800000000000004,50.833333333333336,10.383333333333333
2022-08-16,83.82916666666667,48.03333333333333,644.625,104.90833333333336,25.058333333333337,84.83333333333333,0.6291666666666667,26.583333333333332,1.9979166666666668,112.16666666666669,70.625,34.40416666666667,55.75,11.720833333333333
2022-08-17,93.56666666666666,55.23333333333333,767.5416666666666,131.07083333333333,35.483333333333334,63.208333333333336,0.49875,23.666666666666668,2.0625,147.41666666666666,84.375,33.858333333333334,60.5,11.2875
2022-08-18,83.00833333333334,51.4375,863.7916666666666,134.23749999999998,39.15833333333333,56.375,0.2895833333333333,17.958333333333332,2.3229166666666665,147.70833333333334,83.58333333333333,33.6125,62.041666666666664,11.362499999999999
2022-08-19,79.5625,49.00416666666666,818.7083333333334,134.88750000000002,40.68333333333333,56.708333333333336,0.3166666666666666,14.708333333333334,2.2270833333333333,132.625,78.875,34.21666666666667,53.25,11.408333333333333
2022-08-20,89.51666666666667,54.87083333333334,769.0416666666666,123.53333333333336,30.583333333333332,83.29166666666667,0.3062499999999999,17.833333333333332,2.2354166666666666,143.58333333333334,81.58333333333333,34.7125,46.916666666666664,10.35
2022-08-21,98.44583333333333,58.9125,703.75,123.32916666666668,26.5875,78.20833333333333,0.4220833333333333,25.083333333333332,2.09375,148.625,83.95833333333333,34.8375,48.041666666666664,13.716666666666667
2022-08-22,86.25,49.175,581.75,105.89583333333331,23.84166666666667,44.791666666666664,0.4829166666666666,29.541666666666668,2.0416666666666665,147.91666666666666,85.0,34.520833333333336,49.625,12.195833333333333
2022-08-23,91.23333333333332,54.925,627.5833333333334,104.2,26.1625,43.708333333333336,0.5608333333333333,25.333333333333332,2.0,136.16666666666666,79.91666666666667,34.954166666666666,51.333333333333336,10.020833333333334
2022-08-24,77.71249999999999,44.46666666666667,556.625,101.39166666666668,21.175,57.791666666666664,0.5170833333333333,32.208333333333336,2.0541666666666667,141.375,81.875,36.43333333333333,31.708333333333332,14.854166666666666
2022-08-25,70.02499999999999,40.75,530.25,113.77083333333331,19.516666666666666,59.833333333333336,0.3716666666666666,26.083333333333332,2.129166666666667,109.79166666666669,71.41666666666667,36.420833333333334,15.458333333333334,15.766666666666666
2022-08-26,59.3,31.5625,451.9166666666667,98.3125,16.829166666666666,50.416666666666664,0.3095833333333333,37.5,2.245833333333333,106.58333333333331,70.54166666666667,35.8375,9.583333333333334,15.329166666666666
2022-08-27,52.27916666666667,26.40416666666667,461.2083333333333,88.66666666666667,19.025,40.166666666666664,0.29375,36.541666666666664,2.24375,83.58333333333333,62.708333333333336,34.295833333333334,28.666666666666668,13.254166666666668
2022-08-28,57.2375,31.775,472.2916666666667,93.925,20.683333333333337,60.083333333333336,0.2679166666666666,24.208333333333332,2.2583333333333333,94.91666666666669,66.79166666666667,32.920833333333334,40.041666666666664,13.045833333333334
2022-08-29,52.65,27.65,430.9166666666667,86.46666666666665,21.075,106.0,0.2416666666666666,17.416666666666668,2.2041666666666666,84.08333333333333,62.208333333333336,33.175000000000004,50.5,12.575000000000001
2022-08-30,55.3875,25.829166666666666,406.125,74.69166666666666,18.0625,52.041666666666664,0.2508333333333333,39.416666666666664,2.2291666666666665,82.70833333333333,62.166666666666664,32.92916666666667,47.75,12.254166666666668
2022-08-31,51.541666666666664,26.329166666666666,377.3333333333333,68.27499999999999,16.1875,84.5,0.2520833333333333,22.833333333333332,2.183333333333333,84.41666666666667,62.833333333333336,33.112500000000004,44.125,14.870833333333332
2022-09-01,58.74583333333334,31.8375,485.0,87.50416666666666,23.27916666666667,88.0,0.2829166666666666,12.208333333333334,2.1687499999999997,93.04166666666669,63.791666666666664,32.391666666666666,60.708333333333336,12.345833333333333
2022-09-02,60.24583333333334,33.887499999999996,553.4583333333334,94.1625,27.0,74.625,0.3520833333333333,16.208333333333332,2.0500000000000003,87.83333333333333,64.20833333333333,32.24166666666667,66.66666666666667,11.508333333333333
2022-09-03,80.83333333333333,48.84166666666667,612.2916666666666,101.78333333333336,22.975,72.54166666666667,0.3616666666666666,15.666666666666666,1.9645833333333331,120.45833333333331,74.91666666666667,33.766666666666666,51.75,12.245833333333332
2022-09-04,65.74166666666666,33.62916666666667,456.875,74.35416666666667,18.145833333333332,86.5,0.365,30.125,2.05625,116.75,73.66666666666667,33.09583333333333,53.041666666666664,16.029166666666665
2022-09-05,59.34166666666667,32.645833333333336,594.375,100.07083333333333,22.1,68.5,0.4579166666666667,15.875,1.93125,96.29166666666669,67.16666666666667,32.916666666666664,51.666666666666664,16.554166666666667
2022-09-06,64.06666666666666,36.75416666666667,679.25,135.66666666666666,26.445833333333336,65.125,0.4041666666666666,16.083333333333332,1.8958333333333333,99.04166666666669,69.33333333333333,33.229166666666664,45.958333333333336,15.825000000000001
2022-09-07,70.07083333333334,31.766666666666666,433.125,96.38333333333333,18.654166666666665,46.0,0.6233333333333334,50.0,1.7062499999999998,92.29166666666669,66.875,34.395833333333336,46.875,16.616666666666667
2022-09-08,71.16250000000001,26.208333333333332,282.6666666666667,50.4875,12.441666666666668,57.458333333333336,0.6329166666666667,77.0,1.8541666666666667,85.25,69.16666666666667,33.97083333333333,46.166666666666664,14.950000000000001
2022-09-09,57.47083333333333,28.84583333333333,377.25,71.66250000000001,17.845833333333335,47.416666666666664,0.3891666666666666,29.916666666666668,2.0520833333333335,82.16666666666667,64.83333333333333,33.324999999999996,49.375,15.229166666666666
2022-09-10,63.75833333333333,34.63333333333333,548.4583333333334,99.225,26.833333333333332,44.625,0.3999999999999999,20.958333333333332,1.9520833333333336,97.83333333333331,67.54166666666667,33.025,54.375,12.433333333333332
2022-09-11,57.74583333333334,30.329166666666666,571.875,94.4625,29.1375,50.708333333333336,0.33,19.541666666666668,2.089583333333333,89.75,64.58333333333333,32.09166666666667,57.208333333333336,9.325
2022-09-12,110.90833333333332,50.05833333333334,535.2916666666666,78.30833333333334,22.829166666666666,104.25,0.5833333333333334,73.58333333333333,1.69375,106.70833333333331,70.95833333333333,31.708333333333332,71.16666666666667,9.866666666666665
2022-09-13,124.69166666666666,59.25416666666666,695.625,124.7625,33.8125,86.45833333333333,0.5383333333333333,74.41666666666667,1.8208333333333335,149.25,91.75,32.81666666666667,64.5,11.604166666666666
2022-09-14,77.97083333333333,42.15833333333333,653.6666666666666,118.23333333333332,27.554166666666664,57.916666666666664,0.4745833333333333,33.75,1.86875,139.29166666666666,81.66666666666667,34.300000000000004,56.5,10.791666666666666
2022-09-15,65.20416666666667,35.137499999999996,527.75,95.55833333333334,21.295833333333334,94.625,0.5879166666666666,29.125,1.7208333333333334,106.125,70.375,34.233333333333334,52.083333333333336,14.950000000000001
2022-09-16,53.63333333333333,25.4,293.125,40.35,9.891666666666667,105.41666666666669,0.4041666666666666,32.291666666666664,1.8541666666666667,90.5,64.875,33.90833333333333,57.583333333333336,17.595833333333335
2022-09-17,84.88333333333334,29.758333333333336,210.33333333333337,25.616666666666664,8.245833333333334,124.66666666666669,0.2704166666666667,98.375,2.0520833333333335,85.95833333333333,65.95833333333333,33.516666666666666,52.583333333333336,13.450000000000001
2022-09-18,110.48333333333332,40.4875,387.0,56.3875,17.979166666666668,116.5,0.4795833333333333,118.20833333333331,1.6916666666666669,106.41666666666669,80.20833333333333,32.21666666666667,59.75,11.045833333333334
2022-09-19,87.94166666666666,37.375,371.25,69.41250000000001,17.583333333333332,69.54166666666667,0.5016666666666667,76.41666666666667,1.7166666666666668,110.58333333333331,80.70833333333333,33.74583333333333,55.208333333333336,13.054166666666667
2022-09-20,66.7,26.541666666666668,361.4583333333333,70.67083333333333,16.3375,38.375,0.48125,66.125,1.7854166666666669,92.70833333333331,69.83333333333333,33.5875,48.041666666666664,13.658333333333333
2022-09-21,81.86666666666666,39.583333333333336,582.6666666666666,112.65833333333336,27.35,65.45833333333333,0.4266666666666667,51.791666666666664,1.7125,95.875,70.04166666666667,33.4625,45.625,11.516666666666666
2022-09-22,89.675,46.99583333333334,605.25,107.39166666666668,26.05,84.625,0.3766666666666666,40.041666666666664,1.8270833333333336,117.91666666666669,74.70833333333333,33.050000000000004,51.291666666666664,11.666666666666666
2022-09-23,68.19166666666666,35.175000000000004,511.1666666666667,88.57916666666667,26.233333333333334,83.91666666666667,0.3066666666666667,34.541666666666664,1.86875,116.16666666666669,73.66666666666667,32.4125,53.833333333333336,12.245833333333332
2022-09-24,55.12916666666666,28.479166666666668,358.0,60.63333333333333,16.154166666666665,75.0,0.35,24.75,1.7895833333333335,93.625,66.0,31.679166666666664,66.0,12.762500000000001
2022-09-25,58.99166666666667,29.316666666666663,417.4583333333333,69.19166666666666,18.445833333333333,82.66666666666667,0.4533333333333333,27.541666666666668,1.6145833333333333,82.5,62.083333333333336,31.175,78.125,10.729166666666666
2022-09-26,67.325,36.170833333333334,642.75,104.51666666666668,31.53333333333333,50.708333333333336,0.4091666666666667,29.833333333333332,1.7041666666666666,95.125,66.625,31.545833333333334,72.04166666666667,11.3375
2022-09-27,58.95,29.833333333333332,407.1666666666667,74.60000000000001,20.483333333333334,68.29166666666667,0.4641666666666666,27.083333333333332,1.63125,95.29166666666669,66.70833333333333,30.8625,67.83333333333333,12.0375
2022-09-28,74.62083333333334,36.02916666666667,349.9166666666667,43.3125,13.216666666666669,101.54166666666669,0.4524999999999999,50.875,1.5666666666666669,93.08333333333331,65.83333333333333,30.491666666666664,72.83333333333333,11.216666666666667
2022-09-29,78.44166666666666,35.36666666666667,349.125,44.3125,16.720833333333335,115.54166666666669,0.37875,57.833333333333336,1.68125,103.79166666666669,72.20833333333333,30.95,65.16666666666667,10.104166666666666
2022-09-30,77.95833333333333,42.825,393.875,56.67083333333333,17.554166666666667,102.04166666666669,0.4304166666666666,27.75,1.6791666666666665,104.08333333333331,70.29166666666667,31.891666666666666,59.458333333333336,11.1
2022-10-01,69.07916666666667,39.225,419.1666666666667,56.40416666666667,16.775000000000002,93.54166666666669,0.4025,19.458333333333332,1.6416666666666666,121.625,75.29166666666667,30.941666666666666,61.416666666666664,10.891666666666666
2022-10-02,77.57083333333334,35.9125,420.3333333333333,56.09583333333333,19.895833333333332,138.66666666666666,0.4345833333333333,42.541666666666664,1.5958333333333332,115.33333333333331,69.41666666666667,30.366666666666664,72.16666666666667,9.950000000000001
2022-10-03,99.29583333333332,53.40416666666667,538.1666666666666,91.17083333333332,24.958333333333332,77.08333333333333,0.5079166666666667,39.541666666666664,1.4520833333333334,126.5,77.625,31.541666666666668,63.791666666666664,13.995833333333332
2022-10-04,61.51666666666667,29.2125,401.75,73.25833333333334,18.516666666666666,30.25,0.34375,47.208333333333336,1.5791666666666666,105.83333333333331,70.45833333333333,31.229166666666668,49.125,13.295833333333334
2022-10-05,85.66666666666667,49.94166666666666,510.9583333333333,70.18333333333334,19.654166666666665,73.54166666666667,0.4308333333333333,26.208333333333332,1.5770833333333334,123.08333333333331,75.83333333333333,30.879166666666666,57.458333333333336,13.241666666666667
2022-10-06,73.21666666666667,43.59583333333333,651.5416666666666,99.28333333333336,28.016666666666666,72.66666666666667,0.535,16.5,1.44375,129.33333333333334,77.75,30.316666666666666,73.41666666666667,11.195833333333333
2022-10-07,72.66666666666667,41.833333333333336,607.5833333333334,114.2625,24.541666666666668,34.125,0.3841666666666667,30.041666666666668,1.5395833333333335,124.70833333333331,76.29166666666667,32.137499999999996,42.125,14.125
2022-10-08,50.025,27.979166666666668,426.875,83.3,17.787499999999998,32.291666666666664,0.2583333333333333,22.291666666666668,1.6625,84.58333333333333,59.291666666666664,31.175,39.75,15.2875
2022-10-09,41.40416666666667,22.733333333333334,348.5416666666667,69.70833333333333,14.8125,43.25,0.1675,20.708333333333332,1.7375,84.375,61.916666666666664,29.099999999999998,39.958333333333336,13.295833333333334
2022-10-10,68.87083333333332,41.170833333333334,522.3333333333334,79.10000000000001,24.55,78.45833333333333,0.2779166666666666,9.958333333333334,1.6666666666666667,95.0,65.16666666666667,28.995833333333334,56.666666666666664,10.5
2022-10-11,69.22916666666667,40.3125,522.0833333333334,70.40416666666667,22.116666666666664,91.33333333333331,0.4008333333333333,10.541666666666666,1.4604166666666665,108.58333333333331,71.20833333333333,28.666666666666668,71.54166666666667,9.325000000000001
2022-10-12,102.37916666666666,64.52499999999999,679.2083333333334,97.28333333333336,29.77916666666667,78.125,0.3841666666666667,14.041666666666666,1.5,139.0,81.91666666666667,28.633333333333336,70.70833333333333,10.554166666666665
2022-10-13,86.1125,54.96666666666667,644.9583333333334,107.65416666666664,27.4375,67.66666666666667,0.2779166666666666,12.125,1.5145833333333334,152.75,89.0,29.15833333333333,45.208333333333336,11.783333333333333
2022-10-14,60.80833333333334,36.5125,478.4166666666667,85.05416666666666,20.670833333333334,57.416666666666664,0.2025,15.291666666666666,1.4916666666666665,134.08333333333334,79.29166666666667,28.320833333333336,42.583333333333336,13.4375
2022-10-15,72.37083333333334,43.37916666666666,554.0416666666666,94.58333333333331,26.545833333333334,78.45833333333333,0.2325,11.541666666666666,1.4625,106.08333333333331,70.20833333333333,28.53333333333333,49.708333333333336,10.491666666666667
2022-10-16,59.54583333333333,35.56666666666667,415.7916666666667,65.28333333333333,16.520833333333332,81.08333333333333,0.24375,14.333333333333334,1.4833333333333334,101.54166666666669,68.79166666666667,29.054166666666664,67.66666666666667,10.054166666666667
2022-10-17,62.62916666666666,39.4125,567.0833333333334,91.0875,26.241666666666664,60.75,0.3179166666666667,8.166666666666666,1.4520833333333334,106.83333333333331,70.625,29.224999999999998,70.625,9.674999999999999
2022-10-18,77.4375,49.82916666666667,666.2916666666666,109.01666666666668,29.1375,69.25,0.31875,7.25,1.4604166666666665,130.5,78.16666666666667,29.516666666666666,59.5,12.133333333333333
2022-10-19,86.04166666666667,54.64166666666667,676.4583333333334,103.0875,30.7375,70.58333333333333,0.2970833333333333,7.625,1.4270833333333333,136.83333333333334,80.16666666666667,28.474999999999998,79.29166666666667,9.979166666666666
2022-10-20,77.97916666666667,48.5125,600.7916666666666,103.74583333333334,27.85,64.95833333333333,0.3216666666666666,13.208333333333334,1.383333333333333,138.70833333333334,80.91666666666667,28.204166666666666,72.66666666666667,9.7875
2022-10-21,86.14999999999999,52.94583333333333,614.4166666666666,101.9,30.0375,63.416666666666664,0.34,20.291666666666668,1.3395833333333331,139.95833333333334,81.20833333333333,29.129166666666666,66.54166666666667,9.745833333333334
2022-10-22,78.91250000000001,48.104166666666664,593.375,109.47916666666669,26.708333333333332,52.666666666666664,0.3254166666666666,20.041666666666668,1.34375,138.0,80.5,29.008333333333336,61.708333333333336,11.637500000000001
2022-10-23,60.729166666666664,34.5625,515.4166666666666,93.76666666666668,25.941666666666663,51.458333333333336,0.25625,22.333333333333332,1.383333333333333,113.29166666666669,72.625,28.458333333333332,57.75,12.5375
2022-10-24,64.19583333333334,36.3125,460.6666666666667,72.72916666666667,23.425,82.33333333333333,0.2945833333333333,19.208333333333332,1.3770833333333332,101.04166666666669,68.70833333333333,28.474999999999998,60.416666666666664,10.295833333333333
2022-10-25,61.69166666666666,33.25,439.25,67.28750000000001,24.858333333333334,91.95833333333331,0.30375,17.916666666666668,1.3458333333333332,97.25,67.5,28.1125,62.041666666666664,11.137500000000001
2022-10-26,72.25416666666666,40.825,521.5,87.80416666666667,27.6875,75.25,0.2725,17.75,1.30625,104.5,69.75,28.008333333333336,63.041666666666664,10.620833333333334
2022-10-27,66.625,40.05833333333333,562.4583333333334,92.925,28.054166666666664,63.0,0.2625,12.25,1.2895833333333333,114.20833333333331,72.95833333333333,27.77916666666667,63.916666666666664,9.733333333333333
2022-10-28,55.5875,32.90833333333333,358.9583333333333,56.087500000000006,14.583333333333334,89.16666666666667,0.2783333333333333,10.291666666666666,1.28125,97.33333333333331,67.25,27.883333333333336,64.5,9.308333333333334
2022-10-29,65.22500000000001,38.86666666666667,451.4583333333333,71.59583333333333,23.4625,81.91666666666667,0.2883333333333333,8.958333333333334,1.33125,102.41666666666669,69.0,27.325,68.08333333333333,9.554166666666667
2022-10-30,79.39166666666667,49.4875,508.0416666666667,90.8125,25.741666666666664,61.125,0.3995833333333333,13.708333333333334,1.2041666666666666,120.75,75.0,27.308333333333334,67.08333333333333,10.266666666666667
2022-10-31,88.44583333333333,56.9375,515.625,86.17083333333333,26.575,68.04166666666667,0.3741666666666667,12.125,1.1916666666666669,147.45833333333334,84.58333333333333,26.75,74.54166666666667,8.904166666666667
2022-11-01,77.10000000000001,45.083333333333336,429.375,62.854166666666664,24.370833333333337,79.58333333333333,0.3333333333333333,14.875,1.2541666666666669,139.5,81.16666666666667,26.59583333333333,71.83333333333333,8.691666666666666
2022-11-02,71.825,40.95,528.5,84.29583333333333,29.483333333333334,66.875,0.2433333333333333,10.666666666666666,1.25625,115.91666666666669,73.54166666666667,26.620833333333334,62.416666666666664,9.404166666666667
2022-11-03,74.26666666666667,44.475,704.5833333333334,142.30416666666667,36.979166666666664,16.333333333333332,0.2666666666666666,13.208333333333334,1.2479166666666666,118.41666666666669,74.25,27.0625,55.041666666666664,11.637500000000001
2022-11-04,46.35,26.441666666666663,399.375,77.4875,17.479166666666668,41.833333333333336,0.3233333333333333,14.75,1.2041666666666666,104.08333333333331,69.58333333333333,27.891666666666666,45.708333333333336,15.716666666666667
2022-11-05,63.39166666666667,33.958333333333336,438.7916666666667,67.45416666666667,17.366666666666667,58.625,0.44875,24.791666666666668,0.9333333333333332,90.375,64.66666666666667,27.337500000000002,57.25,12.654166666666667
2022-11-06,52.03333333333333,21.4,199.625,26.78333333333333,5.895833333333333,97.54166666666669,0.6204166666666667,41.958333333333336,0.9666666666666668,76.0,59.0,27.53333333333333,61.708333333333336,14.262500000000001
2022-11-07,61.84583333333333,25.15416666666667,221.95833333333337,29.65416666666667,8.054166666666665,88.70833333333333,0.6179166666666667,54.208333333333336,0.8562500000000001,75.08333333333333,64.375,27.695833333333336,63.916666666666664,11.237499999999999
2022-11-08,65.71249999999999,35.59166666666667,538.25,88.15833333333335,27.34583333333333,42.541666666666664,0.5470833333333334,22.875,0.9770833333333332,91.79166666666669,66.58333333333333,28.1125,54.125,11.958333333333334
2022-11-09,48.35,26.733333333333334,380.25,79.63333333333334,16.091666666666665,27.541666666666668,0.4979166666666666,20.375,1.0229166666666667,89.45833333333333,64.54166666666667,28.670833333333334,40.583333333333336,17.104166666666668
2022-11-10,70.12083333333334,37.57083333333333,564.6666666666666,93.55833333333334,23.308333333333337,34.625,0.4258333333333333,26.541666666666668,1.0145833333333334,90.08333333333331,64.625,28.083333333333332,55.791666666666664,12.954166666666666
2022-11-11,69.47083333333333,38.75833333333333,626.7083333333334,110.2125,29.483333333333334,36.666666666666664,0.2941666666666667,24.25,1.08125,112.25,72.20833333333333,27.245833333333334,53.125,10.683333333333332
2022-11-12,72.31666666666666,42.4375,654.875,113.2125,26.758333333333336,32.791666666666664,0.28375,22.541666666666668,1.05,112.29166666666669,72.16666666666667,26.995833333333334,64.875,11.241666666666667
2022-11-13,52.03333333333333,25.90833333333333,372.75,49.0,19.570833333333333,74.83333333333333,0.3341666666666666,21.541666666666668,1.05,96.33333333333331,66.83333333333333,27.025000000000002,71.54166666666667,14.924999999999999
2022-11-14,45.98333333333333,20.720833333333335,211.54166666666663,28.945833333333336,7.491666666666667,95.16666666666669,0.20375,33.416666666666664,1.1958333333333333,73.45833333333333,58.375,27.962500000000002,61.0,13.329166666666667
2022-11-15,39.4,16.770833333333332,249.04166666666663,34.75416666666667,9.645833333333334,85.625,0.25625,28.166666666666668,1.0583333333333331,65.33333333333333,44.541666666666664,27.3875,58.583333333333336,18.0375
2022-11-16,37.06666666666667,16.162499999999998,269.8333333333333,44.325,10.670833333333334,89.25,0.2699999999999999,24.166666666666668,1.0520833333333333,58.583333333333336,39.291666666666664,27.554166666666664,63.916666666666664,14.35
2022-11-17,46.93333333333334,23.85,406.375,91.47083333333336,21.125,41.625,0.2075,19.416666666666668,1.1395833333333334,66.70833333333333,48.125,26.854166666666668,63.125,11.275
2022-11-18,48.22083333333333,26.195833333333336,533.0,102.74166666666667,28.458333333333332,24.666666666666668,0.2595833333333333,14.958333333333334,1.0666666666666669,79.125,59.958333333333336,26.270833333333332,61.666666666666664,8.904166666666667
2022-11-19,57.38333333333333,26.558333333333337,303.8333333333333,39.72083333333333,12.404166666666669,95.58333333333331,0.3854166666666667,34.083333333333336,0.93125,78.66666666666667,60.666666666666664,26.116666666666664,70.58333333333333,11.25
2022-11-20,50.59166666666667,23.1375,273.75,33.525,9.741666666666667,91.66666666666669,0.33375,31.166666666666668,0.9395833333333332,80.375,63.625,26.941666666666666,65.08333333333333,14.745833333333332
2022-11-21,42.516666666666666,21.791666666666668,298.2083333333333,49.1375,12.229166666666666,81.70833333333333,0.2625,16.791666666666668,1.025,70.16666666666667,47.625,26.016666666666666,61.458333333333336,10.125
2022-11-22,53.604166666666664,25.141666666666666,428.9166666666667,80.05416666666666,23.1875,38.75,0.3620833333333333,37.916666666666664,0.9541666666666668,75.33333333333333,55.75,25.791666666666668,60.458333333333336,13.816666666666668
2022-11-23,35.925000000000004,19.3375,397.5,77.2625,21.566666666666663,27.416666666666668,0.3675,15.541666666666666,0.8916666666666666,70.70833333333333,49.0,25.229166666666668,51.833333333333336,9.133333333333333
2022-11-24,45.4625,22.204166666666666,323.2916666666667,48.875,14.554166666666667,74.375,0.36,22.083333333333332,0.9229166666666668,68.08333333333333,42.666666666666664,25.108333333333334,63.958333333333336,8.058333333333334
2022-11-25,49.12916666666666,24.55,458.2083333333333,71.28333333333333,28.645833333333332,57.041666666666664,0.24125,12.916666666666666,1.0020833333333334,75.875,57.166666666666664,23.804166666666664,66.08333333333333,8.533333333333333
2022-11-26,58.675,27.96666666666667,488.0,73.22916666666667,28.7125,70.66666666666667,0.2299999999999999,24.166666666666668,1.05,80.41666666666667,61.625,24.391666666666666,60.333333333333336,10.208333333333334
2022-11-27,57.875,26.245833333333337,451.875,70.35000000000001,24.25,74.04166666666667,0.2104166666666666,28.5,1.1020833333333333,81.41666666666667,62.375,25.175,64.95833333333333,9.8375
2022-11-28,65.39166666666667,29.704166666666666,509.5,83.7625,25.254166666666663,41.5,0.2025,43.75,1.0770833333333334,84.375,65.5,24.675,71.58333333333333,9.595833333333333
2022-11-29,63.19166666666666,36.275,629.4166666666666,126.0875,31.270833333333332,23.791666666666668,0.25,16.541666666666668,1.0291666666666666,96.5,67.58333333333333,24.916666666666668,58.666666666666664,11.120833333333332
2022-11-30,48.5375,27.254166666666663,560.25,98.20416666666668,30.22083333333333,38.25,0.2708333333333333,11.583333333333334,0.9083333333333332,88.54166666666667,64.0,24.941666666666666,68.20833333333333,9.641666666666667
2022-12-01,59.90833333333333,35.733333333333334,541.0833333333334,80.7375,27.283333333333335,47.958333333333336,0.3241666666666666,6.5,0.8541666666666666,98.29166666666669,67.54166666666667,24.445833333333336,68.29166666666667,9.466666666666667
2022-12-02,57.475,28.325,379.8333333333333,55.71666666666667,15.991666666666667,83.0,0.2570833333333333,18.833333333333332,0.9583333333333334,85.875,63.083333333333336,24.7375,67.58333333333333,8.825000000000001
2022-12-03,61.087500000000006,29.78333333333333,423.4583333333333,62.38333333333333,22.8375,68.875,0.2104166666666666,31.166666666666668,0.96875,88.45833333333333,65.08333333333333,24.054166666666664,71.875,8.245833333333334
2022-12-04,61.145833333333336,31.066666666666663,460.9166666666667,70.50416666666666,27.075,55.541666666666664,0.3466666666666667,28.458333333333332,0.7625000000000001,92.625,65.625,24.05,67.20833333333333,8.979166666666666
2022-12-05,48.80833333333334,23.5625,383.125,52.916666666666664,20.770833333333332,56.75,0.3129166666666667,23.958333333333332,0.9125,79.0,59.791666666666664,24.258333333333336,64.5,8.720833333333333
2022-12-06,60.65,30.65416666666667,492.7083333333333,87.4875,29.15833333333333,34.416666666666664,0.32,26.5,0.8854166666666666,83.75,62.333333333333336,24.441666666666666,62.75,8.904166666666667
2022-12-07,59.90833333333333,33.604166666666664,453.9166666666667,84.76666666666667,22.066666666666663,34.125,0.3020833333333333,17.958333333333332,0.8854166666666666,91.58333333333331,65.29166666666667,23.616666666666664,63.291666666666664,13.4625
2022-12-08,53.39166666666667,27.6,447.0416666666667,72.34583333333333,27.8875,45.166666666666664,0.3820833333333333,25.083333333333332,0.7854166666666668,91.58333333333331,65.16666666666667,22.983333333333334,71.25,10.55
2022-12-09,34.07083333333333,17.287499999999998,217.0,25.9125,6.716666666666666,87.95833333333333,0.3508333333333333,13.166666666666666,0.78125,69.91666666666667,46.791666666666664,24.445833333333336,60.666666666666664,14.695833333333333
2022-12-10,32.69583333333333,16.208333333333332,185.75,21.045833333333334,5.020833333333333,97.16666666666669,0.2970833333333333,8.041666666666666,0.9041666666666668,58.041666666666664,39.666666666666664,23.1875,58.25,18.287499999999998
2022-12-11,35.11666666666667,17.020833333333332,193.75,21.754166666666663,6.204166666666667,93.04166666666669,0.18875,9.583333333333334,0.8812500000000001,61.583333333333336,38.458333333333336,22.45,51.0,17.058333333333334
2022-12-12,37.5,20.0,290.4166666666667,44.02916666666667,11.8375,75.375,0.1841666666666666,8.375,0.9375,64.04166666666667,37.666666666666664,21.191666666666666,52.125,8.924999999999999
2022-12-13,32.295833333333334,18.266666666666666,337.25,50.958333333333336,22.041666666666668,34.208333333333336,0.18875,6.125,1.575,70.54166666666667,47.666666666666664,20.833333333333332,56.5,9.049999999999999
2022-12-14,0.9,0.6208333333333333,60.708333333333336,0.0,0.4958333333333333,30.833333333333332,0.0349999999999999,0.0,2.275,31.166666666666668,19.166666666666668,22.8,57.333333333333336,10.075000000000001
2022-12-15,1.25,0.8791666666666668,62.875,0.0,0.2208333333333333,34.75,0.045,0.0,2.245833333333333,15.791666666666666,13.958333333333334,22.75,60.5,11.341666666666667
2022-12-16,33.208333333333336,19.520833333333332,398.9166666666667,60.354166666666664,24.2625,51.041666666666664,0.1979166666666666,5.083333333333333,1.2083333333333333,49.708333333333336,36.708333333333336,22.329166666666666,60.208333333333336,8.966666666666667
2022-12-17,56.38333333333333,25.59166666666667,322.9583333333333,41.733333333333334,14.104166666666666,71.75,0.3254166666666666,35.333333333333336,0.8291666666666666,72.29166666666667,51.083333333333336,22.670833333333334,62.958333333333336,12.141666666666666
2022-12-18,40.3875,20.654166666666665,258.875,34.020833333333336,9.666666666666666,71.08333333333333,0.1908333333333333,16.208333333333332,0.9458333333333332,74.95833333333333,58.375,22.504166666666666,60.208333333333336,10.183333333333334
2022-12-19,43.69166666666666,23.741666666666664,427.0833333333333,69.64583333333333,23.383333333333336,30.708333333333332,0.22375,15.291666666666666,0.8916666666666666,72.29166666666667,49.875,21.008333333333333,63.458333333333336,10.670833333333333
2022-12-20,42.15833333333333,23.6375,341.375,65.17916666666666,20.983333333333334,37.291666666666664,0.2541666666666666,14.25,0.94375,75.70833333333333,56.291666666666664,21.662499999999998,50.875,12.879166666666668
2022-12-21,44.62916666666666,21.5125,310.9583333333333,65.075,17.779166666666665,33.875,0.2925,24.833333333333332,0.8520833333333333,70.45833333333333,46.5,22.308333333333334,48.166666666666664,15.170833333333334
2022-12-22,48.583333333333336,22.741666666666664,366.875,59.04583333333333,18.616666666666667,36.916666666666664,0.3354166666666667,25.791666666666668,0.8729166666666667,70.70833333333333,56.708333333333336,21.195833333333333,57.583333333333336,10.920833333333334
2022-12-23,52.9,28.566666666666663,478.9583333333333,88.1375,25.266666666666666,28.25,0.2883333333333333,12.541666666666666,0.9125,81.45833333333333,61.041666666666664,21.8125,56.125,11.645833333333334
2022-12-24,44.425,22.8625,382.1666666666667,66.8125,17.004166666666666,20.916666666666668,0.4204166666666666,22.291666666666668,0.7520833333333333,75.20833333333333,53.375,23.1875,54.625,14.670833333333334
2022-12-25,49.104166666666664,23.333333333333332,435.5833333333333,53.59166666666667,19.35,33.166666666666664,0.4191666666666667,29.583333333333332,0.7479166666666667,76.5,57.708333333333336,23.483333333333334,59.0,12.450000000000001
2022-12-26,61.93333333333334,24.491666666666664,227.5,35.233333333333334,8.183333333333334,61.041666666666664,0.5708333333333333,69.0,0.2083333333333333,73.41666666666667,61.458333333333336,20.141666666666666,73.375,11.466666666666667
2022-12-27,52.0,26.3375,348.9166666666667,62.7875,18.316666666666663,21.416666666666668,0.5108333333333334,43.458333333333336,0.3895833333333333,77.0,62.958333333333336,18.4875,86.16666666666667,7.654166666666666
2022-12-28,53.75,22.3125,256.4583333333333,37.104166666666664,11.9875,47.958333333333336,0.3866666666666666,45.875,0.6520833333333333,82.0,62.916666666666664,19.316666666666666,77.20833333333333,18.925
2022-12-29,24.59166666666667,12.233333333333334,227.54166666666663,33.199999999999996,6.979166666666667,74.20833333333333,0.1108333333333333,12.833333333333334,0.95625,58.083333333333336,40.625,19.520833333333332,66.66666666666667,13.0875
2022-12-30,43.49166666666667,24.425,455.1666666666667,85.55833333333334,26.47083333333333,21.25,0.1954166666666666,18.541666666666668,0.8479166666666668,64.08333333333333,46.75,17.970833333333335,72.95833333333333,13.204166666666666
2022-12-31,42.5375,26.379166666666663,576.7083333333334,78.72083333333333,31.0375,24.625,0.2741666666666666,7.5,0.8458333333333333,80.5,60.833333333333336,18.570833333333333,73.70833333333333,9.291666666666666
2023-01-01,41.041666666666664,22.7,344.3333333333333,41.708333333333336,12.241666666666667,71.66666666666667,0.2275,8.5,0.88125,73.41666666666667,51.458333333333336,20.55,70.04166666666667,9.179166666666667
2023-01-02,54.3625,31.625,534.7083333333334,85.12916666666666,28.4,30.833333333333332,0.27875,7.625,0.9458333333333332,83.45833333333333,60.875,19.616666666666667,73.625,10.679166666666667
2023-01-03,49.416666666666664,25.05,403.7916666666667,76.60000000000001,21.875,21.166666666666668,0.3154166666666667,21.875,0.6749999999999999,84.33333333333333,62.458333333333336,18.7625,67.45833333333333,13.220833333333333
2023-01-04,54.69583333333333,20.5,300.25,62.65,14.533333333333331,30.791666666666668,0.2154166666666666,54.708333333333336,0.95,72.70833333333333,57.416666666666664,19.8125,55.041666666666664,18.120833333333334
2023-01-05,53.9125,19.408333333333335,342.0416666666667,52.99583333333334,15.3125,31.791666666666668,0.41375,61.958333333333336,0.7895833333333333,65.625,63.958333333333336,21.375,55.333333333333336,15.316666666666668
2023-01-06,45.23333333333333,24.2625,494.9166666666667,75.97083333333333,21.770833333333332,14.416666666666666,0.475,16.083333333333332,0.7125,76.125,60.625,20.650000000000002,67.54166666666667,14.633333333333333
2023-01-07,26.4875,14.279166666666669,255.5,45.49166666666667,9.5875,48.041666666666664,0.4429166666666667,14.0,0.5916666666666667,60.791666666666664,36.666666666666664,19.008333333333333,77.41666666666667,11.133333333333333
2023-01-08,34.87916666666667,19.316666666666663,399.5,57.65,17.383333333333333,42.625,0.2304166666666667,12.5,0.9979166666666668,62.75,37.083333333333336,18.579166666666666,76.45833333333333,10.116666666666665
2023-01-09,45.39166666666667,21.679166666666664,332.9166666666667,54.17916666666667,15.1375,49.208333333333336,0.2312499999999999,24.041666666666668,1.0208333333333333,65.625,41.208333333333336,19.337500000000002,72.66666666666667,7.858333333333333
2023-01-10,50.520833333333336,26.9,385.375,57.74166666666667,16.745833333333334,31.125,0.4704166666666666,21.958333333333332,0.91875,80.29166666666667,60.208333333333336,21.245833333333334,72.33333333333333,20.641666666666666
2023-01-11,33.387499999999996,17.466666666666665,198.45833333333337,21.0125,4.879166666666666,75.375,0.2775,9.666666666666666,0.9458333333333332,67.95833333333333,43.166666666666664,20.837500000000002,64.70833333333333,19.25
2023-01-12,46.69166666666666,22.429166666666664,327.2916666666667,49.40833333333333,15.254166666666668,44.583333333333336,0.2245833333333333,31.875,1.0208333333333333,66.66666666666667,40.875,18.883333333333333,61.0,13.512500000000001
2023-01-13,55.78333333333333,20.629166666666663,251.25,45.5,11.758333333333333,47.166666666666664,0.2691666666666666,59.916666666666664,0.99375,70.20833333333333,60.041666666666664,18.470833333333335,52.75,15.979166666666666
2023-01-14,37.1,19.266666666666666,282.25,58.64166666666667,14.816666666666665,37.208333333333336,0.3291666666666666,18.083333333333332,0.9666666666666668,67.91666666666667,54.125,19.495833333333334,51.041666666666664,15.541666666666666
2023-01-15,35.75416666666667,20.0125,345.6666666666667,69.36666666666666,18.25,28.5,0.3058333333333333,10.708333333333334,0.99375,67.79166666666667,42.041666666666664,20.0,57.791666666666664,11.283333333333333
2023-01-16,38.225,22.558333333333337,516.0,85.46249999999999,30.5875,22.791666666666668,0.2879166666666666,9.166666666666666,0.9958333333333332,69.58333333333333,45.791666666666664,20.416666666666668,66.875,8.0
2023-01-17,67.10000000000001,39.09166666666666,621.1666666666666,98.02083333333331,35.3375,21.291666666666668,0.4033333333333333,20.875,0.9770833333333332,83.95833333333333,60.208333333333336,21.870833333333334,63.416666666666664,11.125
2023-01-18,39.625,20.495833333333337,254.79166666666663,32.18333333333333,9.5625,61.583333333333336,0.3220833333333333,12.083333333333334,1.10625,96.125,64.5,21.325,65.66666666666667,23.520833333333332
2023-01-19,39.63333333333333,19.8875,226.375,28.554166666666664,8.554166666666667,74.125,0.21625,13.958333333333334,0.9395833333333332,65.95833333333333,39.291666666666664,20.650000000000002,61.833333333333336,16.8
2023-01-20,34.0375,19.283333333333335,360.5,60.24583333333334,24.020833333333332,45.958333333333336,0.1979166666666666,13.083333333333334,1.0416666666666667,65.0,39.166666666666664,18.345833333333335,62.125,11.612499999999999
2023-01-21,40.166666666666664,20.516666666666666,323.7916666666667,56.75416666666666,18.7,50.708333333333336,0.21,12.666666666666666,1.0604166666666666,67.29166666666667,41.041666666666664,18.945833333333333,53.333333333333336,14.487499999999999
2023-01-22,44.71666666666667,23.166666666666668,352.0833333333333,64.90833333333333,20.141666666666666,46.583333333333336,0.2129166666666666,10.166666666666666,1.0854166666666667,72.5,50.583333333333336,18.895833333333332,53.583333333333336,15.025
2023-01-23,56.99166666666667,21.691666666666663,318.875,61.09583333333333,15.791666666666666,46.583333333333336,0.3745833333333333,43.25,0.7729166666666667,68.375,51.75,18.816666666666666,55.208333333333336,16.212500000000002
2023-01-24,60.31666666666666,24.7375,297.8333333333333,49.0875,14.170833333333334,55.958333333333336,0.38,42.25,0.91875,76.70833333333333,64.70833333333333,18.791666666666668,59.375,16.462500000000002
2023-01-25,50.5875,19.383333333333333,263.3333333333333,47.21666666666667,12.55,49.75,0.4283333333333333,43.458333333333336,0.6333333333333334,69.25,61.375,17.195833333333333,67.16666666666667,16.858333333333334
2023-01-26,45.4875,19.329166666666666,250.75,55.24166666666667,12.429166666666667,41.791666666666664,0.4216666666666666,34.625,0.2645833333333333,65.58333333333333,59.125,16.441666666666666,82.875,11.125
2023-01-27,37.67916666666667,16.633333333333333,257.375,49.4375,12.0125,49.75,0.3541666666666667,31.0,0.3229166666666667,64.29166666666667,45.833333333333336,16.820833333333333,83.29166666666667,15.7125
2023-01-28,23.0375,12.9,260.125,36.983333333333334,10.620833333333334,68.79166666666667,0.1716666666666666,6.416666666666667,1.1395833333333334,53.541666666666664,33.166666666666664,16.508333333333333,77.54166666666667,11.025
2023-01-29,38.125,23.52916666666667,507.7083333333333,63.875,23.983333333333334,57.041666666666664,0.1920833333333333,3.75,1.2041666666666666,64.375,42.75,15.875,69.33333333333333,8.424999999999999
2023-01-30,53.51666666666667,30.608333333333334,507.5,76.87083333333334,22.5,43.0,0.2575,5.75,1.1458333333333333,81.45833333333333,61.0,15.825000000000001,82.16666666666667,10.970833333333333
2023-01-31,85.58333333333333,54.54583333333333,891.2916666666666,121.84166666666664,33.12916666666667,13.958333333333334,0.2595833333333333,8.041666666666666,1.15625,114.66666666666669,73.0,17.283333333333335,76.08333333333333,10.487499999999999
2023-02-01,56.39166666666667,32.5625,500.625,83.1875,20.204166666666666,22.75,0.3033333333333333,19.166666666666668,1.2229166666666669,123.16666666666669,75.79166666666667,18.808333333333334,73.54166666666667,13.941666666666668
2023-02-02,67.33749999999999,38.69166666666667,546.8333333333334,87.03333333333335,20.179166666666667,20.833333333333332,0.3591666666666666,23.958333333333332,1.2333333333333334,96.54166666666669,67.04166666666667,19.641666666666666,75.25,14.012500000000001
2023-02-03,87.12083333333334,49.42916666666667,764.0416666666666,111.28333333333336,30.7875,10.583333333333334,0.4245833333333333,30.416666666666668,1.2541666666666669,121.875,75.41666666666667,20.1125,83.20833333333333,10.033333333333333
2023-02-04,58.84583333333333,25.829166666666666,327.75,43.0125,10.7625,64.83333333333333,0.3358333333333334,42.083333333333336,1.3395833333333331,114.45833333333331,73.75,19.125,77.58333333333333,11.620833333333332
2023-02-05,53.15833333333333,24.15416666666667,302.75,45.67916666666667,9.554166666666667,65.33333333333333,0.3783333333333333,35.791666666666664,1.30625,74.79166666666667,61.125,18.650000000000002,80.33333333333333,10.549999999999999
2023-02-06,96.625,43.1,737.2083333333334,111.69166666666666,32.199999999999996,21.666666666666668,0.38125,83.41666666666667,1.2833333333333334,93.29166666666669,68.04166666666667,18.891666666666666,76.75,8.395833333333334
2023-02-07,118.96666666666664,59.85,638.7916666666666,116.3875,27.020833333333332,25.416666666666668,0.3858333333333333,86.58333333333333,1.3041666666666667,139.375,84.45833333333333,21.675,57.916666666666664,11.879166666666668
2023-02-08,64.35833333333333,29.9,392.0416666666667,61.59166666666667,14.95,39.583333333333336,0.3358333333333334,42.0,1.2375,120.20833333333331,75.41666666666667,22.520833333333332,52.333333333333336,19.158333333333335
2023-02-09,56.041666666666664,19.225,194.79166666666663,17.14166666666667,4.575,86.875,0.1716666666666666,62.041666666666664,1.4,81.83333333333333,65.45833333333333,20.150000000000002,59.5,26.65833333333333
2023-02-10,50.5,18.508333333333333,208.29166666666663,17.45416666666667,4.279166666666667,93.875,0.15125,47.875,1.4166666666666667,64.625,63.416666666666664,18.545833333333334,63.583333333333336,24.21666666666667
2023-02-11,40.925,20.320833333333333,355.375,63.55833333333334,12.904166666666669,52.666666666666664,0.2395833333333333,17.708333333333332,1.34375,65.83333333333333,49.958333333333336,18.758333333333333,72.625,9.075000000000001
2023-02-12,88.66250000000001,53.5,841.25,139.35,35.42916666666667,16.125,0.2808333333333333,20.375,1.3354166666666665,97.91666666666669,68.70833333333333,19.758333333333333,66.95833333333333,10.158333333333333
2023-02-13,78.46666666666667,45.1625,530.2916666666666,95.9,19.641666666666666,26.75,0.1608333333333333,30.916666666666668,1.4729166666666669,137.45833333333334,80.41666666666667,22.375,49.458333333333336,13.179166666666667
2023-02-14,83.05,48.74583333333334,476.4583333333333,87.23333333333333,17.970833333333335,46.166666666666664,0.16125,30.125,1.5395833333333335,126.83333333333331,77.33333333333333,23.349999999999998,50.375,14.041666666666666
2023-02-15,70.825,41.958333333333336,431.9583333333333,82.425,17.341666666666665,39.375,0.2341666666666666,26.625,1.55625,125.375,76.66666666666667,24.28333333333333,34.833333333333336,17.895833333333332
2023-02-16,61.47083333333333,34.141666666666666,465.75,79.925,18.429166666666667,22.041666666666668,0.1808333333333333,32.0,1.7,111.33333333333331,72.0,23.525000000000002,32.583333333333336,13.887500000000001
2023-02-17,61.775,29.96666666666667,509.25,68.40416666666667,21.34583333333333,46.208333333333336,0.2629166666666666,31.5,1.460416666666667,93.54166666666669,66.125,20.474999999999998,80.70833333333333,10.833333333333334
2023-02-18,46.625,23.35,272.0416666666667,33.84583333333333,10.245833333333334,76.66666666666667,0.2895833333333333,14.916666666666666,1.5020833333333332,79.83333333333333,60.791666666666664,19.650000000000002,77.66666666666667,14.358333333333334
2023-02-19,49.0875,25.0625,235.79166666666663,23.708333333333332,7.395833333333333,93.16666666666669,0.4120833333333333,14.291666666666666,1.4354166666666668,75.625,56.333333333333336,19.1875,74.41666666666667,17.283333333333335
2023-02-20,46.3625,24.204166666666666,226.58333333333337,25.645833333333332,5.55,91.5,0.26125,9.333333333333334,1.5291666666666668,76.58333333333333,57.958333333333336,19.429166666666667,73.41666666666667,17.349999999999998
2023-02-21,45.225,23.704166666666666,264.5,37.175,8.141666666666667,81.91666666666667,0.2604166666666667,6.541666666666667,1.5166666666666666,74.70833333333333,54.416666666666664,19.133333333333333,76.83333333333333,14.066666666666668
2023-02-22,58.5625,31.804166666666664,421.9583333333333,60.36666666666667,17.658333333333335,58.541666666666664,0.4654166666666666,11.875,1.3791666666666669,87.29166666666667,63.458333333333336,19.891666666666666,67.83333333333333,13.491666666666667
2023-02-23,115.93333333333334,62.96666666666667,752.2083333333334,110.60416666666669,34.108333333333334,52.166666666666664,0.3583333333333333,49.166666666666664,1.54375,127.25,78.16666666666667,20.720833333333335,56.833333333333336,10.329166666666667
2023-02-24,143.375,81.33749999999999,977.1666666666666,180.39166666666665,35.1,35.625,0.27375,60.833333333333336,1.60625,156.25,93.79166666666669,22.391666666666666,42.416666666666664,11.120833333333332
2023-02-25,87.90416666666665,48.25,496.75,93.525,18.341666666666665,46.666666666666664,0.2766666666666666,44.666666666666664,1.6270833333333332,155.70833333333334,94.83333333333331,23.891666666666666,46.208333333333336,16.825
2023-02-26,77.49583333333334,44.94166666666666,460.0,91.6875,18.895833333333332,38.958333333333336,0.2916666666666667,28.416666666666668,1.7083333333333333,124.70833333333331,76.79166666666667,24.90833333333333,46.875,14.541666666666666
2023-02-27,78.88333333333334,47.45,587.375,121.48333333333332,22.65833333333333,30.125,0.3445833333333333,21.833333333333332,1.55,129.29166666666666,77.83333333333333,25.0625,42.125,10.308333333333334
2023-02-28,103.45416666666668,61.45416666666667,610.5,134.76666666666668,24.441666666666663,38.083333333333336,0.3899999999999999,32.5,1.45625,145.08333333333334,84.625,25.233333333333334,43.375,10.616666666666667
2023-03-01,72.6375,36.65,615.375,105.20833333333331,26.616666666666664,22.5,0.5229166666666667,46.125,1.2145833333333331,133.375,80.95833333333333,23.2,67.33333333333333,10.783333333333333
2023-03-02,60.17083333333333,28.170833333333334,540.5,88.69166666666666,26.008333333333336,25.5,0.5645833333333333,43.0,1.31875,91.79166666666669,66.79166666666667,23.483333333333334,65.33333333333333,11.058333333333332
2023-03-03,51.27916666666667,25.083333333333332,470.7083333333333,85.70416666666667,20.820833333333333,35.041666666666664,0.4008333333333333,30.333333333333332,1.6,75.83333333333333,61.041666666666664,22.829166666666666,74.875,11.420833333333334
2023-03-04,55.145833333333336,24.8625,422.8333333333333,59.02916666666667,19.875,62.25,0.27375,36.875,1.86875,76.45833333333333,60.291666666666664,22.474999999999998,78.125,9.1875
2023-03-05,79.52499999999999,44.06666666666666,699.9166666666666,103.32083333333333,30.929166666666664,30.208333333333332,0.3120833333333333,31.5,1.79375,93.5,66.625,21.633333333333336,75.25,9.804166666666667
2023-03-06,122.2125,72.40416666666667,887.625,122.8375,29.96666666666667,51.208333333333336,0.3041666666666666,38.708333333333336,1.8916666666666664,152.58333333333334,93.0,22.233333333333334,61.458333333333336,9.783333333333333
2023-03-07,94.33333333333331,51.2875,875.9583333333334,154.32500000000002,36.604166666666664,36.0,0.25625,42.416666666666664,1.8791666666666669,143.20833333333334,84.875,22.170833333333334,56.625,10.045833333333333
2023-03-08,114.44583333333333,69.80416666666666,749.6666666666666,159.67083333333332,29.954166666666666,58.458333333333336,0.2825,26.5,1.875,152.25,89.91666666666667,23.275000000000002,58.916666666666664,9.358333333333333
2023-03-09,95.24583333333334,56.5125,548.6666666666666,108.37916666666666,23.2875,44.291666666666664,0.2941666666666667,31.416666666666668,1.9104166666666669,153.25,89.25,26.712500000000002,42.041666666666664,16.658333333333335
2023-03-10,65.55,36.75833333333333,370.0833333333333,66.5125,15.670833333333334,46.25,0.34,28.958333333333332,1.7625000000000002,128.33333333333334,77.66666666666667,27.804166666666664,34.416666666666664,17.466666666666665
2023-03-11,72.37916666666666,42.425,505.9583333333333,98.3625,20.708333333333332,41.333333333333336,0.3725,19.75,1.6979166666666667,110.58333333333331,71.79166666666667,26.104166666666668,45.541666666666664,10.5
2023-03-12,105.19583333333333,62.3,728.7083333333334,148.51666666666668,28.629166666666663,32.666666666666664,0.2520833333333333,33.333333333333336,1.9,138.25,81.91666666666667,27.129166666666666,40.708333333333336,12.362499999999999
2023-03-13,92.6875,54.4875,523.0,105.0125,18.145833333333332,27.708333333333332,0.4766666666666666,30.708333333333332,1.2041666666666666,151.83333333333334,87.45833333333333,26.745833333333334,44.625,17.741666666666667
2023-03-14,54.90416666666667,29.7375,477.5416666666667,76.9375,23.566666666666663,51.083333333333336,0.5279166666666667,25.125,1.7229166666666669,116.91666666666669,73.54166666666667,25.775000000000002,59.875,11.2125
2023-03-15,55.10833333333333,30.4125,647.625,108.44583333333333,31.508333333333336,27.666666666666668,0.2670833333333333,22.583333333333332,2.025,87.58333333333333,63.708333333333336,24.945833333333336,65.79166666666667,8.154166666666667
2023-03-16,62.645833333333336,33.30833333333333,714.875,115.0625,30.65833333333333,17.041666666666668,0.3208333333333333,33.458333333333336,1.9854166666666664,94.41666666666669,66.33333333333333,25.287499999999998,57.791666666666664,12.066666666666668
2023-03-17,46.2125,19.304166666666667,257.4583333333333,36.9,8.095833333333333,75.45833333333333,0.20375,37.458333333333336,2.097916666666667,76.75,57.958333333333336,23.920833333333334,64.33333333333333,18.454166666666666
2023-03-18,43.475,20.533333333333335,250.0,36.0625,7.604166666666667,87.875,0.0845833333333333,23.791666666666668,2.3020833333333335,66.95833333333333,49.875,22.070833333333336,73.16666666666667,15.612499999999999
2023-03-19,51.13333333333333,29.425,386.7083333333333,54.57916666666667,14.691666666666668,82.29166666666667,0.2170833333333333,13.208333333333334,1.9333333333333331,72.5,50.833333333333336,22.1875,68.20833333333333,13.433333333333332
2023-03-20,85.625,48.475,702.7916666666666,100.13333333333333,29.9625,53.0,0.3045833333333334,32.541666666666664,2.0416666666666665,125.83333333333331,76.54166666666667,23.8,50.75,12.491666666666667
2023-03-21,85.30416666666666,44.1,543.2083333333334,96.17083333333332,22.2875,59.666666666666664,0.3575,52.875,1.7354166666666666,113.45833333333331,73.20833333333333,26.162499999999998,40.041666666666664,15.483333333333334
2023-03-22,84.99583333333332,20.066666666666663,206.625,15.666666666666666,6.2625,100.125,0.2520833333333333,137.625,2.15,96.91666666666669,72.95833333333333,23.09583333333333,50.458333333333336,24.270833333333332
2023-03-23,88.26666666666667,20.179166666666667,188.83333333333337,11.1625,5.479166666666667,107.0,0.2695833333333333,147.16666666666666,1.9791666666666667,71.79166666666667,79.29166666666667,22.162499999999998,47.875,27.2625
2023-03-24,47.875,20.716666666666665,248.29166666666663,25.495833333333337,7.35,95.66666666666669,0.2245833333333333,34.5,2.1104166666666666,68.625,65.58333333333333,22.0,63.583333333333336,13.529166666666667
2023-03-25,51.525,24.0125,356.9583333333333,52.59166666666667,14.145833333333334,73.95833333333333,0.2229166666666666,33.625,2.1645833333333333,71.875,56.916666666666664,21.4875,71.04166666666667,10.433333333333334
2023-03-26,75.85000000000001,41.6625,675.75,127.14166666666668,32.483333333333334,42.75,0.29,31.291666666666668,2.0729166666666665,93.0,66.04166666666667,24.079166666666666,61.916666666666664,10.208333333333334
2023-03-27,98.75416666666666,49.92083333333333,506.7083333333333,99.7875,22.004166666666663,50.041666666666664,0.5166666666666667,64.25,1.7791666666666668,116.75,73.875,26.125,57.833333333333336,17.429166666666667
2023-03-28,85.89999999999999,26.733333333333334,421.2916666666667,69.90833333333333,20.9125,37.166666666666664,0.3733333333333333,120.16666666666669,1.9041666666666663,120.33333333333331,79.70833333333333,24.5,55.583333333333336,17.845833333333335
2023-03-29,95.7625,31.7,214.79166666666663,20.3625,9.779166666666669,105.5,0.2308333333333333,121.54166666666669,2.1270833333333337,84.91666666666667,79.08333333333333,22.958333333333332,63.041666666666664,23.1125
2023-03-30,56.541666666666664,27.59583333333333,281.3333333333333,35.487500000000004,9.154166666666669,95.04166666666669,0.2020833333333333,34.208333333333336,2.245833333333333,87.33333333333333,67.83333333333333,21.758333333333336,75.20833333333333,13.950000000000001
2023-03-31,55.6375,30.020833333333332,464.4166666666667,70.75416666666666,19.604166666666668,75.41666666666667,0.35625,23.583333333333332,2.1104166666666666,89.0,64.33333333333333,22.09166666666667,73.45833333333333,10.904166666666667
2023-04-01,66.37916666666666,34.579166666666666,555.2083333333334,95.72083333333336,21.52916666666667,49.958333333333336,0.4695833333333333,36.25,1.91875,90.29166666666669,65.16666666666667,23.3625,69.54166666666667,11.808333333333332
2023-04-02,56.32916666666667,23.929166666666664,213.54166666666663,18.879166666666663,5.258333333333334,106.58333333333331,0.2333333333333333,46.916666666666664,2.2875,87.83333333333333,66.875,22.075,63.208333333333336,22.195833333333336
2023-04-03,49.44166666666666,21.683333333333337,195.75,14.854166666666666,4.308333333333334,112.875,0.0974999999999999,33.916666666666664,2.31875,71.25,57.25,21.554166666666664,62.416666666666664,25.179166666666664
2023-04-04,54.05833333333334,23.616666666666664,219.04166666666663,18.679166666666667,6.420833333333333,109.45833333333331,0.1258333333333333,34.083333333333336,2.275,71.54166666666667,59.5,21.754166666666666,66.83333333333333,19.5
2023-04-05,55.395833333333336,24.40416666666667,294.8333333333333,36.079166666666666,11.2,98.125,0.1654166666666666,36.541666666666664,2.222916666666667,75.83333333333333,62.375,21.5,72.5,12.679166666666667
2023-04-06,58.416666666666664,28.40416666666667,438.2083333333333,57.42083333333333,19.4875,94.83333333333331,0.1866666666666666,35.25,2.31875,83.41666666666667,64.45833333333333,21.829166666666666,74.58333333333333,11.629166666666668
2023-04-07,54.84166666666667,32.208333333333336,604.9583333333334,105.67916666666667,24.941666666666663,48.833333333333336,0.24625,15.0,2.2270833333333333,90.54166666666669,64.91666666666667,22.683333333333334,76.75,11.520833333333334
2023-04-08,59.60833333333333,35.40833333333333,564.75,108.47083333333336,22.5625,44.5,0.2679166666666666,14.041666666666666,2.1437500000000003,93.91666666666669,66.20833333333333,25.183333333333334,63.958333333333336,13.420833333333334
2023-04-09,85.64583333333333,43.9375,590.875,78.6375,28.191666666666663,83.875,0.4295833333333334,36.958333333333336,1.93125,116.91666666666669,73.91666666666667,24.55,68.20833333333333,10.854166666666666
2023-04-10,76.30833333333334,41.025,810.7916666666666,140.75416666666666,28.0125,37.416666666666664,0.3141666666666666,38.291666666666664,1.975,112.33333333333331,74.25,24.59166666666667,67.16666666666667,9.095833333333333
2023-04-11,87.06666666666666,46.925,712.1666666666666,127.6125,28.71666666666667,52.083333333333336,0.3699999999999999,45.458333333333336,1.86875,118.375,74.16666666666667,26.679166666666664,54.041666666666664,11.775
2023-04-12,81.65833333333333,45.0875,676.1666666666666,120.0625,23.870833333333337,71.70833333333333,0.3166666666666666,37.791666666666664,2.277083333333333,131.79166666666666,77.08333333333333,28.016666666666666,45.208333333333336,13.479166666666666
2023-04-13,92.6,43.72083333333333,394.5,78.3625,17.608333333333334,34.791666666666664,0.33375,78.91666666666667,1.975,115.875,73.79166666666667,30.5,38.25,15.866666666666667
2023-04-14,81.27083333333333,33.045833333333334,460.9166666666667,80.37083333333334,19.395833333333332,23.0,0.525,83.625,1.5791666666666666,118.33333333333331,79.0,27.15833333333333,61.458333333333336,17.133333333333333
2023-04-15,42.175,19.345833333333335,251.33333333333337,30.570833333333336,7.9875,94.58333333333331,0.2733333333333334,30.25,2.316666666666667,75.29166666666667,58.75,25.083333333333332,59.041666666666664,20.412499999999998
2023-04-16,52.63333333333333,22.166666666666668,237.66666666666663,25.7375,7.554166666666667,111.375,0.2725,38.625,2.4875000000000003,73.08333333333333,55.333333333333336,24.041666666666668,59.333333333333336,19.733333333333334
2023-04-17,48.8,21.71666666666667,248.20833333333337,25.1625,9.220833333333331,119.375,0.2158333333333333,29.333333333333332,2.15,73.41666666666667,59.708333333333336,24.741666666666664,56.041666666666664,17.766666666666666
2023-04-18,68.39583333333333,27.058333333333337,318.2083333333333,37.69583333333333,17.1375,111.83333333333331,0.2558333333333333,62.333333333333336,2.3104166666666663,86.91666666666667,67.125,24.837500000000002,49.5,14.008333333333333
2023-04-19,65.40416666666667,32.829166666666666,481.4583333333333,62.975,31.929166666666664,102.41666666666669,0.175,25.791666666666668,2.4125,87.75,65.16666666666667,23.566666666666666,61.958333333333336,11.770833333333334
2023-04-20,66.22083333333333,33.94166666666667,428.5416666666667,56.96666666666667,24.175,123.16666666666669,0.2370833333333333,21.875,2.3104166666666663,93.08333333333331,64.70833333333333,23.90416666666667,60.625,13.5625
2023-04-21,72.31666666666666,41.2375,579.375,77.55833333333334,29.75,127.5,0.23,11.291666666666666,2.4270833333333335,130.08333333333334,73.91666666666667,25.208333333333332,47.833333333333336,13.554166666666667
2023-04-22,60.729166666666664,37.954166666666666,758.4583333333334,131.9625,32.27916666666667,47.958333333333336,0.1691666666666666,4.958333333333333,2.495833333333333,106.20833333333331,70.45833333333333,25.991666666666664,39.083333333333336,11.416666666666666
2023-04-23,78.45,48.145833333333336,739.2916666666666,119.78333333333336,29.291666666666668,51.791666666666664,0.2729166666666666,13.833333333333334,2.1333333333333333,109.375,71.375,26.104166666666668,43.5,12.637500000000001
2023-04-24,66.02083333333333,37.875,607.5416666666666,87.17916666666667,27.133333333333336,42.083333333333336,0.3233333333333333,24.541666666666668,2.2708333333333335,134.5,79.45833333333333,26.941666666666666,39.75,11.941666666666668
2023-04-25,84.7375,48.52916666666667,956.7083333333334,145.81666666666666,39.90833333333333,42.5,0.26125,30.916666666666668,2.28125,113.66666666666669,73.875,28.162499999999998,41.291666666666664,10.737499999999999
2023-04-26,62.64166666666667,30.6375,545.875,96.35833333333332,26.304166666666664,43.041666666666664,0.3899999999999999,36.833333333333336,2.0708333333333333,107.25,70.70833333333333,27.583333333333332,52.958333333333336,12.4375
2023-04-27,61.9625,23.950000000000003,369.9166666666667,58.37083333333334,25.083333333333332,115.16666666666669,0.38125,60.666666666666664,2.2020833333333334,88.625,66.16666666666667,26.712500000000002,54.625,13.945833333333333
2023-04-28,56.84166666666667,26.59166666666667,442.0833333333333,71.54166666666667,21.71666666666667,84.5,0.1954166666666666,40.458333333333336,2.441666666666667,81.58333333333333,63.458333333333336,26.037499999999998,50.666666666666664,13.954166666666666
2023-04-29,70.76666666666667,35.35,595.2916666666666,91.44583333333333,26.670833333333334,92.5,0.225,40.916666666666664,2.402083333333333,86.625,64.5,26.629166666666666,47.083333333333336,12.245833333333332
2023-04-30,82.46666666666667,44.0875,711.125,124.04166666666669,26.0875,67.16666666666667,0.2325,43.791666666666664,2.4833333333333334,115.20833333333331,73.16666666666667,27.920833333333334,33.666666666666664,11.7875
2023-05-01,115.0,53.0625,634.2083333333334,91.6,21.458333333333332,99.75,0.2733333333333334,97.125,2.5229166666666667,135.08333333333334,78.66666666666667,29.058333333333334,32.083333333333336,12.854166666666666
2023-05-02,74.14999999999999,30.3375,390.625,53.55,13.7875,86.125,0.18,69.375,2.6145833333333335,129.08333333333334,81.70833333333333,28.116666666666664,52.291666666666664,15.120833333333332
2023-05-03,61.825,22.0375,261.375,32.862500000000004,8.608333333333333,99.875,0.1041666666666666,72.91666666666667,2.6583333333333337,72.33333333333333,63.375,26.625,59.041666666666664,19.658333333333335
2023-05-04,53.3625,23.429166666666664,342.7916666666667,52.02916666666667,14.183333333333332,82.83333333333333,0.1420833333333333,45.083333333333336,2.6791666666666667,75.5,65.29166666666667,26.375,66.91666666666667,16.345833333333335
2023-05-05,50.083333333333336,22.504166666666663,376.0,58.79583333333333,17.3125,88.79166666666667,0.1308333333333333,37.333333333333336,2.7583333333333333,72.83333333333333,59.416666666666664,26.483333333333334,66.66666666666667,14.4
2023-05-06,72.0625,28.475,537.6666666666666,89.90833333333335,26.016666666666666,68.83333333333333,0.1816666666666666,74.5,2.6,79.79166666666667,65.25,25.8625,71.58333333333333,9.575000000000001
2023-05-07,60.725,28.620833333333337,692.6666666666666,112.825,36.791666666666664,42.625,0.1345833333333333,49.0,2.69375,85.66666666666667,67.41666666666667,26.366666666666664,74.95833333333333,8.708333333333334
2023-05-08,63.96666666666667,39.3875,806.875,143.04166666666666,30.21666666666667,44.0,0.14625,18.5,2.7104166666666667,98.875,69.54166666666667,28.09166666666667,51.041666666666664,10.0
2023-05-09,77.99583333333334,48.6625,655.7083333333334,130.4,21.7,104.875,0.1854166666666666,19.291666666666668,2.5229166666666667,139.41666666666666,76.08333333333333,30.6375,26.375,12.470833333333333
2023-05-10,63.125,38.329166666666666,570.6666666666666,113.0625,18.95,74.08333333333333,0.2170833333333333,15.0,2.685416666666667,130.25,76.33333333333333,30.962500000000002,24.958333333333332,11.558333333333332
2023-05-11,71.175,41.6375,655.2916666666666,103.96666666666664,20.333333333333332,83.5,0.3666666666666667,21.708333333333332,2.50625,112.25,69.95833333333333,31.170833333333334,28.916666666666668,15.700000000000001
2023-05-12,93.5625,47.525,599.75,76.1375,19.375,89.95833333333333,0.3583333333333333,49.958333333333336,2.5625,138.125,80.66666666666667,30.641666666666666,44.625,13.450000000000001
2023-05-13,72.76666666666667,35.93333333333333,428.5833333333333,51.666666666666664,14.35,93.58333333333331,0.2554166666666667,43.416666666666664,2.6354166666666665,104.375,71.125,31.724999999999998,45.958333333333336,17.5625
2023-05-14,101.30833333333334,54.825,541.4166666666666,54.7,17.483333333333334,151.20833333333334,0.3020833333333333,32.125,2.6750000000000003,136.79166666666666,75.25,31.90833333333333,36.708333333333336,18.433333333333334
2023-05-15,101.42083333333332,35.295833333333334,328.25,38.81666666666667,9.870833333333334,94.91666666666669,0.2291666666666666,133.625,2.65625,130.625,80.25,30.379166666666666,50.791666666666664,19.429166666666667
2023-05-16,79.14166666666667,30.175,335.375,44.31666666666666,9.9375,92.5,0.4733333333333333,95.83333333333331,2.10625,95.33333333333331,78.54166666666667,30.208333333333332,45.666666666666664,20.216666666666665
2023-05-17,85.48333333333333,36.52916666666667,433.8333333333333,54.40416666666667,11.616666666666667,88.625,0.4312499999999999,85.91666666666667,2.3937500000000003,93.20833333333331,71.20833333333333,32.979166666666664,38.833333333333336,18.525000000000002
2023-05-18,116.2,58.70416666666667,592.25,66.34583333333333,16.454166666666666,138.79166666666666,0.3629166666666667,83.125,2.404166666666667,154.33333333333334,86.95833333333333,32.583333333333336,36.833333333333336,11.512500000000001
2023-05-19,78.78750000000001,37.2625,554.5833333333334,88.075,20.2625,103.20833333333331,0.4179166666666666,62.375,2.3249999999999997,138.125,76.125,33.074999999999996,36.625,11.183333333333332
2023-05-20,80.58333333333333,39.0875,539.125,103.09166666666664,18.866666666666667,55.5,0.42625,61.625,2.3020833333333335,107.25,71.66666666666667,34.30416666666667,34.333333333333336,15.25
2023-05-21,79.72500000000001,33.7125,441.0833333333333,80.60000000000001,15.958333333333334,53.666666666666664,0.4295833333333334,79.83333333333333,2.3270833333333334,102.875,72.91666666666667,33.93333333333333,38.0,10.6625
2023-05-22,74.3875,31.983333333333334,487.75,92.52083333333331,20.525,50.625,0.4383333333333333,73.125,2.2958333333333334,95.41666666666669,70.91666666666667,33.07083333333333,40.5,10.1625
2023-05-23,77.82916666666667,35.775,557.375,89.52083333333333,23.375,60.0,0.3445833333333333,63.416666666666664,2.5854166666666667,90.91666666666669,68.79166666666667,32.625,44.541666666666664,10.291666666666666
2023-05-24,101.49166666666667,44.125,624.9166666666666,93.4625,25.4125,75.95833333333333,0.3716666666666666,90.625,2.3229166666666665,117.66666666666669,78.33333333333333,31.816666666666666,49.041666666666664,13.033333333333333
2023-05-25,91.87916666666666,46.15,651.375,92.72083333333336,25.2125,107.20833333333331,0.37375,52.5,2.4479166666666665,135.16666666666666,78.29166666666667,32.325,47.375,14.275
2023-05-26,96.59166666666664,43.4125,495.7916666666667,71.07083333333334,18.691666666666663,134.54166666666666,0.4166666666666667,73.5,2.3604166666666666,124.45833333333331,77.04166666666667,32.92916666666667,45.083333333333336,17.770833333333332
2023-05-27,79.77916666666667,34.85,380.2916666666667,46.77916666666667,11.25,94.45833333333331,0.36375,73.04166666666667,2.472916666666667,117.41666666666669,76.58333333333333,33.1125,44.833333333333336,19.520833333333332
2023-05-28,79.64999999999999,30.96666666666667,325.2916666666667,47.18333333333333,11.304166666666667,86.16666666666667,0.2629166666666666,88.875,2.6145833333333335,86.70833333333333,68.70833333333333,32.00833333333333,51.875,18.441666666666666
2023-05-29,84.40416666666667,34.775,485.0416666666667,70.96666666666667,20.433333333333337,84.66666666666667,0.395,83.45833333333333,2.4375,103.0,77.625,31.608333333333334,55.166666666666664,11.570833333333333
2023-05-30,75.93333333333334,39.65416666666667,722.8333333333334,114.60416666666669,24.116666666666664,64.95833333333333,0.4383333333333333,47.25,2.464583333333333,103.625,70.79166666666667,33.24166666666667,48.166666666666664,11.875
2023-05-31,81.99166666666666,36.291666666666664,457.2916666666667,74.77083333333333,18.633333333333333,62.041666666666664,0.3733333333333333,70.375,2.558333333333333,107.91666666666669,71.91666666666667,33.237500000000004,46.458333333333336,16.579166666666666
2023-06-01,79.38333333333334,31.28333333333333,333.0833333333333,45.770833333333336,12.033333333333331,87.5,0.3158333333333333,83.16666666666667,2.620833333333333,90.125,70.75,32.5,53.625,20.870833333333334
2023-06-02,82.77083333333333,24.358333333333334,245.66666666666663,26.770833333333332,7.3125,110.83333333333331,0.2666666666666666,118.5,2.672916666666667,86.0,72.375,32.31666666666667,48.5,25.445833333333336
2023-06-03,68.79166666666667,26.458333333333332,360.7083333333333,53.9,14.554166666666667,115.29166666666669,0.3079166666666666,64.5,2.595833333333333,91.5,70.54166666666667,31.9375,49.083333333333336,15.454166666666666
2023-06-04,113.15833333333336,52.35,578.4166666666666,76.97083333333333,19.970833333333335,106.08333333333331,0.4504166666666667,96.125,2.3249999999999997,122.91666666666669,79.125,32.266666666666666,60.458333333333336,12.108333333333334
2023-06-05,96.175,51.29583333333333,600.125,105.925,19.966666666666665,72.04166666666667,0.3529166666666667,61.625,2.48125,146.66666666666666,83.29166666666667,34.608333333333334,41.083333333333336,15.8375
2023-06-06,65.19166666666666,33.170833333333334,482.0416666666667,88.11666666666667,16.895833333333332,59.708333333333336,0.2845833333333333,47.083333333333336,2.629166666666667,117.875,73.91666666666667,35.637499999999996,31.25,16.795833333333334
2023-06-07,84.875,38.266666666666666,590.4166666666666,80.66250000000001,23.233333333333334,72.91666666666667,0.26375,77.95833333333333,2.6666666666666665,85.0,65.29166666666667,33.020833333333336,42.458333333333336,13.450000000000001
2023-06-08,125.51666666666668,62.208333333333336,626.3333333333334,65.92916666666666,23.1125,147.16666666666666,0.3354166666666667,79.04166666666667,2.525,149.45833333333334,89.91666666666667,32.40416666666667,51.0,15.233333333333334
2023-06-09,97.75,45.5125,561.9583333333334,84.64166666666667,21.95,96.70833333333331,0.33125,79.70833333333333,2.497916666666667,130.20833333333334,80.70833333333333,33.704166666666666,37.666666666666664,14.049999999999999
2023-06-10,95.20416666666668,43.0,637.9166666666666,104.47083333333336,24.941666666666663,78.66666666666667,0.3295833333333333,76.66666666666667,2.5875,125.20833333333331,80.58333333333333,32.737500000000004,46.291666666666664,12.262500000000001
2023-06-11,92.325,46.6,700.375,93.2,26.304166666666664,84.625,0.4020833333333333,56.375,2.475,126.66666666666669,78.125,32.90416666666667,60.041666666666664,10.766666666666666
2023-06-12,75.58333333333333,31.3,621.7083333333334,97.9875,26.883333333333336,50.791666666666664,0.37375,80.41666666666667,2.6645833333333333,97.70833333333331,69.41666666666667,34.00833333333333,49.458333333333336,10.0625
2023-06-13,83.50833333333334,34.291666666666664,501.875,78.54583333333333,23.775,72.91666666666667,0.3775,85.625,2.6104166666666666,99.16666666666669,74.91666666666667,34.487500000000004,51.916666666666664,11.404166666666667
2023-06-14,69.64583333333333,27.075,297.875,43.9,10.604166666666666,88.58333333333333,0.2954166666666666,72.625,2.71875,86.79166666666667,69.29166666666667,35.020833333333336,50.208333333333336,17.554166666666667
2023-06-15,75.8,25.383333333333336,330.5,50.84166666666667,13.0,89.58333333333333,0.3633333333333333,94.0,2.4770833333333333,82.08333333333333,68.41666666666667,34.13333333333333,55.375,16.2625
2023-06-16,67.50416666666666,23.333333333333332,354.125,52.31666666666666,14.8625,84.54166666666667,0.4125,83.16666666666667,2.4770833333333333,76.375,68.20833333333333,33.770833333333336,55.75,17.266666666666666
2023-06-17,84.32083333333334,25.108333333333334,247.41666666666663,26.1875,9.120833333333334,113.70833333333331,0.31375,120.58333333333331,2.5749999999999997,79.125,70.54166666666667,33.09166666666667,53.916666666666664,19.033333333333335
2023-06-18,127.5125,32.53333333333333,325.75,42.43333333333333,15.054166666666667,109.33333333333331,0.36125,215.75,2.464583333333333,88.95833333333333,82.54166666666667,31.883333333333336,53.958333333333336,12.424999999999999
2023-06-19,99.35416666666669,33.958333333333336,492.125,75.60833333333333,27.241666666666664,71.66666666666667,0.6291666666666667,135.54166666666666,2.14375,98.45833333333331,88.58333333333333,33.329166666666666,60.875,9.658333333333333
2023-06-20,103.9875,48.69583333333333,612.9583333333334,89.27916666666665,26.395833333333332,101.75,0.5725,91.25,2.1666666666666665,120.75,79.5,35.12916666666667,51.125,10.433333333333334
2023-06-21,94.42916666666667,38.90833333333333,586.0833333333334,87.96666666666665,25.054166666666664,85.75,0.4329166666666666,100.66666666666669,2.439583333333333,126.41666666666669,80.20833333333333,34.204166666666666,49.458333333333336,12.429166666666667
2023-06-22,75.05416666666666,33.270833333333336,452.7916666666667,62.3625,15.904166666666669,106.625,0.4908333333333333,67.08333333333333,2.3583333333333334,101.66666666666669,73.83333333333333,33.84166666666667,60.583333333333336,14.470833333333333
2023-06-23,87.99583333333334,30.425,388.875,49.791666666666664,13.479166666666666,113.08333333333331,0.4795833333333333,112.45833333333331,2.402083333333333,93.33333333333331,73.04166666666667,33.32083333333333,59.916666666666664,14.970833333333333
2023-06-24,55.7625,23.35,431.3333333333333,65.3625,17.675,105.5,0.4645833333333333,45.958333333333336,2.4270833333333335,82.625,67.83333333333333,34.07083333333333,51.916666666666664,14.166666666666666
2023-06-25,50.6375,18.25,380.5833333333333,56.225,16.233333333333334,96.875,0.4891666666666667,53.375,2.3833333333333333,68.54166666666667,61.166666666666664,33.84583333333333,53.291666666666664,12.879166666666668
2023-06-26,78.65416666666667,28.045833333333334,417.375,67.35416666666667,18.8125,102.875,0.5791666666666667,84.04166666666667,2.2958333333333334,72.54166666666667,64.04166666666667,33.90416666666667,55.541666666666664,12.208333333333334
2023-06-27,111.19166666666666,39.21666666666667,373.3333333333333,59.5375,17.416666666666668,100.33333333333331,0.7033333333333333,129.16666666666666,2.1791666666666667,98.45833333333331,78.41666666666667,35.770833333333336,57.958333333333336,15.870833333333332
2023-06-28,177.38750000000002,43.229166666666664,294.7083333333333,32.15416666666667,13.65,79.625,0.79,313.875,2.0229166666666667,117.25,100.70833333333331,36.42916666666667,51.166666666666664,14.679166666666667
2023-06-29,149.24583333333334,40.483333333333334,408.2916666666667,37.416666666666664,22.079166666666666,93.08333333333331,0.55625,227.45833333333337,2.3312500000000003,114.41666666666669,104.375,35.025,62.958333333333336,13.5375
2023-06-30,185.0583333333333,54.09583333333333,512.375,26.96666666666667,20.125,166.33333333333334,0.47875,284.5,2.4,149.75,105.875,34.5375,57.0,14.7125
2023-07-01,154.04999999999998,42.98333333333333,360.375,20.583333333333332,13.929166666666667,144.20833333333334,0.3166666666666666,253.0,2.49375,138.125,108.375,33.987500000000004,54.916666666666664,16.020833333333332
2023-07-02,167.46666666666667,40.11666666666667,318.125,24.925,15.3,133.29166666666666,0.2595833333333333,294.875,2.5520833333333335,117.33333333333331,101.41666666666669,33.4,56.416666666666664,12.700000000000001
2023-07-03,149.85,43.7375,476.2916666666667,42.0375,24.27916666666667,113.625,0.37875,232.75,2.4666666666666663,116.45833333333331,104.875,33.266666666666666,65.95833333333333,10.5625
2023-07-04,130.36249999999998,41.28333333333333,511.25,42.37916666666667,26.03333333333333,95.75,0.5345833333333333,190.29166666666663,2.3625000000000003,120.16666666666669,99.375,34.1,65.83333333333333,9.866666666666667
2023-07-05,169.875,45.51666666666667,423.5416666666667,32.512499999999996,20.4125,123.125,0.5433333333333333,288.1666666666667,2.3541666666666665,114.66666666666669,95.04166666666669,33.6625,65.875,12.141666666666666
2023-07-06,155.54166666666666,54.55,499.3333333333333,37.891666666666666,23.766666666666666,139.5,0.6570833333333334,204.33333333333337,2.127083333333333,147.625,108.95833333333331,34.512499999999996,64.625,10.991666666666667
2023-07-07,154.19166666666666,63.30416666666667,485.0,38.62916666666667,20.75,174.33333333333334,0.80375,119.0,1.94375,171.70833333333334,100.29166666666669,37.2125,52.625,13.491666666666667
2023-07-08,203.5583333333333,73.56666666666666,518.5833333333334,35.30833333333333,24.52916666666667,177.91666666666666,0.6904166666666667,149.91666666666666,2.15,183.91666666666663,109.625,37.69166666666667,43.583333333333336,15.945833333333333
2023-07-09,196.76666666666665,69.425,542.375,46.666666666666664,27.516666666666666,99.79166666666669,0.5870833333333333,195.04166666666663,2.2624999999999997,160.0,122.54166666666669,37.125,50.833333333333336,14.945833333333333
2023-07-10,183.6625,67.8,546.6666666666666,57.49583333333334,27.775,94.125,0.5233333333333333,194.33333333333337,2.2979166666666666,157.04166666666666,116.16666666666669,37.354166666666664,46.5,13.458333333333334
2023-07-11,252.80416666666667,76.30833333333334,432.875,36.40416666666667,20.454166666666666,106.625,0.6666666666666666,373.8333333333333,1.5145833333333334,157.625,123.625,36.604166666666664,47.333333333333336,13.783333333333333
2023-07-12,155.02916666666667,58.9625,566.8333333333334,40.50833333333333,24.754166666666663,130.875,0.5541666666666667,169.91666666666666,2.36875,168.79166666666666,128.79166666666666,34.670833333333334,55.166666666666664,13.116666666666667
2023-07-13,117.25833333333333,44.74166666666667,480.5416666666667,38.645833333333336,23.97083333333333,150.41666666666666,0.5620833333333334,126.125,2.4229166666666666,155.04166666666666,90.625,35.9625,60.25,11.691666666666668
2023-07-14,146.15416666666667,58.604166666666664,547.0416666666666,38.3,26.308333333333337,177.41666666666666,0.7545833333333333,108.20833333333331,2.064583333333333,164.79166666666666,90.83333333333331,38.2875,46.375,12.4375
2023-07-15,157.525,58.57083333333333,398.9166666666667,34.954166666666666,15.670833333333334,123.95833333333331,0.78375,173.5,1.98125,165.16666666666666,100.41666666666669,39.175,32.958333333333336,15.299999999999999
2023-07-16,177.8083333333333,67.72500000000001,497.5,40.545833333333334,24.125,147.95833333333334,0.7708333333333334,152.20833333333334,2.0229166666666667,170.70833333333334,109.08333333333331,37.725,38.458333333333336,14.129166666666668
2023-07-17,185.02083333333337,72.25416666666666,562.5833333333334,39.975,25.45,125.54166666666669,0.59,177.66666666666666,2.189583333333333,159.70833333333334,113.20833333333331,35.56666666666667,49.25,11.579166666666666
2023-07-18,208.70833333333337,73.25416666666666,680.5416666666666,35.270833333333336,29.616666666666664,220.33333333333337,0.5858333333333333,235.625,2.2395833333333335,199.54166666666663,120.54166666666669,34.87916666666667,63.291666666666664,10.183333333333334
2023-07-19,125.12083333333334,43.3375,566.625,46.85,30.458333333333332,100.83333333333331,0.4883333333333333,156.41666666666666,2.4145833333333333,145.125,106.0,34.699999999999996,67.625,11.829166666666666
2023-07-20,94.79166666666669,31.6375,400.5,27.425,16.4875,131.95833333333334,0.4229166666666666,123.75,2.535416666666667,118.20833333333331,82.45833333333333,35.2875,58.958333333333336,13.695833333333333
2023-07-21,167.06666666666666,49.270833333333336,434.5,35.104166666666664,22.133333333333336,145.45833333333334,0.6925,231.75,2.1229166666666663,121.25,88.79166666666667,37.0,51.291666666666664,15.820833333333333
2023-07-22,192.82083333333333,54.62916666666666,358.0,40.416666666666664,18.0,83.70833333333333,0.8729166666666667,286.8333333333333,1.99375,152.83333333333334,112.70833333333331,38.012499999999996,45.083333333333336,15.866666666666667
2023-07-23,217.86666666666667,57.07083333333333,340.6666666666667,38.375,17.0625,85.08333333333333,0.6929166666666666,361.625,2.1645833333333333,151.08333333333334,124.625,38.80416666666667,44.833333333333336,15.883333333333333
2023-07-24,208.52083333333337,55.7,347.2083333333333,38.075,17.004166666666666,65.41666666666667,0.7795833333333334,355.7083333333333,2.1,149.0,124.875,36.979166666666664,46.625,14.441666666666668
2023-07-25,215.64166666666665,60.041666666666664,447.3333333333333,44.3,22.816666666666663,94.54166666666669,0.7629166666666666,321.7083333333333,2.1395833333333334,151.5,124.83333333333331,38.612500000000004,38.875,13.833333333333334
2023-07-26,249.875,55.73333333333333,307.9583333333333,32.77916666666667,13.179166666666667,85.33333333333333,0.72125,485.75,2.095833333333333,151.625,137.375,38.11666666666667,42.958333333333336,18.479166666666668
2023-07-27,159.67083333333332,40.8125,351.0416666666667,31.9,13.779166666666669,72.0,0.62125,280.4166666666667,2.3125,129.0,123.08333333333331,36.666666666666664,49.041666666666664,18.591666666666665
2023-07-28,173.3083333333333,45.125,382.625,32.112500000000004,15.433333333333332,75.04166666666667,0.6004166666666667,296.7916666666667,2.2395833333333335,115.125,104.66666666666669,37.1875,47.958333333333336,13.645833333333334
2023-07-29,137.525,52.92083333333333,578.2083333333334,42.50833333333333,26.53333333333333,103.45833333333331,0.6325,134.79166666666666,2.21875,142.54166666666666,101.0,36.1,54.875,11.012500000000001
2023-07-30,142.47083333333333,45.604166666666664,597.2916666666666,50.8875,34.954166666666666,110.45833333333331,0.59,185.20833333333337,2.345833333333333,136.875,92.375,34.35,66.5,9.408333333333333
2023-07-31,187.57083333333333,45.93333333333334,406.7916666666667,24.8375,17.970833333333335,178.5,0.6133333333333334,322.9583333333333,2.1875,157.625,110.5,34.11666666666667,64.95833333333333,11.070833333333333
2023-08-01,176.51666666666665,55.82916666666667,492.7083333333333,28.141666666666666,26.3125,190.16666666666663,0.5395833333333334,233.66666666666663,2.2312499999999997,187.20833333333337,113.0,34.74166666666667,57.166666666666664,10.941666666666668
2023-08-02,158.80416666666667,56.30416666666667,611.7083333333334,63.49166666666667,33.725,103.04166666666669,0.6854166666666667,184.70833333333337,1.9833333333333336,151.0,103.91666666666669,36.020833333333336,51.5,10.137500000000001
2023-08-03,155.29999999999998,57.15,429.0,42.420833333333334,18.933333333333337,129.25,0.5204166666666666,173.58333333333334,2.3604166666666666,157.54166666666666,102.45833333333331,37.637499999999996,49.833333333333336,14.9125
2023-08-04,169.88333333333333,60.7625,499.625,48.07083333333333,23.266666666666666,110.75,0.6016666666666667,194.08333333333337,2.279166666666667,152.66666666666666,106.33333333333331,38.112500000000004,41.5,10.116666666666667
2023-08-05,229.78333333333333,74.02083333333333,558.0833333333334,41.291666666666664,21.4875,121.95833333333331,0.9120833333333334,329.8333333333333,1.8458333333333332,154.79166666666666,112.16666666666669,39.53333333333333,40.208333333333336,15.116666666666667
2023-08-06,260.9916666666667,73.29166666666667,461.9166666666667,43.84583333333333,22.808333333333337,99.75,0.9129166666666668,416.625,1.9020833333333331,161.16666666666666,144.875,39.020833333333336,35.75,12.641666666666666
2023-08-07,251.6875,76.175,525.4583333333334,40.34583333333333,25.870833333333337,116.95833333333331,0.7566666666666667,342.7083333333333,2.00625,162.08333333333334,144.70833333333334,37.4625,45.458333333333336,16.870833333333334
2023-08-08,193.625,60.291666666666664,522.375,24.2625,19.025,204.79166666666663,0.6158333333333333,264.1666666666667,2.245833333333333,189.66666666666663,127.0,36.420833333333334,49.958333333333336,12.012500000000001
2023-08-09,233.5125,67.03750000000001,662.75,38.729166666666664,33.8625,165.29166666666666,0.6108333333333333,331.5833333333333,2.252083333333333,176.375,127.66666666666669,36.0625,50.958333333333336,9.116666666666665
2023-08-10,231.6916666666667,82.22500000000001,674.125,38.90416666666667,27.112499999999997,145.83333333333334,0.6091666666666666,245.625,2.089583333333333,170.25,129.66666666666666,38.016666666666666,44.5,11.045833333333334
2023-08-11,244.60833333333335,89.77083333333333,689.375,32.324999999999996,22.558333333333337,169.41666666666666,0.6370833333333333,236.45833333333337,2.11875,181.75,137.875,38.354166666666664,37.375,10.583333333333334
2023-08-12,202.95416666666665,65.89166666666667,493.9166666666667,33.425000000000004,21.425,93.95833333333331,0.5704166666666667,251.66666666666663,2.127083333333333,165.20833333333334,130.375,37.083333333333336,43.75,14.645833333333334
2023-08-13,174.63333333333333,58.62083333333334,492.0,37.895833333333336,23.525,102.79166666666669,0.5304166666666666,215.66666666666663,2.222916666666667,151.5,112.29166666666669,36.454166666666666,47.0,15.975
2023-08-14,195.72916666666663,77.99166666666666,554.5,35.6,25.741666666666664,115.54166666666669,0.49,178.33333333333334,2.2583333333333333,156.5,115.66666666666669,35.416666666666664,55.041666666666664,10.695833333333333
2023-08-15,197.77083333333337,89.38333333333333,721.2083333333334,63.583333333333336,37.65833333333333,95.75,0.60125,138.08333333333334,2.0625,164.95833333333334,116.375,36.675000000000004,50.833333333333336,10.4
2023-08-16,216.4,64.29583333333333,397.5416666666667,41.15,15.1125,53.625,0.6862499999999999,365.4166666666667,1.9291666666666665,162.83333333333334,125.25,38.17916666666667,26.125,12.049999999999999
2023-08-17,245.5666666666667,45.70416666666667,282.7916666666667,29.141666666666666,13.733333333333334,50.125,0.6283333333333333,515.0,2.0145833333333334,144.41666666666666,127.54166666666669,35.545833333333334,42.166666666666664,15.429166666666667
2023-08-18,230.6375,43.43333333333334,316.9166666666667,34.525,17.366666666666667,52.458333333333336,0.5225000000000001,461.7916666666667,2.160416666666667,144.58333333333334,137.625,34.00833333333333,55.916666666666664,13.458333333333334
2023-08-19,172.21666666666667,51.49583333333334,368.4583333333333,35.829166666666666,19.4625,66.16666666666667,0.4616666666666666,261.4166666666667,2.285416666666667,135.375,124.25,34.170833333333334,57.041666666666664,12.6875
2023-08-20,170.92083333333335,59.729166666666664,434.3333333333333,42.7625,25.0125,88.91666666666667,0.4575,203.20833333333337,2.1958333333333333,148.45833333333334,106.875,34.78333333333333,56.25,12.983333333333333
2023-08-21,176.47916666666666,58.21666666666667,434.375,36.69583333333333,20.25,97.25,0.3529166666666667,230.41666666666663,2.2645833333333334,152.29166666666666,108.875,34.35,53.25,12.85
2023-08-22,109.0,51.8875,441.7916666666667,38.9625,23.416666666666668,90.375,0.34375,72.5,2.408333333333333,146.83333333333334,98.83333333333331,34.55833333333333,56.166666666666664,13.158333333333333
2023-08-23,99.9875,53.145833333333336,400.4166666666667,27.020833333333332,15.708333333333334,124.04166666666669,0.4995833333333333,39.958333333333336,2.2104166666666667,143.375,82.79166666666667,34.49583333333333,66.75,13.395833333333334
2023-08-24,121.97083333333336,61.1375,498.5416666666667,35.612500000000004,24.416666666666668,159.91666666666666,0.505,55.458333333333336,2.214583333333333,162.04166666666666,83.91666666666667,34.61666666666667,70.25,10.533333333333333
2023-08-25,134.02916666666667,66.925,543.0416666666666,48.604166666666664,27.270833333333332,137.95833333333334,0.4370833333333333,52.041666666666664,2.222916666666667,175.20833333333334,93.95833333333331,36.824999999999996,53.375,11.258333333333333
2023-08-26,144.49166666666667,66.67916666666666,552.0833333333334,56.15833333333333,25.0875,110.0,0.5541666666666667,94.54166666666669,2.06875,162.45833333333334,93.0,36.425000000000004,48.708333333333336,11.191666666666668
2023-08-27,182.78333333333333,67.58749999999999,599.75,52.425,28.433333333333337,101.66666666666669,0.5054166666666667,213.91666666666663,2.1645833333333333,160.0,109.45833333333331,36.25833333333333,46.916666666666664,12.941666666666668
2023-08-28,154.02083333333334,51.8125,430.1666666666667,42.3625,23.566666666666663,104.5,0.54875,199.08333333333337,2.0375,150.33333333333334,104.04166666666669,35.6,62.166666666666664,12.454166666666666
2023-08-29,182.63333333333333,63.1375,580.7083333333334,53.895833333333336,31.920833333333334,75.45833333333333,0.4495833333333334,249.91666666666663,2.2041666666666666,148.95833333333334,104.66666666666669,34.583333333333336,57.708333333333336,12.783333333333333
2023-08-30,145.17083333333332,50.6625,425.9583333333333,51.11666666666667,22.65416666666667,82.375,0.4083333333333334,181.33333333333337,2.1729166666666666,151.625,109.70833333333331,35.920833333333334,38.416666666666664,14.0875
2023-08-31,139.5,40.44166666666667,352.6666666666667,35.90833333333333,19.316666666666663,80.91666666666667,0.5108333333333334,211.91666666666663,1.9604166666666665,120.125,96.58333333333331,34.958333333333336,51.958333333333336,14.483333333333334
2023-09-01,109.16666666666669,37.975,430.2916666666667,41.27916666666667,20.683333333333337,92.5,0.5341666666666667,136.25,2.002083333333333,110.29166666666669,89.95833333333333,33.875,67.625,9.975
2023-09-02,180.575,41.204166666666666,334.7916666666667,35.53333333333333,17.558333333333334,91.08333333333331,0.5541666666666667,310.9583333333333,1.9708333333333332,106.375,92.75,35.329166666666666,58.75,12.308333333333332
2023-09-03,154.54999999999998,37.9,318.8333333333333,36.19166666666667,17.666666666666668,77.625,0.6224999999999999,255.625,1.8958333333333333,114.5,112.58333333333331,35.31666666666667,53.333333333333336,13.608333333333334
2023-09-04,161.20000000000002,42.15833333333333,326.0416666666667,34.862500000000004,17.412499999999998,78.08333333333333,0.6129166666666667,253.91666666666663,1.9270833333333333,109.08333333333331,100.16666666666669,34.78333333333333,55.458333333333336,13.225
2023-09-05,145.34583333333333,45.70416666666667,461.9583333333333,45.8625,27.27916666666667,80.45833333333333,0.5254166666666666,171.58333333333334,2.05625,122.875,103.45833333333331,34.4375,65.125,10.262500000000001
2023-09-06,159.6625,55.8,421.2083333333333,39.8375,20.9875,120.125,0.45125,163.125,2.0520833333333335,143.95833333333334,98.95833333333331,35.362500000000004,58.75,13.387500000000001
2023-09-07,145.1625,48.166666666666664,344.4166666666667,34.42916666666667,15.470833333333331,73.54166666666667,0.3545833333333333,183.20833333333337,2.1708333333333334,147.33333333333334,105.33333333333331,35.204166666666666,44.666666666666664,16.604166666666668
2023-09-08,119.77916666666664,41.354166666666664,327.75,31.708333333333332,14.745833333333332,81.04166666666667,0.3504166666666666,149.45833333333334,2.1979166666666665,116.83333333333331,90.08333333333331,34.75416666666667,46.625,14.891666666666667
2023-09-09,121.775,52.45,454.2916666666667,34.18333333333333,19.075,111.04166666666669,0.5104166666666666,86.25,1.96875,132.58333333333334,90.45833333333331,34.0375,51.083333333333336,13.291666666666666
2023-09-10,154.54583333333332,59.84166666666667,479.1666666666667,31.791666666666668,23.241666666666664,161.75,0.60875,145.70833333333334,1.8833333333333335,163.29166666666666,90.95833333333331,33.895833333333336,62.083333333333336,11.108333333333334
2023-09-11,160.41666666666666,56.53333333333333,501.5,41.1625,25.516666666666666,116.29166666666669,0.5054166666666666,174.58333333333334,2.066666666666667,155.25,106.79166666666669,35.37083333333333,49.708333333333336,12.833333333333334
2023-09-12,148.8375,52.37916666666666,413.7916666666667,34.550000000000004,19.175,104.54166666666669,0.4120833333333333,168.625,2.0166666666666666,147.79166666666666,100.91666666666669,35.0375,49.416666666666664,12.700000000000001
2023-09-13,129.6625,54.42916666666667,473.375,35.21666666666667,18.541666666666668,112.0,0.4670833333333333,114.0,1.9875,147.0,94.29166666666669,33.854166666666664,56.208333333333336,13.504166666666668
2023-09-14,146.48333333333332,61.95,603.125,49.35833333333333,27.895833333333332,98.625,0.6,129.25,1.89375,151.91666666666666,97.83333333333331,33.733333333333334,68.75,10.733333333333334
2023-09-15,184.325,58.30833333333334,476.5833333333333,43.2625,24.316666666666663,99.125,0.7258333333333334,239.95833333333337,1.7395833333333333,151.91666666666666,101.875,34.6625,62.0,12.75
2023-09-16,199.025,60.666666666666664,442.3333333333333,35.545833333333334,22.333333333333332,119.125,0.785,237.25,1.6770833333333333,154.875,117.625,34.083333333333336,65.79166666666667,11.424999999999999
2023-09-17,165.525,56.458333333333336,456.125,42.079166666666666,24.458333333333332,104.70833333333331,0.8016666666666666,155.5,1.7833333333333332,152.5,114.45833333333331,34.225,63.541666666666664,9.308333333333334
2023-09-18,176.88333333333333,66.33333333333333,503.2916666666667,40.7,23.629166666666663,121.625,0.77375,144.04166666666666,1.7166666666666668,154.375,110.91666666666669,34.670833333333334,65.79166666666667,10.512500000000001
2023-09-19,146.25833333333333,64.52499999999999,629.0416666666666,57.43333333333334,31.104166666666668,94.95833333333331,0.61875,94.66666666666669,1.74375,152.5,100.33333333333331,35.625,59.416666666666664,9.4625
2023-09-20,160.9125,69.75416666666666,563.375,47.63333333333333,25.116666666666664,104.54166666666669,0.585,111.54166666666669,1.7479166666666668,159.125,104.75,35.050000000000004,56.0,12.85
2023-09-21,85.28750000000001,37.94166666666667,401.25,36.62916666666667,20.1125,94.375,0.4966666666666666,75.125,1.9229166666666664,138.25,89.79166666666667,33.36666666666667,66.875,9.916666666666666
2023-09-22,93.46666666666664,45.7375,637.0833333333334,59.43333333333334,31.8875,79.875,0.5833333333333334,61.458333333333336,1.83125,112.08333333333331,74.0,33.55833333333333,68.5,9.541666666666666
2023-09-23,177.19583333333333,49.92083333333333,402.5833333333333,37.204166666666666,13.5625,83.625,0.5245833333333333,283.5833333333333,1.7291666666666667,139.5,91.83333333333331,36.24166666666667,37.25,16.991666666666667
2023-09-24,192.1375,50.604166666666664,349.5416666666667,44.9375,11.683333333333332,58.833333333333336,0.4495833333333333,330.9166666666667,1.7416666666666665,121.58333333333331,112.45833333333331,36.166666666666664,18.666666666666668,15.3375
2023-09-25,132.77916666666667,47.425,423.125,40.3625,18.070833333333333,87.625,0.4941666666666666,170.375,1.7791666666666668,138.29166666666666,108.70833333333331,34.375,25.916666666666668,11.808333333333332
2023-09-26,134.07916666666668,47.7125,467.8333333333333,45.775,21.258333333333333,90.25,0.4533333333333333,164.95833333333334,1.7145833333333331,136.83333333333334,93.16666666666669,34.52916666666667,33.958333333333336,9.6
2023-09-27,127.43333333333334,42.28333333333333,363.7083333333333,41.32083333333333,15.833333333333334,60.875,0.3766666666666666,183.0,1.8520833333333335,121.5,95.20833333333331,33.766666666666666,37.958333333333336,13.637500000000001
2023-09-28,98.42083333333332,39.72083333333333,366.125,35.458333333333336,14.7375,79.33333333333333,0.3520833333333333,95.33333333333331,1.8666666666666665,116.20833333333331,83.83333333333333,33.204166666666666,37.25,16.587500000000002
2023-09-29,111.34166666666664,45.479166666666664,515.875,46.47083333333333,28.4125,81.45833333333333,0.4229166666666666,97.08333333333331,1.7479166666666668,113.25,78.95833333333333,31.866666666666664,58.583333333333336,11.008333333333333
2023-09-30,125.3625,52.40416666666667,464.6666666666667,47.7,26.71666666666667,83.04166666666667,0.5208333333333334,106.16666666666669,1.6791666666666665,137.875,90.375,31.425,61.0,13.700000000000001
2023-10-01,113.79583333333332,42.94166666666666,353.5833333333333,26.8125,15.841666666666669,108.625,0.3720833333333333,118.625,1.8541666666666667,131.125,86.45833333333333,31.575,62.541666666666664,11.741666666666667
2023-10-02,142.5,40.733333333333334,323.5,31.170833333333334,14.741666666666667,81.25,0.2691666666666666,227.20833333333337,1.9166666666666667,115.08333333333331,94.75,31.691666666666666,55.291666666666664,12.0375
2023-10-03,110.1875,43.833333333333336,571.2916666666666,60.604166666666664,32.37083333333333,55.541666666666664,0.3204166666666667,115.20833333333331,1.7875,115.20833333333331,88.0,32.17916666666667,57.833333333333336,10.6875
2023-10-04,116.73333333333332,53.47083333333333,591.0,57.925,31.491666666666664,64.58333333333333,0.3333333333333333,88.95833333333333,1.8083333333333331,134.95833333333334,85.79166666666667,32.229166666666664,61.083333333333336,9.737499999999999
2023-10-05,106.45416666666668,48.60833333333333,542.7083333333334,46.3,25.40416666666667,86.75,0.3179166666666667,87.625,1.8541666666666667,140.41666666666666,85.33333333333333,31.141666666666666,74.33333333333333,9.920833333333333
2023-10-06,83.8,38.4375,400.5416666666667,33.525,16.275000000000002,84.83333333333333,0.2695833333333333,70.70833333333333,1.8791666666666669,111.0,74.75,32.40416666666667,72.91666666666667,14.512500000000001
2023-10-07,130.20833333333334,54.42083333333333,506.1666666666667,51.86666666666667,23.575000000000003,79.79166666666667,0.4279166666666666,133.04166666666666,1.68125,128.41666666666666,83.79166666666667,33.90833333333333,56.375,14.066666666666668
2023-10-08,126.94166666666666,55.229166666666664,437.125,51.979166666666664,20.404166666666665,57.708333333333336,0.3754166666666667,116.20833333333331,1.64375,150.125,93.08333333333331,33.112500000000004,49.583333333333336,11.541666666666666
2023-10-09,118.05,49.82083333333333,450.625,43.04583333333333,19.0625,74.66666666666667,0.2745833333333333,110.79166666666669,1.8041666666666665,145.70833333333334,88.16666666666667,32.3125,58.5,14.387500000000001
2023-10-10,113.07083333333333,43.67916666666667,437.125,37.18333333333333,19.4625,84.70833333333333,0.3079166666666666,128.25,1.7770833333333331,128.91666666666666,89.70833333333333,31.22083333333333,72.29166666666667,11.183333333333332
2023-10-11,62.40416666666667,35.199999999999996,559.125,55.3,29.454166666666666,63.041666666666664,0.27,26.625,1.7166666666666668,106.875,73.70833333333333,30.65833333333333,70.75,8.770833333333334
2023-10-12,64.99166666666666,33.704166666666666,466.375,43.48333333333333,21.933333333333337,87.45833333333333,0.2704166666666667,40.291666666666664,1.7291666666666667,94.58333333333331,66.41666666666667,31.05,65.75,8.295833333333333
2023-10-13,78.09583333333333,36.11666666666667,419.625,34.0875,21.116666666666667,104.79166666666669,0.2954166666666666,52.541666666666664,1.6833333333333331,97.70833333333331,67.91666666666667,31.0,64.625,9.533333333333333
2023-10-14,108.62916666666666,46.68333333333334,600.5416666666666,55.48333333333333,34.237500000000004,82.83333333333333,0.37625,88.0,1.5958333333333332,118.83333333333331,79.0,30.241666666666664,68.0,9.658333333333333
2023-10-15,109.40833333333336,44.875,598.125,55.57916666666667,33.38333333333333,67.25,0.3374999999999999,100.33333333333331,1.6437499999999998,124.25,82.29166666666667,29.670833333333334,69.375,9.570833333333333
2023-10-16,144.24166666666667,59.125,756.7083333333334,73.53333333333333,46.8125,65.95833333333333,0.4154166666666667,115.125,1.5375,137.08333333333334,90.29166666666669,30.641666666666666,60.791666666666664,9.7875
2023-10-17,122.90833333333336,51.020833333333336,459.75,38.416666666666664,23.825,85.875,0.3825,88.25,1.55625,147.33333333333334,94.70833333333331,30.650000000000002,54.083333333333336,12.195833333333333
2023-10-18,133.00833333333333,56.32916666666667,563.7916666666666,47.825,30.0,75.25,0.4179166666666666,82.70833333333333,1.4666666666666668,145.95833333333334,91.45833333333331,30.162499999999998,58.791666666666664,10.975
2023-10-19,141.33333333333334,55.791666666666664,502.375,48.6375,28.920833333333334,76.0,0.4720833333333333,123.29166666666669,1.4708333333333332,146.08333333333334,92.54166666666669,29.816666666666666,65.83333333333333,10.579166666666667
2023-10-20,143.26666666666668,55.2,537.2083333333334,47.38333333333333,30.0375,74.83333333333333,0.52625,140.33333333333334,1.5020833333333334,151.25,99.83333333333331,29.849999999999998,68.33333333333333,11.241666666666667
2023-10-21,152.75416666666666,57.07083333333333,555.375,54.92916666666667,31.641666666666666,81.29166666666667,0.6458333333333334,150.0,1.2333333333333332,142.20833333333334,94.66666666666669,30.5125,67.0,10.579166666666666
2023-10-22,127.47916666666669,47.458333333333336,486.9583333333333,46.87916666666666,26.729166666666668,71.25,0.5599999999999999,118.70833333333331,1.325,144.45833333333334,98.875,30.858333333333334,54.5,12.799999999999999
2023-10-23,151.39166666666668,53.7,550.4166666666666,52.125,32.045833333333334,81.75,0.4341666666666666,139.95833333333334,1.40625,140.875,97.54166666666669,30.233333333333334,61.291666666666664,10.066666666666666
2023-10-24,139.99166666666667,51.46666666666667,554.0416666666666,52.65833333333333,31.995833333333337,72.70833333333333,0.4208333333333333,121.5,1.3708333333333331,139.41666666666666,96.70833333333331,29.45,67.375,8.345833333333333
2023-10-25,133.62083333333334,50.5625,561.4583333333334,58.17916666666667,33.579166666666666,62.166666666666664,0.4645833333333333,108.45833333333331,1.2958333333333332,141.16666666666666,96.25,29.745833333333334,66.95833333333333,9.225
2023-10-26,98.84166666666664,42.55,383.1666666666667,43.07916666666667,18.916666666666668,43.75,0.6470833333333333,77.875,0.8041666666666667,128.25,88.04166666666667,27.7625,61.833333333333336,13.4375
2023-10-27,65.28333333333333,28.78333333333333,382.6666666666667,43.2875,17.795833333333334,55.5,0.4479166666666667,59.833333333333336,1.23125,98.41666666666669,69.875,26.429166666666664,74.16666666666667,8.058333333333334
2023-10-28,83.05416666666666,35.954166666666666,554.75,68.6125,31.695833333333336,49.25,0.3720833333333333,70.29166666666667,1.3604166666666666,94.0,70.54166666666667,27.150000000000002,69.25,8.366666666666667
2023-10-29,81.15,37.2,472.9166666666667,59.67916666666667,28.075,72.54166666666667,0.3266666666666666,58.416666666666664,1.3979166666666665,103.125,72.83333333333333,28.075,61.333333333333336,10.299999999999999
2023-10-30,67.89583333333333,34.4375,450.3333333333333,61.09583333333333,26.55,56.125,0.2408333333333333,34.625,1.35625,100.875,70.125,28.804166666666664,57.708333333333336,11.633333333333333
2023-10-31,64.96666666666667,36.920833333333334,493.125,64.95,27.291666666666668,48.375,0.2204166666666666,19.583333333333332,1.3916666666666666,105.08333333333331,70.04166666666667,29.233333333333334,52.083333333333336,11.358333333333333
2023-11-01,57.94166666666666,29.825,375.8333333333333,48.78333333333333,18.4875,44.041666666666664,0.2341666666666666,32.916666666666664,1.2875,91.33333333333331,65.20833333333333,29.78333333333333,46.458333333333336,13.762500000000001
2023-11-02,67.82916666666667,30.65833333333333,376.3333333333333,43.40833333333333,17.516666666666666,51.541666666666664,0.2825,51.083333333333336,1.2875,86.0,64.33333333333333,29.766666666666666,40.291666666666664,14.65
2023-11-03,79.78750000000001,41.954166666666666,494.1666666666667,55.65,24.225,48.583333333333336,0.3604166666666666,35.083333333333336,1.2458333333333331,110.0,72.16666666666667,28.05,50.791666666666664,13.229166666666666
2023-11-04,56.69583333333333,26.27916666666667,224.58333333333337,15.579166666666666,8.0,86.66666666666667,0.2208333333333333,35.916666666666664,1.3729166666666668,93.66666666666669,67.41666666666667,28.645833333333332,60.875,13.025
2023-11-05,58.76666666666667,27.395833333333332,242.41666666666663,18.1875,9.4875,96.625,0.3012499999999999,32.958333333333336,1.2166666666666666,82.79166666666667,62.583333333333336,28.195833333333336,54.375,15.395833333333334
2023-11-06,57.72083333333333,23.9375,247.08333333333337,20.566666666666663,10.425,81.91666666666667,0.225,51.25,1.25625,77.125,63.416666666666664,27.754166666666666,50.583333333333336,14.583333333333334
2023-11-07,90.525,30.65833333333333,292.125,25.59166666666667,14.295833333333334,83.625,0.30875,110.125,1.1291666666666669,84.0,69.45833333333333,27.037499999999998,54.916666666666664,10.625
2023-11-08,84.72083333333333,34.5625,433.7083333333333,44.4,23.545833333333334,74.16666666666667,0.35375,73.70833333333333,1.175,94.25,74.83333333333333,26.541666666666668,58.416666666666664,9.0875
2023-11-09,72.075,29.52916666666667,333.5416666666667,40.52916666666667,16.841666666666665,63.833333333333336,0.3245833333333333,65.33333333333333,1.1,91.83333333333331,71.08333333333333,27.46666666666667,53.458333333333336,12.7125
2023-11-10,51.8875,26.708333333333332,409.875,45.2875,19.770833333333332,52.666666666666664,0.1829166666666667,27.583333333333332,1.1979166666666667,84.875,65.83333333333333,27.254166666666666,54.291666666666664,13.220833333333333
2023-11-11,49.375,28.791666666666668,440.2083333333333,52.07083333333333,23.433333333333337,53.291666666666664,0.17875,13.625,1.2145833333333331,85.5,62.875,26.829166666666666,47.208333333333336,10.825000000000001
2023-11-12,60.5125,29.975,426.875,54.31666666666666,23.333333333333332,47.875,0.1816666666666666,36.958333333333336,1.1375,85.25,62.833333333333336,26.358333333333334,47.0,11.304166666666667
2023-11-13,53.9,26.141666666666666,427.9166666666667,50.4875,22.758333333333336,51.375,0.16375,39.458333333333336,1.1416666666666666,84.875,64.83333333333333,25.0125,45.75,11.408333333333333
2023-11-14,69.92916666666666,29.09166666666667,500.25,56.9875,26.525,45.041666666666664,0.175,69.29166666666667,1.2083333333333333,84.45833333333333,64.0,25.083333333333332,39.833333333333336,10.241666666666667
2023-11-15,71.77916666666667,25.866666666666664,407.5416666666667,51.04583333333333,20.695833333333333,49.75,0.3033333333333333,86.375,1.1,77.375,65.08333333333333,27.762500000000003,41.041666666666664,13.791666666666666
2023-11-16,85.97083333333335,26.854166666666668,311.7916666666667,31.741666666666664,13.225,56.833333333333336,0.6045833333333334,117.125,0.75625,83.91666666666667,76.29166666666667,27.270833333333332,53.541666666666664,18.679166666666667
2023-11-17,46.92916666666667,22.995833333333337,344.25,38.36666666666667,17.0,57.125,0.4145833333333333,26.375,0.86875,76.58333333333333,65.29166666666667,23.770833333333332,75.16666666666667,11.166666666666666
2023-11-18,59.12083333333334,29.079166666666666,409.2083333333333,37.75,19.166666666666668,59.0,0.2791666666666667,39.208333333333336,0.9958333333333336,78.54166666666667,58.875,24.241666666666664,69.75,8.954166666666667
2023-11-19,68.33749999999999,37.516666666666666,526.5833333333334,59.25416666666666,30.058333333333337,48.625,0.24875,30.625,1.1645833333333333,100.91666666666669,68.625,24.0625,67.45833333333333,9.741666666666667
2023-11-20,61.50833333333333,29.583333333333332,399.0416666666667,45.791666666666664,20.154166666666665,60.625,0.36,37.916666666666664,1.0208333333333333,90.95833333333331,65.08333333333333,26.09583333333333,59.416666666666664,13.424999999999999
2023-11-21,81.17916666666666,35.208333333333336,425.7916666666667,38.13333333333333,16.766666666666666,61.833333333333336,0.3920833333333333,65.0,1.0104166666666667,93.25,68.25,26.833333333333332,59.625,15.7125
2023-11-22,91.075,36.44583333333333,437.2916666666667,42.275,22.579166666666666,60.041666666666664,0.3741666666666667,85.75,0.9875,106.91666666666669,75.45833333333333,25.912499999999998,64.25,12.512500000000001
2023-11-23,57.175,24.025,323.25,28.7125,12.9625,81.45833333333333,0.1316666666666666,50.5,1.16875,84.25,70.125,25.491666666666664,60.625,9.166666666666666
2023-11-24,61.25416666666666,28.725,452.3333333333333,46.37083333333334,21.84583333333333,64.04166666666667,0.29,41.75,0.9729166666666664,82.875,64.20833333333333,23.8,66.70833333333333,9.770833333333334
2023-11-25,108.00416666666666,34.3375,297.75,25.90416666666667,10.895833333333334,73.25,0.39375,159.08333333333334,0.8729166666666667,88.91666666666667,72.625,24.65416666666667,66.125,11.275
2023-11-26,83.95,34.295833333333334,409.7083333333333,46.354166666666664,22.825,58.458333333333336,0.2195833333333333,86.54166666666667,1.0104166666666667,101.16666666666669,79.875,24.5,60.375,9.583333333333334
2023-11-27,66.16666666666667,31.925,495.4583333333333,46.333333333333336,24.629166666666663,60.5,0.25125,44.625,1.0270833333333331,94.16666666666669,70.25,24.141666666666666,65.58333333333333,9.275
2023-11-28,106.98333333333332,48.38333333333333,602.2916666666666,42.27916666666667,22.441666666666663,87.20833333333333,0.5325,79.54166666666667,0.7875000000000001,103.41666666666669,69.875,24.383333333333336,68.70833333333333,9.4125
2023-11-29,96.175,39.9375,389.3333333333333,25.97083333333333,15.5125,93.70833333333331,0.3158333333333333,83.58333333333333,1.01875,134.125,86.95833333333333,25.004166666666666,70.41666666666667,15.495833333333332
2023-11-30,70.37083333333332,28.65416666666667,277.75,21.570833333333336,10.070833333333333,87.66666666666667,0.1725,67.91666666666667,1.0020833333333334,91.33333333333331,71.04166666666667,24.366666666666664,66.25,14.004166666666668
2023-12-01,80.32083333333334,34.704166666666666,511.3333333333333,48.44583333333333,24.270833333333332,64.16666666666667,0.185,66.0,1.0333333333333334,96.08333333333331,70.5,23.02916666666667,67.16666666666667,9.566666666666666
2023-12-02,82.67083333333333,38.99166666666667,566.6666666666666,52.37916666666666,29.7125,69.41666666666667,0.2779166666666666,49.541666666666664,0.9979166666666668,101.25,72.625,23.516666666666666,66.125,7.754166666666666
2023-12-03,86.95416666666667,41.145833333333336,531.9166666666666,47.6,27.929166666666664,80.91666666666667,0.32,48.5,0.9479166666666666,114.33333333333331,74.41666666666667,23.71666666666667,70.25,10.408333333333333
2023-12-04,70.81666666666666,35.275,469.6666666666667,43.708333333333336,24.1625,82.16666666666667,0.19625,29.625,1.00625,103.625,71.41666666666667,23.90833333333333,70.54166666666667,10.975
2023-12-05,70.7375,39.74166666666667,447.25,34.737500000000004,19.454166666666666,94.41666666666669,0.2191666666666666,11.75,0.9604166666666668,107.83333333333331,70.875,24.5625,67.20833333333333,9.825000000000001
2023-12-06,62.04583333333333,34.975,481.125,40.82083333333333,22.75,88.5,0.2066666666666666,8.583333333333334,0.9875,104.375,69.83333333333333,24.462500000000002,65.91666666666667,9.633333333333335
2023-12-07,62.93333333333334,34.28333333333333,457.4583333333333,34.15,17.8625,95.20833333333331,0.2220833333333333,15.375,0.9791666666666666,96.83333333333331,67.25,23.15416666666667,67.33333333333333,9.616666666666667
2023-12-08,69.04583333333333,37.44166666666667,436.4583333333333,36.108333333333334,17.929166666666667,102.16666666666669,0.2625,7.875,1.0125,97.25,67.33333333333333,22.695833333333336,67.29166666666667,8.079166666666667
2023-12-09,91.0875,49.416666666666664,531.8333333333334,53.9625,29.604166666666668,81.25,0.2904166666666666,8.625,1.0041666666666669,124.125,76.125,22.304166666666664,65.45833333333333,10.512500000000001
2023-12-10,90.18333333333334,48.65833333333333,464.75,40.82083333333333,22.22083333333333,90.29166666666669,0.3070833333333333,13.208333333333334,0.9354166666666668,140.25,81.33333333333333,22.425,63.041666666666664,8.845833333333333
2023-12-11,69.6125,35.800000000000004,453.0833333333333,41.5375,19.825,87.625,0.1779166666666667,20.5,1.0166666666666666,109.95833333333331,71.58333333333333,22.0625,60.208333333333336,9.395833333333334
2023-12-12,85.00416666666666,42.87083333333334,661.7083333333334,62.81666666666666,34.24583333333333,56.5,0.2370833333333333,31.75,0.9875,111.54166666666669,72.04166666666667,21.216666666666665,59.583333333333336,8.5375
2023-12-13,85.4375,44.32083333333333,615.625,54.53333333333333,33.670833333333334,77.875,0.3025,32.208333333333336,0.9333333333333332,121.125,75.58333333333333,21.195833333333333,59.625,9.725
2023-12-14,80.88333333333334,40.94166666666667,335.0,26.433333333333337,15.320833333333333,71.25,0.25375,62.791666666666664,0.8583333333333334,119.875,74.66666666666667,21.329166666666666,54.583333333333336,16.945833333333333
2023-12-15,34.395833333333336,16.516666666666666,213.33333333333337,10.295833333333333,5.291666666666667,85.33333333333333,0.1175,19.291666666666668,0.9729166666666668,80.45833333333333,58.791666666666664,23.15833333333333,50.375,23.016666666666666
2023-12-16,45.57083333333333,25.375,374.8333333333333,34.954166666666666,18.008333333333333,60.791666666666664,0.1795833333333333,16.416666666666668,0.9729166666666668,69.5,46.875,21.695833333333336,57.25,12.616666666666667
2023-12-17,48.94166666666666,28.308333333333337,370.9583333333333,46.9625,18.3125,45.125,0.1391666666666667,15.875,0.9625,82.83333333333333,61.916666666666664,21.741666666666664,39.25,14.820833333333333
2023-12-18,45.395833333333336,27.71666666666667,419.7916666666667,50.00833333333333,21.4125,52.916666666666664,0.1104166666666666,9.5,0.9854166666666666,86.04166666666667,63.166666666666664,20.454166666666666,35.291666666666664,11.862499999999999
2023-12-19,58.775,30.5625,472.1666666666667,47.46666666666667,22.008333333333336,50.958333333333336,0.2216666666666666,29.5,0.9125,86.16666666666667,63.291666666666664,19.966666666666665,53.875,9.270833333333334
2023-12-20,73.52499999999999,36.40833333333333,517.1666666666666,50.2,27.554166666666664,61.791666666666664,0.3116666666666667,39.125,0.8624999999999999,95.04166666666669,66.54166666666667,21.216666666666665,57.125,9.183333333333334
2023-12-21,67.84583333333333,36.75,371.5,28.1625,15.983333333333334,91.75,0.3954166666666667,20.166666666666668,0.80625,98.625,68.16666666666667,20.808333333333334,63.5,11.008333333333333
2023-12-22,64.20833333333333,33.579166666666666,316.2916666666667,24.3125,14.320833333333333,87.95833333333333,0.2916666666666667,23.958333333333332,0.9104166666666668,99.54166666666669,68.125,21.116666666666667,58.041666666666664,10.691666666666668
2023-12-23,60.97083333333333,34.52916666666667,388.5833333333333,36.00416666666667,18.108333333333334,84.41666666666667,0.2229166666666666,15.333333333333334,1.0208333333333333,98.70833333333331,67.91666666666667,20.325,59.916666666666664,8.9375
2023-12-24,82.59583333333333,48.36666666666667,617.5416666666666,66.39999999999999,33.7125,48.0,0.3354166666666667,11.208333333333334,0.8791666666666665,117.5,74.0,20.920833333333334,61.333333333333336,9.441666666666666
2023-12-25,87.12916666666666,45.13333333333333,506.25,55.854166666666664,29.604166666666668,60.166666666666664,0.4770833333333333,36.041666666666664,0.81875,130.625,78.25,21.541666666666668,74.5,8.354166666666666
2023-12-26,94.475,33.916666666666664,310.5,24.375,11.704166666666666,82.625,0.3258333333333333,109.375,0.875,104.79166666666669,76.79166666666667,23.7,73.08333333333333,10.4
2023-12-27,54.52916666666667,28.02916666666667,360.2083333333333,31.995833333333337,15.433333333333332,82.0,0.1466666666666666,22.875,0.9604166666666668,88.16666666666667,68.70833333333333,22.229166666666668,78.0,10.8375
2023-12-28,75.33333333333333,39.483333333333334,573.9583333333334,52.8625,25.90833333333333,58.083333333333336,0.2558333333333333,33.958333333333336,0.8145833333333333,100.45833333333331,68.375,20.516666666666666,82.54166666666667,10.1
2023-12-29,85.19166666666666,45.28333333333333,612.5,58.854166666666664,25.416666666666668,46.5,0.2554166666666667,33.416666666666664,0.9458333333333334,118.875,74.54166666666667,21.004166666666666,77.79166666666667,9.129166666666666
2023-12-30,89.04583333333333,47.895833333333336,699.4583333333334,64.36666666666666,32.5375,47.375,0.2299999999999999,31.416666666666668,0.9395833333333332,124.95833333333331,76.41666666666667,21.379166666666666,76.70833333333333,9.295833333333333
2023-12-31,74.625,35.71666666666667,461.125,44.86666666666667,23.03333333333333,61.791666666666664,0.33875,43.666666666666664,0.85,119.75,75.04166666666667,21.65833333333333,81.16666666666667,9.645833333333334
2024-01-01,62.78333333333333,24.15,293.0833333333333,21.3,10.683333333333332,79.41666666666667,0.2183333333333333,66.33333333333333,1.0375,83.20833333333333,65.625,22.754166666666666,73.95833333333333,12.941666666666668
2024-01-02,72.25,26.9,247.625,12.745833333333332,6.6499999999999995,89.29166666666667,0.2833333333333333,76.20833333333333,0.9979166666666668,80.33333333333333,69.20833333333333,22.604166666666668,68.66666666666667,16.54583333333333
2024-01-03,54.14166666666667,22.5,259.25,19.454166666666666,8.549999999999999,78.5,0.2841666666666667,47.625,0.8979166666666667,75.08333333333333,60.5,21.150000000000002,68.29166666666667,14.9
2024-01-04,58.541666666666664,21.508333333333336,203.66666666666663,9.0375,4.4750000000000005,87.375,0.2483333333333333,63.583333333333336,0.98125,73.29166666666667,66.04166666666667,22.191666666666666,62.458333333333336,23.883333333333336
2024-01-05,47.958333333333336,24.079166666666666,288.7083333333333,22.09583333333333,11.083333333333334,78.45833333333333,0.19,25.625,1.025,70.0,53.166666666666664,21.004166666666666,64.79166666666667,12.137500000000001
2024-01-06,50.325,27.15,331.5833333333333,27.108333333333334,11.825,84.16666666666667,0.1795833333333333,16.5,0.9166666666666666,83.75,62.166666666666664,20.1875,70.54166666666667,13.058333333333332
2024-01-07,40.020833333333336,20.425,312.7083333333333,27.208333333333332,12.166666666666666,78.33333333333333,0.13,10.291666666666666,0.9666666666666668,70.375,46.458333333333336,20.045833333333334,64.58333333333333,10.508333333333335
2024-01-08,70.9875,37.5625,555.0416666666666,63.28333333333333,30.2375,42.75,0.21375,25.625,0.9291666666666668,89.79166666666667,62.333333333333336,20.166666666666668,61.333333333333336,11.174999999999999
2024-01-09,71.41250000000001,41.2375,467.4166666666667,51.04583333333333,20.6125,51.708333333333336,0.2004166666666666,18.875,0.9770833333333332,116.04166666666669,73.5,19.1875,54.333333333333336,10.145833333333334
2024-01-10,57.575,33.0375,480.2083333333333,45.12083333333334,23.7,68.66666666666667,0.17625,6.666666666666667,1.0729166666666667,99.29166666666669,67.95833333333333,19.054166666666667,66.58333333333333,8.450000000000001
2024-01-11,48.82916666666667,27.966666666666665,459.2083333333333,44.74583333333334,22.1375,69.79166666666667,0.14625,8.333333333333334,1.0854166666666667,90.41666666666669,64.625,18.145833333333332,71.75,9.808333333333334
2024-01-12,48.92083333333333,29.179166666666664,512.8333333333334,51.35,23.191666666666663,58.416666666666664,0.1375,11.833333333333334,1.1229166666666666,85.95833333333333,62.916666666666664,17.683333333333334,67.91666666666667,10.779166666666667
2024-01-13,56.97083333333333,32.7875,538.8333333333334,56.958333333333336,23.1125,44.375,0.2041666666666667,18.833333333333332,1.0354166666666669,90.41666666666669,64.83333333333333,18.625,60.333333333333336,9.558333333333334
2024-01-14,94.84583333333336,42.0875,714.5,72.38333333333334,31.65833333333333,35.333333333333336,0.2675,79.54166666666667,0.9958333333333336,102.95833333333331,70.16666666666667,19.7,61.333333333333336,8.887500000000001
2024-01-15,90.825,45.35833333333333,650.1666666666666,69.70833333333333,24.495833333333337,43.166666666666664,0.1683333333333333,54.5,1.1479166666666667,124.66666666666669,79.83333333333333,20.224999999999998,55.25,9.754166666666666
2024-01-16,69.0625,30.77916666666667,345.3333333333333,26.983333333333334,12.5,99.0,0.30125,46.5,1.0125,99.54166666666669,68.875,21.441666666666666,72.79166666666667,15.475
2024-01-17,49.7875,21.05,232.125,11.608333333333334,5.7250000000000005,100.875,0.2079166666666666,37.458333333333336,1.08125,81.625,66.29166666666667,22.662499999999998,64.08333333333333,24.525000000000002
2024-01-18,44.82916666666667,21.983333333333334,277.0416666666667,19.408333333333335,9.333333333333334,97.08333333333331,0.2241666666666666,20.041666666666668,1.0979166666666669,67.875,48.708333333333336,20.645833333333332,67.25,13.237499999999999
2024-01-19,40.56666666666667,21.870833333333337,258.9583333333333,17.445833333333333,7.5,94.83333333333331,0.24125,8.875,1.0458333333333334,73.41666666666667,52.125,20.625,71.95833333333333,13.454166666666666
2024-01-20,54.8625,27.479166666666668,424.625,32.57083333333333,16.779166666666665,77.95833333333333,0.1858333333333333,26.75,1.1354166666666667,75.79166666666667,54.666666666666664,19.691666666666666,74.41666666666667,9.775
2024-01-21,61.166666666666664,28.9875,356.4583333333333,24.545833333333334,11.570833333333333,95.0,0.2220833333333333,35.208333333333336,1.1125,84.125,62.791666666666664,20.333333333333332,71.79166666666667,12.804166666666667
2024-01-22,53.90833333333333,27.4625,380.1666666666667,28.96666666666667,14.0,89.79166666666667,0.1758333333333333,20.666666666666668,1.1666666666666667,84.91666666666667,63.458333333333336,20.029166666666665,72.04166666666667,11.579166666666666
2024-01-23,62.2375,33.74583333333333,546.6666666666666,42.71666666666667,23.75,80.33333333333333,0.1741666666666666,19.416666666666668,1.1416666666666666,92.75,65.70833333333333,19.833333333333332,75.91666666666667,8.8375
2024-01-24,48.62916666666666,30.079166666666666,559.5,46.11666666666667,22.84583333333333,68.41666666666667,0.15375,7.125,1.10625,91.45833333333331,65.16666666666667,18.4375,76.95833333333333,9.8375
2024-01-25,64.67916666666666,41.65833333333333,615.9583333333334,60.875,22.916666666666668,46.708333333333336,0.18,5.5,0.9958333333333336,102.29166666666669,68.95833333333333,18.945833333333333,56.791666666666664,10.941666666666668
2024-01-26,80.45,49.90833333333333,610.25,76.175,25.383333333333336,34.708333333333336,0.2116666666666666,10.416666666666666,1.08125,121.45833333333331,75.20833333333333,21.183333333333334,46.5,12.245833333333332
2024-01-27,118.6625,40.420833333333334,409.3333333333333,50.2,15.229166666666666,34.25,0.3070833333333333,162.16666666666666,1.0979166666666669,121.41666666666669,81.58333333333333,22.72083333333333,52.416666666666664,17.658333333333335
2024-01-28,101.1625,42.420833333333334,360.6666666666667,35.275,11.541666666666666,61.791666666666664,0.3558333333333333,101.58333333333331,0.9958333333333332,130.5,87.66666666666667,21.816666666666666,62.791666666666664,15.424999999999999
2024-01-29,54.87083333333334,17.691666666666666,245.54166666666663,16.691666666666666,7.745833333333334,88.70833333333333,0.1745833333333333,69.08333333333333,0.9875,78.91666666666667,69.20833333333333,20.870833333333334,57.833333333333336,17.029166666666665
2024-01-30,68.19166666666668,25.979166666666668,425.4166666666667,40.40833333333333,18.754166666666663,64.91666666666667,0.4770833333333333,72.08333333333333,0.8166666666666668,66.91666666666667,60.75,21.079166666666666,68.29166666666667,9.379166666666666
2024-01-31,202.0625,58.62916666666666,707.0,73.53750000000001,29.05,32.041666666666664,0.5204166666666666,306.8333333333333,0.86875,120.16666666666669,90.375,22.566666666666666,54.541666666666664,7.8
2024-02-01,235.85833333333335,52.8,380.2083333333333,43.26666666666667,17.545833333333334,34.75,0.6016666666666667,435.7916666666667,0.7916666666666666,143.54166666666666,128.125,23.491666666666664,66.08333333333333,18.366666666666667
2024-02-02,217.1291666666667,59.30833333333334,290.0416666666667,20.195833333333333,9.445833333333333,63.208333333333336,0.5608333333333333,375.4583333333333,0.7520833333333333,161.70833333333334,150.125,22.545833333333334,55.541666666666664,21.71666666666667
2024-02-03,33.3125,16.0125,220.5,8.670833333333333,4.508333333333334,100.45833333333331,0.1695833333333333,15.208333333333334,0.9479166666666666,90.95833333333331,73.125,19.095833333333335,58.166666666666664,25.541666666666668
2024-02-04,31.96666666666667,15.445833333333333,225.66666666666663,8.941666666666666,4.7125,99.54166666666669,0.1170833333333333,12.541666666666666,1.2645833333333332,55.875,40.5,19.283333333333335,52.083333333333336,23.808333333333334
2024-02-05,45.65833333333333,16.7625,231.54166666666663,10.958333333333334,5.245833333333333,98.70833333333331,0.3816666666666666,44.875,1.0125,57.791666666666664,40.708333333333336,19.912499999999998,55.375,21.070833333333333
2024-02-06,61.575,19.241666666666667,229.625,10.725,5.633333333333333,106.08333333333331,0.4220833333333333,76.125,1.0166666666666666,65.25,62.833333333333336,20.3875,53.875,22.84166666666667
2024-02-07,39.458333333333336,16.658333333333335,250.58333333333337,11.354166666666666,5.691666666666666,106.33333333333331,0.1083333333333333,24.875,1.25625,60.875,54.25,19.991666666666667,54.0,19.045833333333334
2024-02-08,44.5,18.083333333333332,243.04166666666663,13.108333333333334,6.554166666666667,96.875,0.14125,33.666666666666664,1.25,61.458333333333336,45.333333333333336,19.474999999999998,56.625,15.304166666666667
2024-02-09,39.84583333333333,18.15,261.0416666666667,16.8875,7.483333333333333,82.375,0.11875,23.625,1.4041666666666668,64.33333333333333,47.458333333333336,18.758333333333333,63.458333333333336,13.233333333333334
2024-02-10,51.05833333333334,27.004166666666663,465.7916666666667,39.9,21.475,66.79166666666667,0.1395833333333333,17.25,1.5520833333333333,72.29166666666667,50.583333333333336,17.679166666666667,70.08333333333333,9.170833333333333
2024-02-11,124.1125,42.8625,405.7083333333333,51.4875,21.35,48.333333333333336,0.5920833333333333,159.45833333333334,0.4291666666666667,91.0,68.875,17.429166666666667,79.125,10.012500000000001
2024-02-12,50.8,21.2875,310.75,40.47083333333333,15.183333333333332,41.791666666666664,0.3670833333333334,54.75,0.6729166666666666,104.29166666666669,83.75,18.583333333333332,88.375,17.454166666666666
2024-02-13,45.19166666666666,23.925,379.9166666666667,50.52916666666667,21.875,37.166666666666664,0.1358333333333333,30.416666666666668,1.4833333333333334,71.16666666666667,51.291666666666664,20.033333333333335,82.33333333333333,16.0625
2024-02-14,40.575,20.0125,317.7916666666667,38.90416666666667,13.279166666666669,56.875,0.12625,28.166666666666668,1.65,66.75,42.666666666666664,21.125,83.75,15.679166666666667
2024-02-15,89.02083333333333,44.52916666666667,506.0416666666667,65.14166666666667,19.875,46.958333333333336,0.2020833333333333,61.416666666666664,1.71875,84.91666666666667,58.166666666666664,22.09166666666667,79.91666666666667,12.237499999999999
2024-02-16,93.95,44.52916666666667,509.1666666666667,64.55416666666666,20.195833333333333,43.083333333333336,0.28125,73.58333333333333,1.58125,123.0,76.16666666666667,22.8,81.04166666666667,14.700000000000001
2024-02-17,100.20416666666668,42.579166666666666,430.7083333333333,48.25833333333333,15.883333333333333,42.75,0.3383333333333333,106.20833333333331,1.45625,124.375,80.16666666666667,23.1875,74.0,16.416666666666668
2024-02-18,67.74166666666666,26.75,281.9166666666667,20.479166666666668,7.970833333333334,78.20833333333333,0.3166666666666666,69.45833333333333,1.5770833333333334,111.29166666666669,79.0,20.995833333333334,68.0,22.004166666666666
2024-02-19,50.30833333333334,19.925,237.20833333333337,10.445833333333333,5.6625000000000005,108.16666666666669,0.0883333333333333,41.166666666666664,1.78125,69.20833333333333,57.666666666666664,19.908333333333335,67.54166666666667,23.291666666666668
2024-02-20,40.7,18.220833333333335,282.3333333333333,16.224999999999998,8.308333333333334,104.625,0.5125000000000001,24.833333333333332,1.0416666666666667,67.54166666666667,57.208333333333336,19.491666666666667,75.33333333333333,15.862499999999999
2024-02-21,46.96666666666667,21.316666666666663,251.04166666666663,11.870833333333332,6.070833333333333,113.75,0.175,26.583333333333332,1.6,68.375,50.791666666666664,20.695833333333333,66.91666666666667,22.233333333333334
2024-02-22,51.36666666666667,23.9125,294.2916666666667,20.866666666666667,10.7,99.04166666666669,0.1120833333333333,28.0,1.6583333333333332,73.29166666666667,58.75,19.900000000000002,71.54166666666667,11.904166666666667
2024-02-23,50.7625,28.170833333333334,465.0,35.725,19.483333333333334,81.41666666666667,0.2925,11.958333333333334,1.4020833333333331,84.0,62.75,19.066666666666666,78.33333333333333,11.179166666666667
2024-02-24,63.1,27.833333333333332,487.3333333333333,41.045833333333334,17.675,87.58333333333333,0.5804166666666667,53.666666666666664,1.2895833333333333,78.75,60.583333333333336,20.854166666666668,72.875,12.383333333333333
2024-02-25,153.75,54.4625,676.0416666666666,80.97500000000001,30.675,39.708333333333336,0.64625,190.91666666666663,0.8083333333333332,108.58333333333331,81.04166666666667,22.241666666666664,61.625,11.004166666666668
2024-02-26,92.825,37.12083333333333,291.2083333333333,16.9875,8.345833333333333,95.25,0.3041666666666666,95.66666666666669,1.59375,139.125,97.20833333333331,21.212500000000002,70.75,20.599999999999998
2024-02-27,59.458333333333336,27.8,275.0416666666667,18.554166666666667,9.8,95.04166666666669,0.1766666666666666,36.041666666666664,1.85,89.75,68.0,20.083333333333332,62.25,10.8125
2024-02-28,70.1375,35.425000000000004,612.5833333333334,54.88333333333333,33.93333333333333,54.541666666666664,0.4608333333333334,34.416666666666664,1.4875,92.54166666666669,65.79166666666667,19.733333333333334,67.16666666666667,9.5
2024-02-29,95.64166666666668,30.358333333333334,284.3333333333333,17.974999999999998,10.0625,98.29166666666669,0.4966666666666666,128.70833333333334,1.4125,93.45833333333331,73.83333333333333,20.808333333333334,63.416666666666664,21.216666666666665
2024-03-01,53.791666666666664,22.004166666666663,254.45833333333337,12.154166666666669,6.375,110.875,0.16125,50.0,1.7666666666666666,78.41666666666667,68.45833333333333,19.029166666666665,49.125,20.879166666666666
2024-03-02,86.46249999999999,32.40416666666667,355.0833333333333,31.729166666666668,15.75,77.70833333333333,0.2108333333333333,104.0,1.73125,82.5,68.04166666666667,18.025000000000002,42.166666666666664,12.1
2024-03-03,57.2,26.925,416.9166666666667,42.170833333333334,19.875,70.5,0.1441666666666666,40.208333333333336,1.8625,90.45833333333331,70.58333333333333,18.004166666666666,49.208333333333336,10.4625
2024-03-04,98.66666666666669,34.675000000000004,416.7083333333333,49.208333333333336,17.879166666666666,59.291666666666664,0.6208333333333333,122.16666666666669,1.2916666666666667,81.375,66.16666666666667,21.329166666666666,54.0,16.325
2024-03-05,199.74166666666667,51.43333333333334,410.0,41.46666666666667,16.533333333333335,58.0,0.66125,332.3333333333333,0.95625,115.33333333333331,98.33333333333331,21.070833333333333,78.375,16.966666666666665
2024-03-06,154.2125,44.28333333333333,354.7916666666667,25.795833333333334,14.783333333333331,99.83333333333331,0.1970833333333333,237.91666666666663,1.9895833333333333,139.45833333333334,116.66666666666669,19.5,77.95833333333333,11.433333333333332
2024-03-07,102.27083333333331,43.95416666666667,621.125,53.895833333333336,29.46666666666667,75.875,0.4575,93.91666666666669,1.4895833333333333,128.95833333333334,93.83333333333331,19.2375,78.79166666666667,9.029166666666667
2024-03-08,129.62916666666666,65.25,670.6666666666666,85.2375,27.6125,57.791666666666664,0.6008333333333333,84.0,1.5270833333333331,134.29166666666666,81.625,22.854166666666668,70.95833333333333,12.35
2024-03-09,72.18333333333334,27.179166666666664,373.25,42.329166666666666,19.2125,34.041666666666664,0.3883333333333333,97.25,0.75,129.83333333333334,88.29166666666667,20.825,85.25,14.820833333333333
2024-03-10,47.55833333333334,29.508333333333336,557.0416666666666,60.65,32.44583333333333,28.541666666666668,0.3020833333333333,16.375,1.7958333333333334,84.70833333333333,63.625,19.650000000000002,85.91666666666667,9.004166666666666
2024-03-11,78.40833333333333,40.329166666666666,982.5,95.09583333333336,44.42083333333333,24.458333333333332,0.3554166666666666,48.958333333333336,1.8083333333333331,85.70833333333333,62.833333333333336,19.495833333333334,80.66666666666667,7.529166666666666
2024-03-12,102.65,40.2625,409.5416666666667,37.833333333333336,13.6375,76.25,0.44625,115.125,1.94375,124.5,79.04166666666667,20.841666666666665,71.08333333333333,21.133333333333333
2024-03-13,103.20416666666668,52.425,583.2916666666666,59.61666666666667,27.429166666666664,66.125,0.2725,67.08333333333333,2.058333333333333,120.95833333333331,80.95833333333333,20.0,80.5,10.866666666666667
2024-03-14,118.85833333333332,59.833333333333336,507.7083333333333,62.7875,24.183333333333337,89.79166666666667,0.5316666666666666,66.95833333333333,1.7541666666666669,149.75,85.54166666666667,21.2,76.25,9.770833333333334
2024-03-15,109.425,57.15416666666667,552.5416666666666,74.55416666666666,25.104166666666668,57.541666666666664,0.6241666666666666,54.333333333333336,1.5083333333333335,150.5,86.83333333333333,21.337500000000002,77.25,11.008333333333333
2024-03-16,138.6875,81.55833333333334,842.125,110.72916666666669,33.020833333333336,64.54166666666667,0.6679166666666667,41.291666666666664,1.56875,157.29166666666666,95.45833333333331,22.933333333333334,75.125,10.704166666666666
2024-03-17,146.02083333333334,66.56666666666666,762.8333333333334,84.2625,27.866666666666664,92.54166666666669,0.405,124.58333333333331,2.00625,165.79166666666666,101.25,24.695833333333336,69.70833333333333,10.683333333333332
2024-03-18,132.41666666666666,51.67083333333333,461.3333333333333,42.25416666666667,18.7125,71.25,0.1945833333333333,156.54166666666666,2.2895833333333333,147.875,98.375,23.704166666666666,74.75,8.908333333333333
2024-03-19,148.60416666666666,77.74583333333334,715.2083333333334,98.3125,28.766666666666666,47.333333333333336,0.3720833333333333,70.58333333333333,1.7270833333333335,155.125,96.16666666666669,24.224999999999998,70.66666666666667,7.695833333333333
2024-03-20,123.20416666666668,50.3625,426.5,47.49166666666667,15.575,76.95833333333333,0.4925,108.58333333333331,1.8791666666666669,148.83333333333334,94.125,26.245833333333334,63.166666666666664,16.466666666666665
2024-03-21,111.025,41.6,332.75,24.445833333333336,12.504166666666668,94.0,0.3770833333333334,139.75,1.925,137.75,91.16666666666669,23.241666666666664,77.83333333333333,12.979166666666666
2024-03-22,85.2375,45.36666666666667,560.4583333333334,54.8875,23.483333333333334,81.58333333333333,0.4016666666666666,52.666666666666664,1.85,107.04166666666669,75.75,21.77916666666667,80.08333333333333,10.333333333333334
2024-03-23,139.95833333333334,58.770833333333336,591.0833333333334,73.17083333333333,23.15416666666667,41.958333333333336,0.5325,147.45833333333334,1.5770833333333334,144.95833333333334,86.04166666666667,25.4875,68.08333333333333,9.945833333333333
2024-03-24,114.32083333333333,48.74166666666667,472.3333333333333,64.92916666666666,20.979166666666668,27.625,0.4370833333333333,122.125,1.4208333333333334,146.375,92.75,27.0,58.833333333333336,14.5625
2024-03-25,177.79166666666666,47.15416666666667,392.5,41.78333333333333,13.845833333333331,45.416666666666664,0.835,301.2916666666667,1.3354166666666665,119.375,91.875,27.983333333333334,52.041666666666664,19.537499999999998
2024-03-26,199.57083333333333,49.175,275.0416666666667,18.8125,9.008333333333333,96.125,0.515,348.7083333333333,1.875,149.875,135.5,23.354166666666668,68.58333333333333,24.520833333333332
2024-03-27,83.29583333333333,27.479166666666668,228.45833333333337,10.845833333333331,5.704166666666667,121.83333333333331,0.1291666666666666,103.16666666666669,2.066666666666667,95.66666666666669,80.91666666666667,21.491666666666664,64.33333333333333,22.866666666666664
2024-03-28,104.73333333333332,30.05,244.5,12.15,8.7125,129.04166666666666,0.1833333333333333,149.45833333333334,2.0625,90.83333333333331,79.25,21.933333333333334,65.58333333333333,22.09166666666667
2024-03-29,122.9125,35.96666666666667,235.08333333333337,11.991666666666667,6.866666666666667,126.875,0.1929166666666666,180.375,2.1479166666666667,101.45833333333331,84.33333333333333,22.820833333333336,63.666666666666664,22.066666666666666
2024-03-30,95.59166666666664,40.38333333333333,500.1666666666667,41.325,22.804166666666664,85.125,0.3195833333333333,98.5,2.1041666666666665,110.875,86.58333333333333,22.291666666666668,74.08333333333333,11.262500000000001
2024-03-31,86.02499999999999,40.6125,440.7916666666667,38.71666666666667,18.358333333333334,98.95833333333331,0.3591666666666666,65.20833333333333,1.3729166666666668,111.20833333333331,75.79166666666667,23.349999999999998,75.91666666666667,11.420833333333334
2024-04-01,60.34166666666667,32.987500000000004,436.9166666666667,25.370833333333337,14.9125,160.29166666666666,0.4395833333333334,20.75,1.8854166666666667,132.25,73.08333333333333,22.2375,67.41666666666667,14.450000000000001
2024-04-02,73.15833333333333,34.17916666666667,399.7083333333333,25.745833333333337,22.72083333333333,142.625,0.4004166666666666,46.0,1.8166666666666669,125.54166666666669,65.125,23.15416666666667,56.458333333333336,15.225
2024-04-03,113.64583333333331,49.475,499.7916666666667,34.40416666666667,27.941666666666663,146.0,0.21625,87.0,1.94375,131.70833333333334,81.375,23.916666666666668,48.666666666666664,12.779166666666667
2024-04-04,113.5125,49.00833333333333,528.9583333333334,30.929166666666664,20.008333333333333,157.95833333333334,0.2749999999999999,91.41666666666669,1.825,145.125,80.375,24.058333333333334,46.0,14.245833333333335
2024-04-05,92.75,45.12083333333334,516.2083333333334,27.166666666666668,21.775,164.25,0.2354166666666667,50.875,2.0854166666666667,152.79166666666666,84.83333333333333,22.708333333333332,60.916666666666664,13.325000000000001
2024-04-06,87.91666666666667,44.15416666666667,461.9583333333333,32.15416666666667,24.1625,142.0,0.23375,42.5,2.1625,141.83333333333334,74.91666666666667,23.025000000000002,59.666666666666664,13.720833333333333
2024-04-07,94.37916666666666,53.55833333333334,596.0,53.15416666666667,29.8875,87.875,0.2154166666666666,29.833333333333332,2.216666666666667,133.58333333333334,79.125,23.520833333333332,56.25,10.862499999999999
2024-04-08,123.74166666666667,77.875,734.0833333333334,108.90416666666664,36.24583333333333,61.25,0.3920833333333333,23.416666666666668,1.7020833333333334,154.875,92.33333333333331,25.900000000000002,53.75,8.1625
2024-04-09,151.09166666666667,48.1375,347.9583333333333,36.46666666666667,13.383333333333333,91.91666666666669,0.3079166666666666,201.20833333333337,1.7833333333333332,152.66666666666666,96.91666666666669,27.037499999999998,52.125,8.7125
2024-04-10,86.05416666666667,32.329166666666666,313.3333333333333,26.129166666666663,11.9,97.25,0.2620833333333333,99.58333333333331,1.9604166666666665,112.58333333333331,89.125,28.0,49.916666666666664,13.237499999999999
2024-04-11,157.79999999999998,51.65,340.2083333333333,33.99583333333333,14.208333333333334,84.04166666666667,0.5466666666666666,228.70833333333337,1.7666666666666666,114.79166666666669,87.79166666666667,27.7375,58.791666666666664,13.608333333333334
2024-04-12,151.26250000000002,48.35,392.8333333333333,38.075,16.099999999999998,75.5,0.62875,219.08333333333337,1.4895833333333333,144.08333333333334,103.45833333333331,27.545833333333334,57.458333333333336,11.616666666666667
2024-04-13,78.14166666666667,24.866666666666664,312.5833333333333,21.445833333333336,11.475,118.20833333333331,0.5045833333333333,107.58333333333331,1.8979166666666665,102.83333333333331,85.08333333333333,26.65416666666667,49.875,15.65
2024-04-14,77.8875,21.916666666666668,352.5416666666667,25.233333333333334,16.708333333333332,127.29166666666669,0.4329166666666666,112.54166666666669,2.089583333333333,92.08333333333331,68.75,25.27916666666667,54.291666666666664,14.387500000000001
2024-04-15,139.62916666666666,43.20416666666667,545.875,54.2125,26.9625,90.0,0.5279166666666667,196.41666666666663,1.7958333333333334,88.83333333333333,83.66666666666667,25.770833333333332,55.75,11.479166666666666
2024-04-16,107.97083333333336,26.229166666666668,249.20833333333337,27.7375,10.404166666666669,44.708333333333336,0.8300000000000001,179.0,0.33125,110.95833333333331,98.91666666666669,23.458333333333332,82.16666666666667,21.270833333333332
2024-04-17,65.1875,20.070833333333333,237.75,19.195833333333333,8.1875,72.95833333333333,0.3374999999999999,127.95833333333331,2.1104166666666666,69.125,69.83333333333333,22.962500000000002,81.75,18.162499999999998
2024-04-18,167.26666666666668,54.2375,406.9583333333333,33.82083333333333,19.954166666666666,125.25,0.3270833333333333,220.875,2.1479166666666667,108.0,81.16666666666667,23.133333333333336,74.75,12.883333333333333
2024-04-19,134.76666666666668,55.64166666666667,641.3333333333334,56.5375,27.72083333333333,81.66666666666667,0.2370833333333333,134.125,2.3270833333333334,151.41666666666666,104.41666666666669,23.03333333333333,74.83333333333333,9.770833333333334
2024-04-20,86.71666666666665,49.79583333333333,745.2916666666666,65.32916666666667,30.09583333333333,83.70833333333333,0.2033333333333333,28.541666666666668,2.1145833333333335,146.875,86.54166666666667,22.787499999999998,78.16666666666667,9.058333333333334
2024-04-21,96.65833333333336,58.09166666666667,709.125,76.28333333333333,30.954166666666666,116.70833333333331,0.3225,20.541666666666668,2.2062500000000003,147.45833333333334,80.16666666666667,23.65416666666667,79.58333333333333,8.6
2024-04-22,123.44166666666666,79.18333333333334,682.9583333333334,83.63333333333334,29.2875,127.125,0.6408333333333334,12.791666666666666,1.7416666666666665,172.625,94.54166666666669,25.8125,66.875,8.579166666666667
2024-04-23,81.13333333333334,40.50416666666667,453.7916666666667,42.44583333333333,14.6375,120.875,0.5083333333333333,55.5,1.94375,159.70833333333334,90.41666666666669,27.791666666666668,61.583333333333336,14.766666666666666
2024-04-24,175.25833333333333,46.29583333333333,371.3333333333333,23.4875,15.925,152.95833333333334,0.27875,279.3333333333333,2.1437500000000003,130.75,80.625,25.179166666666664,70.0,16.491666666666667
2024-04-25,153.05833333333334,57.22083333333333,517.5833333333334,49.9,25.604166666666668,122.33333333333331,0.4608333333333334,168.95833333333334,1.75625,151.875,120.20833333333331,25.7,46.666666666666664,14.858333333333334
2024-04-26,93.37083333333334,41.97083333333333,411.125,49.34166666666667,17.92083333333333,77.66666666666667,0.3320833333333333,75.33333333333333,2.1020833333333333,127.0,84.91666666666667,26.691666666666666,50.291666666666664,15.216666666666667
2024-04-27,101.10833333333332,52.05833333333334,487.0833333333333,59.25833333333333,20.8625,92.25,0.3008333333333333,53.75,2.277083333333333,135.375,80.58333333333333,27.775000000000002,57.375,13.216666666666667
2024-04-28,131.00833333333333,40.8625,340.6666666666667,39.92916666666667,13.466666666666669,68.41666666666667,0.4483333333333333,191.66666666666663,2.0625,125.125,83.58333333333333,29.708333333333332,45.083333333333336,16.904166666666665
2024-04-29,137.25416666666666,40.81666666666667,337.0833333333333,42.020833333333336,13.245833333333332,73.0,0.4483333333333333,215.70833333333337,2.0770833333333334,107.25,93.79166666666669,31.566666666666666,40.5,15.275
2024-04-30,142.40416666666667,45.145833333333336,361.0,39.99583333333333,13.3875,66.33333333333333,0.4595833333333333,204.29166666666663,2.189583333333333,119.33333333333331,98.83333333333331,31.808333333333334,48.583333333333336,15.620833333333332
2024-05-01,128.90416666666667,46.99166666666667,374.7083333333333,40.52916666666667,14.908333333333331,60.0,0.4433333333333333,156.5,2.2104166666666667,130.79166666666666,92.25,31.266666666666666,50.416666666666664,18.39166666666667
2024-05-02,86.52083333333333,30.175,345.5416666666667,35.92916666666667,15.429166666666667,45.625,0.7174999999999999,117.625,0.4270833333333333,106.45833333333331,86.25,25.754166666666666,74.20833333333333,14.741666666666667
2024-05-03,130.1625,43.38333333333333,498.0,47.979166666666664,23.116666666666664,40.291666666666664,0.3179166666666667,184.95833333333337,2.3291666666666666,102.16666666666669,80.29166666666667,25.745833333333334,76.625,12.258333333333333
2024-05-04,119.22083333333336,55.458333333333336,603.2083333333334,76.12916666666666,24.816666666666663,45.958333333333336,0.37125,98.66666666666669,2.3854166666666665,124.20833333333331,87.29166666666667,27.8625,64.04166666666667,11.141666666666666
2024-05-05,134.57083333333333,69.8625,642.9166666666666,79.0125,24.233333333333334,110.125,0.40125,74.08333333333333,2.433333333333333,167.83333333333334,97.54166666666669,29.558333333333334,54.25,10.716666666666667
2024-05-06,97.77916666666664,48.9,696.2083333333334,84.39999999999999,35.266666666666666,96.66666666666669,0.2808333333333333,61.708333333333336,2.654166666666667,149.54166666666666,85.5,29.8875,48.916666666666664,9.620833333333334
2024-05-07,98.79166666666669,58.84166666666667,574.0416666666666,76.53750000000001,26.5625,105.625,0.2825,28.5,2.6625,152.79166666666666,84.70833333333333,31.270833333333332,44.75,15.387500000000001
2024-05-08,126.72083333333336,49.8125,461.0,59.837500000000006,21.53333333333333,102.5,0.3979166666666667,141.79166666666666,2.4208333333333334,153.875,85.79166666666667,31.59583333333333,40.083333333333336,9.6875
2024-05-09,93.20833333333331,34.88333333333333,353.75,26.875,12.720833333333331,132.20833333333334,0.4033333333333333,106.29166666666669,2.277083333333333,128.29166666666666,87.66666666666667,30.766666666666666,54.75,15.204166666666666
2024-05-10,65.26666666666667,27.820833333333336,277.2916666666667,17.145833333333332,8.866666666666667,149.625,0.1091666666666666,55.041666666666664,2.654166666666667,116.83333333333331,69.54166666666667,28.025000000000002,58.208333333333336,17.495833333333334
2024-05-11,56.78333333333333,29.424999999999997,460.625,34.358333333333334,18.408333333333335,125.79166666666669,0.2104166666666666,28.291666666666668,2.4791666666666665,107.83333333333331,65.91666666666667,27.729166666666668,68.75,11.220833333333333
2024-05-12,102.15,45.333333333333336,565.0416666666666,61.03333333333333,23.754166666666663,118.95833333333331,0.2804166666666667,86.33333333333333,2.3541666666666665,114.0,70.08333333333333,30.233333333333334,58.666666666666664,8.0
2024-05-13,104.875,42.90416666666667,417.4583333333333,41.61666666666667,16.604166666666668,120.16666666666669,0.34,104.45833333333331,2.372916666666667,135.83333333333334,83.875,32.9,39.0,14.816666666666668
2024-05-14,77.02499999999999,32.07083333333333,342.4583333333333,38.61666666666667,13.525,83.79166666666667,0.3970833333333333,76.41666666666667,2.504166666666667,107.875,76.20833333333333,34.27916666666667,31.666666666666668,17.358333333333334
2024-05-15,67.43333333333334,27.925,320.25,36.53333333333333,12.525,65.95833333333333,0.47,73.5,2.3833333333333333,87.54166666666667,67.375,34.12083333333333,32.375,17.354166666666668
2024-05-16,81.85000000000001,33.0,357.6666666666667,40.65416666666667,14.7625,75.20833333333333,0.39875,91.125,2.4562500000000003,91.66666666666669,70.66666666666667,33.86666666666667,31.916666666666668,16.0
2024-05-17,71.06666666666666,35.141666666666666,436.8333333333333,48.958333333333336,19.345833333333335,82.95833333333333,0.4470833333333333,47.083333333333336,2.4479166666666665,98.54166666666669,71.0,33.375,36.916666666666664,13.0875
2024-05-18,63.46666666666667,32.016666666666666,447.9166666666667,45.375,18.979166666666668,87.08333333333333,0.4345833333333333,42.291666666666664,2.3208333333333333,100.91666666666669,67.79166666666667,32.97083333333333,37.166666666666664,13.029166666666667
2024-05-19,117.55416666666667,31.054166666666664,324.125,20.829166666666666,12.316666666666668,123.45833333333331,0.26125,193.54166666666663,2.4791666666666665,92.04166666666669,72.91666666666667,30.5625,56.708333333333336,15.575000000000001
2024-05-20,79.56666666666666,27.95,325.3333333333333,23.0,12.766666666666666,116.08333333333331,0.17875,104.16666666666669,2.7312499999999997,89.29166666666667,81.16666666666667,29.729166666666668,63.25,17.570833333333333
2024-05-21,98.625,33.675000000000004,443.7083333333333,33.81666666666667,18.933333333333337,109.20833333333331,0.2533333333333333,134.95833333333334,2.6,97.95833333333331,77.33333333333333,29.28333333333333,67.0,12.487499999999999
2024-05-22,87.38333333333333,38.9125,561.0833333333334,44.74583333333334,20.995833333333337,115.70833333333331,0.45375,80.0,2.1479166666666667,123.29166666666669,76.04166666666667,30.916666666666668,51.541666666666664,10.704166666666666
2024-05-23,119.80416666666667,42.425,476.5833333333333,35.775,16.133333333333333,137.66666666666666,0.3916666666666666,141.29166666666666,2.316666666666667,139.91666666666666,81.29166666666667,32.475,35.625,14.520833333333334
2024-05-24,82.5625,28.775,261.1666666666667,14.891666666666666,8.35,136.58333333333334,0.1495833333333333,108.16666666666669,2.78125,110.91666666666669,82.25,32.1625,51.625,18.104166666666668
2024-05-25,65.25416666666666,28.833333333333332,336.0416666666667,22.9875,12.854166666666666,152.33333333333334,0.1445833333333333,48.083333333333336,2.7895833333333333,117.70833333333331,69.125,31.933333333333334,56.25,13.512500000000001
2024-05-26,87.00833333333333,42.75416666666666,487.6666666666667,39.925,18.55,125.45833333333331,0.1704166666666666,60.333333333333336,2.8312500000000003,127.95833333333331,73.04166666666667,32.37916666666667,59.5,11.020833333333334
2024-05-27,89.78333333333335,39.99583333333333,425.75,34.579166666666666,16.375,140.66666666666666,0.30375,77.45833333333333,2.5145833333333334,141.66666666666666,75.41666666666667,34.21666666666667,45.458333333333336,10.833333333333334
2024-05-28,53.625,25.975,351.2916666666667,28.05,14.6,122.16666666666669,0.1358333333333333,35.5,2.814583333333333,105.0,69.5,32.94583333333333,50.416666666666664,15.066666666666668
2024-05-29,58.93333333333334,29.675,428.0,37.395833333333336,18.083333333333332,117.83333333333331,0.1816666666666666,38.666666666666664,2.81875,100.25,64.04166666666667,31.65416666666667,67.08333333333333,12.15
2024-05-30,72.36666666666666,37.8,485.4166666666667,39.575,20.370833333333337,130.0,0.3016666666666667,49.333333333333336,2.6791666666666667,124.125,69.54166666666667,32.7125,62.833333333333336,10.862499999999999
2024-05-31,72.62083333333332,42.4625,548.5416666666666,53.9375,21.579166666666666,93.45833333333331,0.34625,30.416666666666668,2.6583333333333337,122.79166666666669,73.95833333333333,33.71666666666667,57.083333333333336,8.591666666666667
2024-06-01,63.38333333333333,36.68333333333333,502.6666666666667,42.80416666666667,20.308333333333337,118.20833333333331,0.3075,26.208333333333332,2.6875,117.25,70.83333333333333,35.69166666666667,38.666666666666664,8.629166666666666
2024-06-02,111.475,46.1,439.2916666666667,24.179166666666664,13.533333333333331,146.04166666666666,0.2704166666666667,122.04166666666669,2.733333333333333,127.70833333333331,74.58333333333333,33.854166666666664,52.083333333333336,13.0
2024-06-03,81.90833333333333,33.112500000000004,375.9166666666667,28.84166666666667,16.554166666666667,130.41666666666666,0.3154166666666667,89.16666666666667,2.472916666666667,117.375,79.875,33.55416666666667,55.541666666666664,12.291666666666666
2024-06-04,106.93333333333334,36.6125,457.2916666666667,34.333333333333336,19.9125,143.16666666666666,0.4054166666666667,140.375,2.4166666666666665,129.375,78.125,32.958333333333336,60.25,11.216666666666667
2024-06-05,82.74583333333334,40.24583333333333,487.5416666666667,33.24583333333333,20.0875,129.875,0.205,63.833333333333336,2.7770833333333336,129.04166666666666,78.79166666666667,32.391666666666666,61.708333333333336,11.983333333333334
2024-06-06,155.525,45.14166666666667,574.5416666666666,38.59583333333333,24.991666666666664,128.375,0.24625,224.54166666666663,2.564583333333333,140.41666666666666,89.45833333333333,31.825,52.208333333333336,11.370833333333332
2024-06-07,95.55416666666667,42.479166666666664,604.0416666666666,46.708333333333336,24.933333333333337,106.83333333333331,0.2295833333333333,80.04166666666667,2.6458333333333335,133.58333333333334,87.5,32.291666666666664,48.208333333333336,12.095833333333333
2024-06-08,111.65,42.6,624.25,58.55833333333334,31.925,92.5,0.34,121.16666666666669,2.5770833333333334,123.70833333333331,81.33333333333333,34.170833333333334,43.416666666666664,14.370833333333332
2024-06-09,191.26666666666665,45.48333333333333,302.4166666666667,31.316666666666663,13.454166666666666,85.29166666666667,0.5083333333333334,362.8333333333333,2.3041666666666667,118.29166666666669,102.54166666666669,36.395833333333336,41.916666666666664,15.237499999999999
2024-06-10,160.02083333333334,48.675,400.0833333333333,36.92916666666667,16.712500000000002,118.54166666666669,0.5029166666666667,238.04166666666663,2.404166666666667,142.79166666666666,107.29166666666669,36.00416666666667,39.5,14.445833333333333
2024-06-11,164.75,57.44166666666666,482.2916666666667,39.36666666666667,21.975,127.33333333333331,0.47875,180.16666666666663,2.4375,159.91666666666666,110.54166666666669,35.42916666666667,37.583333333333336,15.445833333333333
2024-06-12,112.85,54.24583333333334,527.9583333333334,30.858333333333334,18.3125,162.625,0.5204166666666666,66.29166666666667,2.316666666666667,167.41666666666666,90.625,34.90416666666667,39.958333333333336,15.716666666666667
2024-06-13,118.76666666666668,47.6375,447.3333333333333,24.2875,14.745833333333332,148.625,0.375,115.375,2.46875,156.41666666666666,89.95833333333333,35.30833333333333,36.791666666666664,15.704166666666666
2024-06-14,158.33333333333334,38.44166666666667,342.125,19.066666666666663,14.829166666666666,164.25,0.3166666666666666,263.5833333333333,2.4208333333333334,132.04166666666666,84.58333333333333,33.975,46.583333333333336,18.470833333333335
2024-06-15,259.125,62.96666666666667,555.2083333333334,38.93333333333333,33.77916666666667,142.58333333333334,0.3725,430.625,2.5437499999999997,167.0,131.91666666666666,34.1875,30.666666666666668,11.016666666666666
2024-06-16,115.15416666666664,51.0125,453.0833333333333,46.96666666666667,20.779166666666665,131.58333333333334,0.3425,97.20833333333331,2.5416666666666665,171.08333333333334,117.0,35.52916666666667,26.958333333333332,13.525
2024-06-17,85.80416666666667,42.95416666666667,487.5416666666667,52.32916666666667,23.516666666666666,118.41666666666669,0.3679166666666666,51.708333333333336,2.5791666666666666,133.95833333333334,78.54166666666667,35.57083333333333,44.5,12.291666666666666
2024-06-18,79.47500000000001,41.895833333333336,536.375,45.92083333333333,24.8375,128.04166666666666,0.4804166666666666,39.708333333333336,2.3333333333333335,144.45833333333334,76.29166666666667,35.666666666666664,43.541666666666664,10.583333333333334
2024-06-19,70.45416666666667,36.11666666666667,410.75,27.929166666666664,17.933333333333334,154.16666666666666,0.6108333333333333,38.416666666666664,2.183333333333333,141.95833333333334,72.625,35.65,49.541666666666664,14.304166666666667
2024-06-20,83.80833333333334,37.63333333333333,431.4166666666667,29.2875,19.558333333333337,162.04166666666666,0.5920833333333334,66.375,2.3333333333333335,146.33333333333334,73.54166666666667,36.15833333333333,40.083333333333336,13.291666666666666
2024-06-21,102.43333333333334,47.5875,626.625,47.42083333333333,30.9125,157.83333333333334,0.5020833333333333,63.0,2.3562499999999997,155.70833333333334,80.20833333333333,36.06666666666667,37.916666666666664,9.629166666666666
2024-06-22,105.67916666666667,52.416666666666664,606.2083333333334,51.1875,27.154166666666665,134.375,0.4125,45.541666666666664,2.4791666666666665,158.95833333333334,82.95833333333333,35.775,57.208333333333336,9.316666666666666
2024-06-23,118.30416666666667,59.51666666666667,489.0,55.22083333333333,22.275,128.58333333333334,0.45125,47.75,2.341666666666667,167.16666666666666,85.16666666666667,37.016666666666666,47.0,8.65
2024-06-24,108.4625,54.25833333333333,480.9583333333333,46.708333333333336,22.541666666666668,145.5,0.5608333333333334,41.416666666666664,2.21875,166.25,86.79166666666667,36.983333333333334,46.583333333333336,10.808333333333332
2024-06-25,103.225,46.6125,456.8333333333333,27.97083333333333,26.4375,200.29166666666663,0.4629166666666666,62.166666666666664,2.402083333333333,167.0,81.70833333333333,36.175000000000004,46.458333333333336,10.629166666666666
2024-06-26,120.6875,37.50416666666667,432.9583333333333,25.95,16.458333333333332,155.29166666666666,0.3995833333333333,166.83333333333334,2.50625,156.95833333333334,84.66666666666667,35.641666666666666,54.291666666666664,13.525
2024-06-27,139.42499999999998,48.575,518.625,29.020833333333332,19.870833333333337,196.95833333333337,0.3995833333333333,171.41666666666666,2.3645833333333335,197.0,98.83333333333331,35.03333333333333,43.208333333333336,12.383333333333333
2024-06-28,148.10833333333332,47.75,602.2916666666666,43.69583333333333,33.74166666666667,185.20833333333337,0.4287499999999999,172.08333333333334,2.4166666666666665,161.58333333333334,92.45833333333331,34.03333333333333,55.958333333333336,10.5625
2024-06-29,132.33333333333334,42.74166666666667,484.4166666666667,34.69583333333333,24.608333333333334,163.29166666666666,0.5941666666666666,175.08333333333334,2.2083333333333335,164.25,98.75,34.37916666666667,64.45833333333333,10.154166666666667
2024-06-30,231.45,60.54583333333333,504.25,33.670833333333334,25.145833333333332,160.79166666666666,0.7329166666666667,388.625,1.9479166666666667,148.91666666666666,109.75,33.925000000000004,55.125,11.325000000000001
2024-07-01,172.3125,51.90416666666667,436.4583333333333,23.4125,22.829166666666666,200.0,0.5983333333333333,238.125,2.1666666666666665,177.54166666666666,119.29166666666669,34.25416666666667,47.666666666666664,14.875
2024-07-02,140.4375,49.17083333333333,451.625,26.3875,22.9375,182.91666666666663,0.6162500000000001,159.91666666666666,2.1770833333333335,185.625,108.91666666666669,35.637499999999996,37.666666666666664,13.520833333333334
2024-07-03,112.87916666666666,41.59166666666667,388.4166666666667,27.241666666666664,17.766666666666666,134.66666666666666,0.625,132.04166666666666,2.2354166666666666,124.83333333333331,87.125,35.18333333333333,58.666666666666664,14.6625
2024-07-04,109.08333333333331,33.25416666666667,239.70833333333337,15.05,9.295833333333333,143.20833333333334,0.4395833333333334,162.08333333333334,2.4,116.04166666666669,81.25,35.454166666666666,50.75,22.7375
2024-07-05,194.29583333333332,49.3375,287.4166666666667,20.870833333333337,14.641666666666666,146.25,0.545,340.7916666666667,2.2041666666666666,127.0,102.0,34.725,50.041666666666664,17.858333333333334
2024-07-06,151.69583333333333,48.583333333333336,378.375,31.854166666666668,22.820833333333336,148.29166666666666,0.5279166666666667,211.20833333333337,2.3125,152.79166666666666,109.0,34.829166666666666,51.708333333333336,12.970833333333333
2024-07-07,257.325,69.41250000000001,671.75,56.979166666666664,38.42916666666667,129.25,0.7479166666666667,384.4166666666667,2.004166666666667,162.875,118.66666666666669,35.800000000000004,41.125,10.333333333333334
2024-07-08,214.40416666666667,68.25,631.4583333333334,50.1375,31.858333333333334,159.25,0.8329166666666666,286.375,1.89375,179.375,144.91666666666666,36.27916666666667,40.625,10.304166666666665
2024-07-09,154.82083333333333,48.67083333333333,347.1666666666667,35.208333333333336,15.475,125.70833333333331,0.6737500000000001,230.66666666666663,2.2,157.58333333333334,106.58333333333331,38.90833333333333,43.708333333333336,18.1875
2024-07-10,208.40833333333333,52.40833333333333,376.2083333333333,43.94166666666666,17.991666666666667,63.791666666666664,0.8204166666666667,382.0416666666667,1.9958333333333331,129.95833333333334,107.58333333333331,38.300000000000004,37.5,13.75
2024-07-11,229.825,65.02916666666667,441.4166666666667,42.916666666666664,19.908333333333335,106.375,0.7366666666666667,359.1666666666667,2.1020833333333333,154.29166666666666,130.41666666666666,37.82083333333333,48.0,14.583333333333334
2024-07-12,173.7458333333333,59.520833333333336,527.7916666666666,31.95,21.629166666666663,152.875,0.5775,205.0,2.222916666666667,170.91666666666666,129.375,36.53333333333333,53.916666666666664,15.691666666666665
2024-07-13,121.88333333333333,51.13333333333333,522.8333333333334,32.78333333333333,25.291666666666668,194.66666666666663,0.4258333333333333,106.125,2.2520833333333337,178.79166666666666,94.79166666666669,36.4375,45.916666666666664,12.508333333333333
2024-07-14,200.1625,65.575,516.5833333333334,31.770833333333332,21.854166666666668,184.41666666666663,0.4870833333333333,278.5833333333333,2.2958333333333334,181.08333333333337,99.04166666666669,35.50833333333333,46.041666666666664,9.904166666666667
2024-07-15,261.7916666666667,60.575,440.3333333333333,35.46666666666667,23.03333333333333,130.04166666666666,0.5916666666666667,476.8333333333333,2.214583333333333,155.375,130.0,35.125,66.16666666666667,9.549999999999999
2024-07-16,227.1875,77.08333333333333,601.875,39.704166666666666,22.77916666666667,159.79166666666666,0.7975,287.5416666666667,1.9666666666666668,173.66666666666666,146.20833333333334,38.75416666666667,49.416666666666664,14.854166666666666
2024-07-17,204.25833333333333,75.65416666666667,575.9166666666666,33.09166666666667,24.108333333333334,164.70833333333334,0.8204166666666667,192.375,2.1395833333333334,188.54166666666663,125.45833333333331,37.079166666666666,55.666666666666664,14.274999999999999
2024-07-18,181.22083333333333,58.42916666666667,439.5416666666667,25.52916666666667,17.599999999999998,170.83333333333334,0.7200000000000001,260.75,2.2395833333333335,162.25,112.875,36.454166666666666,53.833333333333336,15.554166666666667
2024-07-19,251.07083333333333,70.08333333333333,503.375,36.516666666666666,25.854166666666668,154.20833333333334,0.8616666666666667,398.5416666666667,1.9979166666666668,157.95833333333334,131.45833333333334,35.229166666666664,67.20833333333333,11.012500000000001
2024-07-20,255.63333333333333,70.37916666666668,576.4583333333334,42.44583333333333,31.575,169.25,0.7566666666666667,382.8333333333333,2.1104166666666666,171.70833333333334,141.125,34.7875,72.91666666666667,10.670833333333334
2024-07-21,178.59583333333333,56.87083333333334,451.125,38.38333333333333,23.7875,120.5,0.64875,237.375,2.1416666666666666,157.58333333333334,125.375,35.99583333333333,68.04166666666667,11.762500000000001
2024-07-22,204.03333333333333,57.8875,553.125,41.49166666666667,28.391666666666666,149.79166666666666,0.58625,308.625,2.2291666666666665,164.04166666666666,118.125,35.475,70.16666666666667,9.391666666666667
2024-07-23,170.05833333333334,40.479166666666664,398.2916666666667,31.370833333333337,19.325,135.83333333333334,0.5395833333333333,297.0833333333333,2.372916666666667,140.125,110.91666666666669,35.083333333333336,66.625,12.829166666666666
2024-07-24,145.92916666666667,40.65833333333333,358.5,21.566666666666663,15.995833333333332,163.875,0.4566666666666667,226.0,2.377083333333333,137.25,102.83333333333331,35.487500000000004,54.083333333333336,15.75
2024-07-25,210.075,64.1375,518.875,22.40416666666667,16.8625,191.70833333333337,0.5287499999999999,303.6666666666667,2.277083333333333,178.58333333333334,113.25,35.666666666666664,43.625,14.504166666666668
2024-07-26,173.55416666666667,49.52916666666667,484.125,24.05,15.075,173.625,0.7004166666666666,265.0416666666667,2.1104166666666666,175.79166666666666,116.5,36.233333333333334,47.791666666666664,13.766666666666666
2024-07-27,231.9958333333333,69.7125,479.7916666666667,20.575,17.941666666666666,199.0,0.79625,347.6666666666667,1.9770833333333335,165.20833333333334,120.33333333333331,35.99166666666667,43.416666666666664,17.55
2024-07-28,160.90416666666667,42.00416666666667,249.54166666666663,14.966666666666669,11.1375,127.45833333333331,0.6879166666666666,281.0416666666667,2.05,152.75,119.33333333333331,35.94583333333333,54.25,21.633333333333336
2024-07-29,243.925,59.99166666666667,280.8333333333333,20.720833333333335,14.845833333333331,140.20833333333334,0.6825,442.625,2.120833333333333,134.5,122.54166666666669,35.40833333333333,56.875,15.983333333333334
2024-07-30,225.65416666666667,72.52916666666667,524.0,36.395833333333336,23.4625,149.625,0.8995833333333333,322.9166666666667,1.991666666666667,166.0,131.625,37.775,52.791666666666664,17.625
2024-07-31,345.45,93.04583333333332,459.7083333333333,39.06666666666667,16.912499999999998,92.5,1.0741666666666667,625.2916666666666,1.5625,170.0,147.91666666666666,38.775,40.833333333333336,15.454166666666666
2024-08-01,258.32916666666665,80.77083333333333,550.9166666666666,41.05416666666667,26.27916666666667,107.29166666666669,1.0279166666666668,371.9166666666667,1.7354166666666666,197.58333333333337,175.5,38.358333333333334,44.958333333333336,14.608333333333334
2024-08-02,193.05416666666667,55.28333333333333,412.875,25.204166666666666,17.400000000000002,160.45833333333334,0.85,306.2083333333333,2.06875,167.08333333333334,122.0,36.145833333333336,61.708333333333336,13.637500000000001
2024-08-03,156.12916666666666,45.458333333333336,386.8333333333333,30.629166666666663,18.379166666666663,131.5,0.91125,251.29166666666663,1.8270833333333336,133.95833333333334,112.04166666666669,35.891666666666666,63.5,12.054166666666667
2024-08-04,250.6625,53.35833333333333,320.75,23.675,15.504166666666668,138.25,0.6854166666666667,481.5833333333333,2.1041666666666665,130.70833333333334,119.54166666666669,34.699999999999996,66.70833333333333,13.4625
2024-08-05,249.14583333333337,59.04583333333333,361.7916666666667,33.40416666666667,17.966666666666665,90.54166666666669,0.7916666666666666,451.625,1.58125,146.125,131.45833333333334,35.75,59.0,15.966666666666667
2024-08-06,239.9958333333333,64.77916666666667,286.6666666666667,21.925,11.866666666666667,106.29166666666669,0.7891666666666667,410.875,2.0124999999999997,169.70833333333334,157.125,34.795833333333334,50.291666666666664,16.95416666666667
2024-08-07,219.3375,62.44583333333333,543.7916666666666,42.34583333333333,28.0625,118.58333333333331,0.8233333333333333,327.0833333333333,2.0124999999999997,152.875,122.66666666666669,36.2125,51.75,11.779166666666667
2024-08-08,230.40833333333333,58.375,412.25,34.458333333333336,20.133333333333333,102.0,0.7683333333333334,392.8333333333333,2.1145833333333335,151.0,124.0,36.454166666666666,52.583333333333336,18.716666666666665
2024-08-09,334.42083333333335,62.62916666666666,274.7083333333333,23.55,11.7625,76.29166666666667,0.6745833333333334,689.3333333333334,2.13125,170.91666666666666,157.58333333333334,36.275,50.208333333333336,24.325
2024-08-10,219.7458333333333,46.75,310.1666666666667,31.366666666666664,14.658333333333331,63.833333333333336,0.5337500000000001,425.875,2.2333333333333334,165.66666666666666,154.58333333333334,35.97083333333333,48.75,19.183333333333334
2024-08-11,149.43333333333334,41.12083333333333,347.0416666666667,34.25833333333333,17.712500000000002,69.375,0.5858333333333333,246.41666666666663,2.2062500000000003,121.375,113.58333333333331,36.2875,49.25,15.1625
2024-08-12,127.125,46.45416666666667,439.125,45.4625,23.633333333333336,78.79166666666667,0.6354166666666666,145.125,2.066666666666667,116.29166666666669,92.125,37.104166666666664,49.083333333333336,12.316666666666668
2024-08-13,172.3708333333333,46.3125,392.1666666666667,37.083333333333336,18.929166666666667,99.95833333333331,0.685,277.375,1.9416666666666669,127.20833333333331,97.20833333333331,37.645833333333336,46.416666666666664,13.958333333333334
2024-08-14,222.925,48.6875,334.875,36.1125,16.979166666666668,75.375,0.5545833333333333,425.2916666666667,2.066666666666667,131.0,121.04166666666669,37.75416666666667,47.208333333333336,15.491666666666667
2024-08-15,238.2375,51.3625,375.5416666666667,37.9125,19.095833333333335,66.45833333333333,0.5066666666666667,444.7083333333333,2.2270833333333333,139.45833333333334,133.66666666666666,37.46666666666667,48.875,13.770833333333334
2024-08-16,190.2375,57.475,668.1666666666666,54.0,35.63333333333333,97.125,0.4654166666666666,251.70833333333337,2.310416666666667,148.125,125.70833333333331,35.13333333333333,60.375,9.15
2024-08-17,336.9875,62.94583333333333,372.4583333333333,38.1125,19.25,74.91666666666667,0.6654166666666667,680.25,1.95,157.08333333333334,134.91666666666666,36.13333333333333,55.833333333333336,21.020833333333332
2024-08-18,357.75,60.6875,242.54166666666663,24.97083333333333,11.508333333333333,65.45833333333333,0.86,771.9583333333334,1.6583333333333334,235.25,191.58333333333337,35.454166666666666,53.708333333333336,24.491666666666664
2024-08-19,269.8333333333333,54.57916666666667,337.625,35.487500000000004,16.958333333333332,58.791666666666664,0.9083333333333332,535.9166666666666,1.8020833333333333,177.16666666666666,163.58333333333334,36.108333333333334,50.0,15.1875
2024-08-20,222.5583333333333,49.25,318.6666666666667,32.487500000000004,15.4125,64.5,0.8466666666666667,416.3333333333333,1.83125,146.29166666666666,138.16666666666666,35.766666666666666,50.541666666666664,15.6
2024-08-21,257.6625,49.01666666666667,262.0833333333333,25.858333333333334,12.3,61.291666666666664,0.69625,524.4583333333334,1.9416666666666669,150.58333333333334,142.33333333333334,35.016666666666666,48.208333333333336,16.5
2024-08-22,203.01666666666665,42.55833333333333,366.125,35.30416666666667,18.25,52.958333333333336,0.67375,388.4583333333333,1.94375,124.25,121.20833333333331,34.6875,50.666666666666664,14.529166666666667
2024-08-23,188.3125,44.57083333333333,487.2083333333333,47.17916666666667,27.929166666666664,64.0,0.5516666666666666,318.8333333333333,2.1729166666666666,128.41666666666666,122.5,35.229166666666664,55.083333333333336,11.666666666666666
2024-08-24,169.2875,49.71666666666667,508.5,53.9125,27.97083333333333,70.79166666666667,0.5466666666666666,247.58333333333337,2.0229166666666667,127.45833333333331,112.375,35.983333333333334,53.083333333333336,11.095833333333333
2024-08-25,146.64583333333334,51.99583333333334,523.5,53.03333333333333,27.883333333333336,75.70833333333333,0.4329166666666666,158.70833333333334,2.11875,139.58333333333334,103.29166666666669,35.824999999999996,55.208333333333336,12.870833333333332
2024-08-26,116.3875,54.05416666666667,571.125,46.80833333333334,28.495833333333337,62.916666666666664,0.4341666666666666,106.25,2.1979166666666665,141.08333333333334,92.54166666666669,34.1875,62.208333333333336,11.525
2024-08-27,137.88750000000002,71.72916666666667,546.3333333333334,44.35,27.383333333333336,100.625,0.4404166666666667,73.91666666666667,2.2395833333333335,153.25,90.5,34.4125,67.83333333333333,10.799999999999999
2024-08-28,147.36249999999998,84.14583333333333,612.25,55.479166666666664,32.416666666666664,106.5,0.4270833333333333,39.916666666666664,2.245833333333333,164.125,104.41666666666669,35.12916666666667,65.95833333333333,10.729166666666666
2024-08-29,145.49166666666665,77.71666666666667,576.6666666666666,42.3125,22.395833333333332,125.70833333333331,0.4375,62.708333333333336,2.1750000000000003,167.08333333333334,103.75,35.03333333333333,60.291666666666664,10.433333333333334
2024-08-30,192.09583333333333,69.77916666666667,564.5416666666666,31.770833333333332,19.45,152.79166666666666,0.6066666666666667,240.29166666666663,1.9020833333333331,161.58333333333334,108.16666666666669,34.175000000000004,72.75,8.841666666666667
2024-08-31,224.71666666666667,55.70416666666667,400.0,36.9375,18.6875,88.08333333333333,0.6308333333333334,400.3333333333333,1.925,153.625,118.95833333333331,36.96666666666667,46.75,18.941666666666666
2024-09-01,293.2291666666667,60.25,293.25,30.866666666666664,13.816666666666668,71.66666666666667,0.5404166666666667,588.7083333333334,1.94375,165.16666666666666,152.5,34.895833333333336,47.125,16.054166666666667
2024-09-02,187.1875,48.74583333333334,306.4583333333333,31.25,14.925,66.95833333333333,0.42375,343.5,2.0833333333333335,149.04166666666666,136.45833333333334,34.574999999999996,47.625,14.766666666666666
2024-09-03,143.74166666666667,44.88333333333333,362.5,39.50416666666667,16.6375,83.08333333333333,0.3791666666666666,215.875,2.18125,124.75,101.79166666666669,35.137499999999996,49.5,14.845833333333333
2024-09-04,194.72083333333333,50.1125,355.1666666666667,36.020833333333336,14.941666666666668,47.583333333333336,0.3608333333333333,358.6666666666667,2.1,127.83333333333331,104.70833333333331,34.475,47.041666666666664,15.25
2024-09-05,146.42499999999998,49.270833333333336,432.25,40.5375,20.5625,77.66666666666667,0.3420833333333333,193.375,2.2312499999999997,139.66666666666666,113.20833333333331,33.65416666666667,57.25,14.783333333333333
2024-09-06,196.97916666666663,70.46666666666667,623.6666666666666,50.28333333333333,27.9,92.79166666666669,0.3879166666666667,240.25,2.0,147.375,102.5,31.854166666666668,64.91666666666667,9.479166666666666
2024-09-07,226.22083333333333,78.9875,632.125,56.31666666666666,36.954166666666666,111.95833333333331,0.3954166666666667,279.9166666666667,2.0,164.91666666666666,132.04166666666666,32.9625,63.25,10.012500000000001
2024-09-08,201.00833333333333,61.74166666666667,433.4166666666667,39.391666666666666,20.720833333333335,111.66666666666669,0.3541666666666667,285.0416666666667,1.9895833333333333,156.20833333333334,121.20833333333331,34.229166666666664,58.291666666666664,13.625
2024-09-09,159.2875,60.541666666666664,511.7916666666667,42.59583333333333,26.670833333333334,110.5,0.3545833333333333,150.04166666666666,2.09375,154.75,117.75,33.487500000000004,59.333333333333336,11.4375
2024-09-10,97.57083333333333,40.3125,424.125,31.066666666666663,19.4375,129.70833333333334,0.3704166666666666,96.0,2.154166666666667,144.75,87.58333333333333,32.6875,74.45833333333333,11.708333333333334
2024-09-11,109.14583333333331,45.770833333333336,531.375,46.083333333333336,28.27916666666667,120.83333333333331,0.41,92.83333333333331,2.154166666666667,132.33333333333334,80.66666666666667,33.6625,59.958333333333336,11.683333333333332
2024-09-12,98.65416666666664,41.291666666666664,415.5833333333333,46.06666666666666,15.516666666666666,84.95833333333333,0.2758333333333333,99.75,2.14375,126.875,84.83333333333333,34.641666666666666,31.333333333333332,12.666666666666666
2024-09-13,119.10416666666669,49.96666666666667,472.2083333333333,43.62083333333334,17.670833333333334,93.45833333333331,0.3291666666666666,112.45833333333331,2.0187500000000003,125.29166666666669,80.125,33.795833333333334,44.541666666666664,14.816666666666668
2024-09-14,173.88750000000002,57.97083333333333,568.375,44.92083333333333,25.879166666666663,94.5,0.3925,212.41666666666663,2.0208333333333335,148.04166666666666,97.0,32.94166666666667,60.25,14.520833333333334
2024-09-15,276.45,60.34166666666667,380.0,29.633333333333336,15.841666666666669,93.875,0.5075,536.375,1.9083333333333332,150.58333333333334,123.25,33.49166666666667,60.208333333333336,12.641666666666666
2024-09-16,298.22083333333336,61.10833333333333,451.9583333333333,39.4375,24.754166666666663,89.66666666666667,0.4225,580.2916666666666,1.8125,198.04166666666663,175.625,32.387499999999996,55.25,11.283333333333333
2024-09-17,132.92499999999998,46.35833333333333,549.75,55.229166666666664,29.829166666666666,73.125,0.27125,172.83333333333334,2.0812500000000003,140.33333333333334,115.79166666666669,31.645833333333332,59.541666666666664,11.320833333333333
2024-09-18,146.6,49.93333333333334,529.5,50.99166666666667,30.0875,69.04166666666667,0.2991666666666666,201.625,2.027083333333333,124.66666666666669,92.25,32.06666666666667,61.083333333333336,10.3875
2024-09-19,150.625,45.87916666666666,435.7083333333333,36.041666666666664,21.975,89.83333333333333,0.3349999999999999,222.875,1.9729166666666669,135.16666666666666,102.66666666666669,32.4,63.458333333333336,10.908333333333333
2024-09-20,140.73749999999998,42.49166666666667,400.1666666666667,35.987500000000004,17.7625,95.54166666666669,0.2854166666666667,211.58333333333337,2.0791666666666666,123.75,100.08333333333331,32.37916666666667,62.333333333333336,9.683333333333334
2024-09-21,73.16666666666667,29.225,453.6666666666667,41.1,21.47083333333333,86.20833333333333,0.3108333333333333,78.33333333333333,1.9875,101.29166666666669,82.5,32.550000000000004,62.25,9.529166666666667
2024-09-22,49.395833333333336,26.7625,468.0,44.5,23.191666666666663,80.75,0.2266666666666666,25.625,2.058333333333333,84.375,64.5,33.17916666666667,58.708333333333336,10.645833333333334
2024-09-23,58.15416666666667,28.6875,430.3333333333333,41.4875,20.420833333333334,87.83333333333333,0.2533333333333333,39.291666666666664,2.033333333333333,79.79166666666667,60.166666666666664,33.50833333333333,48.083333333333336,10.916666666666666
2024-09-24,68.7625,33.608333333333334,403.3333333333333,32.88333333333333,16.95,110.54166666666669,0.25625,40.333333333333336,1.99375,96.41666666666669,65.45833333333333,32.99166666666667,65.95833333333333,12.987499999999999
2024-09-25,71.24583333333334,35.833333333333336,426.75,32.612500000000004,18.895833333333332,132.41666666666666,0.2845833333333333,36.541666666666664,2.00625,122.04166666666669,69.54166666666667,32.59166666666667,70.875,12.325000000000001
2024-09-26,97.51666666666668,48.87083333333334,558.875,42.02916666666667,25.233333333333334,107.91666666666669,0.3466666666666667,62.708333333333336,1.9979166666666668,121.875,74.04166666666667,32.44583333333333,75.54166666666667,9.933333333333334
2024-09-27,130.98749999999998,56.63333333333333,612.4166666666666,55.541666666666664,30.645833333333332,76.0,0.3929166666666666,123.625,1.9333333333333331,143.29166666666666,83.45833333333333,31.579166666666666,75.20833333333333,8.045833333333333
2024-09-28,154.55416666666667,56.94583333333333,561.2083333333334,51.7,29.633333333333336,72.625,0.32625,198.95833333333337,1.9541666666666664,151.54166666666666,100.75,32.3375,73.20833333333333,8.4125
2024-09-29,167.5625,51.7625,457.0416666666667,44.25,23.4125,72.83333333333333,0.4620833333333333,251.95833333333337,1.73125,142.45833333333334,100.25,33.12916666666667,62.333333333333336,13.625
2024-09-30,189.66666666666663,34.583333333333336,268.2916666666667,28.795833333333334,11.620833333333332,48.75,0.4720833333333333,387.4583333333333,1.6854166666666668,128.83333333333334,118.375,32.920833333333334,53.291666666666664,17.104166666666668
2024-10-01,76.39583333333333,22.508333333333336,318.1666666666667,32.266666666666666,15.35,60.458333333333336,0.3379166666666666,108.5,1.8541666666666667,85.29166666666667,87.75,32.641666666666666,54.208333333333336,11.879166666666668
2024-10-02,85.14166666666667,28.041666666666668,357.5833333333333,35.791666666666664,18.125,81.625,0.2329166666666666,102.58333333333331,1.9833333333333336,81.125,75.5,33.19583333333333,56.541666666666664,11.308333333333332
2024-10-03,57.17916666666667,24.291666666666668,366.25,26.8375,15.120833333333335,85.79166666666667,0.1720833333333333,49.583333333333336,2.066666666666667,79.91666666666667,67.75,32.75416666666667,60.208333333333336,11.979166666666666
2024-10-04,76.53333333333333,29.2625,285.7083333333333,18.266666666666666,13.329166666666666,118.16666666666669,0.225,73.41666666666667,1.975,85.0,66.125,32.19583333333333,64.91666666666667,17.854166666666668
2024-10-05,71.45833333333333,24.516666666666666,242.91666666666663,17.25,6.791666666666667,114.5,0.1741666666666666,88.83333333333333,1.975,81.79166666666667,64.95833333333333,31.8875,57.333333333333336,15.1625
2024-10-06,115.97083333333336,33.4625,394.375,38.1,15.8375,82.0,0.1983333333333333,180.58333333333337,1.9270833333333333,95.25,85.66666666666667,30.3,60.416666666666664,10.4375
2024-10-07,94.64166666666668,31.191666666666663,443.6666666666667,50.4375,25.758333333333336,55.583333333333336,0.2958333333333333,123.375,1.7520833333333332,90.625,78.91666666666667,32.1875,49.541666666666664,11.983333333333334
2024-10-08,67.0,23.025,304.375,34.0625,15.041666666666666,57.916666666666664,0.24625,84.375,1.7333333333333334,82.125,73.125,32.1625,51.791666666666664,15.195833333333333
2024-10-09,63.37916666666666,24.55,383.625,42.44166666666667,20.220833333333335,46.916666666666664,0.2920833333333333,68.83333333333333,1.7020833333333334,75.79166666666667,65.33333333333333,31.120833333333334,53.208333333333336,13.104166666666666
2024-10-10,62.416666666666664,29.025,509.7916666666667,46.291666666666664,26.6,57.875,0.2533333333333333,45.0,1.75,81.16666666666667,66.08333333333333,31.204166666666666,60.708333333333336,10.4625
2024-10-11,61.3125,29.879166666666663,435.6666666666667,44.56666666666666,24.90833333333333,66.41666666666667,0.3633333333333333,37.875,1.6104166666666666,87.29166666666667,64.58333333333333,31.295833333333334,59.25,10.620833333333334
2024-10-12,69.64166666666667,32.166666666666664,404.0,34.395833333333336,22.045833333333334,92.08333333333331,0.3016666666666667,39.375,1.6166666666666665,90.33333333333331,66.45833333333333,30.8,61.333333333333336,10.108333333333333
2024-10-13,67.16666666666667,33.34583333333333,466.1666666666667,40.87083333333333,23.983333333333334,75.0,0.2091666666666666,31.125,1.7541666666666669,94.75,67.58333333333333,30.21666666666667,55.125,9.745833333333334
2024-10-14,75.79583333333333,33.791666666666664,387.9583333333333,48.12916666666666,22.03333333333333,66.95833333333333,0.3158333333333333,56.541666666666664,1.5833333333333333,94.625,67.5,31.241666666666664,46.916666666666664,12.383333333333333
2024-10-15,104.275,31.495833333333337,293.5416666666667,29.270833333333332,12.633333333333333,74.54166666666667,0.2975,145.79166666666666,1.5625,93.16666666666669,73.79166666666667,30.849999999999998,52.083333333333336,17.595833333333335
2024-10-16,67.40416666666667,20.254166666666663,265.375,25.979166666666668,11.3375,66.625,0.2554166666666667,98.625,1.6270833333333332,79.83333333333333,75.91666666666667,30.370833333333334,54.416666666666664,17.033333333333335
2024-10-17,28.025,14.579166666666666,369.375,35.03333333333333,18.379166666666663,51.833333333333336,0.1741666666666666,14.208333333333334,1.7916666666666667,61.208333333333336,54.708333333333336,30.191666666666666,61.583333333333336,12.387500000000001
2024-10-18,50.35833333333333,25.2375,544.0416666666666,49.72083333333333,29.108333333333334,60.041666666666664,0.2183333333333333,25.875,1.7604166666666667,67.875,44.541666666666664,30.770833333333332,65.79166666666667,10.091666666666667
2024-10-19,60.50833333333333,30.195833333333336,512.5,44.52916666666667,26.758333333333336,76.58333333333333,0.1945833333333333,27.333333333333332,1.75625,82.5,62.041666666666664,31.483333333333334,64.54166666666667,9.729166666666666
2024-10-20,82.31666666666666,40.68333333333333,447.625,33.40416666666667,19.4625,89.95833333333333,0.1979166666666666,35.083333333333336,1.7833333333333332,99.375,68.25,31.366666666666664,66.66666666666667,9.904166666666667
2024-10-21,81.4125,39.15,459.375,37.0625,21.266666666666666,85.79166666666667,0.2975,44.166666666666664,1.65625,111.25,72.20833333333333,31.179166666666664,68.16666666666667,12.279166666666667
2024-10-22,94.85833333333332,44.43333333333334,398.625,31.445833333333336,19.325,96.29166666666669,0.2933333333333333,74.45833333333333,1.58125,116.70833333333331,76.08333333333333,30.129166666666666,73.0,13.216666666666667
2024-10-23,121.27083333333331,49.85833333333333,499.625,49.30416666666667,23.983333333333334,77.25,0.37,111.08333333333331,1.3979166666666665,128.79166666666666,81.83333333333333,30.287499999999998,66.20833333333333,13.387500000000001
2024-10-24,78.48333333333333,32.24583333333333,386.7916666666667,37.420833333333334,17.7625,81.58333333333333,0.3270833333333333,65.5,1.4333333333333331,114.5,81.33333333333333,31.670833333333334,56.291666666666664,15.995833333333332
2024-10-25,84.75416666666666,35.645833333333336,379.3333333333333,36.525,17.545833333333334,73.375,0.2799999999999999,64.41666666666667,1.3979166666666665,97.25,72.75,30.4875,59.333333333333336,13.508333333333333
2024-10-26,97.4125,31.65416666666667,486.2083333333333,24.641666666666666,13.15,93.70833333333331,0.2270833333333333,131.54166666666666,1.4854166666666666,98.375,77.66666666666667,30.34583333333333,65.875,11.283333333333333
2024-10-27,54.833333333333336,23.5,501.75,23.108333333333334,11.804166666666667,110.375,0.1687499999999999,41.916666666666664,1.5333333333333332,81.125,68.5,29.537499999999998,64.45833333333333,12.941666666666668
2024-10-28,48.39166666666667,20.8375,334.7083333333333,13.879166666666668,6.141666666666667,107.29166666666669,0.1341666666666666,38.583333333333336,1.5604166666666668,72.83333333333333,60.083333333333336,29.599999999999998,57.25,17.116666666666667
2024-10-29,42.38333333333333,20.6875,312.0833333333333,14.920833333333334,6.591666666666666,105.58333333333331,0.1479166666666666,24.291666666666668,1.5166666666666666,70.0,53.875,28.554166666666664,57.166666666666664,16.845833333333335
2024-10-30,45.01666666666667,21.054166666666667,377.5416666666667,18.65,8.304166666666667,111.375,0.1616666666666666,27.208333333333332,1.5083333333333335,71.0,49.583333333333336,28.337500000000002,55.5,14.012500000000001
2024-10-31,74.56666666666666,36.416666666666664,422.5,52.74583333333334,28.27916666666667,81.66666666666667,0.2329166666666666,39.375,1.4479166666666667,88.45833333333333,63.75,27.90833333333333,62.125,9.6
2024-11-01,82.29166666666667,39.704166666666666,456.3333333333333,53.80833333333334,30.008333333333336,77.91666666666667,0.27,38.25,1.39375,106.54166666666669,71.75,28.21666666666667,65.16666666666667,9.354166666666666
2024-11-02,85.19583333333334,41.75,505.375,59.675,35.791666666666664,70.16666666666667,0.2395833333333333,43.75,1.3916666666666666,115.16666666666669,73.83333333333333,28.1375,69.29166666666667,8.358333333333333
2024-11-03,69.26666666666667,35.19166666666667,636.1666666666666,54.14166666666667,31.4,53.791666666666664,0.1645833333333333,41.666666666666664,1.4270833333333333,108.41666666666669,71.33333333333333,27.429166666666664,73.45833333333333,9.2125
2024-11-04,64.77499999999999,37.954166666666666,734.1666666666666,62.520833333333336,34.125,48.25,0.205,23.416666666666668,1.3729166666666668,100.0,68.41666666666667,27.016666666666666,74.79166666666667,7.795833333333333
2024-11-05,66.53750000000001,39.5,663.5416666666666,65.39166666666667,37.645833333333336,56.333333333333336,0.21375,17.916666666666668,1.35,107.70833333333331,70.79166666666667,27.854166666666668,65.75,9.266666666666667
2024-11-06,71.1125,40.84166666666667,445.3333333333333,70.45416666666667,31.579166666666666,55.583333333333336,0.235,27.208333333333332,1.31875,116.5,73.79166666666667,27.733333333333334,61.875,9.716666666666667
2024-11-07,66.37916666666666,36.2125,462.2916666666667,50.8625,28.570833333333336,70.5,0.2491666666666666,26.0,1.2958333333333332,101.0,68.625,27.704166666666666,71.5,8.479166666666666
2024-11-08,69.29166666666667,34.737500000000004,508.875,42.833333333333336,23.6875,70.79166666666667,0.1966666666666666,40.291666666666664,1.3208333333333333,103.33333333333331,69.5,26.825,71.33333333333333,8.529166666666667
2024-11-09,62.25416666666666,35.487500000000004,691.75,53.87916666666666,26.8875,61.541666666666664,0.2108333333333333,23.5,1.29375,95.0,66.58333333333333,25.945833333333336,68.54166666666667,8.629166666666666
2024-11-10,66.86666666666666,40.40416666666667,529.7083333333334,71.80833333333334,38.854166666666664,48.208333333333336,0.2891666666666667,18.666666666666668,1.2270833333333333,114.5,73.04166666666667,26.675,64.04166666666667,9.0875
2024-11-11,61.8875,37.458333333333336,427.0416666666667,59.69166666666666,30.625,54.791666666666664,0.2841666666666667,14.958333333333334,1.1875,106.20833333333331,70.5,26.925,68.625,7.945833333333333
2024-11-12,64.48333333333333,40.608333333333334,449.75,46.5125,27.3625,67.75,0.26125,17.125,1.2270833333333333,105.70833333333331,70.20833333333333,26.808333333333334,67.41666666666667,8.241666666666665
2024-11-13,64.96666666666667,41.833333333333336,627.9583333333334,37.9625,24.120833333333337,81.20833333333333,0.315,38.333333333333336,1.2,113.375,72.66666666666667,26.629166666666666,70.04166666666667,9.091666666666667
2024-11-14,61.0375,35.425000000000004,351.5833333333333,33.329166666666666,21.029166666666665,83.95833333333333,0.2625,41.333333333333336,1.1583333333333334,106.54166666666669,70.58333333333333,26.712500000000002,76.75,11.916666666666666
2024-11-15,37.27916666666667,23.375,328.0,23.929166666666664,15.483333333333334,90.20833333333331,0.2195833333333333,19.875,1.1416666666666666,89.79166666666667,64.08333333333333,27.275000000000002,64.29166666666667,11.554166666666667
2024-11-16,23.954166666666666,17.458333333333332,368.625,17.233333333333334,11.329166666666666,107.91666666666669,0.12,6.0,1.2083333333333333,67.08333333333333,47.75,25.8875,61.583333333333336,12.9375
2024-11-17,34.145833333333336,22.270833333333332,396.625,26.629166666666663,17.416666666666668,103.41666666666669,0.1583333333333333,17.166666666666668,1.11875,63.875,43.875,25.820833333333336,54.458333333333336,11.704166666666666
2024-11-18,44.67083333333333,29.3125,529.6666666666666,52.3625,29.395833333333332,71.54166666666667,0.2070833333333333,27.208333333333332,1.1645833333333333,80.875,59.958333333333336,24.979166666666668,51.5,7.866666666666667
2024-11-19,38.7625,29.608333333333334,461.5416666666667,55.37916666666666,29.258333333333336,62.333333333333336,0.2295833333333333,15.791666666666666,1.10625,88.29166666666667,63.958333333333336,25.545833333333334,56.25,8.491666666666667
2024-11-20,42.3875,34.604166666666664,468.875,49.666666666666664,32.112500000000004,73.33333333333333,0.2120833333333333,13.833333333333334,1.11875,91.95833333333331,65.29166666666667,25.525000000000002,53.666666666666664,7.516666666666667
2024-11-21,62.54583333333333,35.47083333333333,458.9166666666667,44.74583333333334,27.645833333333332,65.375,0.3225,47.041666666666664,1.0270833333333331,98.33333333333331,67.75,24.3875,62.791666666666664,8.958333333333334
2024-11-22,74.6375,37.25,515.4583333333334,38.795833333333334,33.4125,82.79166666666667,0.3233333333333333,63.125,1.1,101.33333333333331,68.95833333333333,25.6875,73.25,8.5375
2024-11-23,59.708333333333336,36.225,514.2916666666666,40.141666666666666,25.858333333333334,76.125,0.2370833333333333,36.75,1.0416666666666667,104.29166666666669,69.79166666666667,25.224999999999998,77.875,10.1625
2024-11-24,36.12916666666667,26.7875,421.625,37.49583333333333,23.4,86.20833333333333,0.2083333333333333,10.166666666666666,1.075,93.54166666666669,65.95833333333333,25.520833333333332,70.41666666666667,11.066666666666668
2024-11-25,37.891666666666666,30.63333333333333,388.125,58.775,37.425,54.0,0.2279166666666666,5.125,1.0541666666666667,80.33333333333333,60.541666666666664,25.395833333333332,68.58333333333333,9.954166666666667
2024-11-26,48.95,32.362500000000004,496.2083333333333,58.75416666666666,33.520833333333336,38.75,0.1804166666666666,26.875,1.08125,90.875,65.04166666666667,25.991666666666664,59.166666666666664,9.754166666666666
2024-11-27,61.208333333333336,44.53333333333333,666.5,77.5125,48.80833333333334,33.541666666666664,0.18375,29.458333333333332,1.0416666666666667,114.875,73.04166666666667,25.349999999999998,64.95833333333333,7.4375
2024-11-28,50.99583333333334,29.525,618.4166666666666,31.84583333333333,21.15,83.54166666666667,0.2925,34.708333333333336,0.9791666666666666,102.5,68.91666666666667,25.308333333333334,76.5,13.204166666666666
2024-11-29,24.691666666666663,13.1,244.625,10.758333333333333,6.858333333333333,97.625,0.1775,16.416666666666668,1.0354166666666669,69.04166666666667,50.375,25.141666666666666,60.875,19.679166666666667
2024-11-30,23.679166666666664,13.579166666666666,234.375,9.941666666666666,5.858333333333333,106.25,0.0995833333333333,13.125,1.05,54.583333333333336,44.416666666666664,24.0125,58.041666666666664,20.541666666666668
2024-12-01,17.120833333333334,10.925,268.7083333333333,11.0625,6.495833333333334,107.04166666666669,0.0933333333333333,6.25,1.05,54.0,44.875,23.483333333333334,53.583333333333336,19.825
2024-12-02,29.045833333333334,19.183333333333337,389.375,21.295833333333334,14.6125,100.45833333333331,0.1983333333333333,13.625,0.88125,56.291666666666664,41.541666666666664,22.8125,52.375,9.283333333333333
2024-12-03,34.045833333333334,23.7625,340.0833333333333,41.3625,26.116666666666664,64.54166666666667,0.16375,18.833333333333332,1.0333333333333334,74.0,52.791666666666664,21.170833333333334,53.166666666666664,9.320833333333333
2024-12-04,32.916666666666664,24.683333333333337,326.4166666666667,40.791666666666664,24.05416666666667,64.04166666666667,0.1579166666666666,14.333333333333334,1.0541666666666667,73.375,52.083333333333336,20.795833333333334,49.958333333333336,9.85
2024-12-05,41.13333333333333,33.13333333333333,484.0416666666667,52.333333333333336,33.541666666666664,66.25,0.23375,14.166666666666666,0.9854166666666666,86.75,63.375,20.970833333333335,56.125,8.070833333333333
2024-12-06,90.98333333333332,45.583333333333336,473.5,42.25416666666667,30.5625,96.45833333333331,0.36625,79.79166666666667,0.9125,107.20833333333331,70.70833333333333,22.59166666666667,68.95833333333333,9.049999999999999
2024-12-07,104.9,39.77916666666667,329.125,28.15416666666667,19.629166666666663,85.45833333333333,0.2845833333333333,116.16666666666669,0.99375,122.66666666666669,86.66666666666667,24.808333333333334,62.416666666666664,8.825000000000001
2024-12-08,75.94583333333334,34.824999999999996,382.2083333333333,50.79583333333333,23.825,57.25,0.1833333333333333,70.33333333333333,1.0125,98.04166666666669,69.5,22.9375,50.583333333333336,13.904166666666667
2024-12-09,41.391666666666666,27.0625,363.9166666666667,37.13333333333333,20.558333333333337,65.95833333333333,0.1354166666666666,24.083333333333332,1.05,95.45833333333331,68.95833333333333,22.21666666666667,46.041666666666664,11.691666666666668
2024-12-10,41.8,33.59583333333333,496.25,51.7,32.225,65.875,0.2695833333333333,10.875,0.9291666666666668,86.79166666666667,63.458333333333336,21.891666666666666,61.166666666666664,7.354166666666667
2024-12-11,78.50416666666666,34.88333333333333,303.2083333333333,40.670833333333334,23.825,73.04166666666667,0.29375,77.70833333333333,0.8979166666666667,102.16666666666669,69.29166666666667,22.554166666666664,56.75,15.258333333333333
2024-12-12,61.59583333333333,25.304166666666664,340.5833333333333,32.17916666666667,17.304166666666667,64.66666666666667,0.2129166666666666,63.375,0.91875,83.16666666666667,70.20833333333333,21.791666666666668,54.041666666666664,10.516666666666667
2024-12-13,54.375,34.266666666666666,548.375,50.25833333333333,29.479166666666668,42.375,0.2441666666666666,32.25,0.8791666666666668,88.08333333333333,64.66666666666667,20.870833333333334,62.291666666666664,8.254166666666666
2024-12-14,45.583333333333336,30.7875,532.2916666666666,40.37083333333333,26.8,64.45833333333333,0.27875,26.208333333333332,0.8833333333333333,96.91666666666669,67.25,20.787499999999998,66.54166666666667,11.570833333333333
2024-12-15,55.30416666666667,26.6875,361.8333333333333,16.6375,12.029166666666669,93.875,0.2620833333333333,47.958333333333336,0.80625,83.875,62.375,19.733333333333334,66.95833333333333,14.370833333333332
2024-12-16,65.03333333333333,33.34583333333333,398.5,22.9875,15.279166666666669,80.66666666666667,0.2620833333333333,52.125,0.8958333333333334,85.375,64.20833333333333,20.395833333333332,61.625,7.754166666666666
2024-12-17,70.79166666666667,41.666666666666664,444.2916666666667,35.083333333333336,22.670833333333334,58.416666666666664,0.3416666666666667,49.0,0.95625,104.875,70.0,19.545833333333334,61.416666666666664,8.049999999999999
2024-12-18,46.05833333333334,31.7125,341.7083333333333,17.341666666666665,9.4,101.58333333333331,0.3258333333333333,18.583333333333332,0.775,107.75,70.83333333333333,21.129166666666666,55.0,14.8125
2024-12-19,48.92083333333333,37.225,416.5833333333333,34.708333333333336,22.729166666666668,89.16666666666667,0.3324999999999999,16.208333333333332,0.8624999999999999,99.5,68.04166666666667,20.175,59.0,9.929166666666667
2024-12-20,42.1625,34.00416666666667,347.0833333333333,44.70416666666667,24.9125,69.375,0.2220833333333333,10.833333333333334,0.975,93.875,66.08333333333333,19.537499999999998,59.875,8.945833333333333
2024-12-21,42.84166666666667,35.704166666666666,479.8333333333333,38.31666666666667,24.554166666666664,75.0,0.32375,10.458333333333334,0.9083333333333332,112.0,72.16666666666667,18.875,58.0,10.941666666666668
2024-12-22,78.67916666666666,32.858333333333334,324.7083333333333,16.4875,15.595833333333331,85.79166666666667,0.3654166666666666,78.83333333333333,0.69375,89.04166666666667,65.54166666666667,19.308333333333334,62.666666666666664,14.9375
2024-12-23,66.7,36.11666666666667,470.125,30.34166666666667,20.683333333333337,71.83333333333333,0.3670833333333334,49.541666666666664,0.8729166666666667,95.79166666666669,69.16666666666667,19.616666666666667,60.833333333333336,9.958333333333334
2024-12-24,74.44166666666666,40.18333333333333,395.0833333333333,47.416666666666664,29.016666666666666,63.125,0.3641666666666667,58.125,0.84375,111.33333333333331,72.04166666666667,20.258333333333333,67.20833333333333,7.8999999999999995
2024-12-25,70.96666666666667,40.795833333333334,509.25,29.583333333333332,21.091666666666665,89.41666666666667,0.3183333333333333,48.875,0.8729166666666667,110.54166666666669,72.0,20.966666666666665,65.625,8.116666666666667
2024-12-26,70.28333333333333,49.75833333333333,474.7083333333333,56.375,38.15833333333333,50.541666666666664,0.4704166666666667,32.375,0.7916666666666666,124.5,76.25,20.150000000000002,70.375,8.725
2024-12-27,54.6,42.07083333333333,311.875,55.5375,28.879166666666663,56.458333333333336,0.2529166666666667,22.833333333333332,0.9625,133.29166666666666,79.125,20.662499999999998,61.458333333333336,10.341666666666667
2024-12-28,43.06666666666666,33.737500000000004,464.1666666666667,53.4,28.975,47.791666666666664,0.1966666666666666,16.583333333333332,0.95625,99.66666666666669,68.04166666666667,20.400000000000002,56.583333333333336,8.1
2024-12-29,47.604166666666664,36.28333333333333,622.9583333333334,48.7375,26.325,59.208333333333336,0.3033333333333333,18.083333333333332,0.8729166666666667,103.04166666666669,69.375,20.129166666666666,70.58333333333333,9.1375
2024-12-30,60.7625,41.31666666666667,560.9583333333334,46.52916666666667,29.608333333333334,61.875,0.43875,29.166666666666668,0.7979166666666667,102.25,69.04166666666667,20.758333333333333,78.58333333333333,7.8999999999999995
2024-12-31,76.1875,56.49583333333334,698.3333333333334,83.92083333333333,50.06666666666666,21.333333333333332,0.4141666666666666,33.458333333333336,0.8083333333333332,132.375,78.75,21.370833333333334,77.0,6.5125
2025-01-01,62.74166666666667,36.291666666666664,370.5,52.49166666666667,27.86666666666667,51.666666666666664,0.4058333333333333,44.75,0.7583333333333333,138.41666666666666,81.04166666666667,20.533333333333335,64.08333333333333,15.204166666666666
2025-01-02,18.25,10.645833333333334,247.125,8.541666666666666,6.2625,111.41666666666669,0.10125,9.708333333333334,1.0,71.66666666666667,53.458333333333336,20.179166666666667,49.625,23.3625
2025-01-03,39.95,18.758333333333333,306.5416666666667,15.766666666666666,9.070833333333333,92.375,0.1579166666666666,36.166666666666664,0.8312499999999999,56.541666666666664,38.833333333333336,18.599999999999998,46.791666666666664,12.279166666666667
2025-01-04,26.45,18.654166666666665,320.625,33.6625,20.783333333333335,72.75,0.1504166666666666,12.166666666666666,0.9083333333333332,66.16666666666667,41.541666666666664,16.900000000000002,41.666666666666664,11.229166666666666
2025-01-05,29.258333333333336,23.65416666666667,452.75,24.674999999999997,16.570833333333333,98.29166666666669,0.1804166666666666,4.458333333333333,1.0020833333333334,67.875,43.833333333333336,18.654166666666665,55.416666666666664,8.783333333333333
2025-01-06,44.75833333333333,29.045833333333334,364.25,52.666666666666664,25.354166666666668,60.166666666666664,0.1404166666666666,25.875,1.0708333333333333,82.54166666666667,61.375,17.983333333333334,57.125,11.583333333333334
2025-01-07,67.17916666666666,39.6375,421.9583333333333,56.0,27.941666666666663,44.125,0.2079166666666666,46.333333333333336,0.9833333333333334,93.0,65.54166666666667,18.7625,51.458333333333336,9.716666666666667
2025-01-08,46.9875,33.729166666666664,498.2083333333333,56.77916666666667,26.579166666666666,42.375,0.145,19.416666666666668,0.8875000000000001,109.25,71.20833333333333,17.833333333333332,61.0,9.183333333333334
2025-01-09,34.75833333333333,23.52916666666667,508.5416666666667,26.616666666666664,14.8875,92.08333333333331,0.2566666666666666,14.708333333333334,0.7999999999999999,83.375,60.416666666666664,18.895833333333332,72.375,11.441666666666668
2025-01-10,41.56666666666667,32.12083333333333,410.1666666666667,52.42083333333333,29.633333333333336,50.833333333333336,0.1895833333333333,15.166666666666666,1.0,84.66666666666667,61.708333333333336,18.416666666666668,72.20833333333333,9.470833333333333
2025-01-11,37.75416666666667,31.6375,331.3333333333333,61.1625,30.283333333333335,45.541666666666664,0.1208333333333333,11.208333333333334,1.1,92.83333333333331,65.66666666666667,18.666666666666668,56.25,10.725
2025-01-12,29.1,26.741666666666664,600.2083333333334,54.15,27.65833333333333,47.333333333333336,0.115,3.4583333333333335,1.1083333333333334,86.33333333333333,63.25,18.254166666666666,52.166666666666664,8.7125
2025-01-13,50.80416666666667,28.21666666666667,518.125,23.320833333333336,14.575,94.125,0.265,35.375,0.8916666666666667,80.66666666666667,61.083333333333336,19.462500000000002,68.91666666666667,12.679166666666667
2025-01-14,73.8875,34.31666666666667,409.75,17.5125,12.504166666666668,90.375,0.3183333333333333,65.29166666666667,0.8229166666666666,91.16666666666669,67.04166666666667,19.641666666666666,62.375,10.7875
2025-01-15,63.34583333333333,40.7375,420.7083333333333,44.50416666666666,29.7625,65.25,0.2829166666666666,36.708333333333336,0.96875,107.75,71.16666666666667,18.820833333333333,65.33333333333333,9.429166666666667
2025-01-16,58.475,39.62083333333333,390.25,40.81666666666667,27.666666666666668,78.33333333333333,0.2745833333333333,32.333333333333336,1.0083333333333333,109.66666666666669,71.41666666666667,19.358333333333334,66.20833333333333,8.416666666666666
2025-01-17,61.15,42.24166666666667,478.4166666666667,26.133333333333336,18.475,101.41666666666669,0.3533333333333333,31.708333333333332,0.94375,107.25,70.75,18.291666666666668,74.125,12.516666666666666
2025-01-18,56.69583333333333,31.6875,329.5416666666667,15.8875,12.2875,98.83333333333331,0.3304166666666666,39.375,0.7833333333333333,115.79166666666669,73.5,18.73333333333333,62.291666666666664,19.479166666666668
2025-01-19,48.45,22.066666666666663,291.2916666666667,10.683333333333332,7.775,105.04166666666669,0.2220833333333333,41.25,0.8604166666666666,76.33333333333333,54.416666666666664,19.770833333333332,49.291666666666664,17.070833333333333
2025-01-20,46.275,20.275,324.125,12.520833333333334,8.258333333333333,104.04166666666669,0.1345833333333333,41.416666666666664,1.0020833333333334,70.58333333333333,61.583333333333336,18.370833333333334,62.375,13.716666666666667
2025-01-21,49.32916666666667,17.775000000000002,254.58333333333337,9.708333333333334,7.2125,108.0,0.1933333333333333,52.958333333333336,0.9854166666666668,65.70833333333333,51.208333333333336,19.325,54.208333333333336,21.441666666666666
2025-01-22,41.52916666666667,23.475,278.375,29.354166666666668,15.933333333333332,87.08333333333333,0.17125,30.541666666666668,0.9958333333333332,64.20833333333333,49.708333333333336,19.712500000000002,42.125,15.454166666666666
2025-01-23,91.15,33.4125,252.08333333333337,44.475,16.754166666666666,53.458333333333336,0.1770833333333333,103.79166666666669,1.0291666666666666,88.0,66.16666666666667,18.175,36.791666666666664,13.654166666666667
2025-01-24,61.57083333333333,28.808333333333337,256.6666666666667,41.483333333333334,19.7,58.708333333333336,0.1525,56.458333333333336,1.0895833333333331,91.625,71.75,17.620833333333334,44.25,11.583333333333334
2025-01-25,84.3625,38.40416666666667,444.0,50.04583333333333,27.566666666666663,50.416666666666664,0.2066666666666666,78.70833333333333,1.075,96.75,69.79166666666667,17.145833333333332,54.291666666666664,8.512500000000001
2025-01-26,49.875,31.02916666666667,412.5416666666667,45.02916666666667,29.433333333333337,79.0,0.1841666666666666,30.791666666666668,1.14375,98.625,69.04166666666667,18.3,63.958333333333336,9.404166666666667
2025-01-27,56.916666666666664,40.104166666666664,523.875,50.19166666666666,31.958333333333332,81.95833333333333,0.2458333333333333,23.041666666666668,1.14375,96.91666666666669,67.125,18.816666666666666,74.95833333333333,8.516666666666667
2025-01-28,41.354166666666664,24.366666666666664,315.75,16.929166666666667,10.6625,98.45833333333331,0.3441666666666667,24.125,1.0666666666666669,97.875,67.375,20.729166666666668,73.70833333333333,14.512500000000001
2025-01-29,30.079166666666666,20.5875,360.125,15.770833333333334,9.6625,110.08333333333331,0.1345833333333333,10.25,1.2645833333333332,70.33333333333333,49.583333333333336,19.724999999999998,68.125,14.1625
2025-01-30,44.979166666666664,31.058333333333337,368.6666666666667,37.2875,24.22083333333333,81.20833333333333,0.2558333333333333,19.166666666666668,1.0645833333333334,82.33333333333333,58.416666666666664,18.766666666666666,67.79166666666667,13.083333333333334
2025-01-31,35.4,18.241666666666667,372.6666666666667,14.329166666666666,9.604166666666666,102.79166666666669,0.1858333333333333,26.541666666666668,1.1125,73.66666666666667,52.708333333333336,19.8125,51.416666666666664,12.983333333333334
2025-02-01,59.5375,33.454166666666666,321.9166666666667,44.6625,24.004166666666663,61.833333333333336,0.2241666666666666,45.25,1.2020833333333334,83.75,58.0,17.991666666666667,57.416666666666664,8.970833333333333
2025-02-02,55.2875,28.5,370.75,24.795833333333334,15.845833333333331,97.875,0.2933333333333333,45.0,0.8729166666666667,90.33333333333331,64.75,17.545833333333334,54.666666666666664,14.7875
2025-02-03,38.09166666666667,24.116666666666664,375.375,13.941666666666668,10.016666666666667,133.41666666666666,0.255,19.666666666666668,1.0,92.29166666666669,61.5,19.325,50.625,13.799999999999999
2025-02-04,34.699999999999996,23.641666666666666,455.125,22.420833333333334,14.783333333333331,116.29166666666669,0.1908333333333333,12.458333333333334,1.21875,81.95833333333333,59.583333333333336,18.3625,59.041666666666664,11.258333333333333
2025-02-05,33.704166666666666,26.8375,512.8333333333334,44.07916666666667,32.00833333333333,89.20833333333333,0.13625,4.916666666666667,1.2708333333333333,76.375,57.041666666666664,17.079166666666666,71.33333333333333,7.5375000000000005
2025-02-06,55.80833333333334,40.479166666666664,462.0833333333333,59.85,27.84166666666667,62.416666666666664,0.2204166666666666,25.25,1.1708333333333334,95.125,66.45833333333333,19.575,63.333333333333336,11.566666666666668
2025-02-07,122.57916666666668,40.8125,307.75,48.52916666666667,19.520833333333332,50.25,0.34875,148.66666666666666,1.00625,108.08333333333331,76.91666666666667,21.25,63.666666666666664,15.775
2025-02-08,142.51250000000002,42.475,285.8333333333333,25.054166666666664,11.408333333333331,69.33333333333333,0.4658333333333333,183.58333333333337,1.1479166666666667,118.58333333333331,95.91666666666669,21.516666666666666,71.16666666666667,20.416666666666668
2025-02-09,112.1875,34.645833333333336,303.0833333333333,15.379166666666668,10.570833333333333,102.79166666666669,0.5095833333333334,135.0,1.11875,119.91666666666669,94.41666666666669,19.454166666666666,67.75,14.358333333333334
2025-02-10,69.01666666666667,22.0375,406.6666666666667,15.333333333333334,9.766666666666667,103.0,0.1604166666666666,78.54166666666667,1.4083333333333334,78.16666666666667,73.625,18.099999999999998,69.75,13.566666666666668
2025-02-11,46.3125,30.629166666666663,460.7083333333333,51.17916666666667,33.824999999999996,70.08333333333333,0.2179166666666666,22.833333333333332,1.3583333333333334,77.91666666666667,63.125,18.354166666666668,67.95833333333333,10.45
2025-02-12,86.80833333333334,47.854166666666664,421.5833333333333,69.47083333333333,25.77916666666667,43.75,0.3145833333333333,69.20833333333333,1.2458333333333331,104.45833333333331,69.70833333333333,21.925,49.875,10.770833333333334
2025-02-13,101.60833333333332,46.9875,376.1666666666667,56.40416666666667,21.4375,31.291666666666668,0.2879166666666666,99.125,1.4145833333333335,136.04166666666666,81.125,23.8875,49.5,12.754166666666668
2025-02-14,88.32083333333333,45.1125,347.1666666666667,49.208333333333336,21.083333333333332,34.916666666666664,0.33,73.45833333333333,0.8333333333333334,130.95833333333334,80.66666666666667,23.474999999999998,58.75,10.35
2025-02-15,49.49583333333334,27.454166666666666,382.1666666666667,26.041666666666668,16.983333333333334,82.95833333333333,0.3916666666666666,34.333333333333336,1.1416666666666666,99.41666666666669,67.875,21.158333333333335,82.95833333333333,9.1625
2025-02-16,87.12083333333334,37.525,440.875,38.28333333333333,22.02916666666667,66.41666666666667,0.4729166666666666,87.20833333333333,1.1916666666666669,91.66666666666669,67.91666666666667,22.2,69.5,8.700000000000001
2025-02-17,55.49583333333334,29.833333333333332,352.2083333333333,49.30416666666667,18.920833333333334,47.708333333333336,0.53625,48.333333333333336,1.1083333333333332,96.04166666666669,67.83333333333333,24.15833333333333,59.666666666666664,15.825000000000001
2025-02-18,75.68333333333334,41.958333333333336,533.5416666666666,48.729166666666664,22.02916666666667,46.916666666666664,0.4745833333333333,58.0,0.575,104.08333333333331,69.54166666666667,21.983333333333334,72.83333333333333,9.241666666666667
2025-02-19,35.983333333333334,25.129166666666663,495.0,25.483333333333334,18.091666666666665,101.83333333333331,0.2629166666666666,11.958333333333334,1.5395833333333335,97.04166666666669,67.04166666666667,21.229166666666668,71.25,11.0375
2025-02-20,44.9625,32.729166666666664,544.8333333333334,53.104166666666664,35.0,74.5,0.3979166666666667,16.541666666666668,1.3625,86.29166666666667,63.208333333333336,20.908333333333335,63.75,9.458333333333334
2025-02-21,110.61666666666667,40.7625,333.1666666666667,41.53333333333333,20.6125,64.75,0.3866666666666666,122.66666666666669,1.4520833333333334,99.58333333333331,71.66666666666667,23.933333333333334,53.75,11.65
2025-02-22,114.6125,54.87083333333334,580.7083333333334,52.55833333333334,31.766666666666666,73.75,0.3620833333333333,99.25,1.5020833333333332,127.41666666666669,84.375,21.775000000000002,66.95833333333333,6.908333333333332
2025-02-23,110.1375,53.30833333333334,411.0,72.82916666666667,28.266666666666666,39.166666666666664,0.44,101.45833333333331,1.475,151.875,88.625,25.612499999999997,53.666666666666664,13.279166666666667
2025-02-24,60.833333333333336,36.18333333333333,365.1666666666667,49.208333333333336,21.59166666666667,50.291666666666664,0.5533333333333333,38.875,1.3458333333333332,119.29166666666669,75.75,23.691666666666666,68.45833333333333,14.304166666666667
2025-02-25,66.55,26.016666666666666,252.08333333333337,15.591666666666669,10.129166666666666,97.70833333333331,0.6033333333333334,68.08333333333333,1.1229166666666666,95.79166666666669,69.08333333333333,21.46666666666667,64.83333333333333,19.058333333333334
2025-02-26,27.191666666666663,16.729166666666668,273.875,13.8,9.854166666666666,113.79166666666669,0.3733333333333333,11.958333333333334,1.19375,67.45833333333333,54.25,18.8625,64.0,14.470833333333333
2025-02-27,124.6125,33.612500000000004,260.5416666666667,13.029166666666669,9.958333333333334,107.79166666666669,0.6791666666666667,158.75,1.0770833333333334,79.66666666666667,66.125,19.6125,61.25,17.95
2025-02-28,61.925,19.983333333333334,290.2916666666667,11.429166666666667,8.533333333333333,112.95833333333331,0.3833333333333333,70.125,1.4979166666666666,84.5,82.54166666666667,19.5,57.708333333333336,19.566666666666666
2025-03-01,32.40416666666667,19.75,440.2916666666667,19.125,14.6,109.95833333333331,0.5554166666666667,14.916666666666666,1.3416666666666666,64.0,49.083333333333336,18.954166666666666,67.41666666666667,11.766666666666666
2025-03-02,44.57083333333333,21.754166666666663,376.5833333333333,16.683333333333334,12.770833333333334,119.66666666666669,0.5341666666666667,33.208333333333336,1.23125,74.66666666666667,52.75,19.433333333333334,64.70833333333333,17.145833333333332
2025-03-03,43.3375,21.008333333333333,379.5833333333333,20.445833333333333,15.241666666666667,113.54166666666669,0.095,35.041666666666664,1.6229166666666668,68.58333333333333,50.458333333333336,19.537499999999998,51.041666666666664,12.866666666666667
2025-03-04,111.49166666666667,39.15416666666667,253.83333333333337,44.729166666666664,19.391666666666666,72.91666666666667,0.3491666666666667,130.375,0.9645833333333332,85.75,64.04166666666667,21.2625,45.208333333333336,17.95
2025-03-05,135.24166666666667,50.59166666666667,226.83333333333337,38.1375,16.3875,73.45833333333333,0.455,152.29166666666666,1.1395833333333334,135.45833333333334,100.58333333333331,24.008333333333336,48.75,18.75
2025-03-06,94.26666666666668,40.875,322.5416666666667,47.175,19.120833333333337,62.291666666666664,0.3891666666666666,93.20833333333331,1.6583333333333332,119.95833333333331,82.45833333333333,24.55,46.666666666666664,13.875
2025-03-07,81.675,37.954166666666666,324.7916666666667,56.1625,19.508333333333333,53.333333333333336,0.2541666666666666,79.75,1.8791666666666669,106.5,72.5,27.308333333333334,25.5,13.145833333333334
2025-03-08,69.8875,30.766666666666666,259.4583333333333,46.40416666666667,19.145833333333332,49.958333333333336,0.1633333333333333,73.5,1.9729166666666669,98.04166666666669,72.95833333333333,28.162499999999998,21.708333333333332,16.516666666666666
2025-03-09,70.11666666666666,33.9625,350.9166666666667,45.645833333333336,19.754166666666663,44.125,0.4358333333333333,66.25,1.4354166666666668,97.33333333333331,67.83333333333333,25.791666666666668,37.5,17.495833333333334
2025-03-10,103.9875,39.95,374.1666666666667,48.62083333333334,19.920833333333334,46.583333333333336,0.4416666666666666,115.91666666666669,1.4979166666666668,103.95833333333331,73.95833333333333,25.400000000000002,52.541666666666664,13.479166666666666
2025-03-11,95.3,46.67083333333333,481.1666666666667,63.06666666666666,24.041666666666668,32.333333333333336,0.4341666666666666,87.29166666666667,1.15,112.91666666666669,81.125,26.5125,42.958333333333336,8.870833333333334
2025-03-12,94.40416666666664,47.416666666666664,552.9583333333334,56.075,23.945833333333336,71.33333333333333,0.4458333333333333,80.33333333333333,1.6520833333333331,136.25,80.08333333333333,26.116666666666664,51.708333333333336,11.204166666666666
2025-03-13,37.858333333333334,24.379166666666663,457.8333333333333,21.84166666666667,13.679166666666667,118.375,0.39875,17.625,1.5,103.95833333333331,68.625,23.179166666666664,66.625,14.8125
2025-03-14,44.65833333333333,33.12083333333333,548.5416666666666,37.275,26.575,107.16666666666669,0.17375,12.625,1.9145833333333335,79.875,59.333333333333336,21.84166666666667,76.58333333333333,9.8375
2025-03-15,46.10833333333333,37.295833333333334,627.9166666666666,53.725,25.616666666666664,97.04166666666669,0.1825,11.958333333333334,1.8875,103.75,69.58333333333333,23.058333333333334,69.125,9.512500000000001
2025-03-16,44.270833333333336,34.74166666666667,283.7916666666667,61.68333333333334,26.679166666666664,73.125,0.28875,16.416666666666668,1.7125,107.70833333333331,70.875,23.954166666666666,44.291666666666664,10.920833333333334
2025-03-17,47.47083333333333,29.979166666666668,561.5416666666666,36.5875,22.1375,108.95833333333331,0.4095833333333333,27.0,1.4895833333333333,89.0,63.833333333333336,23.575,63.916666666666664,11.208333333333334
2025-03-18,52.42916666666667,32.270833333333336,544.625,32.800000000000004,24.59166666666667,117.5,0.2325,29.041666666666668,1.914583333333333,93.58333333333331,65.95833333333333,21.912499999999998,70.70833333333333,12.108333333333334
2025-03-19,34.00416666666667,26.641666666666666,492.8333333333333,35.37916666666667,20.85,107.16666666666669,0.1558333333333333,10.75,2.0812500000000003,86.41666666666667,62.958333333333336,22.34166666666667,59.333333333333336,10.866666666666667
2025-03-20,49.333333333333336,41.520833333333336,551.1666666666666,81.87916666666666,32.949999999999996,47.5,0.165,13.25,2.1374999999999997,100.41666666666669,68.29166666666667,23.84166666666667,53.75,8.954166666666667
2025-03-21,45.958333333333336,34.32083333333333,403.0,60.44166666666666,21.158333333333335,61.916666666666664,0.1741666666666666,20.916666666666668,2.2270833333333333,103.58333333333331,69.41666666666667,27.037499999999998,35.416666666666664,14.762500000000001
2025-03-22,53.925,28.1625,259.7083333333333,44.39166666666667,17.145833333333332,60.0,0.2425,46.791666666666664,2.225,90.66666666666669,64.875,28.200000000000003,25.875,16.941666666666666
2025-03-23,87.35416666666667,37.80416666666667,366.375,51.333333333333336,22.416666666666668,50.791666666666664,0.2879166666666666,88.58333333333333,1.9791666666666667,93.79166666666669,67.45833333333333,26.608333333333334,38.5,13.924999999999999
2025-03-24,70.78750000000001,31.40416666666667,344.875,20.879166666666663,13.15,108.20833333333331,0.3120833333333333,66.41666666666667,1.8958333333333333,107.16666666666669,75.25,23.441666666666666,68.95833333333333,18.045833333333334
2025-03-25,63.38333333333333,21.866666666666664,263.2916666666667,8.729166666666666,5.825,132.875,0.1483333333333333,68.83333333333333,2.129166666666667,94.58333333333331,63.208333333333336,21.158333333333335,60.5,25.133333333333336
2025-03-26,54.525,29.09583333333333,442.5833333333333,21.854166666666668,14.054166666666667,138.45833333333334,0.2204166666666666,37.875,1.9375,100.375,66.5,20.966666666666665,65.75,12.6625
2025-03-27,47.45,32.270833333333336,457.4166666666667,42.125,29.441666666666663,116.125,0.2508333333333333,21.166666666666668,1.99375,98.54166666666669,66.625,21.4375,70.58333333333333,12.1
2025-03-28,46.1,32.2875,433.2916666666667,51.5125,29.35,82.54166666666667,0.2675,23.083333333333332,1.9,91.08333333333331,64.41666666666667,22.616666666666664,63.541666666666664,9.145833333333334
2025-03-29,49.9625,36.295833333333334,462.8333333333333,54.3125,26.708333333333332,84.66666666666667,0.2716666666666666,21.333333333333332,2.1645833333333333,96.375,67.04166666666667,24.179166666666664,60.666666666666664,9.258333333333333
2025-03-30,52.2625,37.12916666666667,442.125,65.33749999999999,27.620833333333337,67.66666666666667,0.2495833333333333,25.791666666666668,2.185416666666667,106.375,70.41666666666667,25.21666666666667,51.083333333333336,9.799999999999999
2025-03-31,43.57916666666667,35.62083333333333,434.5,64.56666666666666,26.541666666666668,75.5,0.2004166666666667,13.875,2.308333333333333,100.04166666666669,68.375,26.754166666666666,35.291666666666664,9.0625
2025-04-01,35.425000000000004,33.604166666666664,497.3333333333333,64.16666666666667,28.8,72.625,0.1483333333333333,2.1666666666666665,2.441666666666667,105.45833333333331,70.04166666666667,25.795833333333334,42.791666666666664,9.966666666666667
2025-04-02,49.56666666666666,35.329166666666666,630.5416666666666,60.61666666666667,26.9625,66.16666666666667,0.1933333333333333,22.0,2.3854166666666665,90.04166666666667,64.70833333333333,24.95,47.5,9.070833333333333
2025-04-03,103.8625,53.87916666666666,568.9166666666666,71.0,27.4625,64.04166666666667,0.3233333333333333,88.41666666666667,2.2041666666666666,118.08333333333331,74.16666666666667,26.445833333333336,52.833333333333336,10.458333333333334
2025-04-04,59.46666666666667,42.666666666666664,329.625,61.50416666666666,22.920833333333334,63.25,0.25,29.375,2.34375,141.875,82.04166666666667,30.358333333333334,24.791666666666668,14.475
2025-04-05,44.75,27.9375,271.5,51.0875,17.483333333333334,59.041666666666664,0.1770833333333333,30.625,2.4,99.33333333333331,67.95833333333333,30.270833333333332,21.875,15.674999999999999
2025-04-06,55.09583333333333,32.37083333333333,328.2916666666667,48.57916666666667,17.7,70.41666666666667,0.2070833333333333,40.083333333333336,2.3000000000000003,84.75,62.666666666666664,29.670833333333334,25.5,12.070833333333333
2025-04-07,62.25416666666666,35.55833333333333,459.0416666666667,48.07916666666667,20.4875,72.625,0.1904166666666666,46.208333333333336,2.35,97.625,67.5,29.025000000000002,35.5,10.608333333333333
2025-04-08,65.0,30.929166666666664,395.25,26.204166666666666,13.779166666666669,92.70833333333331,0.1941666666666666,58.625,2.2687500000000003,97.83333333333331,68.41666666666667,28.495833333333334,43.041666666666664,14.429166666666667
2025-04-09,59.7,28.329166666666666,384.125,25.35,17.008333333333333,104.125,0.12875,51.375,2.4229166666666666,82.58333333333333,62.875,27.02916666666667,57.875,15.200000000000001
2025-04-10,64.58749999999999,41.6625,433.5833333333333,42.80833333333334,25.1625,91.91666666666669,0.1754166666666666,34.333333333333336,2.4770833333333333,97.16666666666669,67.33333333333333,26.145833333333332,63.916666666666664,9.299999999999999
2025-04-11,74.89999999999999,51.70416666666667,623.4166666666666,66.61666666666666,28.208333333333332,63.166666666666664,0.3216666666666666,38.333333333333336,2.2916666666666665,138.875,80.79166666666667,27.366666666666664,56.041666666666664,9.295833333333333
2025-04-12,55.479166666666664,40.27916666666667,491.9166666666667,72.75,22.995833333333337,51.458333333333336,0.3695833333333333,26.041666666666668,2.2020833333333334,123.625,75.95833333333333,29.84583333333333,30.75,10.700000000000001
2025-04-13,106.77083333333331,47.27916666666667,326.75,55.979166666666664,24.041666666666668,59.75,0.3429166666666667,108.08333333333331,2.1895833333333337,114.04166666666669,74.625,32.512499999999996,24.916666666666668,17.15
2025-04-14,89.41250000000001,50.95416666666667,443.5833333333333,70.075,27.483333333333334,67.08333333333333,0.3916666666666666,69.125,2.18125,142.95833333333334,83.58333333333333,32.4125,26.958333333333332,12.670833333333334
2025-04-15,120.5375,52.475,462.9166666666667,49.1625,19.8375,76.29166666666667,0.3570833333333333,124.29166666666669,1.9520833333333336,128.58333333333334,78.625,30.1875,44.916666666666664,9.174999999999999
2025-04-16,87.15833333333335,36.50416666666667,417.7083333333333,23.383333333333336,14.666666666666666,112.29166666666669,0.3004166666666666,86.95833333333333,2.31875,137.16666666666666,90.08333333333331,28.02916666666667,62.416666666666664,15.237499999999999
2025-04-17,44.76666666666667,22.02916666666667,294.2916666666667,13.1125,8.629166666666666,134.70833333333334,0.4066666666666667,35.541666666666664,2.1979166666666665,100.125,64.41666666666667,26.775000000000002,59.375,17.795833333333334
2025-04-18,58.275,22.733333333333334,315.0,11.708333333333334,7.970833333333334,123.125,0.44875,59.416666666666664,2.3333333333333335,80.45833333333333,57.125,25.670833333333334,62.375,19.791666666666668
2025-04-19,75.19583333333334,28.725,420.7083333333333,16.720833333333335,12.2625,142.58333333333334,0.3433333333333333,79.33333333333333,2.35,103.375,68.33333333333333,24.71666666666667,64.08333333333333,13.908333333333333
2025-04-20,39.68333333333333,23.704166666666666,482.75,21.058333333333337,16.316666666666666,148.375,0.25,21.166666666666668,2.4708333333333337,115.66666666666669,66.625,25.3125,59.791666666666664,12.216666666666667
2025-04-21,33.824999999999996,24.90416666666667,530.9583333333334,35.46666666666667,24.7625,124.70833333333331,0.2791666666666667,10.0,2.31875,97.29166666666669,60.75,27.087500000000002,53.708333333333336,9.0875
2025-04-22,56.4875,31.6125,642.9166666666666,59.975,30.475,84.625,0.5308333333333334,42.375,1.9895833333333333,82.29166666666667,61.875,28.02916666666667,43.791666666666664,9.137500000000001
2025-04-23,156.87916666666666,57.1,823.0833333333334,68.0,28.441666666666663,62.458333333333336,0.54625,180.45833333333337,2.21875,117.5,84.58333333333333,30.912499999999998,32.875,8.362499999999999
2025-04-24,86.17083333333333,37.38333333333333,711.5833333333334,28.3,20.045833333333334,101.125,0.295,86.125,2.347916666666667,133.95833333333334,90.33333333333331,27.829166666666666,56.833333333333336,12.458333333333334
2025-04-25,88.3125,50.425,516.875,58.19583333333333,27.520833333333332,88.16666666666667,0.30625,63.75,2.472916666666667,117.25,74.875,28.791666666666668,58.166666666666664,9.75
2025-04-26,103.93333333333334,62.28333333333333,555.4583333333334,91.24583333333334,35.2125,52.0,0.3487499999999999,76.45833333333333,2.1479166666666667,150.375,87.125,32.22083333333333,41.833333333333336,7.854166666666667
2025-04-27,69.63333333333334,44.53333333333333,393.9583333333333,54.34583333333333,24.920833333333334,73.25,0.3429166666666667,46.958333333333336,2.2291666666666665,138.58333333333334,81.5,33.97083333333333,19.583333333333332,10.316666666666666
2025-04-28,64.77499999999999,43.541666666666664,388.8333333333333,50.925,22.854166666666668,85.41666666666667,0.36,39.166666666666664,2.3604166666666666,123.625,75.91666666666667,33.729166666666664,22.041666666666668,10.700000000000001
2025-04-29,65.75416666666666,39.0,434.5416666666667,60.42083333333333,22.670833333333334,72.20833333333333,0.2666666666666666,48.333333333333336,2.558333333333333,117.08333333333331,73.91666666666667,33.65,22.75,9.904166666666667
2025-04-30,64.11666666666666,35.52916666666667,452.25,48.416666666666664,21.129166666666663,68.58333333333333,0.23625,51.0,2.558333333333333,100.70833333333331,68.58333333333333,32.9625,28.208333333333332,11.4375
2025-05-01,70.96666666666667,38.2625,429.3333333333333,40.7125,21.2375,87.58333333333333,0.23,59.958333333333336,2.6750000000000003,103.5,69.41666666666667,32.06666666666667,32.333333333333336,11.5
2025-05-02,63.26666666666667,34.78333333333333,612.7083333333334,38.99166666666667,19.204166666666666,97.41666666666669,0.2825,47.75,2.5187500000000003,102.75,69.25,32.00416666666667,41.625,10.595833333333333
2025-05-03,52.916666666666664,28.1625,449.2916666666667,28.608333333333334,15.075,117.29166666666669,0.3154166666666667,42.375,2.4250000000000003,101.91666666666669,65.54166666666667,31.912499999999998,43.416666666666664,14.083333333333334
2025-05-04,47.50833333333333,29.9375,395.875,30.6375,21.608333333333334,110.91666666666669,0.30875,31.291666666666668,2.379166666666667,90.125,63.916666666666664,33.275,30.875,14.112499999999999
2025-05-05,43.708333333333336,26.27916666666667,544.25,35.0625,17.529166666666665,90.95833333333331,0.2545833333333333,31.625,2.5375,85.41666666666667,62.916666666666664,33.30833333333333,29.333333333333332,13.370833333333332
2025-05-06,95.81666666666666,38.0625,334.6666666666667,17.358333333333334,9.604166666666666,118.25,0.3158333333333333,102.33333333333331,2.4625,91.875,67.375,31.995833333333334,49.666666666666664,18.566666666666666
2025-05-07,86.50416666666666,27.9625,252.04166666666663,10.179166666666667,6.991666666666667,136.91666666666666,0.2141666666666666,105.66666666666669,2.527083333333333,105.125,76.875,29.858333333333334,53.208333333333336,24.920833333333334
2025-05-08,81.42083333333333,27.84583333333333,301.4166666666667,13.1,9.3,147.29166666666666,0.2329166666666666,94.16666666666669,2.5187500000000003,114.875,70.875,28.133333333333336,57.958333333333336,19.291666666666668
2025-05-09,74.56666666666666,35.358333333333334,382.625,28.78333333333333,21.383333333333336,149.33333333333334,0.1825,65.08333333333333,2.5645833333333337,117.95833333333331,74.58333333333333,28.079166666666666,63.791666666666664,11.5875
2025-05-10,71.14999999999999,40.63333333333333,674.5416666666666,42.81666666666666,35.041666666666664,125.54166666666669,0.30875,49.5,2.4812499999999997,115.79166666666669,71.0,28.170833333333334,74.625,8.758333333333333
2025-05-11,52.76666666666667,38.7,430.375,47.34166666666667,24.7875,105.25,0.4345833333333333,24.541666666666668,2.3375,118.125,73.79166666666667,30.795833333333334,55.833333333333336,10.05
2025-05-12,48.32083333333333,33.2875,458.5,52.01666666666667,26.708333333333332,94.54166666666669,0.33375,25.625,2.44375,97.33333333333331,67.33333333333333,32.24166666666667,41.333333333333336,9.183333333333334
2025-05-13,51.225,36.75,395.0833333333333,62.24583333333334,27.616666666666664,77.91666666666667,0.2595833333333333,25.833333333333332,2.4583333333333335,101.5,68.875,33.3125,31.791666666666668,11.7875
2025-05-14,46.94166666666666,24.84166666666667,287.0,33.795833333333334,15.079166666666666,74.58333333333333,0.2241666666666666,39.958333333333336,2.622916666666667,88.08333333333333,63.666666666666664,33.80416666666667,32.958333333333336,14.845833333333333
2025-05-15,49.68333333333334,25.475,285.0833333333333,39.05,17.879166666666666,58.541666666666664,0.2520833333333333,44.375,2.5875,78.20833333333333,60.041666666666664,33.25,33.875,14.145833333333334
2025-05-16,99.3875,45.05416666666667,542.3333333333334,26.366666666666664,17.970833333333335,125.33333333333331,0.285,98.16666666666669,2.5479166666666666,101.91666666666669,68.625,31.82083333333333,43.625,11.695833333333333
2025-05-17,65.94166666666666,28.945833333333336,364.0833333333333,17.766666666666666,12.783333333333331,127.91666666666669,0.29375,63.333333333333336,2.525,114.79166666666669,72.91666666666667,30.59583333333333,61.416666666666664,18.25
2025-05-18,142.52083333333334,47.025,448.2083333333333,23.554166666666664,18.170833333333334,144.54166666666666,0.3216666666666666,174.375,2.535416666666667,116.45833333333331,78.75,29.72083333333333,60.125,12.408333333333333
2025-05-19,88.34166666666665,50.6125,500.875,42.11666666666667,32.75,130.58333333333334,0.5829166666666666,62.541666666666664,2.216666666666667,144.875,92.20833333333331,29.7625,70.83333333333333,9.4625
2025-05-20,64.92083333333333,44.9125,614.8333333333334,45.90833333333333,27.9125,116.875,0.4020833333333333,28.916666666666668,2.535416666666667,133.66666666666666,76.95833333333333,31.462500000000002,65.33333333333333,9.483333333333333
2025-05-21,67.80833333333334,45.3875,710.6666666666666,61.479166666666664,37.454166666666666,97.70833333333331,0.29,35.916666666666664,2.527083333333333,131.625,78.5,32.46666666666667,57.5,8.7875
2025-05-22,118.36666666666667,48.65416666666667,568.9583333333334,39.733333333333334,22.4,93.29166666666669,0.2920833333333333,127.04166666666669,2.6791666666666667,121.16666666666669,77.875,33.84583333333333,51.25,9.5625
2025-05-23,106.95,54.75416666666666,438.9166666666667,69.34583333333333,28.504166666666663,75.33333333333333,0.3075,94.29166666666669,2.7104166666666667,143.95833333333334,86.41666666666667,35.24583333333333,32.208333333333336,8.945833333333333
2025-05-24,72.6875,45.45,493.0833333333333,58.0125,24.604166666666668,83.25,0.2954166666666666,46.583333333333336,2.7624999999999997,135.70833333333334,79.83333333333333,35.67916666666667,31.541666666666668,9.558333333333334
2025-05-25,91.18333333333334,46.90833333333333,514.5,40.21666666666667,18.341666666666665,107.41666666666669,0.3883333333333333,80.08333333333333,2.49375,128.5,76.91666666666667,34.675000000000004,40.791666666666664,13.420833333333334
2025-05-26,98.75,39.50416666666667,469.1666666666667,29.95,15.429166666666667,115.95833333333331,0.41875,107.54166666666669,2.4229166666666666,125.54166666666669,81.125,34.9125,48.25,12.591666666666667
2025-05-27,139.9125,35.920833333333334,342.4166666666667,17.091666666666665,12.220833333333331,144.41666666666666,0.3291666666666666,190.58333333333337,2.4520833333333334,115.04166666666669,84.20833333333333,33.12916666666667,46.416666666666664,15.095833333333333
2025-05-28,90.70833333333331,45.8625,399.75,27.295833333333334,19.479166666666668,148.83333333333334,0.4383333333333333,76.75,2.36875,138.16666666666666,88.54166666666667,32.06666666666667,55.166666666666664,11.495833333333332
2025-05-29,80.58749999999999,47.06666666666666,472.75,51.07916666666667,31.7,114.95833333333331,0.45375,54.75,2.3312500000000003,131.16666666666666,77.70833333333333,32.99583333333333,57.708333333333336,9.8125
2025-05-30,74.33749999999999,44.770833333333336,602.5833333333334,34.295833333333334,21.504166666666663,130.0,0.3899999999999999,49.125,2.470833333333333,133.66666666666666,74.79166666666667,33.766666666666666,47.083333333333336,12.091666666666667
2025-05-31,77.64999999999999,34.68333333333333,433.9166666666667,20.425,13.445833333333333,123.0,0.24375,76.41666666666667,2.6437500000000003,120.125,75.04166666666667,33.02916666666667,52.666666666666664,15.145833333333334
2025-06-01,70.74583333333334,34.795833333333334,331.25,26.8875,19.6875,133.375,0.29125,61.0,2.6270833333333337,101.04166666666669,69.25,31.8,55.75,11.174999999999999
2025-06-02,55.8375,36.725,525.5,44.01666666666667,25.5125,106.20833333333331,0.3445833333333333,28.958333333333332,2.6125,111.70833333333331,71.08333333333333,32.94583333333333,51.875,11.195833333333333
2025-06-03,77.92083333333333,36.87083333333333,368.9583333333333,29.395833333333332,22.629166666666663,122.5,0.3095833333333333,68.54166666666667,2.6750000000000003,99.66666666666669,66.625,31.745833333333334,65.08333333333333,13.0
2025-06-04,92.00416666666666,36.3,382.8333333333333,20.454166666666666,15.629166666666668,132.54166666666666,0.3170833333333333,98.04166666666669,2.595833333333333,112.66666666666669,73.04166666666667,31.2625,62.541666666666664,15.674999999999999
2025-06-05,136.82500000000002,48.4125,342.2916666666667,22.491666666666664,16.829166666666666,134.91666666666666,0.3587499999999999,160.625,2.4125,120.5,87.95833333333333,30.90416666666667,59.875,15.641666666666666
2025-06-06,209.45416666666668,43.84583333333333,357.9583333333333,20.15,13.391666666666666,124.70833333333331,0.2525,309.5,2.4499999999999997,123.20833333333331,104.95833333333331,30.291666666666668,56.75,14.179166666666667
2025-06-07,160.47083333333333,57.025,317.2083333333333,45.04583333333333,33.449999999999996,103.95833333333331,0.4624999999999999,185.83333333333337,2.308333333333333,144.16666666666666,122.04166666666669,30.270833333333332,69.91666666666667,10.216666666666667
2025-06-08,136.1625,54.07916666666667,407.5,37.68333333333333,30.7375,120.58333333333331,0.49125,147.83333333333334,2.285416666666667,146.5,95.29166666666669,31.96666666666667,69.5,11.695833333333333
2025-06-09,111.97916666666669,53.46666666666667,389.25,42.84166666666667,25.679166666666664,112.95833333333331,0.4616666666666666,105.58333333333331,2.2916666666666665,150.08333333333334,92.79166666666669,34.1875,51.75,10.754166666666668
2025-06-10,63.45416666666667,35.858333333333334,392.0,49.275,25.52916666666667,95.91666666666669,0.32125,50.541666666666664,2.5208333333333335,122.66666666666669,76.0,35.512499999999996,34.375,10.5625
2025-06-11,53.916666666666664,33.074999999999996,420.4583333333333,45.645833333333336,24.8625,85.16666666666667,0.2491666666666666,38.125,2.6125000000000003,95.08333333333331,66.58333333333333,35.112500000000004,30.791666666666668,10.762500000000001
2025-06-12,58.4125,37.47083333333333,389.5,52.55833333333334,28.7875,103.625,0.3533333333333333,37.166666666666664,2.50625,106.54166666666669,68.125,35.3375,38.916666666666664,8.583333333333334
2025-06-13,76.33333333333333,39.5375,416.875,41.1375,25.7375,109.875,0.4570833333333333,63.208333333333336,2.3833333333333333,111.91666666666669,70.70833333333333,35.225,46.0,9.512500000000001
2025-06-14,79.64166666666667,39.675,464.7916666666667,34.204166666666666,26.025,122.20833333333331,0.4116666666666666,72.29166666666667,2.4916666666666667,114.25,71.29166666666667,34.53333333333333,48.458333333333336,10.8375
2025-06-15,80.96249999999999,47.24166666666667,556.4166666666666,37.858333333333334,29.40833333333333,122.16666666666669,0.41875,61.416666666666664,2.4812499999999997,125.58333333333331,74.54166666666667,33.7125,40.208333333333336,10.604166666666666
2025-06-16,72.20833333333333,47.69583333333333,662.1666666666666,44.80833333333334,30.145833333333332,131.16666666666666,0.3591666666666666,45.541666666666664,2.6125000000000003,144.54166666666666,79.625,34.766666666666666,47.666666666666664,8.895833333333334
2025-06-17,77.74166666666666,42.38333333333333,483.4583333333333,41.53333333333334,23.670833333333334,105.08333333333331,0.2925,66.41666666666667,2.7104166666666667,119.75,74.54166666666667,34.800000000000004,54.291666666666664,11.083333333333334
2025-06-18,82.07916666666667,40.1125,491.0833333333333,32.112500000000004,24.233333333333334,128.5,0.3454166666666666,73.45833333333333,2.658333333333333,118.08333333333331,73.16666666666667,34.22083333333333,53.708333333333336,12.220833333333333
2025-06-19,83.55,39.854166666666664,362.8333333333333,28.066666666666663,22.145833333333332,126.70833333333331,0.40625,76.25,2.4520833333333334,118.375,73.5,34.108333333333334,66.16666666666667,14.258333333333333
2025-06-20,74.55833333333332,36.920833333333334,385.0,27.291666666666668,22.433333333333337,139.75,0.3279166666666667,65.45833333333333,2.5833333333333335,120.95833333333331,74.66666666666667,33.516666666666666,66.20833333333333,13.658333333333333
2025-06-21,101.07916666666668,48.23333333333333,498.7916666666667,28.141666666666666,22.816666666666663,157.95833333333334,0.425,94.29166666666669,2.4541666666666666,127.25,71.45833333333333,33.141666666666666,64.45833333333333,10.358333333333333
2025-06-22,114.62916666666666,54.84583333333333,524.5833333333334,22.65416666666667,19.441666666666663,178.83333333333334,0.52625,108.08333333333331,2.4,161.70833333333334,85.125,32.925000000000004,62.625,11.354166666666666
2025-06-23,126.43333333333334,48.0875,485.0,19.441666666666663,16.854166666666668,166.83333333333334,0.4754166666666666,144.75,2.4625,157.375,86.875,33.329166666666666,56.083333333333336,14.316666666666668
2025-06-24,104.94166666666666,38.00416666666667,441.5833333333333,18.054166666666667,15.679166666666667,146.25,0.5391666666666667,125.29166666666669,2.310416666666667,136.16666666666666,87.66666666666667,33.46666666666667,49.875,16.941666666666666
2025-06-25,112.125,45.979166666666664,317.0,28.191666666666663,21.129166666666663,132.54166666666666,0.515,122.20833333333331,2.3958333333333335,117.625,82.66666666666667,33.57083333333333,47.666666666666664,12.608333333333334
2025-06-26,141.25,56.775,354.875,31.8,25.59583333333333,134.875,0.6366666666666667,153.91666666666666,2.1999999999999997,137.20833333333334,88.95833333333333,33.583333333333336,65.33333333333333,10.804166666666667
2025-06-27,139.33333333333334,67.99583333333334,479.4583333333333,50.38333333333333,31.625,102.375,0.74375,125.625,2.185416666666667,156.45833333333334,100.04166666666669,34.9125,56.666666666666664,10.179166666666665
2025-06-28,116.6125,56.85833333333333,527.3333333333334,45.333333333333336,30.566666666666663,97.20833333333331,0.8825,108.20833333333331,1.9645833333333331,152.95833333333334,91.29166666666669,34.59583333333333,60.208333333333336,9.720833333333333
2025-06-29,102.94583333333333,53.44583333333333,736.5,39.50416666666667,32.608333333333334,120.75,0.7954166666666667,88.16666666666667,1.9333333333333331,140.16666666666666,81.375,32.4375,66.45833333333333,9.583333333333334
2025-06-30,144.31666666666666,60.4625,510.0,33.6,28.479166666666668,136.29166666666666,0.6679166666666667,150.95833333333334,2.1875,153.04166666666666,96.95833333333331,33.041666666666664,60.416666666666664,10.979166666666666
2025-07-01,98.15,54.3375,492.625,36.016666666666666,27.395833333333332,136.79166666666666,0.4395833333333334,77.54166666666667,2.49375,152.79166666666666,86.33333333333333,34.229166666666664,54.208333333333336,8.012500000000001
2025-07-02,155.825,63.6875,651.25,36.4875,29.429166666666664,119.58333333333331,0.5108333333333334,169.125,2.3520833333333333,152.0,92.83333333333331,33.199999999999996,66.04166666666667,9.629166666666666
2025-07-03,113.09583333333336,44.2875,399.625,27.8125,20.945833333333333,132.875,0.42625,124.83333333333331,2.4479166666666665,139.54166666666666,91.875,33.666666666666664,67.75,13.833333333333334
2025-07-04,101.1625,44.01666666666667,300.9583333333333,30.112499999999997,23.55,139.54166666666666,0.6116666666666667,100.54166666666669,2.2958333333333334,130.54166666666666,81.58333333333333,34.108333333333334,62.25,11.112499999999999
2025-07-05,162.23333333333332,52.00416666666666,467.0416666666667,27.791666666666668,21.820833333333336,123.45833333333331,0.8016666666666666,204.875,2.1395833333333334,139.70833333333334,94.625,33.6875,66.70833333333333,12.204166666666666
2025-07-06,164.55416666666667,51.7625,331.7916666666667,19.804166666666667,14.608333333333334,136.16666666666666,0.7208333333333333,208.625,2.1666666666666665,141.41666666666666,106.33333333333331,33.104166666666664,57.375,18.354166666666668
2025-07-07,258.68333333333334,63.49583333333334,363.5833333333333,18.929166666666667,15.395833333333334,144.16666666666666,0.7233333333333333,374.2083333333333,1.9458333333333335,147.125,122.95833333333331,32.69166666666667,54.166666666666664,16.925
2025-07-08,223.47083333333333,60.75416666666666,481.625,29.125,20.816666666666663,129.08333333333334,0.7858333333333333,308.5416666666667,1.9791666666666667,155.33333333333334,138.25,32.8375,47.583333333333336,11.5625
2025-07-09,234.63333333333333,73.49166666666666,722.375,38.7375,35.15416666666667,132.08333333333334,0.8245833333333333,302.7916666666667,1.9375,156.125,132.54166666666666,32.791666666666664,39.208333333333336,8.841666666666667
2025-07-10,176.88333333333333,69.48333333333333,526.125,46.78333333333333,35.479166666666664,123.875,0.7895833333333333,199.41666666666663,1.9270833333333333,159.58333333333334,115.16666666666669,33.324999999999996,38.666666666666664,8.2875
2025-07-11,151.14583333333334,72.66250000000001,442.9166666666667,58.270833333333336,33.975,81.29166666666667,0.76625,143.58333333333334,2.0395833333333333,160.66666666666666,110.70833333333331,34.35,53.25,11.029166666666667
2025-07-12,149.19583333333333,57.5375,299.0,40.1375,19.8625,67.375,0.8666666666666667,173.83333333333334,1.7979166666666666,153.95833333333334,98.79166666666669,35.65416666666667,54.708333333333336,9.816666666666666
2025-07-13,119.43333333333334,49.25,265.875,39.641666666666666,18.804166666666667,78.95833333333333,0.8454166666666666,129.375,1.9958333333333331,145.04166666666666,94.70833333333331,37.625,41.0,13.308333333333332
2025-07-14,120.10416666666669,53.775,309.2916666666667,46.2875,21.5125,72.29166666666667,0.8083333333333332,123.70833333333331,2.0145833333333334,138.91666666666666,87.08333333333333,38.262499999999996,33.208333333333336,11.720833333333333
2025-07-15,115.40833333333336,55.770833333333336,277.1666666666667,44.76666666666667,21.258333333333333,77.5,0.8104166666666667,111.20833333333331,2.0625,148.375,87.875,38.42916666666667,35.375,12.070833333333333
2025-07-16,159.99166666666667,69.79166666666667,381.25,49.229166666666664,31.083333333333332,107.20833333333331,0.75875,170.45833333333334,2.097916666666667,153.41666666666666,90.75,37.333333333333336,38.75,12.520833333333334
2025-07-17,195.7125,72.30416666666666,461.125,42.75416666666666,37.4625,119.08333333333331,0.6391666666666667,230.08333333333337,2.1666666666666665,161.33333333333334,114.16666666666669,36.19166666666667,41.166666666666664,11.137500000000001
2025-07-18,132.56666666666666,59.854166666666664,359.875,46.833333333333336,24.40416666666667,83.70833333333333,0.8058333333333333,139.04166666666666,1.9083333333333332,156.95833333333334,109.91666666666669,37.94583333333333,39.0,13.783333333333333
2025-07-19,109.03333333333336,54.53333333333333,284.125,50.3125,28.066666666666663,61.166666666666664,0.6766666666666666,99.95833333333331,2.1958333333333333,141.29166666666666,82.95833333333333,37.88333333333333,42.291666666666664,13.120833333333332
2025-07-20,154.17083333333332,68.375,520.5833333333334,42.76666666666667,30.46666666666667,98.5,0.6908333333333333,160.75,2.0833333333333335,153.41666666666666,93.79166666666669,35.84166666666667,60.291666666666664,10.116666666666667
2025-07-21,135.79999999999998,68.70833333333333,424.125,48.0625,24.379166666666663,96.125,0.6749999999999999,129.41666666666666,2.0708333333333333,157.83333333333334,99.25,38.18333333333333,49.625,11.395833333333334
2025-07-22,133.17083333333332,62.525,282.5,38.354166666666664,19.979166666666668,88.875,0.75875,134.0,2.027083333333333,155.625,94.41666666666669,38.21666666666667,45.958333333333336,13.791666666666666
2025-07-23,113.30416666666667,53.39166666666667,521.3333333333334,39.88333333333333,31.05,114.91666666666669,0.5995833333333334,110.75,2.154166666666667,151.70833333333334,89.20833333333333,34.925000000000004,64.25,8.808333333333334
2025-07-24,93.92083333333332,49.56666666666666,533.1666666666666,45.575,31.59583333333333,112.66666666666669,0.57125,79.83333333333333,2.2583333333333333,134.125,82.125,34.454166666666666,69.58333333333333,10.7125
2025-07-25,130.98333333333332,48.69166666666666,211.79166666666663,34.141666666666666,17.0625,85.91666666666667,0.5575,165.875,2.2333333333333334,132.91666666666666,82.66666666666667,39.199999999999996,41.125,15.883333333333333
2025-07-26,94.0,43.40416666666667,244.5,35.84583333333333,17.691666666666666,77.0,0.6008333333333333,98.45833333333331,2.1020833333333333,130.16666666666666,89.66666666666667,38.516666666666666,36.625,13.141666666666666
2025-07-27,88.33749999999999,48.92083333333333,312.25,43.4,27.575,82.41666666666667,0.5820833333333334,75.79166666666667,2.1770833333333335,122.29166666666669,75.91666666666667,37.895833333333336,39.375,11.695833333333333
2025-07-28,109.15833333333336,58.82916666666667,387.375,46.075,27.129166666666663,95.29166666666669,0.6083333333333333,100.41666666666669,2.1354166666666665,147.66666666666666,84.33333333333333,37.729166666666664,44.916666666666664,13.3375
2025-07-29,111.24583333333334,57.81666666666666,421.0833333333333,40.59583333333333,23.866666666666664,95.79166666666669,0.59,103.875,2.2666666666666666,151.79166666666666,86.91666666666667,37.2875,45.958333333333336,13.479166666666666
2025-07-30,163.36666666666667,60.525,514.1666666666666,24.691666666666663,18.5625,146.45833333333334,0.6108333333333333,193.54166666666663,2.2312499999999997,161.04166666666666,89.08333333333333,35.762499999999996,50.166666666666664,13.487499999999999
2025-07-31,163.77083333333334,77.52916666666667,666.6666666666666,48.208333333333336,32.604166666666664,168.29166666666666,0.715,161.79166666666666,2.1020833333333333,174.70833333333334,112.95833333333331,37.30416666666667,42.666666666666664,9.025
2025-08-01,186.65833333333333,68.04583333333333,245.625,36.2875,18.1875,105.66666666666669,0.7916666666666666,230.58333333333337,1.93125,161.0,103.75,39.0,42.125,17.016666666666666
2025-08-02,150.27083333333334,61.7375,251.29166666666663,36.541666666666664,19.675,87.41666666666667,0.7275,168.875,2.0166666666666666,155.5,113.16666666666669,38.025,44.458333333333336,15.516666666666666
2025-08-03,150.07916666666668,65.10416666666667,319.7916666666667,38.8125,23.879166666666663,84.25,0.65125,159.0,2.11875,152.875,97.75,37.90416666666667,40.666666666666664,14.779166666666667
2025-08-04,154.525,58.76666666666667,259.4583333333333,38.65416666666667,19.766666666666666,77.29166666666667,0.6954166666666667,184.5,2.0500000000000003,155.125,101.70833333333331,37.42916666666667,43.291666666666664,15.191666666666668
2025-08-05,138.80416666666667,49.291666666666664,222.45833333333337,31.28333333333333,17.595833333333335,58.041666666666664,0.5995833333333334,171.25,2.214583333333333,144.16666666666666,102.125,37.362500000000004,39.875,14.262500000000001
2025-08-06,135.39583333333334,58.23333333333333,244.45833333333337,41.00833333333333,22.8375,77.45833333333333,0.6041666666666666,143.875,2.1979166666666665,142.66666666666666,91.75,37.483333333333334,36.916666666666664,13.183333333333332
2025-08-07,139.74166666666667,59.3375,266.875,39.37083333333333,23.0,84.33333333333333,0.6891666666666666,154.66666666666666,2.066666666666667,151.625,94.79166666666669,37.6,37.5,13.595833333333333
2025-08-08,111.72083333333336,45.895833333333336,219.75,35.11666666666667,20.8125,69.04166666666667,0.63625,125.0,2.11875,141.29166666666666,91.5,37.1875,43.125,15.012500000000001
2025-08-09,115.98333333333332,48.15,222.20833333333337,38.266666666666666,23.6875,62.083333333333336,0.5375,129.04166666666666,2.247916666666667,128.70833333333334,84.91666666666667,37.09583333333333,41.375,12.575000000000001
2025-08-10,123.9875,54.520833333333336,230.5,46.075,27.266666666666666,67.625,0.5516666666666666,132.08333333333334,2.191666666666667,142.95833333333334,87.70833333333333,37.09166666666667,38.041666666666664,14.15
2025-08-11,117.39166666666668,44.84583333333333,203.91666666666663,38.49583333333333,19.225,46.541666666666664,0.4845833333333333,139.08333333333334,2.28125,138.25,89.79166666666667,36.69583333333333,38.125,14.366666666666667
2025-08-12,109.7,49.28333333333333,284.4166666666667,42.083333333333336,24.666666666666668,57.666666666666664,0.4624999999999999,114.08333333333331,2.2958333333333334,126.79166666666669,85.45833333333333,36.0375,40.875,14.1875
2025-08-13,93.27083333333331,51.73333333333333,585.4583333333334,25.27916666666667,19.4625,119.91666666666669,0.5325000000000001,76.08333333333333,2.2604166666666665,134.33333333333334,81.375,35.19583333333333,51.5,12.6875
2025-08-14,123.00833333333333,73.58333333333333,568.2083333333334,42.40416666666667,35.77916666666667,140.875,0.7516666666666666,95.29166666666669,2.0479166666666666,159.08333333333334,89.83333333333333,35.270833333333336,50.208333333333336,9.408333333333333
2025-08-15,238.70416666666665,60.4625,195.70833333333337,26.741666666666664,12.9875,77.45833333333333,0.7999999999999999,346.125,1.6416666666666666,156.04166666666666,108.125,36.699999999999996,46.333333333333336,26.195833333333336
2025-08-16,207.4416666666667,55.69583333333333,171.79166666666666,29.733333333333334,15.179166666666667,69.66666666666667,0.8029166666666666,294.1666666666667,1.8833333333333335,154.875,140.875,36.7875,47.5,17.25
2025-08-17,127.39166666666668,53.2875,299.0416666666667,36.016666666666666,20.279166666666665,80.66666666666667,0.71,140.41666666666666,1.9395833333333332,141.16666666666666,104.41666666666669,37.0625,41.375,12.679166666666667
2025-08-18,129.57916666666668,59.23333333333333,415.875,49.229166666666664,31.495833333333337,67.875,0.625,130.66666666666666,2.1333333333333333,151.5,90.83333333333331,36.8125,41.041666666666664,11.424999999999999
2025-08-19,133.5625,55.895833333333336,307.9583333333333,38.25833333333333,25.229166666666668,76.0,0.7125,147.5,2.029166666666667,148.125,92.45833333333331,36.229166666666664,49.125,12.429166666666667
2025-08-20,134.5375,54.35833333333333,258.2083333333333,41.40416666666667,24.566666666666663,77.125,0.735,153.125,1.8104166666666668,150.33333333333334,92.375,36.987500000000004,46.916666666666664,11.983333333333334
2025-08-21,155.85,57.0125,223.125,29.4,16.908333333333335,83.04166666666667,0.62,190.04166666666663,2.13125,146.08333333333334,102.5,36.12083333333333,44.708333333333336,12.041666666666666
2025-08-22,166.07083333333333,71.04583333333333,334.1666666666667,35.545833333333334,25.6125,78.66666666666667,0.7154166666666667,177.70833333333334,2.0166666666666666,155.0,99.75,35.25833333333333,52.916666666666664,15.112499999999999
2025-08-23,172.42916666666667,75.25,449.25,28.5125,22.141666666666666,97.95833333333331,0.6916666666666668,183.33333333333337,2.035416666666667,159.875,110.75,34.975,56.125,13.799999999999999
2025-08-24,120.175,50.395833333333336,487.0416666666667,32.762499999999996,24.5625,117.75,0.56375,125.95833333333331,2.2083333333333335,154.29166666666666,100.08333333333331,34.416666666666664,59.583333333333336,12.033333333333333
2025-08-25,102.02083333333331,51.36666666666667,521.0833333333334,35.108333333333334,27.870833333333337,130.83333333333334,0.5425,93.41666666666669,2.03125,140.125,83.08333333333333,34.99166666666667,43.791666666666664,10.887500000000001
2025-08-26,131.17083333333332,59.270833333333336,401.75,72.3875,44.65833333333333,72.25,0.7433333333333333,138.20833333333334,1.7020833333333334,143.70833333333334,82.91666666666667,35.579166666666666,28.916666666666668,8.829166666666667
2025-08-27,169.40416666666667,61.30416666666667,212.625,42.50833333333333,22.295833333333334,81.16666666666667,0.6995833333333333,207.58333333333337,1.7791666666666668,153.25,102.79166666666669,36.704166666666666,48.375,13.970833333333333
2025-08-28,167.58333333333334,65.97500000000001,270.3333333333333,39.69583333333333,19.591666666666665,88.08333333333333,0.7087500000000001,194.0,1.8145833333333332,154.70833333333334,110.04166666666669,36.9375,40.0,12.8125
2025-08-29,105.28333333333336,56.55833333333334,379.1666666666667,52.73333333333333,25.358333333333334,81.5,0.6445833333333334,89.375,1.875,153.45833333333334,95.0,35.99166666666667,43.583333333333336,10.316666666666666
2025-08-30,95.35416666666669,54.979166666666664,420.875,46.00416666666666,32.204166666666666,93.04166666666669,0.6408333333333334,75.625,1.9333333333333331,150.54166666666666,85.16666666666667,35.637499999999996,55.333333333333336,10.970833333333333
2025-08-31,94.37916666666666,56.208333333333336,417.875,41.12916666666667,24.895833333333332,111.79166666666669,0.5516666666666666,71.66666666666667,2.00625,146.16666666666666,83.25,36.3125,44.833333333333336,10.491666666666667
2025-09-01,98.53333333333336,58.39166666666667,454.7916666666667,36.420833333333334,24.90416666666667,106.125,0.5304166666666666,74.875,2.066666666666667,149.04166666666666,84.58333333333333,34.525,58.208333333333336,11.458333333333334
2025-09-02,180.5125,69.91250000000001,441.0833333333333,34.00416666666667,25.741666666666664,119.83333333333331,0.4995833333333333,204.91666666666663,2.058333333333333,156.375,98.5,33.43333333333333,72.5,11.299999999999999
2025-09-03,180.40416666666667,67.87083333333334,331.75,52.075,34.25833333333333,88.83333333333333,0.5295833333333334,208.33333333333337,1.9229166666666664,155.83333333333334,114.20833333333331,35.00416666666667,54.333333333333336,11.2125
2025-09-04,252.67083333333335,59.18333333333334,178.70833333333334,28.03333333333333,14.379166666666668,79.58333333333333,0.6166666666666667,378.5833333333333,1.7104166666666665,154.16666666666666,120.20833333333331,36.141666666666666,43.583333333333336,16.616666666666667
2025-09-05,173.6875,51.30833333333334,259.0,33.574999999999996,17.1125,57.375,0.5795833333333333,237.75,1.90625,146.625,133.04166666666666,36.6,39.25,14.529166666666667
2025-09-06,115.78333333333336,52.4125,336.1666666666667,42.020833333333336,21.925,71.125,0.5229166666666667,116.41666666666669,2.0104166666666665,146.04166666666666,96.83333333333331,35.69166666666667,46.0,12.208333333333334
2025-09-07,97.4875,47.13333333333333,509.125,24.791666666666668,17.879166666666666,140.66666666666666,0.5541666666666667,90.41666666666669,1.93125,138.54166666666666,81.04166666666667,34.483333333333334,57.708333333333336,12.987499999999999
2025-09-08,100.45,45.44166666666666,515.2083333333334,35.72083333333333,25.520833333333332,121.41666666666669,0.5879166666666666,97.375,1.8625,134.79166666666666,81.29166666666667,33.69166666666667,70.91666666666667,9.424999999999999
2025-09-09,129.60833333333332,53.45416666666667,351.25,36.854166666666664,23.475,116.70833333333331,0.5375,146.625,1.825,133.16666666666666,85.25,35.87916666666667,60.083333333333336,12.829166666666666
2025-09-10,114.24583333333334,53.76666666666667,287.25,40.00416666666667,24.4375,76.29166666666667,0.4645833333333333,113.625,1.9916666666666665,146.625,88.08333333333333,34.699999999999996,44.083333333333336,11.245833333333332
2025-09-11,169.92499999999998,51.475,253.29166666666663,33.045833333333334,18.095833333333335,72.125,0.5445833333333333,225.25,1.89375,140.95833333333334,94.25,35.125,44.625,13.616666666666667
2025-09-12,199.475,47.36666666666667,218.41666666666663,28.225,15.3125,57.666666666666664,0.5670833333333333,296.4166666666667,1.8833333333333335,135.08333333333334,115.45833333333331,34.80416666666667,50.583333333333336,15.525
2025-09-13,271.12916666666666,49.86666666666667,137.16666666666666,24.95,11.7625,57.0,0.5570833333333333,420.125,1.8104166666666668,143.16666666666666,135.875,34.108333333333334,53.625,16.6375
2025-09-14,165.60416666666666,34.93333333333333,140.79166666666666,27.075,13.754166666666668,54.833333333333336,0.4320833333333333,249.875,1.95625,133.5,128.79166666666666,33.25833333333333,53.666666666666664,15.691666666666668
2025-09-15,135.09166666666667,34.02916666666667,191.83333333333337,27.070833333333336,14.570833333333333,53.208333333333336,0.3925,190.29166666666663,1.99375,96.33333333333331,98.41666666666669,32.887499999999996,53.125,14.6
2025-09-16,80.61666666666666,38.69166666666667,351.4166666666667,33.15833333333333,23.1625,81.125,0.5695833333333333,73.33333333333333,1.9083333333333332,101.54166666666669,82.0,33.395833333333336,67.125,10.291666666666666
2025-09-17,69.06666666666666,38.7125,499.7083333333333,37.833333333333336,27.879166666666663,103.29166666666669,0.5950000000000001,52.166666666666664,1.8541666666666667,116.08333333333331,74.08333333333333,33.38333333333333,71.33333333333333,9.354166666666666
2025-09-18,56.50416666666666,32.958333333333336,570.0416666666666,33.233333333333334,23.1875,109.70833333333331,0.4491666666666666,40.791666666666664,1.9666666666666668,98.08333333333331,67.04166666666667,32.99583333333333,67.125,9.141666666666667
2025-09-19,93.39166666666668,49.43333333333334,551.625,58.57083333333333,39.7125,99.33333333333331,0.3320833333333333,78.20833333333333,2.058333333333333,114.41666666666669,72.95833333333333,32.12916666666667,65.91666666666667,8.112499999999999
2025-09-20,102.35833333333332,42.69166666666666,406.5416666666667,40.0625,23.2,78.16666666666667,0.4108333333333333,111.45833333333331,1.9625,124.75,78.70833333333333,34.079166666666666,55.0,13.362499999999999
2025-09-21,155.72083333333333,46.75416666666666,261.2083333333333,40.44166666666667,22.725,42.041666666666664,0.4029166666666666,206.75,1.89375,119.625,91.08333333333331,33.9,51.291666666666664,10.583333333333334
2025-09-22,126.05,56.575,363.875,44.7625,30.233333333333334,66.375,0.5091666666666667,126.16666666666669,1.7916666666666667,143.41666666666666,98.66666666666669,33.4625,57.625,11.379166666666668
2025-09-23,126.25,62.925,633.375,56.416666666666664,41.391666666666666,64.5,0.5304166666666666,113.125,1.8333333333333333,152.58333333333334,89.75,31.958333333333332,73.41666666666667,7.1625000000000005
2025-09-24,56.8875,28.608333333333334,329.2083333333333,19.3375,11.545833333333334,121.125,0.1779166666666667,47.0,2.15,134.625,79.04166666666667,32.112500000000004,65.75,17.2625
2025-09-25,41.9375,25.375,362.2916666666667,36.141666666666666,20.020833333333332,113.33333333333331,0.18625,21.875,2.1020833333333333,77.33333333333333,57.083333333333336,31.99166666666667,59.958333333333336,10.958333333333334
2025-09-26,85.47916666666667,44.0875,625.2916666666666,55.2,39.075,95.91666666666669,0.355,71.41666666666667,1.8458333333333337,100.5,68.08333333333333,31.90833333333333,64.16666666666667,7.6375
2025-09-27,94.6875,42.67083333333333,394.7083333333333,42.35,25.84583333333333,78.29166666666667,0.3458333333333334,94.66666666666669,1.81875,120.95833333333331,77.33333333333333,33.53333333333333,53.0,10.808333333333332
2025-09-28,76.54166666666667,40.875,384.7083333333333,43.42916666666667,27.870833333333337,86.83333333333333,0.2820833333333333,65.29166666666667,1.93125,115.25,75.04166666666667,32.666666666666664,56.166666666666664,10.629166666666666
2025-09-29,56.21666666666667,30.829166666666666,448.2916666666667,25.0875,17.491666666666667,120.04166666666669,0.26,41.875,2.004166666666667,108.41666666666669,68.33333333333333,31.691666666666666,71.16666666666667,12.691666666666668
2025-09-30,56.1375,33.4,464.125,35.34166666666667,25.808333333333337,120.625,0.3108333333333333,36.083333333333336,1.95625,96.58333333333331,65.70833333333333,31.641666666666666,70.16666666666667,9.645833333333334
2025-10-01,71.5625,38.99583333333333,501.5833333333333,29.495833333333337,21.625,126.79166666666669,0.3029166666666666,53.125,1.8958333333333333,107.54166666666669,69.5,31.395833333333332,77.41666666666667,10.216666666666667
2025-10-02,66.65833333333333,33.141666666666666,404.125,32.25833333333333,22.133333333333336,96.375,0.3320833333333333,55.75,1.75,100.66666666666669,68.16666666666667,31.45,70.33333333333333,8.725
2025-10-03,80.64583333333333,40.483333333333334,433.125,33.07083333333333,24.183333333333337,94.70833333333331,0.2945833333333333,69.79166666666667,1.8041666666666665,105.79166666666669,71.04166666666667,31.420833333333334,68.375,8.308333333333334
2025-10-04,69.0,35.920833333333334,426.1666666666667,21.05,15.316666666666668,110.625,0.2958333333333333,57.458333333333336,1.7729166666666665,107.75,70.91666666666667,30.816666666666666,70.70833333333333,10.983333333333333
2025-10-05,62.92916666666667,34.391666666666666,435.3333333333333,22.170833333333334,17.320833333333333,118.66666666666669,0.2904166666666666,47.458333333333336,1.7729166666666665,95.58333333333331,66.75,30.71666666666667,69.29166666666667,9.829166666666667
2025-10-06,65.24166666666666,42.0375,362.875,50.86666666666667,33.96666666666667,91.25,0.3833333333333333,39.291666666666664,1.7,109.375,71.33333333333333,30.912499999999998,68.08333333333333,9.987499999999999
2025-10-07,68.72916666666667,41.65416666666666,353.625,50.18333333333334,32.875,78.5,0.3933333333333333,49.458333333333336,1.6270833333333332,117.75,74.04166666666667,31.183333333333334,62.541666666666664,10.708333333333334
2025-10-08,76.58333333333333,46.15416666666667,422.25,56.90416666666667,37.875,71.83333333333333,0.345,55.291666666666664,1.6958333333333335,117.54166666666669,74.0,30.183333333333334,64.29166666666667,9.758333333333333
2025-10-09,90.1,47.375,357.9166666666667,53.52916666666667,31.9375,55.875,0.3479166666666666,79.125,1.6770833333333333,127.83333333333331,77.29166666666667,30.383333333333336,58.416666666666664,11.112499999999999
2025-10-10,82.22500000000001,42.55833333333333,344.3333333333333,46.24583333333334,27.491666666666664,79.54166666666667,0.4216666666666666,72.25,1.5708333333333335,125.20833333333331,76.54166666666667,30.620833333333334,55.208333333333336,11.241666666666667
2025-10-11,90.32916666666668,52.775,413.4583333333333,45.65416666666667,33.40833333333333,89.5,0.4745833333333333,68.91666666666667,1.54375,128.5,77.58333333333333,29.858333333333334,60.791666666666664,10.170833333333333
2025-10-12,73.55833333333334,39.108333333333334,301.0833333333333,40.479166666666664,26.945833333333336,71.58333333333333,0.4516666666666666,64.04166666666667,1.5520833333333333,133.95833333333334,79.25,31.28333333333333,49.041666666666664,12.637500000000001
2025-10-13,68.07083333333334,32.25416666666667,321.875,33.625,20.279166666666665,54.166666666666664,0.4079166666666666,65.16666666666667,1.4604166666666665,96.875,68.83333333333333,32.15,41.791666666666664,11.066666666666668
2025-10-14,67.2,37.625,460.9166666666667,33.895833333333336,23.175,83.125,0.325,50.916666666666664,1.56875,98.45833333333331,67.91666666666667,30.554166666666664,53.958333333333336,8.616666666666667
2025-10-15,54.2,35.74166666666667,452.0416666666667,30.7,20.866666666666667,90.04166666666667,0.3645833333333333,27.416666666666668,1.4979166666666668,100.125,68.45833333333333,30.191666666666666,68.08333333333333,9.529166666666667
2025-10-16,98.81666666666666,45.6875,353.9583333333333,44.27916666666667,26.25,65.375,0.4766666666666666,97.91666666666669,1.4145833333333335,113.125,73.08333333333333,29.891666666666666,62.416666666666664,11.045833333333334
2025-10-17,72.64999999999999,36.675,302.0833333333333,39.420833333333334,22.395833333333332,69.33333333333333,0.47125,66.16666666666667,1.4,117.875,76.5,30.075,50.166666666666664,11.404166666666667
2025-10-18,61.2125,40.24166666666667,381.25,41.09166666666667,26.65416666666667,75.45833333333333,0.3874999999999999,38.458333333333336,1.50625,104.08333333333331,69.70833333333333,29.558333333333334,51.083333333333336,11.116666666666667
2025-10-19,74.57916666666667,51.02916666666667,449.7083333333333,44.92083333333333,32.46666666666667,64.16666666666667,0.4291666666666667,41.791666666666664,1.4895833333333333,128.75,77.54166666666667,28.90833333333333,61.375,10.220833333333333
2025-10-20,61.3125,35.5875,398.9583333333333,46.25,32.770833333333336,75.04166666666667,0.2966666666666667,43.041666666666664,1.4979166666666668,120.16666666666669,74.83333333333333,29.041666666666668,62.291666666666664,9.174999999999999
2025-10-21,54.895833333333336,34.80833333333333,489.2916666666667,57.895833333333336,40.791666666666664,67.08333333333333,0.38,32.375,1.4854166666666666,98.5,67.83333333333333,29.349999999999998,57.916666666666664,9.141666666666667
2025-10-22,54.78333333333333,36.38333333333333,488.7916666666667,49.7625,31.34166666666667,73.04166666666667,0.3899999999999999,33.416666666666664,1.4166666666666667,100.95833333333331,68.70833333333333,29.333333333333332,58.375,9.070833333333335
2025-10-23,46.770833333333336,30.75,464.9583333333333,30.916666666666668,19.254166666666663,92.20833333333331,0.3216666666666666,26.416666666666668,1.46875,95.75,66.79166666666667,28.96666666666667,59.666666666666664,8.775
2025-10-24,51.0,32.512499999999996,473.0,32.40833333333333,18.85,86.83333333333333,0.2608333333333333,28.875,1.5854166666666665,90.0,64.625,28.954166666666666,51.375,8.008333333333335
2025-10-25,54.64166666666667,36.775,406.125,44.07083333333333,24.804166666666664,67.79166666666667,0.2904166666666666,26.583333333333332,1.5666666666666669,97.95833333333331,67.54166666666667,28.391666666666666,53.583333333333336,8.65
2025-10-26,63.4375,41.020833333333336,467.375,44.87916666666666,27.21666666666667,64.66666666666667,0.3395833333333333,36.291666666666664,1.491666666666667,109.16666666666669,71.33333333333333,27.479166666666668,62.208333333333336,8.758333333333333
2025-10-27,65.42916666666666,45.1125,515.5416666666666,58.4125,38.80833333333333,64.625,0.3591666666666666,35.291666666666664,1.4791666666666667,119.83333333333331,74.75,27.162499999999998,64.16666666666667,8.058333333333334
2025-10-28,61.9125,44.76666666666667,454.8333333333333,42.77916666666667,31.858333333333334,89.79166666666667,0.40125,30.916666666666668,1.3770833333333332,123.20833333333331,75.91666666666667,28.34583333333333,65.125,9.541666666666666
2025-10-29,61.5125,41.05833333333333,448.3333333333333,33.22083333333333,22.570833333333336,98.04166666666669,0.4058333333333333,37.208333333333336,1.3833333333333335,119.58333333333331,74.66666666666667,28.491666666666664,64.58333333333333,9.829166666666667
2025-10-30,55.69166666666666,40.708333333333336,516.8333333333334,29.566666666666663,21.675,103.54166666666669,0.4220833333333333,26.083333333333332,1.325,115.70833333333331,73.45833333333333,28.583333333333332,62.833333333333336,9.170833333333333
2025-10-31,33.75,25.645833333333332,365.0833333333333,30.270833333333332,20.466666666666665,88.91666666666667,0.3304166666666666,13.666666666666666,1.41875,94.875,66.29166666666667,28.304166666666664,60.0,10.408333333333333
2025-11-01,34.145833333333336,25.22083333333333,339.8333333333333,19.466666666666665,13.979166666666666,98.79166666666669,0.30625,13.625,1.36875,76.66666666666667,57.916666666666664,28.40416666666667,56.125,11.579166666666666
2025-11-02,47.604166666666664,35.2125,334.8333333333333,19.295833333333334,15.395833333333334,111.91666666666669,0.3329166666666667,20.75,1.3104166666666666,85.91666666666667,63.125,28.0625,56.125,8.879166666666666
2025-11-03,48.82916666666667,32.300000000000004,352.25,23.795833333333334,14.45,104.08333333333331,0.3416666666666666,24.416666666666668,1.3083333333333331,101.04166666666669,68.58333333333333,27.6125,54.458333333333336,12.416666666666666
2025-11-04,56.96666666666667,37.62916666666667,414.8333333333333,49.7625,29.225,72.83333333333333,0.3583333333333333,30.666666666666668,1.30625,92.41666666666669,65.54166666666667,27.808333333333334,52.333333333333336,10.233333333333333
2025-11-05,93.975,43.43333333333334,355.8333333333333,46.15833333333333,23.02916666666667,64.25,0.4558333333333333,92.66666666666669,1.2020833333333334,117.70833333333331,74.625,27.2,40.083333333333336,12.533333333333333
2025-11-06,68.82083333333334,39.325,341.8333333333333,52.26666666666667,31.233333333333334,55.416666666666664,0.4054166666666667,53.416666666666664,1.2333333333333334,113.79166666666669,73.91666666666667,26.1125,48.625,9.6625
2025-11-07,69.38333333333334,39.4375,249.66666666666663,55.11666666666667,29.041666666666668,49.833333333333336,0.2720833333333333,51.166666666666664,1.3208333333333333,112.25,72.25,25.541666666666668,42.375,10.883333333333333
2025-11-08,54.2,33.94583333333333,329.2916666666667,50.25416666666666,27.145833333333332,52.375,0.2704166666666667,33.458333333333336,1.26875,104.08333333333331,69.625,25.179166666666664,39.0,10.966666666666667
2025-11-09,52.9875,34.770833333333336,348.875,41.325,24.1625,72.25,0.3145833333333333,30.458333333333332,1.2270833333333333,92.79166666666669,65.58333333333333,25.329166666666666,48.5,9.908333333333333
2025-11-10,59.145833333333336,42.44583333333333,455.5,47.3625,31.8,73.41666666666667,0.3520833333333333,28.083333333333332,1.2041666666666666,110.41666666666669,71.66666666666667,25.991666666666664,51.291666666666664,7.904166666666666
2025-11-11,56.42083333333333,42.72083333333333,424.5,44.84166666666667,32.35,88.625,0.3720833333333333,23.791666666666668,1.1895833333333334,117.04166666666669,74.0,25.454166666666666,57.583333333333336,8.670833333333333
2025-11-12,47.1125,36.641666666666666,377.6666666666667,54.3125,36.96666666666667,71.625,0.2608333333333333,19.375,1.2458333333333331,112.5,72.45833333333333,25.016666666666666,53.708333333333336,8.775
2025-11-13,44.95416666666667,30.641666666666666,447.3333333333333,44.89166666666667,27.7625,75.54166666666667,0.2175,26.416666666666668,1.2479166666666668,98.08333333333331,67.625,25.079166666666666,55.166666666666664,9.770833333333334
2025-11-14,42.6875,32.62916666666667,468.5833333333333,47.7875,30.025,66.875,0.2358333333333333,18.25,1.2291666666666667,87.16666666666667,63.583333333333336,24.95,53.375,9.241666666666667
2025-11-15,51.67083333333333,42.45,417.7083333333333,50.0125,32.666666666666664,73.79166666666667,0.27625,15.916666666666666,1.2,110.75,71.83333333333333,24.587500000000002,50.458333333333336,10.204166666666667
2025-11-16,48.8875,42.75,349.9166666666667,49.375,32.041666666666664,88.66666666666667,0.2508333333333333,10.333333333333334,1.2291666666666667,115.125,73.20833333333333,25.020833333333332,50.375,9.429166666666667
2025-11-17,48.30833333333334,42.604166666666664,417.7916666666667,46.7,30.254166666666663,80.70833333333333,0.27375,9.25,1.10625,117.79166666666669,74.29166666666667,24.441666666666666,59.333333333333336,9.575000000000001
2025-11-18,70.1375,56.85833333333333,499.3333333333333,54.67083333333333,39.31666666666667,61.458333333333336,0.3425,22.875,1.09375,130.04166666666666,78.08333333333333,23.96666666666667,66.91666666666667,8.3125
2025-11-19,88.15833333333335,65.90416666666667,471.7083333333333,73.38333333333334,52.22083333333333,38.625,0.3020833333333333,39.5,1.1833333333333331,153.83333333333334,90.16666666666669,24.141666666666666,74.29166666666667,8.308333333333334
2025-11-20,71.575,59.1,471.4166666666667,64.72916666666667,39.3,57.916666666666664,0.2441666666666666,22.875,1.2,154.58333333333334,91.45833333333331,24.045833333333334,78.16666666666667,8.6
2025-11-21,54.96666666666667,46.72083333333333,564.4583333333334,51.145833333333336,40.05833333333333,75.33333333333333,0.2470833333333333,14.208333333333334,1.0875,143.45833333333334,82.58333333333333,24.120833333333334,78.66666666666667,7.145833333333333
2025-11-22,43.52916666666667,38.454166666666666,388.2083333333333,69.39583333333333,49.75833333333333,45.083333333333336,0.2233333333333333,9.041666666666666,1.1458333333333333,115.54166666666669,73.33333333333333,24.133333333333336,65.41666666666667,7.720833333333334
2025-11-23,46.24583333333334,35.395833333333336,463.4166666666667,61.0375,35.604166666666664,41.375,0.22,19.5,1.15,105.58333333333331,70.16666666666667,23.241666666666664,49.5,8.549999999999999
2025-11-24,37.6,29.1375,408.5833333333333,49.5125,31.71666666666667,64.125,0.2358333333333333,15.083333333333334,1.1,94.83333333333331,66.54166666666667,24.2625,54.416666666666664,9.595833333333333
2025-11-25,35.9375,29.53333333333333,381.4166666666667,51.604166666666664,28.616666666666664,61.583333333333336,0.1725,11.5,1.1375,81.83333333333333,61.583333333333336,22.599999999999998,50.833333333333336,9.870833333333334
2025-11-26,41.4625,34.829166666666666,483.0833333333333,53.46666666666667,31.7875,66.70833333333333,0.2375,11.208333333333334,1.11875,96.41666666666669,67.08333333333333,22.770833333333332,50.666666666666664,9.049999999999999
2025-11-27,34.40833333333333,29.366666666666664,489.2083333333333,47.2,28.866666666666664,78.75,0.2491666666666666,7.25,1.1145833333333333,88.75,64.16666666666667,22.695833333333336,49.958333333333336,9.129166666666666
2025-11-28,48.13333333333333,42.24166666666667,519.5416666666666,55.87083333333334,42.19166666666667,69.29166666666667,0.3575,8.833333333333334,1.0333333333333334,100.91666666666669,68.41666666666667,22.570833333333336,51.625,8.066666666666666
2025-11-29,49.175,43.25416666666666,363.5,44.49583333333334,30.9375,91.66666666666669,0.3266666666666666,9.833333333333334,1.0208333333333333,120.875,75.29166666666667,22.920833333333334,53.333333333333336,9.366666666666667
2025-11-30,58.825,48.479166666666664,407.2083333333333,49.166666666666664,31.75,81.16666666666667,0.3699999999999999,18.291666666666668,1.0125,123.45833333333331,75.91666666666667,22.541666666666668,57.083333333333336,8.520833333333334
2025-12-01,68.825,54.38333333333333,432.1666666666667,49.145833333333336,34.166666666666664,78.70833333333333,0.4520833333333333,25.75,0.9895833333333334,141.375,81.70833333333333,22.829166666666666,49.875,8.525
2025-12-02,68.625,56.25833333333333,417.2916666666667,49.81666666666666,35.80416666666667,86.58333333333333,0.3929166666666666,21.541666666666668,0.9958333333333332,145.0,82.75,22.275000000000002,63.625,9.275
2025-12-03,76.15833333333333,57.729166666666664,474.2083333333333,46.67083333333333,33.958333333333336,86.54166666666667,0.44875,31.166666666666668,0.9458333333333332,151.91666666666666,87.33333333333333,22.679166666666664,73.45833333333333,8.174999999999999
2025-12-04,76.60833333333333,58.4,371.0416666666667,56.99166666666667,39.22083333333333,66.875,0.4975,31.5,0.9333333333333332,151.16666666666666,86.20833333333333,23.395833333333332,65.0,8.154166666666667
2025-12-05,56.5875,41.88333333333333,526.9166666666666,57.19583333333333,33.94166666666667,54.166666666666664,0.5233333333333333,23.416666666666668,0.6395833333333333,140.16666666666666,81.58333333333333,23.429166666666664,64.41666666666667,8.395833333333334
2025-12-06,46.99583333333334,35.329166666666666,411.4166666666667,61.7125,39.375,43.916666666666664,0.4304166666666666,18.5,0.9145833333333332,104.45833333333331,69.875,22.96666666666667,69.83333333333333,8.004166666666666
2025-12-07,34.579166666666666,26.808333333333337,266.75,45.416666666666664,25.333333333333332,66.20833333333333,0.2570833333333333,12.5,0.9895833333333334,90.66666666666669,64.875,23.991666666666664,60.958333333333336,10.424999999999999
2025-12-08,47.416666666666664,30.958333333333332,254.45833333333337,54.1875,26.333333333333332,53.208333333333336,0.1633333333333333,29.416666666666668,1.0354166666666669,79.41666666666667,59.666666666666664,23.71666666666667,50.625,11.295833333333334
2025-12-09,64.92916666666666,38.891666666666666,520.0833333333334,51.27916666666667,35.30416666666667,42.5,0.2216666666666666,46.875,0.9916666666666668,103.75,69.54166666666667,22.929166666666664,45.25,9.520833333333334
2025-12-10,41.125,33.137499999999996,363.0833333333333,60.275,28.070833333333336,40.0,0.1433333333333333,14.5,1.06875,102.125,69.04166666666667,22.3125,54.375,11.854166666666666
2025-12-11,50.43333333333334,36.75416666666667,473.7916666666667,64.2625,33.579166666666666,35.291666666666664,0.21875,25.041666666666668,0.9270833333333334,100.83333333333331,68.66666666666667,22.375,61.041666666666664,9.783333333333333
2025-12-12,53.675,33.487500000000004,548.5833333333334,58.39166666666667,31.55,39.333333333333336,0.2304166666666667,36.541666666666664,0.95625,100.66666666666669,68.5,22.816666666666666,53.5,9.416666666666666
2025-12-13,33.94166666666667,23.75,449.5833333333333,45.7625,22.133333333333336,40.5,0.3154166666666667,17.583333333333332,0.9375,84.5,61.958333333333336,23.15416666666667,54.708333333333336,10.737499999999999
2025-12-14,59.791666666666664,27.85,512.9166666666666,41.954166666666666,23.275,53.166666666666664,0.4091666666666667,56.5,0.71875,77.58333333333333,56.833333333333336,22.087500000000002,65.79166666666667,8.741666666666667
2025-12-15,58.6125,27.008333333333336,394.375,45.85,26.9125,57.333333333333336,0.29625,53.083333333333336,0.9708333333333332,78.83333333333333,60.666666666666664,22.791666666666668,66.375,11.933333333333332
2025-12-16,64.96249999999999,22.425,229.70833333333337,28.829166666666666,14.695833333333333,61.583333333333336,0.4145833333333333,75.91666666666667,0.7062499999999999,82.70833333333333,70.70833333333333,23.195833333333336,58.75,17.995833333333334
2025-12-17,202.875,44.98333333333333,235.875,34.36666666666667,18.441666666666663,56.083333333333336,0.5941666666666666,287.0416666666667,0.7291666666666666,89.875,88.66666666666667,24.037499999999998,59.125,20.904166666666665
2025-12-18,125.84166666666664,35.979166666666664,199.54166666666663,45.84166666666667,22.05,40.458333333333336,0.7470833333333333,168.25,0.4666666666666667,124.875,110.79166666666669,22.05,75.0,18.4375
2025-12-19,70.42916666666666,20.85833333333333,319.4166666666667,14.4375,9.15,75.375,0.3254166666666666,93.20833333333331,0.44375,78.70833333333333,77.45833333333333,18.912499999999998,79.04166666666667,20.7375
2025-12-20,174.25,42.15416666666667,331.4166666666667,19.9,13.804166666666667,72.20833333333333,0.3820833333333333,238.0,0.6416666666666667,88.75,83.375,15.625,72.83333333333333,19.0
2025-12-21,174.35833333333335,54.28333333333333,396.4166666666667,39.525,26.22083333333333,50.708333333333336,0.3858333333333333,215.08333333333337,0.7541666666666668,134.16666666666666,114.70833333333331,15.787500000000001,72.29166666666667,9.775
2025-12-22,29.7875,14.9625,349.0416666666667,28.683333333333337,15.145833333333334,63.958333333333336,0.1125,25.958333333333332,0.9333333333333332,104.75,79.625,17.054166666666667,68.625,10.645833333333334
2025-12-23,19.095833333333335,16.766666666666666,361.0833333333333,46.12083333333334,25.6,49.791666666666664,0.0920833333333333,4.208333333333333,0.9916666666666668,56.583333333333336,30.583333333333332,16.641666666666666,70.625,8.700000000000001
2025-12-24,24.045833333333334,23.195833333333336,386.5,57.0625,31.78333333333333,46.541666666666664,0.1279166666666666,1.5,0.9916666666666668,66.45833333333333,40.708333333333336,17.466666666666665,71.70833333333333,8.725
2025-12-25,47.74166666666667,39.575,430.0416666666667,52.9375,30.504166666666663,54.25,0.3854166666666667,11.5,0.7520833333333333,86.75,62.625,18.6125,78.04166666666667,9.545833333333333
2025-12-26,61.85833333333333,50.95,507.7083333333333,71.4375,40.791666666666664,29.291666666666668,0.50375,18.625,0.7937500000000001,129.95833333333334,78.04166666666667,19.533333333333335,75.83333333333333,8.633333333333333
2025-12-27,65.56666666666666,50.35833333333333,503.7916666666667,88.29583333333333,49.2875,21.916666666666668,0.3791666666666666,27.291666666666668,0.9166666666666666,131.83333333333334,78.54166666666667,19.7625,71.45833333333333,7.529166666666666
2025-12-28,67.0125,49.95416666666667,276.5833333333333,68.09583333333333,31.65,24.125,0.4404166666666667,30.875,0.8541666666666666,147.125,83.79166666666667,21.279166666666665,61.666666666666664,11.991666666666667
2025-12-29,96.04583333333332,32.479166666666664,250.66666666666663,24.754166666666663,11.929166666666667,56.541666666666664,0.5283333333333333,115.375,0.7854166666666668,107.83333333333331,74.83333333333333,22.866666666666664,61.833333333333336,20.55
2025-12-30,86.55416666666667,22.4125,192.625,8.2125,7.6625,87.95833333333333,0.2645833333333333,113.625,0.8854166666666666,81.95833333333333,74.04166666666667,22.1125,45.416666666666664,25.65833333333333
2025-12-31,61.729166666666664,17.970833333333335,327.75,13.0,8.5625,94.66666666666669,0.1291666666666666,77.0,1.0395833333333333,68.16666666666667,72.83333333333333,20.5625,51.541666666666664,20.708333333333332
2026-01-01,53.24583333333334,26.066666666666663,410.4166666666667,42.295833333333334,26.416666666666668,69.66666666666667,0.1129166666666666,45.125,1.0625,72.16666666666667,62.333333333333336,17.745833333333334,63.583333333333336,7.720833333333334
2026-01-02,53.65416666666667,29.795833333333334,446.875,34.49166666666667,22.275,75.79166666666667,0.24,37.291666666666664,0.9833333333333334,81.08333333333333,61.333333333333336,18.554166666666667,77.16666666666667,10.070833333333333
2026-01-03,127.73333333333332,48.825,531.375,34.05416666666667,26.116666666666664,70.66666666666667,0.2491666666666666,136.58333333333334,1.0208333333333333,108.04166666666669,74.70833333333333,19.037499999999998,81.625,8.9
2026-01-04,64.62916666666668,36.95,348.0833333333333,27.070833333333336,17.045833333333334,80.83333333333333,0.2312499999999999,44.375,0.9916666666666668,128.83333333333334,85.125,20.54583333333333,78.66666666666667,12.929166666666667
2026-01-05,44.11666666666667,29.775,311.0416666666667,37.59166666666667,23.041666666666668,70.0,0.1720833333333333,22.458333333333332,1.0770833333333334,90.5,64.875,20.270833333333332,66.54166666666667,10.633333333333335
2026-01-06,40.11666666666667,23.995833333333337,294.4583333333333,39.075,20.404166666666665,59.625,0.1779166666666667,28.375,1.0416666666666667,84.125,62.291666666666664,19.974999999999998,54.041666666666664,11.637500000000001
2026-01-07,31.9875,22.370833333333337,356.375,33.5875,18.770833333333332,78.08333333333333,0.1683333333333333,17.041666666666668,0.9875,73.875,52.958333333333336,19.587500000000002,50.0,9.758333333333333
2026-01-08,33.237500000000004,27.09583333333333,516.0416666666666,42.84583333333333,26.179166666666664,79.375,0.1516666666666666,11.083333333333334,1.0854166666666667,77.66666666666667,57.125,18.6875,51.916666666666664,8.483333333333333
2026-01-09,45.3375,37.545833333333334,412.4166666666667,51.041666666666664,33.09166666666667,76.25,0.2916666666666667,13.666666666666666,1.0833333333333333,90.41666666666669,64.79166666666667,18.770833333333332,57.125,7.175
2026-01-10,43.51666666666667,34.358333333333334,369.2083333333333,49.3,27.2125,59.916666666666664,0.2954166666666666,14.708333333333334,0.9604166666666668,102.75,69.33333333333333,19.229166666666668,63.708333333333336,8.799999999999999
2026-01-11,42.325,34.28333333333333,389.25,51.333333333333336,31.454166666666666,56.666666666666664,0.2579166666666667,13.416666666666666,1.0458333333333334,97.33333333333331,67.25,19.675,60.833333333333336,8.758333333333333
2026-01-12,60.0625,46.1625,503.0,47.17083333333333,29.620833333333337,68.41666666666667,0.3075,22.5,1.0458333333333334,109.0,71.25,18.933333333333334,64.58333333333333,7.683333333333334
2026-01-13,75.53333333333333,55.333333333333336,514.2916666666666,55.92916666666667,36.65833333333333,61.083333333333336,0.24375,33.25,1.1375,142.66666666666666,82.08333333333333,19.045833333333334,65.66666666666667,7.445833333333333
2026-01-14,77.3625,61.60833333333333,645.1666666666666,84.02499999999999,43.29583333333333,21.75,0.2270833333333333,27.958333333333332,1.0104166666666667,148.70833333333334,84.66666666666667,19.154166666666665,61.791666666666664,9.15
2026-01-15,83.075,48.854166666666664,369.0416666666667,51.8125,22.995833333333337,45.416666666666664,0.3633333333333333,60.875,0.9020833333333332,149.375,86.29166666666667,20.370833333333334,53.75,13.120833333333332
2026-01-16,125.63333333333333,27.445833333333336,229.91666666666663,9.383333333333333,5.491666666666667,92.5,0.1716666666666666,174.04166666666666,0.9625,99.45833333333331,79.125,19.841666666666665,57.041666666666664,20.879166666666666
2026-01-17,50.8625,20.454166666666666,273.7083333333333,11.820833333333333,7.075,100.33333333333331,0.1304166666666666,50.0,1.0375,80.125,81.29166666666667,19.554166666666667,60.375,17.216666666666665
2026-01-18,34.9125,22.09583333333333,387.125,21.704166666666666,12.204166666666666,91.08333333333331,0.1525,16.791666666666668,1.0666666666666669,72.5,52.833333333333336,18.404166666666665,71.08333333333333,10.7875
2026-01-19,48.8875,31.275,416.4166666666667,43.025,25.679166666666664,68.41666666666667,0.3095833333333333,24.75,1.0166666666666666,73.45833333333333,50.375,18.158333333333335,74.29166666666667,9.35
2026-01-20,84.77499999999999,45.6125,482.375,52.675,29.729166666666668,44.5,0.3820833333333333,66.79166666666667,1.0416666666666667,114.08333333333331,72.875,19.604166666666668,62.458333333333336,9.983333333333333
2026-01-21,56.9875,23.183333333333337,247.875,11.079166666666666,8.216666666666667,95.875,0.3483333333333333,55.833333333333336,0.94375,102.0,70.70833333333333,19.566666666666666,62.25,19.4875
2026-01-22,29.59166666666667,14.0625,261.75,11.829166666666666,7.629166666666666,95.08333333333331,0.1304166666666666,25.875,1.19375,58.375,42.791666666666664,17.516666666666666,40.666666666666664,19.633333333333333
2026-01-23,92.16666666666669,32.395833333333336,302.4583333333333,31.645833333333332,16.991666666666667,68.5,0.2904166666666666,107.75,1.0479166666666666,73.16666666666667,54.458333333333336,16.599999999999998,39.375,11.7125
2026-01-24,82.7375,43.3125,402.25,58.55833333333333,32.63333333333333,40.416666666666664,0.4308333333333333,65.625,1.0770833333333332,106.5,76.33333333333333,17.575,48.958333333333336,9.029166666666667
2026-01-25,85.5625,41.204166666666666,301.0416666666667,46.9875,21.266666666666666,40.583333333333336,0.5216666666666666,78.5,0.7687499999999999,120.20833333333331,75.75,19.7375,49.375,13.616666666666667
2026-01-26,95.45833333333331,37.729166666666664,368.2083333333333,21.870833333333337,13.108333333333334,80.0,0.2941666666666666,100.79166666666669,1.0229166666666667,111.66666666666669,78.54166666666667,19.3875,70.75,13.470833333333333
2026-01-27,57.17083333333333,36.19166666666667,343.2916666666667,48.82916666666667,26.35,54.583333333333336,0.22875,36.125,1.1020833333333333,110.70833333333331,73.41666666666667,18.716666666666665,65.33333333333333,11.716666666666667
2026-01-28,43.275,28.625,356.0,50.78333333333333,23.90833333333333,47.375,0.26875,23.75,1.0770833333333334,84.29166666666667,61.75,19.595833333333335,58.708333333333336,11.887500000000001
2026-01-29,73.625,41.11666666666667,411.0,51.34166666666667,23.545833333333334,48.541666666666664,0.3366666666666666,54.0,1.1458333333333333,92.625,65.66666666666667,20.904166666666665,58.416666666666664,11.683333333333332
2026-01-30,88.25833333333333,46.3125,485.7083333333333,45.21666666666667,21.616666666666664,64.29166666666667,0.3383333333333333,71.75,1.1125,136.66666666666666,80.125,18.745833333333334,65.04166666666667,12.766666666666666
2026-01-31,111.79583333333332,37.7625,452.4166666666667,23.96666666666667,15.15,80.66666666666667,0.2004166666666667,129.04166666666666,1.1541666666666666,110.70833333333331,83.16666666666667,18.291666666666668,71.58333333333333,10.254166666666666
2026-02-01,87.75416666666666,43.09166666666667,496.125,42.37083333333333,29.7,64.95833333333333,0.51375,75.375,1.0395833333333333,107.16666666666669,76.16666666666667,18.695833333333333,78.125,7.958333333333333
2026-02-02,125.1625,61.19166666666666,622.2083333333334,60.57083333333333,39.516666666666666,44.125,0.2879166666666666,111.875,1.2395833333333333,138.16666666666666,82.125,19.595833333333335,63.458333333333336,6.845833333333334
2026-02-03,110.45,69.6125,519.3333333333334,91.3,41.42916666666667,29.166666666666668,0.1925,70.95833333333333,1.2916666666666667,155.91666666666666,93.58333333333331,19.258333333333333,62.375,8.066666666666666
2026-02-04,83.41666666666667,54.35833333333333,407.1666666666667,71.8875,28.683333333333337,37.041666666666664,0.3729166666666666,50.458333333333336,1.1145833333333333,150.375,88.25,22.233333333333334,55.416666666666664,11.833333333333334
2026-02-05,93.7625,48.1875,526.3333333333334,42.95,21.8375,64.54166666666667,0.3875,77.91666666666667,1.1145833333333333,149.33333333333334,85.04166666666667,20.733333333333334,65.125,10.170833333333333
2026-02-06,72.05833333333334,41.59166666666667,503.2916666666667,55.35,38.0375,56.333333333333336,0.32,49.041666666666664,1.0270833333333331,113.29166666666669,73.66666666666667,20.474999999999998,71.08333333333333,7.1875
2026-02-07,83.87083333333334,56.1125,429.625,58.19166666666666,30.925,50.875,0.44875,46.875,1.16875,140.79166666666666,82.33333333333333,21.191666666666666,74.0,10.908333333333333
2026-02-08,85.3125,43.958333333333336,388.4583333333333,48.05,22.808333333333337,53.375,0.4079166666666666,74.79166666666667,1.1666666666666667,124.0,76.125,22.433333333333334,61.75,10.033333333333333
2026-02-09,100.2,52.9,550.5,57.35833333333333,29.0375,55.833333333333336,0.29625,81.25,1.3958333333333333,141.5,81.79166666666667,21.620833333333334,59.625,10.320833333333333
2026-02-10,114.65416666666664,42.3875,512.4166666666666,28.3875,17.325,86.16666666666667,0.2175,127.375,1.375,121.20833333333331,80.54166666666667,21.279166666666665,77.125,11.091666666666667
2026-02-11,121.95,65.41250000000001,415.0416666666667,68.56666666666666,36.079166666666666,39.625,0.285,99.70833333333331,1.2916666666666667,144.33333333333334,91.29166666666669,21.616666666666664,73.41666666666667,9.716666666666667
2026-02-12,86.57916666666667,43.42083333333333,312.1666666666667,47.29583333333333,19.483333333333334,62.458333333333336,0.2175,73.625,1.3645833333333333,137.20833333333334,81.83333333333333,23.683333333333334,60.958333333333336,13.708333333333334
2026-02-13,87.5125,57.0625,456.3333333333333,68.19583333333334,28.804166666666664,40.666666666666664,0.2029166666666666,52.416666666666664,1.4125,131.0,78.25,22.9375,67.16666666666667,8.895833333333334
2026-02-14,75.2,55.00833333333333,609.3333333333334,65.84166666666667,37.0125,53.458333333333336,0.1925,35.083333333333336,1.4166666666666667,153.625,89.91666666666667,22.3875,57.75,8.033333333333333
2026-02-15,42.13333333333333,32.270833333333336,501.9583333333333,47.02916666666667,20.9875,53.916666666666664,0.2058333333333333,17.541666666666668,1.4583333333333333,121.33333333333331,75.20833333333333,23.016666666666666,45.666666666666664,12.754166666666668
2026-02-16,123.12916666666666,40.30416666666667,301.9166666666667,17.370833333333334,11.279166666666669,106.83333333333331,0.2616666666666666,144.45833333333334,1.3958333333333333,92.70833333333331,74.20833333333333,22.34583333333333,68.25,16.258333333333333
2026-02-17,100.45,50.51666666666667,310.6666666666667,45.65,23.09166666666667,74.625,0.3274999999999999,87.625,1.4125,125.20833333333331,82.66666666666667,22.570833333333336,58.833333333333336,10.933333333333332
2026-02-18,75.72083333333333,44.24166666666667,344.0,61.87916666666666,24.829166666666666,41.541666666666664,0.2304166666666667,54.708333333333336,1.5291666666666668,137.125,80.20833333333333,22.1125,44.625,9.108333333333333
