latitude,longitude,elevation,utc_offset_seconds,timezone,timezone_abbreviation
25.06151,55.280174,27.0,14400,Asia/Dubai,GMT+4

time,temperature_2m (°C),relative_humidity_2m (%),wind_speed_10m (km/h)
2022-08-01T00:00,34.7,43,10.7
2022-08-01T01:00,34.0,51,10.8
2022-08-01T02:00,33.4,58,9.8
2022-08-01T03:00,32.9,59,10.0
2022-08-01T04:00,33.1,57,11.8
2022-08-01T05:00,33.5,52,10.9
2022-08-01T06:00,33.9,47,15.8
2022-08-01T07:00,35.4,35,20.2
2022-08-01T08:00,36.8,32,25.9
2022-08-01T09:00,37.9,31,29.9
2022-08-01T10:00,39.3,30,29.8
2022-08-01T11:00,40.8,28,26.2
2022-08-01T12:00,41.9,26,22.0
2022-08-01T13:00,42.8,24,17.1
2022-08-01T14:00,42.8,25,15.7
2022-08-01T15:00,40.8,31,21.0
2022-08-01T16:00,40.5,30,8.9
2022-08-01T17:00,39.5,34,11.7
2022-08-01T18:00,38.6,36,14.2
2022-08-01T19:00,37.3,38,12.8
2022-08-01T20:00,36.7,43,9.4
2022-08-01T21:00,36.6,43,7.9
2022-08-01T22:00,36.3,42,7.1
2022-08-01T23:00,35.8,43,7.6
2022-08-02T00:00,35.2,45,8.0
2022-08-02T01:00,34.6,46,8.1
2022-08-02T02:00,34.0,48,8.2
2022-08-02T03:00,33.6,49,9.3
2022-08-02T04:00,32.9,46,8.6
2022-08-02T05:00,33.0,46,7.3
2022-08-02T06:00,32.7,47,8.5
2022-08-02T07:00,33.8,46,9.6
2022-08-02T08:00,36.2,42,8.6
2022-08-02T09:00,39.1,32,11.9
2022-08-02T10:00,41.1,27,13.9
2022-08-02T11:00,42.3,24,10.9
2022-08-02T12:00,43.2,23,12.3
2022-08-02T13:00,42.9,25,19.3
2022-08-02T14:00,42.1,25,7.6
2022-08-02T15:00,41.6,29,18.7
2022-08-02T16:00,40.1,30,22.4
2022-08-02T17:00,39.3,32,19.8
2022-08-02T18:00,38.1,37,16.4
2022-08-02T19:00,36.9,42,12.2
2022-08-02T20:00,36.2,44,6.4
2022-08-02T21:00,35.9,45,3.9
2022-08-02T22:00,35.5,47,1.8
2022-08-02T23:00,34.9,49,3.1
2022-08-03T00:00,34.2,49,4.4
2022-08-03T01:00,33.7,49,5.9
2022-08-03T02:00,33.0,50,6.1
2022-08-03T03:00,32.7,50,7.2
2022-08-03T04:00,32.0,46,6.5
2022-08-03T05:00,32.1,45,5.9
2022-08-03T06:00,32.0,44,7.7
2022-08-03T07:00,33.4,39,6.1
2022-08-03T08:00,36.4,32,4.3
2022-08-03T09:00,38.9,27,4.3
2022-08-03T10:00,40.6,25,0.8
2022-08-03T11:00,42.1,23,4.5
2022-08-03T12:00,43.3,22,8.4
2022-08-03T13:00,43.7,22,16.6
2022-08-03T14:00,42.8,24,21.8
2022-08-03T15:00,40.9,27,24.3
2022-08-03T16:00,40.0,30,21.9
2022-08-03T17:00,38.8,36,20.2
2022-08-03T18:00,37.5,43,20.0
2022-08-03T19:00,35.2,59,17.9
2022-08-03T20:00,34.9,61,11.3
2022-08-03T21:00,34.6,61,9.9
2022-08-03T22:00,34.8,59,6.6
2022-08-03T23:00,34.7,58,1.1
2022-08-04T00:00,33.7,62,6.5
2022-08-04T01:00,32.8,68,8.4
2022-08-04T02:00,32.1,75,7.9
2022-08-04T03:00,31.3,82,3.8
2022-08-04T04:00,32.0,75,7.1
2022-08-04T05:00,32.1,76,7.9
2022-08-04T06:00,31.7,73,8.6
2022-08-04T07:00,32.7,63,8.7
2022-08-04T08:00,35.3,45,11.4
2022-08-04T09:00,38.6,32,10.6
2022-08-04T10:00,41.1,28,9.5
2022-08-04T11:00,43.1,24,8.8
2022-08-04T12:00,44.4,21,4.8
2022-08-04T13:00,45.3,19,7.2
2022-08-04T14:00,44.4,22,18.4
2022-08-04T15:00,39.6,38,27.2
2022-08-04T16:00,37.0,54,23.2
2022-08-04T17:00,36.3,59,22.9
2022-08-04T18:00,35.4,64,22.5
2022-08-04T19:00,34.6,64,19.2
2022-08-04T20:00,34.2,67,9.4
2022-08-04T21:00,33.9,69,6.2
2022-08-04T22:00,33.6,70,1.8
2022-08-04T23:00,33.2,72,1.6
2022-08-05T00:00,32.6,72,5.8
2022-08-05T01:00,32.6,71,1.5
2022-08-05T02:00,31.2,81,11.9
2022-08-05T03:00,30.5,89,8.7
2022-08-05T04:00,29.7,92,3.7
2022-08-05T05:00,30.1,88,4.4
2022-08-05T06:00,29.6,85,8.1
2022-08-05T07:00,30.9,71,9.5
2022-08-05T08:00,33.5,56,10.2
2022-08-05T09:00,36.9,38,10.1
2022-08-05T10:00,39.7,29,8.2
2022-08-05T11:00,41.6,24,6.1
2022-08-05T12:00,42.1,27,15.3
2022-08-05T13:00,41.8,26,20.1
2022-08-05T14:00,40.9,29,23.0
2022-08-05T15:00,40.3,31,21.3
2022-08-05T16:00,37.0,51,17.1
2022-08-05T17:00,36.7,51,15.6
2022-08-05T18:00,35.7,54,15.9
2022-08-05T19:00,34.2,65,13.7
2022-08-05T20:00,33.5,72,5.2
2022-08-05T21:00,33.4,70,4.7
2022-08-05T22:00,33.3,70,6.4
2022-08-05T23:00,33.0,69,7.2
2022-08-06T00:00,32.4,67,6.3
2022-08-06T01:00,32.3,64,3.6
2022-08-06T02:00,30.8,85,12.3
2022-08-06T03:00,30.2,91,12.5
2022-08-06T04:00,29.7,87,7.9
2022-08-06T05:00,30.0,78,9.2
2022-08-06T06:00,29.9,71,10.3
2022-08-06T07:00,31.2,62,8.7
2022-08-06T08:00,33.9,49,6.1
2022-08-06T09:00,36.6,39,7.9
2022-08-06T10:00,39.2,31,9.7
2022-08-06T11:00,40.8,28,11.9
2022-08-06T12:00,40.6,31,18.7
2022-08-06T13:00,40.6,28,18.4
2022-08-06T14:00,40.4,29,17.4
2022-08-06T15:00,40.0,31,17.3
2022-08-06T16:00,40.6,25,13.7
2022-08-06T17:00,40.5,25,11.5
2022-08-06T18:00,40.1,25,9.7
2022-08-06T19:00,39.3,27,7.1
2022-08-06T20:00,38.5,30,4.1
2022-08-06T21:00,38.4,29,1.5
2022-08-06T22:00,36.9,29,8.9
2022-08-06T23:00,36.0,29,9.1
2022-08-07T00:00,34.8,31,9.4
2022-08-07T01:00,33.7,33,8.8
2022-08-07T02:00,32.4,36,7.2
2022-08-07T03:00,31.7,39,6.5
2022-08-07T04:00,32.3,38,4.3
2022-08-07T05:00,31.4,41,6.8
2022-08-07T06:00,31.3,38,11.3
2022-08-07T07:00,32.8,34,14.0
2022-08-07T08:00,35.3,40,11.5
2022-08-07T09:00,38.4,32,11.8
2022-08-07T10:00,40.7,25,12.3
2022-08-07T11:00,42.6,21,12.9
2022-08-07T12:00,43.7,18,12.2
2022-08-07T13:00,43.5,21,16.2
2022-08-07T14:00,42.9,20,20.4
2022-08-07T15:00,42.4,20,20.9
2022-08-07T16:00,42.8,21,20.4
2022-08-07T17:00,41.4,26,19.9
2022-08-07T18:00,39.7,35,18.0
2022-08-07T19:00,38.3,45,15.9
2022-08-07T20:00,37.5,48,10.5
2022-08-07T21:00,37.3,46,6.2
2022-08-07T22:00,36.7,46,7.2
2022-08-07T23:00,36.3,43,11.5
2022-08-08T00:00,36.2,42,14.2
2022-08-08T01:00,35.8,40,13.8
2022-08-08T02:00,34.7,42,12.4
2022-08-08T03:00,33.6,45,12.5
2022-08-08T04:00,33.4,48,11.3
2022-08-08T05:00,32.8,49,7.9
2022-08-08T06:00,31.7,51,7.4
2022-08-08T07:00,32.5,48,5.0
2022-08-08T08:00,34.8,42,3.7
2022-08-08T09:00,38.5,32,6.1
2022-08-08T10:00,41.6,22,10.6
2022-08-08T11:00,43.5,18,9.4
2022-08-08T12:00,44.7,16,7.1
2022-08-08T13:00,45.7,15,9.3
2022-08-08T14:00,46.0,16,17.3
2022-08-08T15:00,45.5,16,20.9
2022-08-08T16:00,43.9,18,20.2
2022-08-08T17:00,42.7,21,18.4
2022-08-08T18:00,40.8,29,16.5
2022-08-08T19:00,38.7,39,13.4
2022-08-08T20:00,37.2,47,9.6
2022-08-08T21:00,36.5,50,7.8
2022-08-08T22:00,35.4,55,1.4
2022-08-08T23:00,34.6,53,5.4
2022-08-09T00:00,34.2,53,13.0
2022-08-09T01:00,32.9,68,9.5
2022-08-09T02:00,32.1,70,9.7
2022-08-09T03:00,31.6,71,10.7
2022-08-09T04:00,31.2,59,10.8
2022-08-09T05:00,31.0,54,10.9
2022-08-09T06:00,30.7,50,11.6
2022-08-09T07:00,32.2,41,10.6
2022-08-09T08:00,35.7,29,8.4
2022-08-09T09:00,40.0,21,4.7
2022-08-09T10:00,42.9,13,3.1
2022-08-09T11:00,44.6,11,8.7
2022-08-09T12:00,44.7,13,17.3
2022-08-09T13:00,43.6,16,22.3
2022-08-09T14:00,42.6,20,20.7
2022-08-09T15:00,41.5,26,20.8
2022-08-09T16:00,40.9,30,17.9
2022-08-09T17:00,39.6,36,14.9
2022-08-09T18:00,38.1,42,12.5
2022-08-09T19:00,36.2,54,13.1
2022-08-09T20:00,34.8,67,11.0
2022-08-09T21:00,34.2,72,6.6
2022-08-09T22:00,33.7,76,1.1
2022-08-09T23:00,33.0,77,5.2
2022-08-10T00:00,32.3,80,5.9
2022-08-10T01:00,31.5,84,2.9
2022-08-10T02:00,30.9,84,10.2
2022-08-10T03:00,30.6,78,9.4
2022-08-10T04:00,30.7,62,10.4
2022-08-10T05:00,31.3,47,13.0
2022-08-10T06:00,30.7,62,14.7
2022-08-10T07:00,31.5,65,13.0
2022-08-10T08:00,34.5,51,8.7
2022-08-10T09:00,38.7,35,9.0
2022-08-10T10:00,42.0,22,6.3
2022-08-10T11:00,43.7,19,7.1
2022-08-10T12:00,44.1,23,16.3
2022-08-10T13:00,42.3,37,23.5
2022-08-10T14:00,41.1,40,26.3
2022-08-10T15:00,40.3,41,25.1
2022-08-10T16:00,40.6,39,22.1
2022-08-10T17:00,38.9,43,19.3
2022-08-10T18:00,37.3,50,16.2
2022-08-10T19:00,36.0,58,12.1
2022-08-10T20:00,35.2,63,11.7
2022-08-10T21:00,34.6,68,8.7
2022-08-10T22:00,34.1,72,5.4
2022-08-10T23:00,33.2,77,4.1
2022-08-11T00:00,32.4,82,6.0
2022-08-11T01:00,31.6,85,6.4
2022-08-11T02:00,30.9,86,7.2
2022-08-11T03:00,30.2,86,6.8
2022-08-11T04:00,30.1,79,9.0
2022-08-11T05:00,30.6,69,9.6
2022-08-11T06:00,30.5,62,11.9
2022-08-11T07:00,31.8,54,11.0
2022-08-11T08:00,34.6,42,6.6
2022-08-11T09:00,37.8,30,9.7
2022-08-11T10:00,40.8,23,13.4
2022-08-11T11:00,43.2,19,12.0
2022-08-11T12:00,43.4,21,11.5
2022-08-11T13:00,40.9,36,20.6
2022-08-11T14:00,40.5,37,23.8
2022-08-11T15:00,40.4,39,23.1
2022-08-11T16:00,39.8,39,20.4
2022-08-11T17:00,39.0,41,17.2
2022-08-11T18:00,37.2,56,15.3
2022-08-11T19:00,35.8,63,11.8
2022-08-11T20:00,35.3,63,7.6
2022-08-11T21:00,34.8,64,7.8
2022-08-11T22:00,34.3,67,5.8
2022-08-11T23:00,33.6,75,6.7
2022-08-12T00:00,32.7,83,5.1
2022-08-12T01:00,31.9,90,8.6
2022-08-12T02:00,31.4,94,9.7
2022-08-12T03:00,31.0,95,10.3
2022-08-12T04:00,31.2,71,9.9
2022-08-12T05:00,31.5,61,5.1
2022-08-12T06:00,31.9,52,8.2
2022-08-12T07:00,33.5,44,4.1
2022-08-12T08:00,34.9,39,4.1
2022-08-12T09:00,36.7,36,1.8
2022-08-12T10:00,39.7,28,3.7
2022-08-12T11:00,42.4,22,5.9
2022-08-12T12:00,43.4,21,8.1
2022-08-12T13:00,41.7,32,19.7
2022-08-12T14:00,40.8,35,22.1
2022-08-12T15:00,40.5,37,21.7
2022-08-12T16:00,41.6,32,20.2
2022-08-12T17:00,41.3,31,21.0
2022-08-12T18:00,41.2,29,11.6
2022-08-12T19:00,42.4,9,21.8
2022-08-12T20:00,40.6,13,27.7
2022-08-12T21:00,39.7,14,25.3
2022-08-12T22:00,38.8,15,21.4
2022-08-12T23:00,38.1,16,17.6
2022-08-13T00:00,37.4,17,16.1
2022-08-13T01:00,36.5,18,14.4
2022-08-13T02:00,35.0,19,11.9
2022-08-13T03:00,35.5,19,18.0
2022-08-13T04:00,32.9,33,17.3
2022-08-13T05:00,32.7,39,16.5
2022-08-13T06:00,31.6,44,9.7
2022-08-13T07:00,32.4,43,8.7
2022-08-13T08:00,34.8,39,9.6
2022-08-13T09:00,38.4,27,16.4
2022-08-13T10:00,41.7,14,16.7
2022-08-13T11:00,43.0,12,17.1
2022-08-13T12:00,44.5,9,20.5
2022-08-13T13:00,45.4,8,22.5
2022-08-13T14:00,46.1,8,23.0
2022-08-13T15:00,45.2,8,12.2
2022-08-13T16:00,44.6,7,16.0
2022-08-13T17:00,43.9,7,14.4
2022-08-13T18:00,42.8,7,16.0
2022-08-13T19:00,41.3,8,17.8
2022-08-13T20:00,40.0,9,15.5
2022-08-13T21:00,38.6,11,14.1
2022-08-13T22:00,37.0,14,12.6
2022-08-13T23:00,35.5,16,10.9
2022-08-14T00:00,34.2,19,11.4
2022-08-14T01:00,33.2,22,11.8
2022-08-14T02:00,32.4,22,16.1
2022-08-14T03:00,31.8,30,10.5
2022-08-14T04:00,30.7,30,8.2
2022-08-14T05:00,31.5,36,8.6
2022-08-14T06:00,31.4,43,11.7
2022-08-14T07:00,32.5,41,13.7
2022-08-14T08:00,34.5,38,16.6
2022-08-14T09:00,36.6,35,21.3
2022-08-14T10:00,38.6,31,21.5
2022-08-14T11:00,40.2,27,19.5
2022-08-14T12:00,41.8,23,16.6
2022-08-14T13:00,42.9,19,14.4
2022-08-14T14:00,43.5,18,14.4
2022-08-14T15:00,42.9,23,20.3
2022-08-14T16:00,41.6,23,24.0
2022-08-14T17:00,39.3,31,22.9
2022-08-14T18:00,37.8,39,20.8
2022-08-14T19:00,35.8,46,15.5
2022-08-14T20:00,34.8,63,12.6
2022-08-14T21:00,34.1,64,9.4
2022-08-14T22:00,33.5,68,7.9
2022-08-14T23:00,32.8,68,5.6
2022-08-15T00:00,32.7,65,1.8
2022-08-15T01:00,31.2,71,4.5
2022-08-15T02:00,30.5,73,5.1
2022-08-15T03:00,30.0,72,9.0
2022-08-15T04:00,29.4,71,7.3
2022-08-15T05:00,29.4,67,6.1
2022-08-15T06:00,29.5,64,7.2
2022-08-15T07:00,31.0,57,6.9
2022-08-15T08:00,33.2,49,5.6
2022-08-15T09:00,35.8,41,7.7
2022-08-15T10:00,38.5,31,8.8
2022-08-15T11:00,41.1,19,11.6
2022-08-15T12:00,43.0,14,16.0
2022-08-15T13:00,43.4,13,19.6
2022-08-15T14:00,41.8,19,22.2
2022-08-15T15:00,39.9,24,22.9
2022-08-15T16:00,38.2,29,22.0
2022-08-15T17:00,36.6,40,20.4
2022-08-15T18:00,35.3,53,14.1
2022-08-15T19:00,34.5,59,10.5
2022-08-15T20:00,33.9,65,9.2
2022-08-15T21:00,33.0,71,3.6
2022-08-15T22:00,32.0,76,3.2
2022-08-15T23:00,31.3,77,3.9
2022-08-16T00:00,30.5,79,5.4
2022-08-16T01:00,29.9,81,7.2
2022-08-16T02:00,29.2,82,7.4
2022-08-16T03:00,28.8,81,9.4
2022-08-16T04:00,28.4,82,8.5
2022-08-16T05:00,30.0,71,10.1
2022-08-16T06:00,29.4,70,9.8
2022-08-16T07:00,30.8,58,9.6
2022-08-16T08:00,33.1,42,11.2
2022-08-16T09:00,34.7,43,10.6
2022-08-16T10:00,37.9,35,13.3
2022-08-16T11:00,40.8,20,12.1
2022-08-16T12:00,42.9,14,5.4
2022-08-16T13:00,43.1,17,17.9
2022-08-16T14:00,40.8,25,27.3
2022-08-16T15:00,40.3,28,25.5
2022-08-16T16:00,38.0,40,26.6
2022-08-16T17:00,37.2,42,20.8
2022-08-16T18:00,35.6,54,14.3
2022-08-16T19:00,34.4,64,9.6
2022-08-16T20:00,33.5,70,7.1
2022-08-16T21:00,32.9,75,6.0
2022-08-16T22:00,32.2,80,3.3
2022-08-16T23:00,31.3,85,2.9
2022-08-17T00:00,30.4,89,4.9
2022-08-17T01:00,29.9,92,6.7
2022-08-17T02:00,29.1,95,6.3
2022-08-17T03:00,28.3,98,6.6
2022-08-17T04:00,30.5,76,9.8
2022-08-17T05:00,30.0,72,9.0
2022-08-17T06:00,29.7,68,11.6
2022-08-17T07:00,30.5,67,13.1
2022-08-17T08:00,32.8,59,7.6
2022-08-17T09:00,35.4,49,6.1
2022-08-17T10:00,38.4,37,13.0
2022-08-17T11:00,40.6,29,14.0
2022-08-17T12:00,40.4,34,15.0
2022-08-17T13:00,38.8,40,23.8
2022-08-17T14:00,38.6,41,22.9
2022-08-17T15:00,38.5,35,24.0
2022-08-17T16:00,37.4,39,20.7
2022-08-17T17:00,36.6,40,18.8
2022-08-17T18:00,35.0,51,15.0
2022-08-17T19:00,33.7,60,10.8
2022-08-17T20:00,33.0,66,1.4
2022-08-17T21:00,32.5,67,3.6
2022-08-17T22:00,31.8,71,2.0
2022-08-17T23:00,30.7,77,4.2
2022-08-18T00:00,29.9,82,4.0
2022-08-18T01:00,29.1,86,4.3
2022-08-18T02:00,28.7,89,3.9
2022-08-18T03:00,28.1,93,5.6
2022-08-18T04:00,27.9,93,9.7
2022-08-18T05:00,27.8,93,8.3
2022-08-18T06:00,26.9,95,8.7
2022-08-18T07:00,28.2,79,11.7
2022-08-18T08:00,31.9,52,9.6
2022-08-18T09:00,35.9,33,9.2
2022-08-18T10:00,38.9,27,12.0
2022-08-18T11:00,40.9,24,10.5
2022-08-18T12:00,42.3,20,8.0
2022-08-18T13:00,40.4,32,22.5
2022-08-18T14:00,38.8,36,24.5
2022-08-18T15:00,38.1,36,24.3
2022-08-18T16:00,37.8,39,21.6
2022-08-18T17:00,36.5,50,20.1
2022-08-18T18:00,35.0,59,17.5
2022-08-18T19:00,33.5,72,13.0
2022-08-18T20:00,33.3,72,7.6
2022-08-18T21:00,32.9,73,8.1
2022-08-18T22:00,32.3,76,5.1
2022-08-18T23:00,31.6,78,2.9
2022-08-19T00:00,31.2,79,1.8
2022-08-19T01:00,29.3,86,8.1
2022-08-19T02:00,28.5,83,9.8
2022-08-19T03:00,27.7,80,8.0
2022-08-19T04:00,27.5,81,10.2
2022-08-19T05:00,27.6,74,9.8
2022-08-19T06:00,27.3,65,10.6
2022-08-19T07:00,29.0,50,10.2
2022-08-19T08:00,32.5,36,7.9
2022-08-19T09:00,36.2,29,5.6
2022-08-19T10:00,38.7,26,7.9
2022-08-19T11:00,41.0,21,6.6
2022-08-19T12:00,42.6,18,6.9
2022-08-19T13:00,42.6,23,14.0
2022-08-19T14:00,42.0,25,20.9
2022-08-19T15:00,39.0,38,25.7
2022-08-19T16:00,38.9,38,21.9
2022-08-19T17:00,37.4,43,20.0
2022-08-19T18:00,35.6,53,23.0
2022-08-19T19:00,34.4,66,14.6
2022-08-19T20:00,33.8,66,8.0
2022-08-19T21:00,33.6,64,8.2
2022-08-19T22:00,32.9,66,6.8
2022-08-19T23:00,31.9,68,7.3
2022-08-20T00:00,30.5,69,6.4
2022-08-20T01:00,29.5,69,7.8
2022-08-20T02:00,28.3,71,6.9
2022-08-20T03:00,27.9,69,9.8
2022-08-20T04:00,27.4,69,9.4
2022-08-20T05:00,27.4,63,9.7
2022-08-20T06:00,26.8,57,9.1
2022-08-20T07:00,28.3,47,8.4
2022-08-20T08:00,32.0,34,5.8
2022-08-20T09:00,36.9,23,5.4
2022-08-20T10:00,40.3,16,6.3
2022-08-20T11:00,42.6,12,3.6
2022-08-20T12:00,44.4,9,3.1
2022-08-20T13:00,45.0,9,9.7
2022-08-20T14:00,44.1,15,17.1
2022-08-20T15:00,42.4,19,23.8
2022-08-20T16:00,39.7,33,23.9
2022-08-20T17:00,37.2,48,23.3
2022-08-20T18:00,35.7,57,20.4
2022-08-20T19:00,34.3,67,14.8
2022-08-20T20:00,33.8,67,11.2
2022-08-20T21:00,33.3,68,9.3
2022-08-20T22:00,32.5,70,2.7
2022-08-20T23:00,32.8,65,0.5
2022-08-21T00:00,30.5,73,6.2
2022-08-21T01:00,29.9,78,12.8
2022-08-21T02:00,29.1,73,10.5
2022-08-21T03:00,28.1,75,9.4
2022-08-21T04:00,28.7,57,11.4
2022-08-21T05:00,28.8,53,11.8
2022-08-21T06:00,28.7,62,13.4
2022-08-21T07:00,30.1,67,16.3
2022-08-21T08:00,33.2,52,12.2
2022-08-21T09:00,37.1,27,15.6
2022-08-21T10:00,40.1,20,18.0
2022-08-21T11:00,42.7,16,12.9
2022-08-21T12:00,42.8,19,14.3
2022-08-21T13:00,40.5,30,24.2
2022-08-21T14:00,40.4,30,23.7
2022-08-21T15:00,39.8,33,26.0
2022-08-21T16:00,40.1,31,18.3
2022-08-21T17:00,39.3,34,17.5
2022-08-21T18:00,37.3,43,16.7
2022-08-21T19:00,35.5,54,12.0
2022-08-21T20:00,34.8,55,7.6
2022-08-21T21:00,33.7,59,5.4
2022-08-21T22:00,32.9,57,6.2
2022-08-21T23:00,32.0,55,6.8
2022-08-22T00:00,31.1,54,9.1
2022-08-22T01:00,30.9,57,5.4
2022-08-22T02:00,29.5,63,10.6
2022-08-22T03:00,28.6,68,12.3
2022-08-22T04:00,28.2,71,14.5
2022-08-22T05:00,29.0,67,13.8
2022-08-22T06:00,28.3,67,12.1
2022-08-22T07:00,28.9,61,9.0
2022-08-22T08:00,31.3,51,7.6
2022-08-22T09:00,34.7,40,8.9
2022-08-22T10:00,38.1,28,10.9
2022-08-22T11:00,40.7,22,10.4
2022-08-22T12:00,42.4,18,9.3
2022-08-22T13:00,43.0,17,12.7
2022-08-22T14:00,42.2,20,19.3
2022-08-22T15:00,41.2,21,20.6
2022-08-22T16:00,39.8,29,21.3
2022-08-22T17:00,38.0,37,20.3
2022-08-22T18:00,35.9,53,19.5
2022-08-22T19:00,34.3,66,12.8
2022-08-22T20:00,33.9,70,9.8
2022-08-22T21:00,33.7,68,4.8
2022-08-22T22:00,32.9,69,5.5
2022-08-22T23:00,31.9,74,12.2
2022-08-23T00:00,30.6,80,5.4
2022-08-23T01:00,30.1,76,9.2
2022-08-23T02:00,29.6,79,12.2
2022-08-23T03:00,28.7,91,7.2
2022-08-23T04:00,29.7,84,3.3
2022-08-23T05:00,28.2,80,9.4
2022-08-23T06:00,27.2,71,8.8
2022-08-23T07:00,28.7,60,5.6
2022-08-23T08:00,32.0,49,3.5
2022-08-23T09:00,35.3,37,6.3
2022-08-23T10:00,38.3,28,6.3
2022-08-23T11:00,41.0,21,8.4
2022-08-23T12:00,42.8,17,6.7
2022-08-23T13:00,43.6,17,9.2
2022-08-23T14:00,43.3,21,15.2
2022-08-23T15:00,41.7,27,22.3
2022-08-23T16:00,40.5,26,19.0
2022-08-23T17:00,39.3,30,22.2
2022-08-23T18:00,37.1,42,20.8
2022-08-23T19:00,35.3,54,12.2
2022-08-23T20:00,35.1,55,11.8
2022-08-23T21:00,34.7,57,3.1
2022-08-23T22:00,33.5,63,6.9
2022-08-23T23:00,32.6,67,5.5
2022-08-24T00:00,33.2,63,8.7
2022-08-24T01:00,32.2,79,13.0
2022-08-24T02:00,32.1,78,13.0
2022-08-24T03:00,31.6,69,8.7
2022-08-24T04:00,30.1,36,12.0
2022-08-24T05:00,30.3,26,13.1
2022-08-24T06:00,29.6,27,11.6
2022-08-24T07:00,30.6,30,11.7
2022-08-24T08:00,32.8,41,12.2
2022-08-24T09:00,36.2,36,13.5
2022-08-24T10:00,40.1,15,15.4
2022-08-24T11:00,42.2,14,14.6
2022-08-24T12:00,43.5,13,14.5
2022-08-24T13:00,44.8,11,10.8
2022-08-24T14:00,44.0,13,13.5
2022-08-24T15:00,41.3,23,31.8
2022-08-24T16:00,40.8,25,27.6
2022-08-24T17:00,39.8,28,22.2
2022-08-24T18:00,38.5,32,21.3
2022-08-24T19:00,37.4,32,14.8
2022-08-24T20:00,36.6,34,7.6
2022-08-24T21:00,36.6,16,13.2
2022-08-24T22:00,35.6,10,16.8
2022-08-24T23:00,34.5,10,14.9
2022-08-25T00:00,32.4,12,8.7
2022-08-25T01:00,31.6,14,10.9
2022-08-25T02:00,30.7,28,10.7
2022-08-25T03:00,29.7,29,11.0
2022-08-25T04:00,28.8,31,13.0
2022-08-25T05:00,28.4,29,11.7
2022-08-25T06:00,28.1,24,13.5
2022-08-25T07:00,29.8,16,16.2
2022-08-25T08:00,33.2,22,16.4
2022-08-25T09:00,37.3,21,12.0
2022-08-25T10:00,41.3,9,16.9
2022-08-25T11:00,42.9,6,21.3
2022-08-25T12:00,43.9,6,16.4
2022-08-25T13:00,44.3,5,9.4
2022-08-25T14:00,43.9,6,9.2
2022-08-25T15:00,41.5,16,31.7
2022-08-25T16:00,41.3,14,29.9
2022-08-25T17:00,40.7,16,26.3
2022-08-25T18:00,39.3,23,14.1
2022-08-25T19:00,38.7,18,7.9
2022-08-25T20:00,38.5,6,17.0
2022-08-25T21:00,36.9,6,18.5
2022-08-25T22:00,36.0,7,19.4
2022-08-25T23:00,34.9,7,16.3
2022-08-26T00:00,33.8,7,14.0
2022-08-26T01:00,32.6,7,12.7
2022-08-26T02:00,31.1,8,11.0
2022-08-26T03:00,29.9,9,7.0
2022-08-26T04:00,32.2,7,3.3
2022-08-26T05:00,28.9,20,14.5
2022-08-26T06:00,27.2,12,12.7
2022-08-26T07:00,28.1,14,12.0
2022-08-26T08:00,30.7,27,10.2
2022-08-26T09:00,34.3,17,8.7
2022-08-26T10:00,36.9,10,5.8
2022-08-26T11:00,39.5,8,4.8
2022-08-26T12:00,41.7,6,8.9
2022-08-26T13:00,43.3,5,10.0
2022-08-26T14:00,44.1,5,18.1
2022-08-26T15:00,43.6,5,27.2
2022-08-26T16:00,42.7,5,27.5
2022-08-26T17:00,41.7,6,29.6
2022-08-26T18:00,39.9,6,29.8
2022-08-26T19:00,38.0,8,25.2
2022-08-26T20:00,36.6,10,21.7
2022-08-26T21:00,35.5,9,19.8
2022-08-26T22:00,34.5,9,17.5
2022-08-26T23:00,33.3,10,15.9
2022-08-27T00:00,32.4,11,17.4
2022-08-27T01:00,31.2,18,19.6
2022-08-27T02:00,30.2,31,21.5
2022-08-27T03:00,29.3,40,21.5
2022-08-27T04:00,28.3,46,15.1
2022-08-27T05:00,28.1,45,17.9
2022-08-27T06:00,27.4,28,10.6
2022-08-27T07:00,27.8,36,9.2
2022-08-27T08:00,30.6,28,8.0
2022-08-27T09:00,34.2,18,6.6
2022-08-27T10:00,36.4,18,7.0
2022-08-27T11:00,38.5,17,7.9
2022-08-27T12:00,40.1,15,6.2
2022-08-27T13:00,41.1,11,2.2
2022-08-27T14:00,41.7,11,5.0
2022-08-27T15:00,41.4,14,14.8
2022-08-27T16:00,39.8,17,26.3
2022-08-27T17:00,38.8,22,21.6
2022-08-27T18:00,37.2,30,17.0
2022-08-27T19:00,35.3,45,16.7
2022-08-27T20:00,34.6,46,14.8
2022-08-27T21:00,33.9,45,12.5
2022-08-27T22:00,33.0,47,9.9
2022-08-27T23:00,31.8,49,8.8
2022-08-28T00:00,30.3,51,7.2
2022-08-28T01:00,29.4,48,7.9
2022-08-28T02:00,28.2,41,7.8
2022-08-28T03:00,27.7,40,11.3
2022-08-28T04:00,27.0,41,10.9
2022-08-28T05:00,27.1,38,16.3
2022-08-28T06:00,26.8,32,12.5
2022-08-28T07:00,27.9,33,10.7
2022-08-28T08:00,30.2,43,11.4
2022-08-28T09:00,32.2,43,17.3
2022-08-28T10:00,34.9,35,18.7
2022-08-28T11:00,37.2,27,18.0
2022-08-28T12:00,38.9,22,13.5
2022-08-28T13:00,40.3,17,8.1
2022-08-28T14:00,41.0,15,6.0
2022-08-28T15:00,38.7,33,21.0
2022-08-28T16:00,37.9,33,23.0
2022-08-28T17:00,37.0,31,21.8
2022-08-28T18:00,35.2,39,20.3
2022-08-28T19:00,33.9,49,12.6
2022-08-28T20:00,33.1,57,10.9
2022-08-28T21:00,32.6,60,9.4
2022-08-28T22:00,31.8,64,8.4
2022-08-28T23:00,30.8,69,8.1
2022-08-29T00:00,29.7,76,7.4
2022-08-29T01:00,28.7,81,7.3
2022-08-29T02:00,27.8,86,6.7
2022-08-29T03:00,27.2,90,8.2
2022-08-29T04:00,26.3,94,10.4
2022-08-29T05:00,25.9,93,12.4
2022-08-29T06:00,26.5,67,11.5
2022-08-29T07:00,27.5,41,15.4
2022-08-29T08:00,30.4,43,14.4
2022-08-29T09:00,32.8,41,20.0
2022-08-29T10:00,35.5,32,19.5
2022-08-29T11:00,37.7,25,14.8
2022-08-29T12:00,39.3,20,8.7
2022-08-29T13:00,40.4,17,3.4
2022-08-29T14:00,41.4,14,1.8
2022-08-29T15:00,41.6,15,10.1
2022-08-29T16:00,39.8,22,19.2
2022-08-29T17:00,38.1,23,23.6
2022-08-29T18:00,36.1,39,19.9
2022-08-29T19:00,34.1,51,18.0
2022-08-29T20:00,33.6,54,15.6
2022-08-29T21:00,32.9,56,13.2
2022-08-29T22:00,32.0,63,10.6
2022-08-29T23:00,30.9,69,9.7
2022-08-30T00:00,29.9,75,8.7
2022-08-30T01:00,28.8,79,10.9
2022-08-30T02:00,27.8,81,10.5
2022-08-30T03:00,26.7,82,10.2
2022-08-30T04:00,25.8,81,10.5
2022-08-30T05:00,25.6,58,8.7
2022-08-30T06:00,25.6,46,10.2
2022-08-30T07:00,27.3,51,11.2
2022-08-30T08:00,29.8,49,12.8
2022-08-30T09:00,32.3,41,18.0
2022-08-30T10:00,34.8,34,18.5
2022-08-30T11:00,36.9,29,16.4
2022-08-30T12:00,38.5,25,11.3
2022-08-30T13:00,39.6,22,6.8
2022-08-30T14:00,40.0,22,9.8
2022-08-30T15:00,39.4,28,14.9
2022-08-30T16:00,39.0,30,17.1
2022-08-30T17:00,38.1,28,18.4
2022-08-30T18:00,36.4,38,18.2
2022-08-30T19:00,34.7,48,12.3
2022-08-30T20:00,34.1,51,11.0
2022-08-30T21:00,33.5,51,8.5
2022-08-30T22:00,33.0,52,10.0
2022-08-30T23:00,32.7,45,9.2
2022-08-31T00:00,31.6,34,8.8
2022-08-31T01:00,29.8,40,7.2
2022-08-31T02:00,29.3,44,10.6
2022-08-31T03:00,27.9,49,15.3
2022-08-31T04:00,27.3,53,15.0
2022-08-31T05:00,27.3,50,12.8
2022-08-31T06:00,27.1,40,11.9
2022-08-31T07:00,28.3,39,11.8
2022-08-31T08:00,31.2,35,10.8
2022-08-31T09:00,33.6,34,20.4
2022-08-31T10:00,35.5,33,22.7
2022-08-31T11:00,37.2,30,20.4
2022-08-31T12:00,38.8,26,16.9
2022-08-31T13:00,40.1,22,13.6
2022-08-31T14:00,41.1,19,11.0
2022-08-31T15:00,39.8,26,18.7
2022-08-31T16:00,37.0,37,27.6
2022-08-31T17:00,36.3,43,24.2
2022-08-31T18:00,34.5,49,23.5
2022-08-31T19:00,33.2,61,20.7
2022-08-31T20:00,32.8,70,13.9
2022-08-31T21:00,32.3,72,9.7
2022-08-31T22:00,31.7,75,4.3
2022-08-31T23:00,31.0,78,5.1
2022-09-01T00:00,30.0,83,4.9
2022-09-01T01:00,29.1,86,6.6
2022-09-01T02:00,28.3,87,7.2
2022-09-01T03:00,27.5,87,7.1
2022-09-01T04:00,27.1,85,6.8
2022-09-01T05:00,26.9,84,9.0
2022-09-01T06:00,26.2,81,10.0
2022-09-01T07:00,27.2,72,10.0
2022-09-01T08:00,30.3,56,9.4
2022-09-01T09:00,34.1,37,9.7
2022-09-01T10:00,37.8,21,8.4
2022-09-01T11:00,40.2,14,4.9
2022-09-01T12:00,39.9,22,16.9
2022-09-01T13:00,38.4,29,23.0
2022-09-01T14:00,38.2,32,23.9
2022-09-01T15:00,37.0,39,26.3
2022-09-01T16:00,36.5,40,22.3
2022-09-01T17:00,35.0,49,24.2
2022-09-01T18:00,33.4,61,20.6
2022-09-01T19:00,32.1,72,14.0
2022-09-01T20:00,31.8,75,13.0
2022-09-01T21:00,31.3,77,8.6
2022-09-01T22:00,30.1,82,4.8
2022-09-01T23:00,29.0,86,4.7
2022-09-02T00:00,28.2,89,6.3
2022-09-02T01:00,27.3,92,6.9
2022-09-02T02:00,26.9,93,8.4
2022-09-02T03:00,26.1,95,8.3
2022-09-02T04:00,26.2,96,9.2
2022-09-02T05:00,25.8,97,8.3
2022-09-02T06:00,25.2,98,8.3
2022-09-02T07:00,25.9,95,8.3
2022-09-02T08:00,28.4,79,7.6
2022-09-02T09:00,32.6,47,7.6
2022-09-02T10:00,37.1,27,7.4
2022-09-02T11:00,39.8,18,4.0
2022-09-02T12:00,41.2,16,5.9
2022-09-02T13:00,40.9,24,14.8
2022-09-02T14:00,40.2,26,21.2
2022-09-02T15:00,38.8,28,24.1
2022-09-02T16:00,37.2,41,23.5
2022-09-02T17:00,35.0,53,25.8
2022-09-02T18:00,33.3,68,19.8
2022-09-02T19:00,32.6,74,13.9
2022-09-02T20:00,32.0,82,12.7
2022-09-02T21:00,31.6,84,11.3
2022-09-02T22:00,31.1,87,6.6
2022-09-02T23:00,30.4,91,6.0
2022-09-03T00:00,29.6,94,8.9
2022-09-03T01:00,28.9,97,9.2
2022-09-03T02:00,28.2,100,7.7
2022-09-03T03:00,27.7,100,9.1
2022-09-03T04:00,26.4,95,10.2
2022-09-03T05:00,26.3,77,13.3
2022-09-03T06:00,26.8,58,13.8
2022-09-03T07:00,27.5,53,15.8
2022-09-03T08:00,31.0,40,15.7
2022-09-03T09:00,34.1,26,16.2
2022-09-03T10:00,36.4,27,15.9
2022-09-03T11:00,38.9,23,14.6
2022-09-03T12:00,40.7,18,11.0
2022-09-03T13:00,42.1,15,7.3
2022-09-03T14:00,42.9,12,1.0
2022-09-03T15:00,42.8,14,9.4
2022-09-03T16:00,41.1,22,17.5
2022-09-03T17:00,37.9,35,22.7
2022-09-03T18:00,36.0,46,22.6
2022-09-03T19:00,34.2,52,19.3
2022-09-03T20:00,33.8,54,12.9
2022-09-03T21:00,33.2,58,8.0
2022-09-03T22:00,32.5,61,6.4
2022-09-03T23:00,31.4,65,5.4
2022-09-04T00:00,30.5,70,6.6
2022-09-04T01:00,29.5,74,7.1
2022-09-04T02:00,28.6,78,8.0
2022-09-04T03:00,27.9,74,11.7
2022-09-04T04:00,28.0,67,10.2
2022-09-04T05:00,29.1,52,12.7
2022-09-04T06:00,29.1,54,18.2
2022-09-04T07:00,29.4,56,20.9
2022-09-04T08:00,30.7,52,23.5
2022-09-04T09:00,32.7,46,26.6
2022-09-04T10:00,34.9,39,27.6
2022-09-04T11:00,37.0,33,26.0
2022-09-04T12:00,38.8,29,23.9
2022-09-04T13:00,40.2,25,20.8
2022-09-04T14:00,41.1,22,18.0
2022-09-04T15:00,40.1,28,21.8
2022-09-04T16:00,37.2,39,26.6
2022-09-04T17:00,36.1,44,22.7
2022-09-04T18:00,34.6,49,18.8
2022-09-04T19:00,33.2,61,11.0
2022-09-04T20:00,32.6,66,7.4
2022-09-04T21:00,32.0,68,5.5
2022-09-04T22:00,31.2,71,2.3
2022-09-04T23:00,29.8,76,6.8
2022-09-05T00:00,28.8,80,7.4
2022-09-05T01:00,28.0,83,8.6
2022-09-05T02:00,26.9,86,8.3
2022-09-05T03:00,25.9,86,5.1
2022-09-05T04:00,25.5,77,9.7
2022-09-05T05:00,26.1,65,13.4
2022-09-05T06:00,27.0,58,17.9
2022-09-05T07:00,29.2,44,22.7
2022-09-05T08:00,31.7,39,21.6
2022-09-05T09:00,34.0,35,28.5
2022-09-05T10:00,36.2,32,28.8
2022-09-05T11:00,38.3,28,25.9
2022-09-05T12:00,40.0,24,23.2
2022-09-05T13:00,41.3,20,20.6
2022-09-05T14:00,40.9,23,23.4
2022-09-05T15:00,39.5,26,27.7
2022-09-05T16:00,38.7,26,27.7
2022-09-05T17:00,37.1,34,23.7
2022-09-05T18:00,35.3,44,17.7
2022-09-05T19:00,33.6,55,13.5
2022-09-05T20:00,32.9,61,7.9
2022-09-05T21:00,31.9,68,4.3
2022-09-05T22:00,31.3,71,2.5
2022-09-05T23:00,29.9,75,7.2
2022-09-06T00:00,28.9,74,10.2
2022-09-06T01:00,28.0,73,10.2
2022-09-06T02:00,27.6,66,12.2
2022-09-06T03:00,27.2,58,12.6
2022-09-06T04:00,26.1,63,11.5
2022-09-06T05:00,26.6,56,11.8
2022-09-06T06:00,26.7,49,13.4
2022-09-06T07:00,28.4,37,16.0
2022-09-06T08:00,31.7,30,14.6
2022-09-06T09:00,35.0,31,21.2
2022-09-06T10:00,37.7,27,24.3
2022-09-06T11:00,39.8,23,23.0
2022-09-06T12:00,41.4,20,19.9
2022-09-06T13:00,42.2,18,16.8
2022-09-06T14:00,39.7,34,26.3
2022-09-06T15:00,38.1,36,28.6
2022-09-06T16:00,37.9,36,26.0
2022-09-06T17:00,36.8,37,21.7
2022-09-06T18:00,35.0,50,18.5
2022-09-06T19:00,34.0,53,10.5
2022-09-06T20:00,33.1,61,6.2
2022-09-06T21:00,32.5,62,6.2
2022-09-06T22:00,31.8,58,8.3
2022-09-06T23:00,31.3,51,9.8
2022-09-07T00:00,30.6,48,11.3
2022-09-07T01:00,30.3,49,13.2
2022-09-07T02:00,29.5,60,12.6
2022-09-07T03:00,28.5,69,11.6
2022-09-07T04:00,28.7,68,14.4
2022-09-07T05:00,29.3,70,18.9
2022-09-07T06:00,29.1,73,19.7
2022-09-07T07:00,30.3,58,18.7
2022-09-07T08:00,33.3,39,14.3
2022-09-07T09:00,35.8,30,20.6
2022-09-07T10:00,37.5,29,20.2
2022-09-07T11:00,39.1,27,16.8
2022-09-07T12:00,40.3,25,13.7
2022-09-07T13:00,41.3,22,9.1
2022-09-07T14:00,41.8,20,8.2
2022-09-07T15:00,40.0,30,23.3
2022-09-07T16:00,38.0,36,26.6
2022-09-07T17:00,36.8,49,24.1
2022-09-07T18:00,35.2,55,21.2
2022-09-07T19:00,34.3,57,20.3
2022-09-07T20:00,34.7,55,13.9
2022-09-07T21:00,34.8,48,14.1
2022-09-07T22:00,33.6,54,16.3
2022-09-07T23:00,32.7,54,15.7
2022-09-08T00:00,31.7,56,15.9
2022-09-08T01:00,30.6,62,16.2
2022-09-08T02:00,30.0,66,16.9
2022-09-08T03:00,30.0,61,15.6
2022-09-08T04:00,30.0,56,15.9
2022-09-08T05:00,30.4,51,13.7
2022-09-08T06:00,30.5,47,14.7
2022-09-08T07:00,30.5,48,17.1
2022-09-08T08:00,31.6,48,20.5
2022-09-08T09:00,33.5,42,21.3
2022-09-08T10:00,35.3,37,19.2
2022-09-08T11:00,36.9,33,16.2
2022-09-08T12:00,38.2,30,12.1
2022-09-08T13:00,39.1,28,7.6
2022-09-08T14:00,39.9,26,4.7
2022-09-08T15:00,39.9,27,8.4
2022-09-08T16:00,37.6,36,23.9
2022-09-08T17:00,36.4,43,19.9
2022-09-08T18:00,35.1,45,19.8
2022-09-08T19:00,34.5,47,17.7
2022-09-08T20:00,34.1,50,13.7
2022-09-08T21:00,33.8,53,10.8
2022-09-08T22:00,33.3,56,9.2
2022-09-08T23:00,32.4,60,7.8
2022-09-09T00:00,31.5,63,8.0
2022-09-09T01:00,30.7,66,9.4
2022-09-09T02:00,29.9,69,10.8
2022-09-09T03:00,29.4,64,13.5
2022-09-09T04:00,29.1,55,15.1
2022-09-09T05:00,28.8,61,17.6
2022-09-09T06:00,29.8,49,20.8
2022-09-09T07:00,30.6,42,21.5
2022-09-09T08:00,32.1,38,23.1
2022-09-09T09:00,33.9,35,26.5
2022-09-09T10:00,35.8,32,25.2
2022-09-09T11:00,37.4,29,19.8
2022-09-09T12:00,38.8,26,14.5
2022-09-09T13:00,39.8,24,9.4
2022-09-09T14:00,40.3,23,12.3
2022-09-09T15:00,38.1,33,24.7
2022-09-09T16:00,36.5,38,22.7
2022-09-09T17:00,35.1,43,21.0
2022-09-09T18:00,33.8,53,17.0
2022-09-09T19:00,32.7,62,12.9
2022-09-09T20:00,32.3,66,8.9
2022-09-09T21:00,31.8,69,5.9
2022-09-09T22:00,30.9,73,3.1
2022-09-09T23:00,30.7,72,1.8
2022-09-10T00:00,29.5,77,2.9
2022-09-10T01:00,28.6,79,3.6
2022-09-10T02:00,27.4,83,4.5
2022-09-10T03:00,26.6,84,7.4
2022-09-10T04:00,27.0,79,7.8
2022-09-10T05:00,27.2,76,8.6
2022-09-10T06:00,27.0,74,10.7
2022-09-10T07:00,28.1,64,14.3
2022-09-10T08:00,31.6,43,14.0
2022-09-10T09:00,34.7,33,22.0
2022-09-10T10:00,37.1,29,21.7
2022-09-10T11:00,39.1,25,19.4
2022-09-10T12:00,40.7,22,14.4
2022-09-10T13:00,41.7,20,9.0
2022-09-10T14:00,40.0,29,21.4
2022-09-10T15:00,38.5,34,23.6
2022-09-10T16:00,37.3,36,21.9
2022-09-10T17:00,36.0,41,20.5
2022-09-10T18:00,34.7,49,17.2
2022-09-10T19:00,33.4,60,11.5
2022-09-10T20:00,32.7,64,9.9
2022-09-10T21:00,32.0,67,3.1
2022-09-10T22:00,31.5,67,2.8
2022-09-10T23:00,30.2,70,6.2
2022-09-11T00:00,29.2,74,4.7
2022-09-11T01:00,28.7,78,3.8
2022-09-11T02:00,28.5,79,3.4
2022-09-11T03:00,27.1,80,9.3
2022-09-11T04:00,26.4,67,8.2
2022-09-11T05:00,26.1,70,6.8
2022-09-11T06:00,26.0,70,10.0
2022-09-11T07:00,26.6,66,9.1
2022-09-11T08:00,29.7,54,3.6
2022-09-11T09:00,32.8,43,4.6
2022-09-11T10:00,35.4,34,6.4
2022-09-11T11:00,37.6,28,8.0
2022-09-11T12:00,38.8,27,10.8
2022-09-11T13:00,38.5,35,16.6
2022-09-11T14:00,39.1,26,18.9
2022-09-11T15:00,39.2,22,19.2
2022-09-11T16:00,36.5,38,18.9
2022-09-11T17:00,35.0,47,17.4
2022-09-11T18:00,33.7,55,13.8
2022-09-11T19:00,32.5,64,11.5
2022-09-11T20:00,31.8,70,8.7
2022-09-11T21:00,31.1,77,6.9
2022-09-11T22:00,30.1,84,2.4
2022-09-11T23:00,29.8,85,0.8
2022-09-12T00:00,28.2,92,4.7
2022-09-12T01:00,27.8,93,3.6
2022-09-12T02:00,26.8,95,4.7
2022-09-12T03:00,26.5,95,8.5
2022-09-12T04:00,26.5,96,8.1
2022-09-12T05:00,26.3,97,9.1
2022-09-12T06:00,25.9,95,9.2
2022-09-12T07:00,26.6,90,7.4
2022-09-12T08:00,29.5,74,6.9
2022-09-12T09:00,31.9,65,6.9
2022-09-12T10:00,34.1,54,6.6
2022-09-12T11:00,36.6,40,7.1
2022-09-12T12:00,39.1,28,8.0
2022-09-12T13:00,40.7,22,10.2
2022-09-12T14:00,39.0,40,19.2
2022-09-12T15:00,38.0,39,23.2
2022-09-12T16:00,36.0,46,22.7
2022-09-12T17:00,34.3,59,20.1
2022-09-12T18:00,32.9,70,14.8
2022-09-12T19:00,31.9,77,10.5
2022-09-12T20:00,31.4,81,7.7
2022-09-12T21:00,31.0,84,6.5
2022-09-12T22:00,30.4,86,6.8
2022-09-12T23:00,29.6,90,4.3
2022-09-13T00:00,28.9,94,2.7
2022-09-13T01:00,28.0,97,3.8
2022-09-13T02:00,27.1,99,5.5
2022-09-13T03:00,26.4,100,5.5
2022-09-13T04:00,26.4,100,6.8
2022-09-13T05:00,26.3,99,7.2
2022-09-13T06:00,26.1,100,12.2
2022-09-13T07:00,26.4,94,12.0
2022-09-13T08:00,28.9,76,8.0
2022-09-13T09:00,32.7,55,9.4
2022-09-13T10:00,37.1,38,8.0
2022-09-13T11:00,40.5,23,5.8
2022-09-13T12:00,41.6,20,9.6
2022-09-13T13:00,41.2,26,12.1
2022-09-13T14:00,40.2,34,18.0
2022-09-13T15:00,38.9,36,23.3
2022-09-13T16:00,37.1,44,24.8
2022-09-13T17:00,36.1,48,21.2
2022-09-13T18:00,34.3,62,20.5
2022-09-13T19:00,33.3,67,18.8
2022-09-13T20:00,32.9,66,15.4
2022-09-13T21:00,33.0,59,10.7
2022-09-13T22:00,32.6,54,9.5
2022-09-13T23:00,31.6,57,7.7
2022-09-14T00:00,30.3,70,7.4
2022-09-14T01:00,29.1,85,6.0
2022-09-14T02:00,28.3,95,7.2
2022-09-14T03:00,28.2,96,10.0
2022-09-14T04:00,28.7,94,13.5
2022-09-14T05:00,28.4,93,13.0
2022-09-14T06:00,27.4,94,12.8
2022-09-14T07:00,28.1,80,11.9
2022-09-14T08:00,31.3,56,12.1
2022-09-14T09:00,35.3,36,14.6
2022-09-14T10:00,37.1,32,16.0
2022-09-14T11:00,39.0,28,13.0
2022-09-14T12:00,40.5,25,8.9
2022-09-14T13:00,41.7,22,7.3
2022-09-14T14:00,42.2,22,11.4
2022-09-14T15:00,41.8,24,14.3
2022-09-14T16:00,40.2,25,17.2
2022-09-14T17:00,39.2,26,15.3
2022-09-14T18:00,37.7,34,14.6
2022-09-14T19:00,35.7,48,10.4
2022-09-14T20:00,34.7,59,7.2
2022-09-14T21:00,33.9,64,3.1
2022-09-14T22:00,32.8,71,3.1
2022-09-14T23:00,31.6,77,8.7
2022-09-15T00:00,30.4,87,6.6
2022-09-15T01:00,29.8,94,8.6
2022-09-15T02:00,29.1,94,9.5
2022-09-15T03:00,28.6,91,12.7
2022-09-15T04:00,27.7,83,7.4
2022-09-15T05:00,27.7,78,10.5
2022-09-15T06:00,27.1,75,10.7
2022-09-15T07:00,27.6,67,8.7
2022-09-15T08:00,30.9,52,5.4
2022-09-15T09:00,34.8,39,9.7
2022-09-15T10:00,38.0,28,14.6
2022-09-15T11:00,40.8,20,16.1
2022-09-15T12:00,42.5,15,20.3
2022-09-15T13:00,43.0,14,24.2
2022-09-15T14:00,42.8,13,26.4
2022-09-15T15:00,41.7,15,27.0
2022-09-15T16:00,39.6,22,24.6
2022-09-15T17:00,37.3,35,23.4
2022-09-15T18:00,35.6,46,18.7
2022-09-15T19:00,34.5,51,13.4
2022-09-15T20:00,34.0,53,12.6
2022-09-15T21:00,33.2,58,14.5
2022-09-15T22:00,32.7,59,16.4
2022-09-15T23:00,32.2,61,16.8
2022-09-16T00:00,31.9,63,15.5
2022-09-16T01:00,31.4,65,13.1
2022-09-16T02:00,31.3,66,14.2
2022-09-16T03:00,30.9,66,12.7
2022-09-16T04:00,29.7,72,12.4
2022-09-16T05:00,29.3,71,13.9
2022-09-16T06:00,28.9,72,14.5
2022-09-16T07:00,29.6,68,14.4
2022-09-16T08:00,32.8,57,14.4
2022-09-16T09:00,35.7,52,16.8
2022-09-16T10:00,36.9,52,19.4
2022-09-16T11:00,37.9,49,21.6
2022-09-16T12:00,38.3,49,23.2
2022-09-16T13:00,38.6,46,25.1
2022-09-16T14:00,38.4,48,26.3
2022-09-16T15:00,38.0,49,28.2
2022-09-16T16:00,37.0,46,25.8
2022-09-16T17:00,36.3,48,21.1
2022-09-16T18:00,35.4,48,17.2
2022-09-16T19:00,34.5,51,14.9
2022-09-16T20:00,34.0,49,14.0
2022-09-16T21:00,33.0,59,13.9
2022-09-16T22:00,32.3,66,14.6
2022-09-16T23:00,31.7,70,15.1
2022-09-17T00:00,31.1,74,14.4
2022-09-17T01:00,30.7,77,15.2
2022-09-17T02:00,30.4,76,13.7
2022-09-17T03:00,29.7,78,11.3
2022-09-17T04:00,29.3,78,10.2
2022-09-17T05:00,29.4,75,9.4
2022-09-17T06:00,28.7,75,9.6
2022-09-17T07:00,29.4,70,9.4
2022-09-17T08:00,31.5,60,11.0
2022-09-17T09:00,33.4,49,13.0
2022-09-17T10:00,34.7,44,12.0
2022-09-17T11:00,36.5,36,11.1
2022-09-17T12:00,38.1,30,12.4
2022-09-17T13:00,38.9,29,15.6
2022-09-17T14:00,38.9,30,18.8
2022-09-17T15:00,38.4,31,21.3
2022-09-17T16:00,37.2,35,19.6
2022-09-17T17:00,36.1,40,19.4
2022-09-17T18:00,35.3,40,16.5
2022-09-17T19:00,34.8,38,14.8
2022-09-17T20:00,34.1,42,12.1
2022-09-17T21:00,33.4,49,10.1
2022-09-17T22:00,32.7,51,12.9
2022-09-17T23:00,31.7,55,9.0
2022-09-18T00:00,30.3,64,5.8
2022-09-18T01:00,30.2,61,9.9
2022-09-18T02:00,29.3,64,9.6
2022-09-18T03:00,28.8,69,10.2
2022-09-18T04:00,28.4,66,8.9
2022-09-18T05:00,28.0,70,7.6
2022-09-18T06:00,27.3,73,8.0
2022-09-18T07:00,27.9,70,7.7
2022-09-18T08:00,30.7,60,4.9
2022-09-18T09:00,32.3,58,2.3
2022-09-18T10:00,33.6,52,0.5
2022-09-18T11:00,35.3,45,2.6
2022-09-18T12:00,36.9,38,5.1
2022-09-18T13:00,37.8,37,12.6
2022-09-18T14:00,36.1,48,27.0
2022-09-18T15:00,35.6,47,23.7
2022-09-18T16:00,35.3,52,24.9
2022-09-18T17:00,35.0,49,23.1
2022-09-18T18:00,33.6,60,16.8
2022-09-18T19:00,32.9,67,15.1
2022-09-18T20:00,32.6,65,9.8
2022-09-18T21:00,32.3,69,11.3
2022-09-18T22:00,31.8,73,10.0
2022-09-18T23:00,31.2,77,7.7
2022-09-19T00:00,30.6,80,8.4
2022-09-19T01:00,30.0,84,8.2
2022-09-19T02:00,29.3,88,6.8
2022-09-19T03:00,29.1,90,4.0
2022-09-19T04:00,28.0,79,7.4
2022-09-19T05:00,28.0,78,6.9
2022-09-19T06:00,27.4,82,8.3
2022-09-19T07:00,28.2,82,9.5
2022-09-19T08:00,31.1,70,12.5
2022-09-19T09:00,34.0,43,20.2
2022-09-19T10:00,36.1,34,20.5
2022-09-19T11:00,38.2,27,18.3
2022-09-19T12:00,39.9,21,15.3
2022-09-19T13:00,41.1,19,11.5
2022-09-19T14:00,42.1,16,10.7
2022-09-19T15:00,42.5,13,4.8
2022-09-19T16:00,37.1,37,23.2
2022-09-19T17:00,36.0,44,20.4
2022-09-19T18:00,35.2,44,18.4
2022-09-19T19:00,33.9,55,18.4
2022-09-19T20:00,33.7,64,16.0
2022-09-19T21:00,34.0,57,12.2
2022-09-19T22:00,32.8,56,15.8
2022-09-19T23:00,31.6,62,15.6
2022-09-20T00:00,30.8,65,10.4
2022-09-20T01:00,30.1,66,9.4
2022-09-20T02:00,29.5,65,11.7
2022-09-20T03:00,28.7,65,11.9
2022-09-20T04:00,28.4,65,9.5
2022-09-20T05:00,28.0,64,9.7
2022-09-20T06:00,27.5,63,10.2
2022-09-20T07:00,29.6,54,15.5
2022-09-20T08:00,31.8,41,18.0
2022-09-20T09:00,33.8,38,20.2
2022-09-20T10:00,36.1,34,22.0
2022-09-20T11:00,38.1,29,18.4
2022-09-20T12:00,39.6,24,11.7
2022-09-20T13:00,40.2,23,7.9
2022-09-20T14:00,39.2,32,17.1
2022-09-20T15:00,38.3,36,20.8
2022-09-20T16:00,38.2,35,15.1
2022-09-20T17:00,36.9,39,18.2
2022-09-20T18:00,35.5,43,18.0
2022-09-20T19:00,34.4,48,11.6
2022-09-20T20:00,33.7,56,8.6
2022-09-20T21:00,33.2,60,11.0
2022-09-20T22:00,32.7,56,10.9
2022-09-20T23:00,31.8,52,10.0
2022-09-21T00:00,30.4,51,6.5
2022-09-21T01:00,29.6,51,7.2
2022-09-21T02:00,29.2,56,9.9
2022-09-21T03:00,28.3,68,9.2
2022-09-21T04:00,27.8,74,9.4
2022-09-21T05:00,27.8,74,10.1
2022-09-21T06:00,27.4,64,8.9
2022-09-21T07:00,28.6,47,7.9
2022-09-21T08:00,31.1,36,5.1
2022-09-21T09:00,34.1,30,8.0
2022-09-21T10:00,36.8,25,8.3
2022-09-21T11:00,38.8,21,8.0
2022-09-21T12:00,40.2,19,8.8
2022-09-21T13:00,40.9,19,12.6
2022-09-21T14:00,40.2,23,19.0
2022-09-21T15:00,39.6,22,19.2
2022-09-21T16:00,38.4,27,22.3
2022-09-21T17:00,37.1,33,24.9
2022-09-21T18:00,34.8,43,18.4
2022-09-21T19:00,33.8,59,14.9
2022-09-21T20:00,33.0,62,11.2
2022-09-21T21:00,32.5,64,13.7
2022-09-21T22:00,31.8,64,9.7
2022-09-21T23:00,30.9,63,3.2
2022-09-22T00:00,30.0,65,3.7
2022-09-22T01:00,28.6,72,6.9
2022-09-22T02:00,28.0,73,5.4
2022-09-22T03:00,27.0,73,8.0
2022-09-22T04:00,26.4,72,9.0
2022-09-22T05:00,26.3,75,10.1
2022-09-22T06:00,25.9,82,11.9
2022-09-22T07:00,26.8,79,12.9
2022-09-22T08:00,30.3,57,12.0
2022-09-22T09:00,34.0,44,11.8
2022-09-22T10:00,37.2,28,11.2
2022-09-22T11:00,39.2,19,9.0
2022-09-22T12:00,40.4,16,6.1
2022-09-22T13:00,41.3,14,8.8
2022-09-22T14:00,41.3,17,16.3
2022-09-22T15:00,40.4,18,20.7
2022-09-22T16:00,38.3,28,21.3
2022-09-22T17:00,37.3,31,19.0
2022-09-22T18:00,35.4,40,17.1
2022-09-22T19:00,33.5,56,14.6
2022-09-22T20:00,32.6,64,15.3
2022-09-22T21:00,32.0,65,13.4
2022-09-22T22:00,31.1,69,8.9
2022-09-22T23:00,29.9,74,6.6
2022-09-23T00:00,28.9,76,6.6
2022-09-23T01:00,28.0,77,6.6
2022-09-23T02:00,27.2,79,7.6
2022-09-23T03:00,26.9,81,9.4
2022-09-23T04:00,26.4,79,10.9
2022-09-23T05:00,26.2,74,11.2
2022-09-23T06:00,25.5,71,10.2
2022-09-23T07:00,26.3,64,10.2
2022-09-23T08:00,30.0,49,8.6
2022-09-23T09:00,34.3,32,12.6
2022-09-23T10:00,37.0,23,10.5
2022-09-23T11:00,38.5,22,9.3
2022-09-23T12:00,39.6,20,13.0
2022-09-23T13:00,39.7,21,16.9
2022-09-23T14:00,39.1,24,18.5
2022-09-23T15:00,38.0,29,19.8
2022-09-23T16:00,37.3,31,20.8
2022-09-23T17:00,35.8,41,20.0
2022-09-23T18:00,34.2,53,16.5
2022-09-23T19:00,33.3,60,14.0
2022-09-23T20:00,32.7,63,12.2
2022-09-23T21:00,31.9,69,10.9
2022-09-23T22:00,31.0,75,8.1
2022-09-23T23:00,30.1,79,9.5
2022-09-24T00:00,29.4,81,10.7
2022-09-24T01:00,28.4,84,11.8
2022-09-24T02:00,27.4,87,10.9
2022-09-24T03:00,26.6,89,10.5
2022-09-24T04:00,25.8,93,10.5
2022-09-24T05:00,25.6,92,10.1
2022-09-24T06:00,25.2,91,10.9
2022-09-24T07:00,25.9,84,10.4
2022-09-24T08:00,29.5,66,9.4
2022-09-24T09:00,33.1,52,10.4
2022-09-24T10:00,35.5,41,10.8
2022-09-24T11:00,37.7,29,13.8
2022-09-24T12:00,38.7,25,19.4
2022-09-24T13:00,38.3,28,22.0
2022-09-24T14:00,37.4,38,22.7
2022-09-24T15:00,36.8,42,21.6
2022-09-24T16:00,35.9,46,19.0
2022-09-24T17:00,34.7,52,15.4
2022-09-24T18:00,33.4,61,13.4
2022-09-24T19:00,32.4,71,9.8
2022-09-24T20:00,31.7,76,6.9
2022-09-24T21:00,31.0,82,4.5
2022-09-24T22:00,30.3,85,8.7
2022-09-24T23:00,29.6,89,12.7
2022-09-25T00:00,28.7,94,8.4
2022-09-25T01:00,27.9,96,4.2
2022-09-25T02:00,27.8,96,9.2
2022-09-25T03:00,27.2,98,10.8
2022-09-25T04:00,27.1,99,10.9
2022-09-25T05:00,27.2,100,10.5
2022-09-25T06:00,27.1,100,11.4
2022-09-25T07:00,27.6,99,13.3
2022-09-25T08:00,28.9,92,15.3
2022-09-25T09:00,31.4,74,12.6
2022-09-25T10:00,33.6,60,8.0
2022-09-25T11:00,35.4,54,9.3
2022-09-25T12:00,36.4,53,10.5
2022-09-25T13:00,37.0,53,13.1
2022-09-25T14:00,36.6,57,16.5
2022-09-25T15:00,36.0,55,18.0
2022-09-25T16:00,35.0,53,17.6
2022-09-25T17:00,33.9,59,14.3
2022-09-25T18:00,32.7,66,11.2
2022-09-25T19:00,31.8,72,7.8
2022-09-25T20:00,31.2,77,4.6
2022-09-25T21:00,30.2,84,5.0
2022-09-25T22:00,29.1,91,5.2
2022-09-25T23:00,28.4,93,9.8
2022-09-26T00:00,27.5,96,9.0
2022-09-26T01:00,26.7,97,7.2
2022-09-26T02:00,26.0,99,7.1
2022-09-26T03:00,25.4,99,6.4
2022-09-26T04:00,25.8,98,7.3
2022-09-26T05:00,26.2,100,9.3
2022-09-26T06:00,25.9,100,10.3
2022-09-26T07:00,26.1,99,10.3
2022-09-26T08:00,28.5,82,11.5
2022-09-26T09:00,32.7,56,12.1
2022-09-26T10:00,36.8,38,13.3
2022-09-26T11:00,40.0,20,8.0
2022-09-26T12:00,41.3,16,6.1
2022-09-26T13:00,39.6,33,18.3
2022-09-26T14:00,37.9,42,23.0
2022-09-26T15:00,36.4,46,21.9
2022-09-26T16:00,34.5,60,18.3
2022-09-26T17:00,33.7,61,16.7
2022-09-26T18:00,32.4,72,13.4
2022-09-26T19:00,31.7,77,12.0
2022-09-26T20:00,31.4,80,10.9
2022-09-26T21:00,30.9,82,10.0
2022-09-26T22:00,30.2,86,6.1
2022-09-26T23:00,29.5,90,3.6
2022-09-27T00:00,29.1,88,8.4
2022-09-27T01:00,28.3,81,10.8
2022-09-27T02:00,27.3,83,10.5
2022-09-27T03:00,26.6,85,10.8
2022-09-27T04:00,26.3,85,11.5
2022-09-27T05:00,26.4,86,10.5
2022-09-27T06:00,26.0,87,11.1
2022-09-27T07:00,26.4,83,11.8
2022-09-27T08:00,28.6,70,12.6
2022-09-27T09:00,30.9,59,12.6
2022-09-27T10:00,32.7,57,9.9
2022-09-27T11:00,35.0,48,11.3
2022-09-27T12:00,37.2,38,13.3
2022-09-27T13:00,37.8,38,14.5
2022-09-27T14:00,35.6,51,22.0
2022-09-27T15:00,35.3,46,20.5
2022-09-27T16:00,34.9,48,21.5
2022-09-27T17:00,33.7,49,17.6
2022-09-27T18:00,32.3,61,13.7
2022-09-27T19:00,31.5,68,10.9
2022-09-27T20:00,31.0,71,8.8
2022-09-27T21:00,30.2,77,5.5
2022-09-27T22:00,29.2,83,4.0
2022-09-27T23:00,28.4,86,4.8
2022-09-28T00:00,27.7,89,5.5
2022-09-28T01:00,27.0,92,6.4
2022-09-28T02:00,26.4,95,5.1
2022-09-28T03:00,26.5,94,7.3
2022-09-28T04:00,26.5,92,9.2
2022-09-28T05:00,26.8,91,8.5
2022-09-28T06:00,26.6,92,9.2
2022-09-28T07:00,27.1,90,10.0
2022-09-28T08:00,29.4,81,10.9
2022-09-28T09:00,31.1,73,6.6
2022-09-28T10:00,32.5,65,6.4
2022-09-28T11:00,33.8,58,8.8
2022-09-28T12:00,34.7,54,12.9
2022-09-28T13:00,35.0,51,16.3
2022-09-28T14:00,34.9,52,18.3
2022-09-28T15:00,34.5,54,19.6
2022-09-28T16:00,33.9,53,19.7
2022-09-28T17:00,32.9,59,17.9
2022-09-28T18:00,32.1,63,16.3
2022-09-28T19:00,31.6,63,15.3
2022-09-28T20:00,31.2,66,14.2
2022-09-28T21:00,30.7,69,10.5
2022-09-28T22:00,29.9,73,7.4
2022-09-28T23:00,29.0,79,6.9
2022-09-29T00:00,28.5,81,7.1
2022-09-29T01:00,28.2,80,7.7
2022-09-29T02:00,28.0,78,5.6
2022-09-29T03:00,28.4,76,3.9
2022-09-29T04:00,27.1,85,5.4
2022-09-29T05:00,27.0,85,9.7
2022-09-29T06:00,25.9,90,11.9
2022-09-29T07:00,26.4,87,11.0
2022-09-29T08:00,29.2,74,8.2
2022-09-29T09:00,31.1,64,5.4
2022-09-29T10:00,32.2,58,2.2
2022-09-29T11:00,33.6,51,1.8
2022-09-29T12:00,35.1,43,5.5
2022-09-29T13:00,35.7,43,12.1
2022-09-29T14:00,35.4,45,18.5
2022-09-29T15:00,35.1,42,18.8
2022-09-29T16:00,34.7,45,20.5
2022-09-29T17:00,33.4,50,18.6
2022-09-29T18:00,32.4,55,15.0
2022-09-29T19:00,32.1,59,15.1
2022-09-29T20:00,31.6,64,16.6
2022-09-29T21:00,31.1,66,11.2
2022-09-29T22:00,30.7,68,7.6
2022-09-29T23:00,29.9,75,3.1
2022-09-30T00:00,29.5,75,2.3
2022-09-30T01:00,28.5,80,5.2
2022-09-30T02:00,28.4,81,7.4
2022-09-30T03:00,27.9,84,7.4
2022-09-30T04:00,27.6,86,6.7
2022-09-30T05:00,27.6,87,10.0
2022-09-30T06:00,27.0,89,12.1
2022-09-30T07:00,27.4,86,11.3
2022-09-30T08:00,29.5,75,11.9
2022-09-30T09:00,31.9,63,10.3
2022-09-30T10:00,34.2,49,8.0
2022-09-30T11:00,35.8,39,4.6
2022-09-30T12:00,37.0,32,1.1
2022-09-30T13:00,37.9,30,7.8
2022-09-30T14:00,37.9,33,16.0
2022-09-30T15:00,37.5,28,18.9
2022-09-30T16:00,36.2,33,23.1
2022-09-30T17:00,35.3,35,22.0
2022-09-30T18:00,33.6,43,20.6
2022-09-30T19:00,32.6,51,19.4
2022-09-30T20:00,31.9,55,16.5
2022-09-30T21:00,31.0,62,11.5
2022-09-30T22:00,30.2,65,6.9
2022-09-30T23:00,29.0,66,5.4
2022-10-01T00:00,28.2,66,4.1
2022-10-01T01:00,28.5,63,2.8
2022-10-01T02:00,27.0,69,7.4
2022-10-01T03:00,26.9,76,7.7
2022-10-01T04:00,27.5,86,8.9
2022-10-01T05:00,27.1,91,7.9
2022-10-01T06:00,26.3,95,9.8
2022-10-01T07:00,26.3,95,10.4
2022-10-01T08:00,28.8,78,10.2
2022-10-01T09:00,31.4,61,8.9
2022-10-01T10:00,33.7,41,6.9
2022-10-01T11:00,35.8,27,5.8
2022-10-01T12:00,37.2,21,7.2
2022-10-01T13:00,37.4,25,15.2
2022-10-01T14:00,36.3,31,21.0
2022-10-01T15:00,35.6,34,20.5
2022-10-01T16:00,34.1,46,18.0
2022-10-01T17:00,33.0,53,16.1
2022-10-01T18:00,31.8,61,14.0
2022-10-01T19:00,31.0,65,14.8
2022-10-01T20:00,30.6,67,13.8
2022-10-01T21:00,30.0,71,10.8
2022-10-01T22:00,29.4,74,10.2
2022-10-01T23:00,28.7,78,9.0
2022-10-02T00:00,27.8,82,7.5
2022-10-02T01:00,27.3,85,5.1
2022-10-02T02:00,26.6,90,6.2
2022-10-02T03:00,26.1,91,8.0
2022-10-02T04:00,26.2,90,8.6
2022-10-02T05:00,26.0,91,8.1
2022-10-02T06:00,25.5,93,10.3
2022-10-02T07:00,25.7,92,10.3
2022-10-02T08:00,28.9,76,8.8
2022-10-02T09:00,31.1,68,7.9
2022-10-02T10:00,32.4,64,3.7
2022-10-02T11:00,33.8,56,2.5
2022-10-02T12:00,35.3,50,9.1
2022-10-02T13:00,35.5,50,15.8
2022-10-02T14:00,35.2,47,17.1
2022-10-02T15:00,35.1,44,15.5
2022-10-02T16:00,34.0,55,12.2
2022-10-02T17:00,33.3,60,14.0
2022-10-02T18:00,32.0,66,17.0
2022-10-02T19:00,31.4,72,17.1
2022-10-02T20:00,30.9,74,14.0
2022-10-02T21:00,30.5,74,8.7
2022-10-02T22:00,29.5,79,4.8
2022-10-02T23:00,28.7,83,6.5
2022-10-03T00:00,27.7,88,8.4
2022-10-03T01:00,26.8,93,6.6
2022-10-03T02:00,25.7,96,6.6
2022-10-03T03:00,25.1,96,4.2
2022-10-03T04:00,26.9,91,10.4
2022-10-03T05:00,26.8,93,11.0
2022-10-03T06:00,26.2,95,11.0
2022-10-03T07:00,26.4,91,11.3
2022-10-03T08:00,28.3,76,9.0
2022-10-03T09:00,30.8,63,9.8
2022-10-03T10:00,33.6,53,10.3
2022-10-03T11:00,36.4,39,12.1
2022-10-03T12:00,38.4,30,12.9
2022-10-03T13:00,39.7,21,16.9
2022-10-03T14:00,40.3,18,11.9
2022-10-03T15:00,40.0,16,9.2
2022-10-03T16:00,35.2,48,24.5
2022-10-03T17:00,34.5,54,22.5
2022-10-03T18:00,32.5,68,26.4
2022-10-03T19:00,32.1,67,29.2
2022-10-03T20:00,32.5,62,20.9
2022-10-03T21:00,31.7,55,18.1
2022-10-03T22:00,30.2,59,17.1
2022-10-03T23:00,29.2,59,15.6
2022-10-04T00:00,28.2,59,12.2
2022-10-04T01:00,26.6,66,8.8
2022-10-04T02:00,26.0,70,10.4
2022-10-04T03:00,24.7,75,9.4
2022-10-04T04:00,25.4,70,12.2
2022-10-04T05:00,24.8,67,10.9
2022-10-04T06:00,25.2,48,16.2
2022-10-04T07:00,26.7,38,18.8
2022-10-04T08:00,29.3,42,15.6
2022-10-04T09:00,31.6,45,18.9
2022-10-04T10:00,33.9,39,16.1
2022-10-04T11:00,36.0,32,13.8
2022-10-04T12:00,37.4,26,10.0
2022-10-04T13:00,38.3,23,8.3
2022-10-04T14:00,38.1,27,13.0
2022-10-04T15:00,37.3,32,17.4
2022-10-04T16:00,36.9,27,18.4
2022-10-04T17:00,35.6,33,17.2
2022-10-04T18:00,33.6,45,14.2
2022-10-04T19:00,32.5,57,14.9
2022-10-04T20:00,31.9,59,14.8
2022-10-04T21:00,31.1,63,11.0
2022-10-04T22:00,29.8,68,8.2
2022-10-04T23:00,28.6,68,8.4
2022-10-05T00:00,27.1,70,5.6
2022-10-05T01:00,27.8,66,1.0
2022-10-05T02:00,26.8,68,3.6
2022-10-05T03:00,25.9,69,6.5
2022-10-05T04:00,26.4,82,10.4
2022-10-05T05:00,25.5,74,20.7
2022-10-05T06:00,26.7,60,11.8
2022-10-05T07:00,26.1,60,16.6
2022-10-05T08:00,29.2,43,17.4
2022-10-05T09:00,31.2,44,21.6
2022-10-05T10:00,33.7,38,20.3
2022-10-05T11:00,35.8,31,17.9
2022-10-05T12:00,37.3,26,12.9
2022-10-05T13:00,38.1,23,13.4
2022-10-05T14:00,37.3,29,20.1
2022-10-05T15:00,36.2,29,21.0
2022-10-05T16:00,35.1,36,17.3
2022-10-05T17:00,33.4,48,20.9
2022-10-05T18:00,31.7,70,19.1
2022-10-05T19:00,31.3,76,13.8
2022-10-05T20:00,31.0,76,9.1
2022-10-05T21:00,30.2,80,6.7
2022-10-05T22:00,29.0,88,5.4
2022-10-05T23:00,28.3,93,4.7
2022-10-06T00:00,27.6,96,5.0
2022-10-06T01:00,26.9,96,9.0
2022-10-06T02:00,26.2,98,7.6
2022-10-06T03:00,25.9,100,8.5
2022-10-06T04:00,25.9,99,9.3
2022-10-06T05:00,25.8,100,11.5
2022-10-06T06:00,25.4,100,14.0
2022-10-06T07:00,25.1,99,12.4
2022-10-06T08:00,27.6,81,10.9
2022-10-06T09:00,31.7,59,7.6
2022-10-06T10:00,34.3,46,8.6
2022-10-06T11:00,36.0,38,11.5
2022-10-06T12:00,36.5,41,16.5
2022-10-06T13:00,35.9,50,20.4
2022-10-06T14:00,35.6,49,20.6
2022-10-06T15:00,35.0,46,15.6
2022-10-06T16:00,33.9,57,14.3
2022-10-06T17:00,32.4,65,14.5
2022-10-06T18:00,31.5,71,13.3
2022-10-06T19:00,31.3,69,9.3
2022-10-06T20:00,30.6,72,9.2
2022-10-06T21:00,29.7,74,7.4
2022-10-06T22:00,28.9,76,7.0
2022-10-06T23:00,27.9,80,4.7
2022-10-07T00:00,28.2,74,1.8
2022-10-07T01:00,27.6,77,1.8
2022-10-07T02:00,26.1,83,4.5
2022-10-07T03:00,24.2,88,7.2
2022-10-07T04:00,24.3,90,8.7
2022-10-07T05:00,24.2,87,8.0
2022-10-07T06:00,24.6,83,11.9
2022-10-07T07:00,24.5,71,10.8
2022-10-07T08:00,26.7,57,9.8
2022-10-07T09:00,30.3,52,8.0
2022-10-07T10:00,34.6,36,9.5
2022-10-07T11:00,39.0,12,18.4
2022-10-07T12:00,41.0,6,22.5
2022-10-07T13:00,41.6,6,20.7
2022-10-07T14:00,41.6,6,16.6
2022-10-07T15:00,41.4,5,17.4
2022-10-07T16:00,40.5,6,26.6
2022-10-07T17:00,38.9,7,28.4
2022-10-07T18:00,36.1,11,23.9
2022-10-07T19:00,34.2,17,18.0
2022-10-07T20:00,32.6,22,17.0
2022-10-07T21:00,31.2,27,17.6
2022-10-07T22:00,29.6,40,15.4
2022-10-07T23:00,28.3,48,14.5
2022-10-08T00:00,27.3,50,13.9
2022-10-08T01:00,26.6,52,14.3
2022-10-08T02:00,26.1,54,14.5
2022-10-08T03:00,26.2,51,18.8
2022-10-08T04:00,25.4,51,17.5
2022-10-08T05:00,25.9,46,17.6
2022-10-08T06:00,25.2,52,16.8
2022-10-08T07:00,25.5,52,15.8
2022-10-08T08:00,28.2,34,12.5
2022-10-08T09:00,31.6,22,8.1
2022-10-08T10:00,34.5,15,6.5
2022-10-08T11:00,36.6,14,8.3
2022-10-08T12:00,38.5,16,11.3
2022-10-08T13:00,40.2,9,14.4
2022-10-08T14:00,40.1,8,13.2
2022-10-08T15:00,37.9,22,21.8
2022-10-08T16:00,35.7,32,30.7
2022-10-08T17:00,34.7,35,27.7
2022-10-08T18:00,33.2,45,22.1
2022-10-08T19:00,32.0,57,16.9
2022-10-08T20:00,31.4,58,14.0
2022-10-08T21:00,30.1,62,12.2
2022-10-08T22:00,28.5,62,9.2
2022-10-08T23:00,26.8,55,8.8
2022-10-09T00:00,25.5,45,9.9
2022-10-09T01:00,24.4,46,10.6
2022-10-09T02:00,23.5,48,13.9
2022-10-09T03:00,22.4,45,12.0
2022-10-09T04:00,20.5,44,10.5
2022-10-09T05:00,19.4,36,8.3
2022-10-09T06:00,19.9,29,11.9
2022-10-09T07:00,22.2,25,11.2
2022-10-09T08:00,26.1,24,8.7
2022-10-09T09:00,29.6,32,13.7
2022-10-09T10:00,32.4,34,21.0
2022-10-09T11:00,34.9,28,22.0
2022-10-09T12:00,36.8,21,19.5
2022-10-09T13:00,37.9,16,13.6
2022-10-09T14:00,38.5,12,8.2
2022-10-09T15:00,38.4,13,13.2
2022-10-09T16:00,35.6,31,25.1
2022-10-09T17:00,33.9,39,20.7
2022-10-09T18:00,32.1,53,17.9
2022-10-09T19:00,31.2,57,13.8
2022-10-09T20:00,30.0,64,8.0
2022-10-09T21:00,28.9,69,7.9
2022-10-09T22:00,27.8,72,8.7
2022-10-09T23:00,26.5,76,8.8
2022-10-10T00:00,24.9,81,6.3
2022-10-10T01:00,24.6,79,5.5
2022-10-10T02:00,23.7,81,8.0
2022-10-10T03:00,23.2,79,9.4
2022-10-10T04:00,22.5,83,9.5
2022-10-10T05:00,22.0,81,9.7
2022-10-10T06:00,21.3,80,11.0
2022-10-10T07:00,21.7,72,10.7
2022-10-10T08:00,25.5,51,7.4
2022-10-10T09:00,30.1,34,3.6
2022-10-10T10:00,33.2,24,1.4
2022-10-10T11:00,35.3,20,3.8
2022-10-10T12:00,36.4,18,11.0
2022-10-10T13:00,36.2,23,16.5
2022-10-10T14:00,35.6,28,18.2
2022-10-10T15:00,34.6,37,18.1
2022-10-10T16:00,34.0,39,18.1
2022-10-10T17:00,32.5,50,18.9
2022-10-10T18:00,31.1,65,19.9
2022-10-10T19:00,30.5,70,16.8
2022-10-10T20:00,30.3,67,13.0
2022-10-10T21:00,29.5,64,7.7
2022-10-10T22:00,29.2,64,3.5
2022-10-10T23:00,28.0,70,4.0
2022-10-11T00:00,27.4,73,3.9
2022-10-11T01:00,25.7,83,7.8
2022-10-11T02:00,25.1,87,9.5
2022-10-11T03:00,24.2,93,10.3
2022-10-11T04:00,23.8,94,9.7
2022-10-11T05:00,23.7,95,9.4
2022-10-11T06:00,23.2,95,10.2
2022-10-11T07:00,23.4,93,9.2
2022-10-11T08:00,26.3,78,7.4
2022-10-11T09:00,28.9,68,6.9
2022-10-11T10:00,30.4,64,3.4
2022-10-11T11:00,32.1,55,4.5
2022-10-11T12:00,33.7,47,8.7
2022-10-11T13:00,34.1,49,12.7
2022-10-11T14:00,33.8,51,16.3
2022-10-11T15:00,33.2,50,18.1
2022-10-11T16:00,32.8,52,15.8
2022-10-11T17:00,31.8,58,15.3
2022-10-11T18:00,30.8,64,15.3
2022-10-11T19:00,30.2,68,12.8
2022-10-11T20:00,29.6,71,5.1
2022-10-11T21:00,28.7,74,3.9
2022-10-11T22:00,28.0,76,3.9
2022-10-11T23:00,27.1,79,3.7
2022-10-12T00:00,25.6,85,5.9
2022-10-12T01:00,25.0,89,8.6
2022-10-12T02:00,24.1,93,8.2
2022-10-12T03:00,23.3,95,8.4
2022-10-12T04:00,23.4,94,9.8
2022-10-12T05:00,23.1,96,9.7
2022-10-12T06:00,22.4,96,8.2
2022-10-12T07:00,22.7,96,7.5
2022-10-12T08:00,25.3,82,3.9
2022-10-12T09:00,28.6,65,3.6
2022-10-12T10:00,31.3,50,1.5
2022-10-12T11:00,33.5,40,5.0
2022-10-12T12:00,34.8,36,9.2
2022-10-12T13:00,35.3,37,12.2
2022-10-12T14:00,35.1,38,17.9
2022-10-12T15:00,34.3,43,20.9
2022-10-12T16:00,33.7,47,23.7
2022-10-12T17:00,32.0,60,24.1
2022-10-12T18:00,30.9,66,18.6
2022-10-12T19:00,30.4,70,14.2
2022-10-12T20:00,29.9,72,11.4
2022-10-12T21:00,28.8,76,7.7
2022-10-12T22:00,27.4,83,5.8
2022-10-12T23:00,26.3,88,7.3
2022-10-13T00:00,25.2,93,8.3
2022-10-13T01:00,24.5,94,8.0
2022-10-13T02:00,23.4,94,6.9
2022-10-13T03:00,22.7,93,8.0
2022-10-13T04:00,22.4,89,10.9
2022-10-13T05:00,22.1,64,11.0
2022-10-13T06:00,21.6,37,11.2
2022-10-13T07:00,21.8,28,11.2
2022-10-13T08:00,24.5,22,9.2
2022-10-13T09:00,29.1,13,10.9
2022-10-13T10:00,32.7,12,12.4
2022-10-13T11:00,35.3,11,12.8
2022-10-13T12:00,37.1,10,9.8
2022-10-13T13:00,37.9,9,5.1
2022-10-13T14:00,38.3,9,8.0
2022-10-13T15:00,36.7,21,20.5
2022-10-13T16:00,35.6,22,24.8
2022-10-13T17:00,34.2,31,21.6
2022-10-13T18:00,32.0,39,16.4
2022-10-13T19:00,30.9,52,14.7
2022-10-13T20:00,30.1,50,12.6
2022-10-13T21:00,28.8,55,10.7
2022-10-13T22:00,27.1,65,8.4
2022-10-13T23:00,25.8,72,9.4
2022-10-14T00:00,24.5,75,8.7
2022-10-14T01:00,23.6,73,8.1
2022-10-14T02:00,22.6,72,6.1
2022-10-14T03:00,22.0,72,5.8
2022-10-14T04:00,20.9,70,8.7
2022-10-14T05:00,20.6,62,11.2
2022-10-14T06:00,20.0,45,13.8
2022-10-14T07:00,21.4,25,15.9
2022-10-14T08:00,24.9,21,16.0
2022-10-14T09:00,28.7,19,20.0
2022-10-14T10:00,31.7,16,25.2
2022-10-14T11:00,33.9,15,25.1
2022-10-14T12:00,35.4,13,21.7
2022-10-14T13:00,36.5,12,16.9
2022-10-14T14:00,37.1,10,11.5
2022-10-14T15:00,37.2,10,10.4
2022-10-14T16:00,34.6,31,20.8
2022-10-14T17:00,32.7,35,18.3
2022-10-14T18:00,31.3,49,11.8
2022-10-14T19:00,30.3,53,10.6
2022-10-14T20:00,29.1,61,8.0
2022-10-14T21:00,28.3,62,11.6
2022-10-14T22:00,26.8,60,7.9
2022-10-14T23:00,25.6,61,8.4
2022-10-15T00:00,24.6,63,7.7
2022-10-15T01:00,23.8,62,8.4
2022-10-15T02:00,23.0,63,7.1
2022-10-15T03:00,22.7,62,6.7
2022-10-15T04:00,21.9,73,8.5
2022-10-15T05:00,21.8,71,9.7
2022-10-15T06:00,21.2,72,9.9
2022-10-15T07:00,21.9,67,11.1
2022-10-15T08:00,24.7,55,7.7
2022-10-15T09:00,28.7,44,10.0
2022-10-15T10:00,31.2,35,10.7
2022-10-15T11:00,33.4,20,11.4
2022-10-15T12:00,34.9,15,10.5
2022-10-15T13:00,36.0,13,8.0
2022-10-15T14:00,36.5,13,10.4
2022-10-15T15:00,35.9,19,14.8
2022-10-15T16:00,35.2,18,17.1
2022-10-15T17:00,33.2,26,18.8
2022-10-15T18:00,30.8,54,17.1
2022-10-15T19:00,30.1,58,13.8
2022-10-15T20:00,29.4,65,13.5
2022-10-15T21:00,28.5,71,10.3
2022-10-15T22:00,27.0,80,6.8
2022-10-15T23:00,28.4,74,1.8
2022-10-16T00:00,26.6,81,4.9
2022-10-16T01:00,24.8,88,8.4
2022-10-16T02:00,24.3,90,10.3
2022-10-16T03:00,23.5,93,11.5
2022-10-16T04:00,23.1,97,9.2
2022-10-16T05:00,23.1,96,7.7
2022-10-16T06:00,23.2,95,9.3
2022-10-16T07:00,23.4,95,9.8
2022-10-16T08:00,26.4,81,7.3
2022-10-16T09:00,29.5,70,6.3
2022-10-16T10:00,31.2,63,1.8
2022-10-16T11:00,33.3,48,4.8
2022-10-16T12:00,35.3,32,11.7
2022-10-16T13:00,35.8,27,17.2
2022-10-16T14:00,35.2,31,18.6
2022-10-16T15:00,34.5,37,18.1
2022-10-16T16:00,33.8,40,17.4
2022-10-16T17:00,32.8,45,17.0
2022-10-16T18:00,31.4,55,15.5
2022-10-16T19:00,30.6,61,11.5
2022-10-16T20:00,29.8,68,9.3
2022-10-16T21:00,28.6,76,7.6
2022-10-16T22:00,28.6,77,3.6
2022-10-16T23:00,28.5,78,2.5
2022-10-17T00:00,26.2,88,5.3
2022-10-17T01:00,25.1,91,7.7
2022-10-17T02:00,24.6,93,10.2
2022-10-17T03:00,23.7,96,9.2
2022-10-17T04:00,23.7,96,9.5
2022-10-17T05:00,23.5,96,9.8
2022-10-17T06:00,22.9,96,10.3
2022-10-17T07:00,23.3,94,11.5
2022-10-17T08:00,25.9,83,9.2
2022-10-17T09:00,29.4,66,5.2
2022-10-17T10:00,32.0,51,1.5
2022-10-17T11:00,34.4,37,2.5
2022-10-17T12:00,36.3,29,7.6
2022-10-17T13:00,36.7,30,12.7
2022-10-17T14:00,36.3,35,16.4
2022-10-17T15:00,35.6,33,20.4
2022-10-17T16:00,34.8,43,19.4
2022-10-17T17:00,32.7,57,19.6
2022-10-17T18:00,31.4,69,12.7
2022-10-17T19:00,30.6,74,9.7
2022-10-17T20:00,29.7,78,6.8
2022-10-17T21:00,28.5,83,5.9
2022-10-17T22:00,27.4,88,4.8
2022-10-17T23:00,26.7,89,4.3
2022-10-18T00:00,26.7,88,1.3
2022-10-18T01:00,25.4,92,4.7
2022-10-18T02:00,23.9,95,6.5
2022-10-18T03:00,23.4,96,8.8
2022-10-18T04:00,23.2,96,8.8
2022-10-18T05:00,23.2,95,11.1
2022-10-18T06:00,22.4,92,11.5
2022-10-18T07:00,22.7,59,15.6
2022-10-18T08:00,26.2,28,14.2
2022-10-18T09:00,30.0,19,15.1
2022-10-18T10:00,33.2,16,18.4
2022-10-18T11:00,35.5,15,18.8
2022-10-18T12:00,37.0,14,15.6
2022-10-18T13:00,37.9,13,13.3
2022-10-18T14:00,38.2,14,15.1
2022-10-18T15:00,36.3,26,20.5
2022-10-18T16:00,34.9,32,20.0
2022-10-18T17:00,32.9,50,19.7
2022-10-18T18:00,31.1,64,17.6
2022-10-18T19:00,30.1,76,14.3
2022-10-18T20:00,29.5,83,8.9
2022-10-18T21:00,29.3,84,2.8
2022-10-18T22:00,27.9,90,4.3
2022-10-18T23:00,27.5,91,4.3
2022-10-19T00:00,27.6,90,3.6
2022-10-19T01:00,25.6,96,7.4
2022-10-19T02:00,25.3,96,10.9
2022-10-19T03:00,24.2,99,10.7
2022-10-19T04:00,23.6,100,9.8
2022-10-19T05:00,23.1,100,9.1
2022-10-19T06:00,22.5,100,8.9
2022-10-19T07:00,22.8,99,8.9
2022-10-19T08:00,23.7,97,9.4
2022-10-19T09:00,25.8,93,7.2
2022-10-19T10:00,29.6,73,6.7
2022-10-19T11:00,32.2,60,5.2
2022-10-19T12:00,34.0,50,9.4
2022-10-19T13:00,35.1,42,15.0
2022-10-19T14:00,34.8,44,17.9
2022-10-19T15:00,34.1,48,17.9
2022-10-19T16:00,33.3,53,15.9
2022-10-19T17:00,32.1,62,15.6
2022-10-19T18:00,31.0,70,14.8
2022-10-19T19:00,30.3,76,12.5
2022-10-19T20:00,29.6,81,7.9
2022-10-19T21:00,28.5,87,5.2
2022-10-19T22:00,27.7,92,5.5
2022-10-19T23:00,26.9,95,4.1
2022-10-20T00:00,27.1,94,2.5
2022-10-20T01:00,24.9,99,6.2
2022-10-20T02:00,24.6,100,9.4
2022-10-20T03:00,23.8,100,8.7
2022-10-20T04:00,23.1,99,9.0
2022-10-20T05:00,22.9,100,9.8
2022-10-20T06:00,21.7,99,8.2
2022-10-20T07:00,20.5,99,8.1
2022-10-20T08:00,21.8,98,10.3
2022-10-20T09:00,23.7,90,7.7
2022-10-20T10:00,29.7,57,5.0
2022-10-20T11:00,32.9,39,4.7
2022-10-20T12:00,34.6,33,8.9
2022-10-20T13:00,35.3,33,12.8
2022-10-20T14:00,35.2,35,15.3
2022-10-20T15:00,34.4,39,16.8
2022-10-20T16:00,33.4,46,16.6
2022-10-20T17:00,32.2,56,18.4
2022-10-20T18:00,31.2,62,15.5
2022-10-20T19:00,30.6,65,9.1
2022-10-20T20:00,29.8,68,7.7
2022-10-20T21:00,29.1,71,9.7
2022-10-20T22:00,27.8,77,7.7
2022-10-20T23:00,26.6,85,6.8
2022-10-21T00:00,26.9,82,4.4
2022-10-21T01:00,25.2,89,8.1
2022-10-21T02:00,24.3,92,7.2
2022-10-21T03:00,23.8,93,7.6
2022-10-21T04:00,25.0,91,5.0
2022-10-21T05:00,24.0,95,8.7
2022-10-21T06:00,23.6,97,10.6
2022-10-21T07:00,23.3,98,10.4
2022-10-21T08:00,25.8,87,8.0
2022-10-21T09:00,29.0,70,6.9
2022-10-21T10:00,31.5,53,4.7
2022-10-21T11:00,34.0,35,3.4
2022-10-21T12:00,36.1,23,6.7
2022-10-21T13:00,36.7,23,11.8
2022-10-21T14:00,36.4,25,18.4
2022-10-21T15:00,35.3,27,22.1
2022-10-21T16:00,33.7,40,18.2
2022-10-21T17:00,32.3,47,16.4
2022-10-21T18:00,30.7,62,16.9
2022-10-21T19:00,30.1,65,11.7
2022-10-21T20:00,29.4,68,8.6
2022-10-21T21:00,28.3,73,7.0
2022-10-21T22:00,27.7,77,3.7
2022-10-21T23:00,26.0,85,7.4
2022-10-22T00:00,25.0,90,7.0
2022-10-22T01:00,24.4,90,6.1
2022-10-22T02:00,23.9,91,8.7
2022-10-22T03:00,23.3,92,8.9
2022-10-22T04:00,22.2,95,7.3
2022-10-22T05:00,22.7,92,9.7
2022-10-22T06:00,22.1,92,10.2
2022-10-22T07:00,21.9,91,10.0
2022-10-22T08:00,25.2,72,8.4
2022-10-22T09:00,29.3,52,8.7
2022-10-22T10:00,32.7,32,10.0
2022-10-22T11:00,35.4,18,10.3
2022-10-22T12:00,37.1,12,9.6
2022-10-22T13:00,37.8,10,8.9
2022-10-22T14:00,38.1,11,11.4
2022-10-22T15:00,37.2,17,19.6
2022-10-22T16:00,33.2,40,27.8
2022-10-22T17:00,32.0,49,27.0
2022-10-22T18:00,30.3,67,21.7
2022-10-22T19:00,30.0,68,14.2
2022-10-22T20:00,29.6,71,10.8
2022-10-22T21:00,28.7,73,8.5
2022-10-22T22:00,27.6,76,7.7
2022-10-22T23:00,26.5,80,6.8
2022-10-23T00:00,25.7,83,8.0
2022-10-23T01:00,24.8,86,8.0
2022-10-23T02:00,24.1,88,8.7
2022-10-23T03:00,23.4,89,9.0
2022-10-23T04:00,23.2,90,9.0
2022-10-23T05:00,23.0,89,9.4
2022-10-23T06:00,22.2,87,9.1
2022-10-23T07:00,22.2,81,8.4
2022-10-23T08:00,25.3,47,16.1
2022-10-23T09:00,28.9,31,13.0
2022-10-23T10:00,31.3,32,15.9
2022-10-23T11:00,33.6,25,17.5
2022-10-23T12:00,35.2,20,15.0
2022-10-23T13:00,36.1,17,11.5
2022-10-23T14:00,36.1,18,11.7
2022-10-23T15:00,34.0,35,21.2
2022-10-23T16:00,33.1,30,22.2
2022-10-23T17:00,31.9,41,21.2
2022-10-23T18:00,30.0,54,17.8
2022-10-23T19:00,29.5,63,15.5
2022-10-23T20:00,29.0,64,10.8
2022-10-23T21:00,27.7,70,6.5
2022-10-23T22:00,26.9,71,8.0
2022-10-23T23:00,25.8,75,7.4
2022-10-24T00:00,24.8,81,6.2
2022-10-24T01:00,24.1,85,6.5
2022-10-24T02:00,23.7,87,5.8
2022-10-24T03:00,23.2,89,5.7
2022-10-24T04:00,22.4,90,7.9
2022-10-24T05:00,22.9,90,9.4
2022-10-24T06:00,22.2,92,10.3
2022-10-24T07:00,22.1,92,9.4
2022-10-24T08:00,25.2,78,7.8
2022-10-24T09:00,28.4,66,7.2
2022-10-24T10:00,30.7,56,4.7
2022-10-24T11:00,33.3,35,3.1
2022-10-24T12:00,35.1,21,4.2
2022-10-24T13:00,35.7,19,9.2
2022-10-24T14:00,35.5,22,15.6
2022-10-24T15:00,34.7,22,20.9
2022-10-24T16:00,34.4,19,19.9
2022-10-24T17:00,31.9,42,20.9
2022-10-24T18:00,30.4,54,20.7
2022-10-24T19:00,30.1,57,14.1
2022-10-24T20:00,29.7,57,12.6
2022-10-24T21:00,28.9,60,10.5
2022-10-24T22:00,27.6,66,7.2
2022-10-24T23:00,26.4,70,7.3
2022-10-25T00:00,25.6,72,12.0
2022-10-25T01:00,24.4,77,9.3
2022-10-25T02:00,23.4,83,7.7
2022-10-25T03:00,23.0,85,9.2
2022-10-25T04:00,22.5,88,9.4
2022-10-25T05:00,22.6,88,8.4
2022-10-25T06:00,21.9,91,8.5
2022-10-25T07:00,22.1,89,9.0
2022-10-25T08:00,25.1,74,6.8
2022-10-25T09:00,28.8,57,5.9
2022-10-25T10:00,30.8,50,2.4
2022-10-25T11:00,32.8,38,1.9
2022-10-25T12:00,34.4,28,7.4
2022-10-25T13:00,35.0,26,12.0
2022-10-25T14:00,34.7,28,16.8
2022-10-25T15:00,33.4,36,21.9
2022-10-25T16:00,32.2,44,21.5
2022-10-25T17:00,31.0,55,21.6
2022-10-25T18:00,30.2,58,19.1
2022-10-25T19:00,29.7,58,16.4
2022-10-25T20:00,29.2,59,12.8
2022-10-25T21:00,28.4,64,10.0
2022-10-25T22:00,27.1,70,7.9
2022-10-25T23:00,26.4,71,9.4
2022-10-26T00:00,25.3,74,9.5
2022-10-26T01:00,24.4,78,9.3
2022-10-26T02:00,23.7,83,8.9
2022-10-26T03:00,23.1,87,9.4
2022-10-26T04:00,22.8,88,8.9
2022-10-26T05:00,22.7,88,9.2
2022-10-26T06:00,22.1,91,9.7
2022-10-26T07:00,21.9,91,9.6
2022-10-26T08:00,24.8,74,7.6
2022-10-26T09:00,28.3,58,6.8
2022-10-26T10:00,30.7,47,6.1
2022-10-26T11:00,32.9,34,5.0
2022-10-26T12:00,34.5,25,4.7
2022-10-26T13:00,34.9,27,10.9
2022-10-26T14:00,34.4,34,16.6
2022-10-26T15:00,33.8,34,21.5
2022-10-26T16:00,33.2,33,20.2
2022-10-26T17:00,31.4,46,20.1
2022-10-26T18:00,30.0,56,16.0
2022-10-26T19:00,29.3,63,13.0
2022-10-26T20:00,28.5,68,8.6
2022-10-26T21:00,27.5,75,7.2
2022-10-26T22:00,26.5,78,7.6
2022-10-26T23:00,25.5,81,8.5
2022-10-27T00:00,24.5,85,7.4
2022-10-27T01:00,23.5,89,6.4
2022-10-27T02:00,22.9,91,6.8
2022-10-27T03:00,22.4,91,7.3
2022-10-27T04:00,22.3,89,9.3
2022-10-27T05:00,22.3,88,9.7
2022-10-27T06:00,21.7,88,10.0
2022-10-27T07:00,21.6,85,9.4
2022-10-27T08:00,24.5,70,6.6
2022-10-27T09:00,28.1,57,5.5
2022-10-27T10:00,30.4,49,4.1
2022-10-27T11:00,32.5,40,6.0
2022-10-27T12:00,34.0,31,11.4
2022-10-27T13:00,34.5,28,15.8
2022-10-27T14:00,34.2,28,17.6
2022-10-27T15:00,33.3,35,17.6
2022-10-27T16:00,32.7,39,16.1
2022-10-27T17:00,31.2,52,15.6
2022-10-27T18:00,29.9,61,14.3
2022-10-27T19:00,29.5,61,12.1
2022-10-27T20:00,28.6,65,9.5
2022-10-27T21:00,27.4,70,7.2
2022-10-27T22:00,26.9,73,5.1
2022-10-27T23:00,27.8,69,2.8
2022-10-28T00:00,27.4,71,0.5
2022-10-28T01:00,26.6,74,3.4
2022-10-28T02:00,23.9,85,6.3
2022-10-28T03:00,22.8,89,9.7
2022-10-28T04:00,22.5,91,10.3
2022-10-28T05:00,21.9,93,8.7
2022-10-28T06:00,21.5,92,8.3
2022-10-28T07:00,22.3,90,9.1
2022-10-28T08:00,24.7,78,6.5
2022-10-28T09:00,28.0,66,4.2
2022-10-28T10:00,29.8,62,2.9
2022-10-28T11:00,31.8,50,8.9
2022-10-28T12:00,33.3,37,14.1
2022-10-28T13:00,33.7,32,16.7
2022-10-28T14:00,33.4,34,16.9
2022-10-28T15:00,32.8,37,18.4
2022-10-28T16:00,32.2,40,18.8
2022-10-28T17:00,31.0,47,17.2
2022-10-28T18:00,30.0,53,12.3
2022-10-28T19:00,29.3,58,9.7
2022-10-28T20:00,28.3,63,8.0
2022-10-28T21:00,27.1,69,6.3
2022-10-28T22:00,27.3,69,4.0
2022-10-28T23:00,27.6,68,2.2
2022-10-29T00:00,26.9,71,1.3
2022-10-29T01:00,26.0,74,3.9
2022-10-29T02:00,23.7,83,6.2
2022-10-29T03:00,22.7,87,8.4
2022-10-29T04:00,22.5,86,8.6
2022-10-29T05:00,22.3,87,10.3
2022-10-29T06:00,21.8,90,11.2
2022-10-29T07:00,21.5,91,10.7
2022-10-29T08:00,24.1,79,8.4
2022-10-29T09:00,27.9,66,7.9
2022-10-29T10:00,29.7,61,3.5
2022-10-29T11:00,31.2,52,4.0
2022-10-29T12:00,32.7,42,8.2
2022-10-29T13:00,33.5,37,13.3
2022-10-29T14:00,33.2,38,18.5
2022-10-29T15:00,32.1,46,19.7
2022-10-29T16:00,31.3,52,17.6
2022-10-29T17:00,30.4,55,16.4
2022-10-29T18:00,29.4,60,14.9
2022-10-29T19:00,28.6,65,10.2
2022-10-29T20:00,27.6,71,6.8
2022-10-29T21:00,26.7,76,7.1
2022-10-29T22:00,25.6,80,6.4
2022-10-29T23:00,24.4,85,5.8
2022-10-30T00:00,23.6,89,6.1
2022-10-30T01:00,22.8,92,6.5
2022-10-30T02:00,22.3,93,8.3
2022-10-30T03:00,22.1,93,9.0
2022-10-30T04:00,22.5,92,11.3
2022-10-30T05:00,22.4,94,10.1
2022-10-30T06:00,22.1,94,9.7
2022-10-30T07:00,21.7,93,8.8
2022-10-30T08:00,23.9,77,9.6
2022-10-30T09:00,26.6,57,8.5
2022-10-30T10:00,29.7,37,14.4
2022-10-30T11:00,31.8,34,13.4
2022-10-30T12:00,33.4,31,11.1
2022-10-30T13:00,34.5,28,8.7
2022-10-30T14:00,34.9,27,7.5
2022-10-30T15:00,34.0,32,12.6
2022-10-30T16:00,32.3,42,16.9
2022-10-30T17:00,30.6,52,16.3
2022-10-30T18:00,29.1,65,15.0
2022-10-30T19:00,28.5,70,10.9
2022-10-30T20:00,28.0,74,9.0
2022-10-30T21:00,27.2,78,7.7
2022-10-30T22:00,26.2,81,7.7
2022-10-30T23:00,25.2,85,7.3
2022-10-31T00:00,24.2,90,7.2
2022-10-31T01:00,23.5,93,7.6
2022-10-31T02:00,22.8,94,7.9
2022-10-31T03:00,22.2,96,8.3
2022-10-31T04:00,22.0,96,8.3
2022-10-31T05:00,21.7,98,7.7
2022-10-31T06:00,21.2,98,7.3
2022-10-31T07:00,21.9,98,8.4
2022-10-31T08:00,24.1,89,5.8
2022-10-31T09:00,26.7,79,5.1
2022-10-31T10:00,28.6,69,4.5
2022-10-31T11:00,30.5,55,2.1
2022-10-31T12:00,32.1,44,2.1
2022-10-31T13:00,33.2,39,6.7
2022-10-31T14:00,33.0,44,14.8
2022-10-31T15:00,32.3,40,20.4
2022-10-31T16:00,31.6,42,19.4
2022-10-31T17:00,29.6,64,18.4
2022-10-31T18:00,28.6,70,14.6
2022-10-31T19:00,28.1,73,11.2
2022-10-31T20:00,27.5,73,8.5
2022-10-31T21:00,26.2,78,5.5
2022-10-31T22:00,26.0,79,4.1
2022-10-31T23:00,24.4,88,7.8
2022-11-01T00:00,23.7,92,9.7
2022-11-01T01:00,22.8,95,8.9
2022-11-01T02:00,22.2,96,7.8
2022-11-01T03:00,21.8,96,8.2
2022-11-01T04:00,21.9,97,8.4
2022-11-01T05:00,21.7,97,8.2
2022-11-01T06:00,21.0,98,7.9
2022-11-01T07:00,20.7,100,7.7
2022-11-01T08:00,22.3,95,7.0
2022-11-01T09:00,26.5,76,6.4
2022-11-01T10:00,28.5,68,3.3
2022-11-01T11:00,30.2,57,4.4
2022-11-01T12:00,31.9,45,8.0
2022-11-01T13:00,32.9,37,11.8
2022-11-01T14:00,33.1,33,14.8
2022-11-01T15:00,32.6,33,15.6
2022-11-01T16:00,31.2,44,15.6
2022-11-01T17:00,29.9,56,13.3
2022-11-01T18:00,28.8,65,10.8
2022-11-01T19:00,28.4,65,8.9
2022-11-01T20:00,27.6,67,7.6
2022-11-01T21:00,26.9,68,4.7
2022-11-01T22:00,27.3,65,1.1
2022-11-01T23:00,24.4,79,8.5
2022-11-02T00:00,23.4,86,10.5
2022-11-02T01:00,22.3,91,9.9
2022-11-02T02:00,21.6,93,9.4
2022-11-02T03:00,20.9,95,9.4
2022-11-02T04:00,20.6,95,10.2
2022-11-02T05:00,20.2,95,9.4
2022-11-02T06:00,19.9,95,10.2
2022-11-02T07:00,20.0,93,10.5
2022-11-02T08:00,22.9,78,8.7
2022-11-02T09:00,27.1,60,8.4
2022-11-02T10:00,29.9,46,7.6
2022-11-02T11:00,31.9,36,3.3
2022-11-02T12:00,33.5,25,3.4
2022-11-02T13:00,34.5,20,8.2
2022-11-02T14:00,34.4,21,13.0
2022-11-02T15:00,33.7,24,15.9
2022-11-02T16:00,33.1,23,14.5
2022-11-02T17:00,31.4,32,13.1
2022-11-02T18:00,29.3,50,10.2
2022-11-02T19:00,28.0,60,8.4
2022-11-02T20:00,26.5,67,5.6
2022-11-02T21:00,25.6,68,7.1
2022-11-02T22:00,24.7,70,9.1
2022-11-02T23:00,23.5,75,9.7
2022-11-03T00:00,22.4,80,9.6
2022-11-03T01:00,21.6,82,9.8
2022-11-03T02:00,20.9,84,10.1
2022-11-03T03:00,20.4,85,10.9
2022-11-03T04:00,20.5,90,11.2
2022-11-03T05:00,20.3,89,11.3
2022-11-03T06:00,20.1,86,11.5
2022-11-03T07:00,20.0,82,12.4
2022-11-03T08:00,22.9,65,12.5
2022-11-03T09:00,27.3,48,12.7
2022-11-03T10:00,30.1,30,16.3
2022-11-03T11:00,32.6,27,17.3
2022-11-03T12:00,34.2,22,16.6
2022-11-03T13:00,35.0,19,12.9
2022-11-03T14:00,35.5,18,10.9
2022-11-03T15:00,35.6,17,11.1
2022-11-03T16:00,34.1,27,16.9
2022-11-03T17:00,31.9,32,17.8
2022-11-03T18:00,30.2,47,10.8
2022-11-03T19:00,28.9,57,7.0
2022-11-03T20:00,27.8,60,7.6
2022-11-03T21:00,26.9,58,8.9
2022-11-03T22:00,25.6,58,7.0
2022-11-03T23:00,24.7,58,6.2
2022-11-04T00:00,23.9,60,6.9
2022-11-04T01:00,23.2,67,7.6
2022-11-04T02:00,22.4,76,8.7
2022-11-04T03:00,21.8,82,10.0
2022-11-04T04:00,22.0,71,12.8
2022-11-04T05:00,23.0,49,15.1
2022-11-04T06:00,23.7,44,20.1
2022-11-04T07:00,23.7,43,21.3
2022-11-04T08:00,25.3,37,17.3
2022-11-04T09:00,27.9,30,19.6
2022-11-04T10:00,30.4,26,23.2
2022-11-04T11:00,32.3,23,24.5
2022-11-04T12:00,33.6,21,22.4
2022-11-04T13:00,34.2,21,20.7
2022-11-04T14:00,34.5,21,18.6
2022-11-04T15:00,34.1,22,17.9
2022-11-04T16:00,32.6,36,20.8
2022-11-04T17:00,30.9,38,23.4
2022-11-04T18:00,29.8,50,17.7
2022-11-04T19:00,29.3,49,15.3
2022-11-04T20:00,28.8,54,11.3
2022-11-04T21:00,27.3,60,6.5
2022-11-04T22:00,28.6,55,3.1
2022-11-04T23:00,26.1,62,12.4
2022-11-05T00:00,24.7,65,11.8
2022-11-05T01:00,24.3,65,10.6
2022-11-05T02:00,23.9,64,11.1
2022-11-05T03:00,23.0,66,10.6
2022-11-05T04:00,22.7,70,10.6
2022-11-05T05:00,22.7,69,8.3
2022-11-05T06:00,22.5,69,8.4
2022-11-05T07:00,22.7,68,9.7
2022-11-05T08:00,24.8,60,9.4
2022-11-05T09:00,27.7,51,9.1
2022-11-05T10:00,30.0,50,9.6
2022-11-05T11:00,31.1,50,9.6
2022-11-05T12:00,31.8,47,13.4
2022-11-05T13:00,32.1,46,18.6
2022-11-05T14:00,31.2,50,19.3
2022-11-05T15:00,31.2,46,17.9
2022-11-05T16:00,30.5,50,18.8
2022-11-05T17:00,29.9,49,18.2
2022-11-05T18:00,29.4,50,14.8
2022-11-05T19:00,28.9,53,14.5
2022-11-05T20:00,28.5,56,14.4
2022-11-05T21:00,28.0,58,12.5
2022-11-05T22:00,27.6,60,11.5
2022-11-05T23:00,26.9,62,11.0
2022-11-06T00:00,26.3,64,10.1
2022-11-06T01:00,26.1,64,10.4
2022-11-06T02:00,25.9,65,11.3
2022-11-06T03:00,25.6,66,10.5
2022-11-06T04:00,23.8,73,11.2
2022-11-06T05:00,23.3,74,12.0
2022-11-06T06:00,22.9,76,12.4
2022-11-06T07:00,23.0,75,8.2
2022-11-06T08:00,25.0,69,8.5
2022-11-06T09:00,27.6,60,11.3
2022-11-06T10:00,29.8,56,11.9
2022-11-06T11:00,30.9,52,17.7
2022-11-06T12:00,30.8,53,20.5
2022-11-06T13:00,31.0,53,20.3
2022-11-06T14:00,31.0,52,20.1
2022-11-06T15:00,30.9,51,21.7
2022-11-06T16:00,30.3,52,21.2
2022-11-06T17:00,29.5,55,20.4
2022-11-06T18:00,28.8,59,17.8
2022-11-06T19:00,28.6,58,14.2
2022-11-06T20:00,28.2,60,13.0
2022-11-06T21:00,27.7,62,12.6
2022-11-06T22:00,27.1,65,12.4
2022-11-06T23:00,26.7,67,12.6
2022-11-07T00:00,26.1,71,12.7
2022-11-07T01:00,25.5,76,12.2
2022-11-07T02:00,25.0,79,11.7
2022-11-07T03:00,24.6,81,11.0
2022-11-07T04:00,23.9,80,12.2
2022-11-07T05:00,23.7,81,11.5
2022-11-07T06:00,23.4,83,11.9
2022-11-07T07:00,23.2,83,12.7
2022-11-07T08:00,25.4,72,11.6
2022-11-07T09:00,28.4,59,10.8
2022-11-07T10:00,30.5,51,10.9
2022-11-07T11:00,31.6,45,15.8
2022-11-07T12:00,31.4,42,18.2
2022-11-07T13:00,30.1,48,17.4
2022-11-07T14:00,30.7,47,11.7
2022-11-07T15:00,31.2,45,13.9
2022-11-07T16:00,30.7,48,10.9
2022-11-07T17:00,30.5,51,10.9
2022-11-07T18:00,29.6,57,12.2
2022-11-07T19:00,29.1,60,10.1
2022-11-07T20:00,28.4,64,7.1
2022-11-07T21:00,27.5,69,5.5
2022-11-07T22:00,27.9,67,2.5
2022-11-07T23:00,26.3,75,4.3
2022-11-08T00:00,26.5,72,3.2
2022-11-08T01:00,24.5,81,7.6
2022-11-08T02:00,24.0,82,10.2
2022-11-08T03:00,23.1,86,10.2
2022-11-08T04:00,23.0,84,10.4
2022-11-08T05:00,23.0,82,8.9
2022-11-08T06:00,22.4,82,8.9
2022-11-08T07:00,22.4,75,9.7
2022-11-08T08:00,24.9,58,8.2
2022-11-08T09:00,28.4,42,5.6
2022-11-08T10:00,31.3,33,5.7
2022-11-08T11:00,33.4,27,10.0
2022-11-08T12:00,34.8,25,15.6
2022-11-08T13:00,35.6,21,18.5
2022-11-08T14:00,34.6,27,20.4
2022-11-08T15:00,32.9,30,21.0
2022-11-08T16:00,32.9,30,21.8
2022-11-08T17:00,30.9,41,18.1
2022-11-08T18:00,29.8,49,13.7
2022-11-08T19:00,29.0,53,11.6
2022-11-08T20:00,28.0,56,9.8
2022-11-08T21:00,27.1,59,11.6
2022-11-08T22:00,26.2,56,12.9
2022-11-08T23:00,26.0,48,13.4
2022-11-09T00:00,25.6,43,14.3
2022-11-09T01:00,25.2,40,14.6
2022-11-09T02:00,24.7,40,14.2
2022-11-09T03:00,24.1,46,15.3
2022-11-09T04:00,23.7,45,15.4
2022-11-09T05:00,24.0,47,16.2
2022-11-09T06:00,24.3,46,19.1
2022-11-09T07:00,24.5,43,19.9
2022-11-09T08:00,26.4,34,16.7
2022-11-09T09:00,29.0,27,16.8
2022-11-09T10:00,31.3,23,19.8
2022-11-09T11:00,33.4,19,21.9
2022-11-09T12:00,35.0,17,22.5
2022-11-09T13:00,35.8,17,19.8
2022-11-09T14:00,35.6,19,17.6
2022-11-09T15:00,33.7,27,23.0
2022-11-09T16:00,32.3,35,23.6
2022-11-09T17:00,31.1,45,21.1
2022-11-09T18:00,29.6,55,14.2
2022-11-09T19:00,29.0,61,11.1
2022-11-09T20:00,28.3,64,11.7
2022-11-09T21:00,27.5,67,13.0
2022-11-09T22:00,27.1,62,14.5
2022-11-09T23:00,26.9,52,14.2
2022-11-10T00:00,26.0,64,15.6
2022-11-10T01:00,25.5,77,15.5
2022-11-10T02:00,24.9,77,14.3
2022-11-10T03:00,24.3,78,14.3
2022-11-10T04:00,24.3,77,15.1
2022-11-10T05:00,24.0,75,14.0
2022-11-10T06:00,23.2,72,13.2
2022-11-10T07:00,22.9,66,12.4
2022-11-10T08:00,25.0,55,10.5
2022-11-10T09:00,28.2,44,6.7
2022-11-10T10:00,31.2,35,6.2
2022-11-10T11:00,33.5,26,8.2
2022-11-10T12:00,34.5,22,8.6
2022-11-10T13:00,34.3,27,13.8
2022-11-10T14:00,33.8,28,17.6
2022-11-10T15:00,33.3,26,18.7
2022-11-10T16:00,32.1,32,18.3
2022-11-10T17:00,30.4,49,16.2
2022-11-10T18:00,29.1,60,15.1
2022-11-10T19:00,28.4,64,14.4
2022-11-10T20:00,27.7,69,13.0
2022-11-10T21:00,26.9,71,10.3
2022-11-10T22:00,25.7,73,9.7
2022-11-10T23:00,24.8,72,9.2
2022-11-11T00:00,23.8,72,8.6
2022-11-11T01:00,22.7,75,7.6
2022-11-11T02:00,22.0,75,7.2
2022-11-11T03:00,21.5,72,8.1
2022-11-11T04:00,21.1,68,8.7
2022-11-11T05:00,21.2,63,10.0
2022-11-11T06:00,20.5,64,9.7
2022-11-11T07:00,20.4,66,10.5
2022-11-11T08:00,23.0,56,7.6
2022-11-11T09:00,27.7,40,7.6
2022-11-11T10:00,31.2,29,16.7
2022-11-11T11:00,33.2,25,11.2
2022-11-11T12:00,34.2,23,5.9
2022-11-11T13:00,34.9,21,0.7
2022-11-11T14:00,35.3,20,10.5
2022-11-11T15:00,34.2,27,18.7
2022-11-11T16:00,32.6,31,21.7
2022-11-11T17:00,30.9,41,20.9
2022-11-11T18:00,29.5,51,16.0
2022-11-11T19:00,28.8,57,13.9
2022-11-11T20:00,27.9,64,10.8
2022-11-11T21:00,26.8,73,8.4
2022-11-11T22:00,25.6,81,7.1
2022-11-11T23:00,24.9,81,8.3
2022-11-12T00:00,24.0,80,10.0
2022-11-12T01:00,23.1,86,10.7
2022-11-12T02:00,22.7,90,10.0
2022-11-12T03:00,22.2,91,9.5
2022-11-12T04:00,21.7,93,7.8
2022-11-12T05:00,21.6,93,8.9
2022-11-12T06:00,21.0,93,9.3
2022-11-12T07:00,20.7,92,9.2
2022-11-12T08:00,22.8,80,7.7
2022-11-12T09:00,26.6,53,15.5
2022-11-12T10:00,29.3,44,18.4
2022-11-12T11:00,31.7,37,18.6
2022-11-12T12:00,33.3,29,14.6
2022-11-12T13:00,34.1,24,9.2
2022-11-12T14:00,34.7,20,9.5
2022-11-12T15:00,34.5,22,15.4
2022-11-12T16:00,31.8,38,20.4
2022-11-12T17:00,30.3,48,15.8
2022-11-12T18:00,28.8,61,12.4
2022-11-12T19:00,28.0,67,11.5
2022-11-12T20:00,27.2,72,9.8
2022-11-12T21:00,26.2,78,7.4
2022-11-12T22:00,25.3,85,6.0
2022-11-12T23:00,26.3,81,2.2
2022-11-13T00:00,24.6,87,4.4
2022-11-13T01:00,23.6,90,6.0
2022-11-13T02:00,23.0,92,8.8
2022-11-13T03:00,22.6,94,10.7
2022-11-13T04:00,21.5,96,9.8
2022-11-13T05:00,21.5,96,9.6
2022-11-13T06:00,21.2,98,10.2
2022-11-13T07:00,21.2,98,10.5
2022-11-13T08:00,23.3,90,10.1
2022-11-13T09:00,26.5,77,11.9
2022-11-13T10:00,29.1,65,14.5
2022-11-13T11:00,31.3,53,16.6
2022-11-13T12:00,32.5,43,20.0
2022-11-13T13:00,32.7,42,21.9
2022-11-13T14:00,32.4,45,26.1
2022-11-13T15:00,31.7,48,26.8
2022-11-13T16:00,31.0,53,23.9
2022-11-13T17:00,30.0,59,21.3
2022-11-13T18:00,29.1,64,16.2
2022-11-13T19:00,28.8,63,16.1
2022-11-13T20:00,28.4,64,16.6
2022-11-13T21:00,27.9,65,16.2
2022-11-13T22:00,27.5,67,15.1
2022-11-13T23:00,27.2,68,14.9
2022-11-14T00:00,26.9,67,13.7
2022-11-14T01:00,26.5,70,13.0
2022-11-14T02:00,26.3,72,13.3
2022-11-14T03:00,26.2,71,13.0
2022-11-14T04:00,25.7,74,10.8
2022-11-14T05:00,25.4,76,9.0
2022-11-14T06:00,25.2,78,6.9
2022-11-14T07:00,24.8,80,5.9
2022-11-14T08:00,27.0,70,6.2
2022-11-14T09:00,29.1,60,6.2
2022-11-14T10:00,31.1,48,16.3
2022-11-14T11:00,31.2,49,20.6
2022-11-14T12:00,31.8,43,22.4
2022-11-14T13:00,31.7,43,24.3
2022-11-14T14:00,31.5,41,22.2
2022-11-14T15:00,30.9,43,20.1
2022-11-14T16:00,30.4,45,20.1
2022-11-14T17:00,29.1,53,18.1
2022-11-14T18:00,28.1,61,12.4
2022-11-14T19:00,27.5,63,10.0
2022-11-14T20:00,27.0,63,8.7
2022-11-14T21:00,26.5,64,9.4
2022-11-14T22:00,25.8,66,8.6
2022-11-14T23:00,25.4,64,8.7
2022-11-15T00:00,25.2,61,10.5
2022-11-15T01:00,24.7,63,10.6
2022-11-15T02:00,24.2,72,9.9
2022-11-15T03:00,23.9,79,10.1
2022-11-15T04:00,22.8,75,9.9
2022-11-15T05:00,22.8,74,11.3
2022-11-15T06:00,22.4,76,13.3
2022-11-15T07:00,22.3,78,14.8
2022-11-15T08:00,24.5,69,13.1
2022-11-15T09:00,28.0,58,11.9
2022-11-15T10:00,30.7,46,16.0
2022-11-15T11:00,31.7,40,22.6
2022-11-15T12:00,31.8,41,24.9
2022-11-15T13:00,31.7,41,27.8
2022-11-15T14:00,31.3,44,28.1
2022-11-15T15:00,30.8,46,27.6
2022-11-15T16:00,30.5,48,26.8
2022-11-15T17:00,29.7,50,26.3
2022-11-15T18:00,29.0,53,21.3
2022-11-15T19:00,28.6,55,20.9
2022-11-15T20:00,28.2,56,20.3
2022-11-15T21:00,27.9,59,19.8
2022-11-15T22:00,27.5,60,18.5
2022-11-15T23:00,27.1,62,16.6
2022-11-16T00:00,26.7,65,15.2
2022-11-16T01:00,26.3,70,14.5
2022-11-16T02:00,25.9,73,14.4
2022-11-16T03:00,25.5,76,13.7
2022-11-16T04:00,24.2,84,11.6
2022-11-16T05:00,24.0,85,11.6
2022-11-16T06:00,23.4,87,11.8
2022-11-16T07:00,22.9,88,12.3
2022-11-16T08:00,24.3,79,12.5
2022-11-16T09:00,27.2,66,11.6
2022-11-16T10:00,29.8,56,9.2
2022-11-16T11:00,31.4,47,16.1
2022-11-16T12:00,31.8,45,20.3
2022-11-16T13:00,31.7,46,20.6
2022-11-16T14:00,31.5,46,21.7
2022-11-16T15:00,31.0,49,23.3
2022-11-16T16:00,30.7,47,23.0
2022-11-16T17:00,29.9,50,21.3
2022-11-16T18:00,29.0,54,16.5
2022-11-16T19:00,28.4,58,13.5
2022-11-16T20:00,27.7,61,10.3
2022-11-16T21:00,26.8,65,8.7
2022-11-16T22:00,25.5,69,6.5
2022-11-16T23:00,25.7,68,4.2
2022-11-17T00:00,24.0,75,6.3
2022-11-17T01:00,23.3,77,9.9
2022-11-17T02:00,22.4,80,9.9
2022-11-17T03:00,21.5,84,8.9
2022-11-17T04:00,21.3,83,8.8
2022-11-17T05:00,21.4,82,10.0
2022-11-17T06:00,20.9,84,10.1
2022-11-17T07:00,20.7,87,11.0
2022-11-17T08:00,23.0,78,10.8
2022-11-17T09:00,26.3,66,11.6
2022-11-17T10:00,29.4,55,14.1
2022-11-17T11:00,32.2,36,15.4
2022-11-17T12:00,33.5,29,12.1
2022-11-17T13:00,34.4,25,9.8
2022-11-17T14:00,34.7,23,5.7
2022-11-17T15:00,34.2,27,12.0
2022-11-17T16:00,30.8,50,23.2
2022-11-17T17:00,29.7,56,16.8
2022-11-17T18:00,28.7,65,16.3
2022-11-17T19:00,28.0,66,12.1
2022-11-17T20:00,27.4,68,10.5
2022-11-17T21:00,26.5,70,9.7
2022-11-17T22:00,25.6,72,7.9
2022-11-17T23:00,24.6,77,7.7
2022-11-18T00:00,23.7,81,8.0
2022-11-18T01:00,23.0,80,8.7
2022-11-18T02:00,22.0,85,8.2
2022-11-18T03:00,21.1,91,8.4
2022-11-18T04:00,21.0,89,8.7
2022-11-18T05:00,20.6,90,7.6
2022-11-18T06:00,20.2,89,8.5
2022-11-18T07:00,20.2,84,8.9
2022-11-18T08:00,21.9,71,6.4
2022-11-18T09:00,25.4,53,6.2
2022-11-18T10:00,28.8,40,11.4
2022-11-18T11:00,30.6,37,14.0
2022-11-18T12:00,31.9,31,11.0
2022-11-18T13:00,32.8,27,8.4
2022-11-18T14:00,33.3,24,8.3
2022-11-18T15:00,33.2,25,12.2
2022-11-18T16:00,32.1,30,14.1
2022-11-18T17:00,30.5,39,12.3
2022-11-18T18:00,28.5,54,9.3
2022-11-18T19:00,27.3,64,8.7
2022-11-18T20:00,26.4,70,8.8
2022-11-18T21:00,25.2,75,6.9
2022-11-18T22:00,24.8,77,5.9
2022-11-18T23:00,26.0,74,2.8
2022-11-19T00:00,25.5,77,1.9
2022-11-19T01:00,25.0,79,4.0
2022-11-19T02:00,22.0,89,7.9
2022-11-19T03:00,21.6,88,11.8
2022-11-19T04:00,20.1,88,9.0
2022-11-19T05:00,20.4,84,7.2
2022-11-19T06:00,20.3,89,7.3
2022-11-19T07:00,20.7,90,9.7
2022-11-19T08:00,22.7,82,7.7
2022-11-19T09:00,26.2,70,6.5
2022-11-19T10:00,28.3,63,4.9
2022-11-19T11:00,30.0,54,9.7
2022-11-19T12:00,30.8,49,15.3
2022-11-19T13:00,31.0,50,17.4
2022-11-19T14:00,31.0,49,18.6
2022-11-19T15:00,30.6,51,19.5
2022-11-19T16:00,30.0,52,20.2
2022-11-19T17:00,29.0,60,17.9
2022-11-19T18:00,28.2,65,14.2
2022-11-19T19:00,27.7,69,12.7
2022-11-19T20:00,27.1,71,12.0
2022-11-19T21:00,26.6,74,11.2
2022-11-19T22:00,26.1,75,11.7
2022-11-19T23:00,25.9,76,11.7
2022-11-20T00:00,25.5,76,10.9
2022-11-20T01:00,24.9,75,9.6
2022-11-20T02:00,24.5,76,9.9
2022-11-20T03:00,24.4,77,10.5
2022-11-20T04:00,24.0,84,9.7
2022-11-20T05:00,23.9,85,9.5
2022-11-20T06:00,23.4,87,8.9
2022-11-20T07:00,23.4,87,10.4
2022-11-20T08:00,25.1,78,10.0
2022-11-20T09:00,27.7,66,10.0
2022-11-20T10:00,29.7,56,13.8
2022-11-20T11:00,30.2,53,18.5
2022-11-20T12:00,30.5,50,19.8
2022-11-20T13:00,30.8,47,20.1
2022-11-20T14:00,30.7,48,20.4
2022-11-20T15:00,30.3,49,22.1
2022-11-20T16:00,29.5,51,23.6
2022-11-20T17:00,28.5,55,23.5
2022-11-20T18:00,27.8,57,19.7
2022-11-20T19:00,27.5,55,18.3
2022-11-20T20:00,26.9,58,17.5
2022-11-20T21:00,26.4,61,14.5
2022-11-20T22:00,25.8,64,12.1
2022-11-20T23:00,25.2,67,10.6
2022-11-21T00:00,24.7,68,10.4
2022-11-21T01:00,24.4,70,11.7
2022-11-21T02:00,23.9,72,11.4
2022-11-21T03:00,23.4,73,10.9
2022-11-21T04:00,23.1,76,10.0
2022-11-21T05:00,23.4,75,10.5
2022-11-21T06:00,22.7,77,9.2
2022-11-21T07:00,22.7,77,6.9
2022-11-21T08:00,24.8,68,4.2
2022-11-21T09:00,26.9,59,3.2
2022-11-21T10:00,28.0,53,7.1
2022-11-21T11:00,28.7,50,9.2
2022-11-21T12:00,29.2,49,12.2
2022-11-21T13:00,29.3,48,14.6
2022-11-21T14:00,29.1,46,15.0
2022-11-21T15:00,28.8,45,14.9
2022-11-21T16:00,28.6,49,15.3
2022-11-21T17:00,27.7,52,12.8
2022-11-21T18:00,27.3,54,10.0
2022-11-21T19:00,26.9,56,9.7
2022-11-21T20:00,26.2,60,9.5
2022-11-21T21:00,25.6,62,9.5
2022-11-21T22:00,24.9,66,8.0
2022-11-21T23:00,24.1,70,6.8
2022-11-22T00:00,23.8,73,7.9
2022-11-22T01:00,23.1,77,7.9
2022-11-22T02:00,22.7,79,9.1
2022-11-22T03:00,21.9,83,7.8
2022-11-22T04:00,21.7,79,9.4
2022-11-22T05:00,21.8,78,7.8
2022-11-22T06:00,21.4,79,8.5
2022-11-22T07:00,21.3,80,11.0
2022-11-22T08:00,23.2,73,10.8
2022-11-22T09:00,25.7,68,13.7
2022-11-22T10:00,27.8,60,20.1
2022-11-22T11:00,30.1,42,18.4
2022-11-22T12:00,31.5,34,17.1
2022-11-22T13:00,32.4,30,16.6
2022-11-22T14:00,32.8,27,20.1
2022-11-22T15:00,32.5,25,20.6
2022-11-22T16:00,27.6,53,26.6
2022-11-22T17:00,26.0,66,25.8
2022-11-22T18:00,25.6,63,16.9
2022-11-22T19:00,25.8,67,11.3
2022-11-22T20:00,25.8,66,11.2
2022-11-22T21:00,25.6,51,10.4
2022-11-22T22:00,24.9,47,11.8
2022-11-22T23:00,24.0,51,10.8
2022-11-23T00:00,23.2,54,10.1
2022-11-23T01:00,22.1,56,9.4
2022-11-23T02:00,21.2,60,10.2
2022-11-23T03:00,20.5,63,9.7
2022-11-23T04:00,20.8,63,11.8
2022-11-23T05:00,20.2,66,10.0
2022-11-23T06:00,19.6,73,9.1
2022-11-23T07:00,19.3,77,9.4
2022-11-23T08:00,21.4,70,9.8
2022-11-23T09:00,23.9,58,10.1
2022-11-23T10:00,26.7,42,9.5
2022-11-23T11:00,29.0,29,9.7
2022-11-23T12:00,30.3,26,5.9
2022-11-23T13:00,31.1,24,3.0
2022-11-23T14:00,31.6,22,1.6
2022-11-23T15:00,31.5,25,9.2
2022-11-23T16:00,29.7,35,18.2
2022-11-23T17:00,28.3,41,16.6
2022-11-23T18:00,27.6,51,13.0
2022-11-23T19:00,27.1,53,9.7
2022-11-23T20:00,26.5,56,6.4
2022-11-23T21:00,25.5,62,6.0
2022-11-23T22:00,24.7,67,4.9
2022-11-23T23:00,23.7,71,5.9
2022-11-24T00:00,23.1,73,6.2
2022-11-24T01:00,22.7,74,5.3
2022-11-24T02:00,22.7,75,4.5
2022-11-24T03:00,23.4,71,3.6
2022-11-24T04:00,20.9,81,6.5
2022-11-24T05:00,20.7,81,7.2
2022-11-24T06:00,20.3,83,7.2
2022-11-24T07:00,20.3,82,7.9
2022-11-24T08:00,22.5,71,6.2
2022-11-24T09:00,25.6,60,4.0
2022-11-24T10:00,27.5,56,1.9
2022-11-24T11:00,28.7,49,6.4
2022-11-24T12:00,29.5,45,10.5
2022-11-24T13:00,29.5,46,13.0
2022-11-24T14:00,29.3,48,14.0
2022-11-24T15:00,29.1,48,15.0
2022-11-24T16:00,28.2,53,17.8
2022-11-24T17:00,27.3,57,15.8
2022-11-24T18:00,26.6,60,12.5
2022-11-24T19:00,26.2,61,10.2
2022-11-24T20:00,25.3,64,8.5
2022-11-24T21:00,24.0,68,6.0
2022-11-24T22:00,24.9,63,0.7
2022-11-24T23:00,24.3,66,2.5
2022-11-25T00:00,22.9,71,4.4
2022-11-25T01:00,20.9,80,6.5
2022-11-25T02:00,20.2,83,10.1
2022-11-25T03:00,19.5,86,11.4
2022-11-25T04:00,18.6,91,10.2
2022-11-25T05:00,18.4,92,8.3
2022-11-25T06:00,18.1,91,8.4
2022-11-25T07:00,18.2,90,9.4
2022-11-25T08:00,20.0,82,7.7
2022-11-25T09:00,23.5,67,5.4
2022-11-25T10:00,25.6,63,6.0
2022-11-25T11:00,26.9,56,5.2
2022-11-25T12:00,28.3,47,3.5
2022-11-25T13:00,29.4,40,7.3
2022-11-25T14:00,29.2,39,18.3
2022-11-25T15:00,28.1,44,17.6
2022-11-25T16:00,28.0,51,15.3
2022-11-25T17:00,27.4,50,13.7
2022-11-25T18:00,26.6,52,8.8
2022-11-25T19:00,25.4,57,6.5
2022-11-25T20:00,24.3,62,5.4
2022-11-25T21:00,23.8,64,5.8
2022-11-25T22:00,23.2,67,6.3
2022-11-25T23:00,24.8,61,3.3
2022-11-26T00:00,21.8,72,6.3
2022-11-26T01:00,20.6,75,10.0
2022-11-26T02:00,19.8,77,10.7
2022-11-26T03:00,19.0,82,9.0
2022-11-26T04:00,19.3,81,6.8
2022-11-26T05:00,19.8,79,7.0
2022-11-26T06:00,19.8,81,7.3
2022-11-26T07:00,19.5,81,12.1
2022-11-26T08:00,20.2,77,12.4
2022-11-26T09:00,24.0,62,10.3
2022-11-26T10:00,26.7,55,7.7
2022-11-26T11:00,28.2,50,5.8
2022-11-26T12:00,29.2,44,11.3
2022-11-26T13:00,29.7,41,14.8
2022-11-26T14:00,29.7,40,16.9
2022-11-26T15:00,29.5,41,17.3
2022-11-26T16:00,28.7,45,16.6
2022-11-26T17:00,28.1,46,15.0
2022-11-26T18:00,27.2,48,10.7
2022-11-26T19:00,26.3,50,9.4
2022-11-26T20:00,25.4,52,8.9
2022-11-26T21:00,24.2,56,7.9
2022-11-26T22:00,24.1,57,5.9
2022-11-26T23:00,24.6,56,4.9
2022-11-27T00:00,25.3,56,4.2
2022-11-27T01:00,25.1,60,4.3
2022-11-27T02:00,25.0,65,4.6
2022-11-27T03:00,24.7,68,2.4
2022-11-27T04:00,20.2,72,13.0
2022-11-27T05:00,18.9,79,11.9
2022-11-27T06:00,18.2,83,10.6
2022-11-27T07:00,18.1,84,11.2
2022-11-27T08:00,20.6,73,10.1
2022-11-27T09:00,24.2,60,10.4
2022-11-27T10:00,27.1,56,10.6
2022-11-27T11:00,28.7,59,9.7
2022-11-27T12:00,29.8,55,13.5
2022-11-27T13:00,30.2,53,16.5
2022-11-27T14:00,30.0,55,18.2
2022-11-27T15:00,29.7,54,17.7
2022-11-27T16:00,29.7,51,16.1
2022-11-27T17:00,28.8,53,13.3
2022-11-27T18:00,27.4,58,8.2
2022-11-27T19:00,26.0,64,6.3
2022-11-27T20:00,25.1,69,5.9
2022-11-27T21:00,24.7,71,5.1
2022-11-27T22:00,23.8,77,5.7
2022-11-27T23:00,22.9,84,6.6
2022-11-28T00:00,22.7,86,6.2
2022-11-28T01:00,24.3,79,3.6
2022-11-28T02:00,23.7,82,2.5
2022-11-28T03:00,20.2,92,7.7
2022-11-28T04:00,19.6,92,11.3
2022-11-28T05:00,18.5,95,11.4
2022-11-28T06:00,17.7,96,10.5
2022-11-28T07:00,17.8,94,11.6
2022-11-28T08:00,19.9,87,12.4
2022-11-28T09:00,23.4,73,12.5
2022-11-28T10:00,26.4,61,12.3
2022-11-28T11:00,28.2,56,8.8
2022-11-28T12:00,29.4,50,6.8
2022-11-28T13:00,30.5,42,7.7
2022-11-28T14:00,30.8,40,9.7
2022-11-28T15:00,30.5,44,11.5
2022-11-28T16:00,30.3,46,14.0
2022-11-28T17:00,28.8,48,15.2
2022-11-28T18:00,27.4,61,11.9
2022-11-28T19:00,26.4,74,11.6
2022-11-28T20:00,25.6,76,8.5
2022-11-28T21:00,24.5,80,8.2
2022-11-28T22:00,23.4,81,7.6
2022-11-28T23:00,22.2,83,6.8
2022-11-29T00:00,21.2,86,7.5
2022-11-29T01:00,20.0,91,6.7
2022-11-29T02:00,19.0,93,7.6
2022-11-29T03:00,18.1,92,7.3
2022-11-29T04:00,18.0,91,8.0
2022-11-29T05:00,17.8,85,11.2
2022-11-29T06:00,16.6,82,9.5
2022-11-29T07:00,16.0,82,10.1
2022-11-29T08:00,18.7,68,9.9
2022-11-29T09:00,23.3,55,9.4
2022-11-29T10:00,27.0,50,10.9
2022-11-29T11:00,30.0,40,11.2
2022-11-29T12:00,32.2,28,11.0
2022-11-29T13:00,33.6,22,8.9
2022-11-29T14:00,33.9,20,3.1
2022-11-29T15:00,33.3,24,8.3
2022-11-29T16:00,29.9,47,24.6
2022-11-29T17:00,28.9,55,21.3
2022-11-29T18:00,28.7,53,7.3
2022-11-29T19:00,28.8,33,15.8
2022-11-29T20:00,27.1,40,13.3
2022-11-29T21:00,25.9,54,15.4
2022-11-29T22:00,25.4,60,15.0
2022-11-29T23:00,24.6,57,13.6
2022-11-30T00:00,23.7,54,13.6
2022-11-30T01:00,22.5,66,13.2
2022-11-30T02:00,21.8,80,12.0
2022-11-30T03:00,21.1,77,10.5
2022-11-30T04:00,21.0,93,10.4
2022-11-30T05:00,20.9,88,10.3
2022-11-30T06:00,20.1,84,9.2
2022-11-30T07:00,19.7,81,8.8
2022-11-30T08:00,20.7,74,7.5
2022-11-30T09:00,24.2,60,6.6
2022-11-30T10:00,27.0,58,4.4
2022-11-30T11:00,28.6,52,2.1
2022-11-30T12:00,30.0,44,3.6
2022-11-30T13:00,30.8,38,6.9
2022-11-30T14:00,30.4,44,11.9
2022-11-30T15:00,29.8,46,15.5
2022-11-30T16:00,28.9,52,17.3
2022-11-30T17:00,27.5,68,15.6
2022-11-30T18:00,26.8,73,12.1
2022-11-30T19:00,26.3,74,9.2
2022-11-30T20:00,25.6,75,7.9
2022-11-30T21:00,24.6,80,7.1
2022-11-30T22:00,23.8,85,7.3
2022-11-30T23:00,22.8,91,8.4
2022-12-01T00:00,21.8,92,5.6
2022-12-01T01:00,23.1,86,2.2
2022-12-01T02:00,22.8,86,3.2
2022-12-01T03:00,20.7,91,5.9
2022-12-01T04:00,19.8,90,9.5
2022-12-01T05:00,19.9,91,10.9
2022-12-01T06:00,19.0,93,10.0
2022-12-01T07:00,18.5,93,9.8
2022-12-01T08:00,20.4,84,8.0
2022-12-01T09:00,23.8,69,6.6
2022-12-01T10:00,26.5,59,3.7
2022-12-01T11:00,28.1,53,6.0
2022-12-01T12:00,29.3,46,12.4
2022-12-01T13:00,29.5,43,16.1
2022-12-01T14:00,29.2,44,17.8
2022-12-01T15:00,28.6,48,17.1
2022-12-01T16:00,28.1,50,15.5
2022-12-01T17:00,27.6,50,14.5
2022-12-01T18:00,26.6,54,11.5
2022-12-01T19:00,25.8,59,8.6
2022-12-01T20:00,25.2,63,7.6
2022-12-01T21:00,24.5,66,6.5
2022-12-01T22:00,24.1,66,8.4
2022-12-01T23:00,23.8,63,9.8
2022-12-02T00:00,23.5,62,10.1
2022-12-02T01:00,22.9,66,10.5
2022-12-02T02:00,22.0,74,10.2
2022-12-02T03:00,21.3,80,9.1
2022-12-02T04:00,22.3,74,5.3
2022-12-02T05:00,21.3,78,6.0
2022-12-02T06:00,20.0,83,10.5
2022-12-02T07:00,19.0,87,11.6
2022-12-02T08:00,20.3,80,9.9
2022-12-02T09:00,23.9,65,10.1
2022-12-02T10:00,26.4,57,10.2
2022-12-02T11:00,27.6,54,7.3
2022-12-02T12:00,28.5,52,7.1
2022-12-02T13:00,29.3,49,10.4
2022-12-02T14:00,29.5,49,14.0
2022-12-02T15:00,29.1,53,14.4
2022-12-02T16:00,28.5,54,13.2
2022-12-02T17:00,27.8,58,12.0
2022-12-02T18:00,26.9,64,8.4
2022-12-02T19:00,25.9,70,5.5
2022-12-02T20:00,25.4,74,3.6
2022-12-02T21:00,25.2,75,3.1
2022-12-02T22:00,24.0,80,4.3
2022-12-02T23:00,23.1,84,5.0
2022-12-03T00:00,22.8,83,4.8
2022-12-03T01:00,23.7,75,3.5
2022-12-03T02:00,23.2,76,3.3
2022-12-03T03:00,20.2,88,7.1
2022-12-03T04:00,19.7,96,10.5
2022-12-03T05:00,19.4,97,9.5
2022-12-03T06:00,19.0,96,9.2
2022-12-03T07:00,18.7,96,10.1
2022-12-03T08:00,20.0,90,9.2
2022-12-03T09:00,23.3,76,6.7
2022-12-03T10:00,25.8,66,5.5
2022-12-03T11:00,27.2,55,3.1
2022-12-03T12:00,28.3,46,2.2
2022-12-03T13:00,29.1,41,5.7
2022-12-03T14:00,29.5,39,10.7
2022-12-03T15:00,29.0,42,16.9
2022-12-03T16:00,27.6,50,17.3
2022-12-03T17:00,26.5,62,15.8
2022-12-03T18:00,25.6,70,13.6
2022-12-03T19:00,25.2,71,9.7
2022-12-03T20:00,24.3,74,6.0
2022-12-03T21:00,23.5,77,5.6
2022-12-03T22:00,23.0,79,7.2
2022-12-03T23:00,22.7,80,4.7
2022-12-04T00:00,23.5,74,1.8
2022-12-04T01:00,23.2,75,1.4
2022-12-04T02:00,22.8,76,2.7
2022-12-04T03:00,21.7,80,4.6
2022-12-04T04:00,19.3,90,6.5
2022-12-04T05:00,18.5,94,7.9
2022-12-04T06:00,18.4,94,9.7
2022-12-04T07:00,18.0,95,10.5
2022-12-04T08:00,19.5,90,9.8
2022-12-04T09:00,22.4,77,9.4
2022-12-04T10:00,25.0,66,9.5
2022-12-04T11:00,26.6,59,7.7
2022-12-04T12:00,27.8,51,7.6
2022-12-04T13:00,28.6,47,11.8
2022-12-04T14:00,28.6,48,15.0
2022-12-04T15:00,28.2,51,15.2
2022-12-04T16:00,27.8,50,14.2
2022-12-04T17:00,27.1,52,14.4
2022-12-04T18:00,26.5,54,9.7
2022-12-04T19:00,26.1,53,10.3
2022-12-04T20:00,25.7,53,10.6
2022-12-04T21:00,24.9,56,9.8
2022-12-04T22:00,23.8,61,8.2
2022-12-04T23:00,23.2,67,7.2
2022-12-05T00:00,22.4,73,7.9
2022-12-05T01:00,21.8,76,7.6
2022-12-05T02:00,21.1,78,8.2
2022-12-05T03:00,20.5,78,9.5
2022-12-05T04:00,19.7,74,11.7
2022-12-05T05:00,18.9,78,11.7
2022-12-05T06:00,18.5,80,10.6
2022-12-05T07:00,18.1,82,10.6
2022-12-05T08:00,20.0,73,9.9
2022-12-05T09:00,23.5,59,9.3
2022-12-05T10:00,26.5,50,10.4
2022-12-05T11:00,27.7,50,7.8
2022-12-05T12:00,28.5,48,8.0
2022-12-05T13:00,29.0,48,11.8
2022-12-05T14:00,28.8,49,15.1
2022-12-05T15:00,28.3,52,14.3
2022-12-05T16:00,28.3,54,12.0
2022-12-05T17:00,27.7,56,7.9
2022-12-05T18:00,27.1,58,6.3
2022-12-05T19:00,26.2,62,5.1
2022-12-05T20:00,25.6,65,3.4
2022-12-05T21:00,25.8,64,1.8
2022-12-05T22:00,24.1,71,4.7
2022-12-05T23:00,24.1,70,3.7
2022-12-06T00:00,24.0,71,0.8
2022-12-06T01:00,23.7,72,1.1
2022-12-06T02:00,20.7,86,7.4
2022-12-06T03:00,20.2,86,10.7
2022-12-06T04:00,19.2,87,9.2
2022-12-06T05:00,19.1,84,8.9
2022-12-06T06:00,18.7,85,10.5
2022-12-06T07:00,18.2,85,10.7
2022-12-06T08:00,19.7,74,8.7
2022-12-06T09:00,23.6,58,8.2
2022-12-06T10:00,26.4,51,8.1
2022-12-06T11:00,28.1,45,7.1
2022-12-06T12:00,29.1,38,8.7
2022-12-06T13:00,29.9,31,6.5
2022-12-06T14:00,30.4,28,2.1
2022-12-06T15:00,30.4,29,5.8
2022-12-06T16:00,30.1,31,8.9
2022-12-06T17:00,27.8,51,16.7
2022-12-06T18:00,26.8,56,13.4
2022-12-06T19:00,25.9,64,12.0
2022-12-06T20:00,24.9,69,13.2
2022-12-06T21:00,24.0,73,12.6
2022-12-06T22:00,23.3,75,11.0
2022-12-06T23:00,22.4,77,11.4
2022-12-07T00:00,21.5,80,10.1
2022-12-07T01:00,20.5,84,9.0
2022-12-07T02:00,19.4,89,7.6
2022-12-07T03:00,18.6,92,6.6
2022-12-07T04:00,18.2,93,7.9
2022-12-07T05:00,18.6,90,8.8
2022-12-07T06:00,18.1,88,10.0
2022-12-07T07:00,17.5,88,11.0
2022-12-07T08:00,19.3,74,13.4
2022-12-07T09:00,23.1,50,16.9
2022-12-07T10:00,25.6,42,20.9
2022-12-07T11:00,27.6,36,22.1
2022-12-07T12:00,29.0,32,20.2
2022-12-07T13:00,29.9,30,17.1
2022-12-07T14:00,30.4,28,15.1
2022-12-07T15:00,30.1,30,16.6
2022-12-07T16:00,28.0,45,22.5
2022-12-07T17:00,27.0,46,19.1
2022-12-07T18:00,25.9,57,17.6
2022-12-07T19:00,25.5,60,14.8
2022-12-07T20:00,24.8,64,11.7
2022-12-07T21:00,23.6,69,7.9
2022-12-07T22:00,22.7,74,7.4
2022-12-07T23:00,21.9,78,8.8
2022-12-08T00:00,20.7,82,10.0
2022-12-08T01:00,19.7,86,8.1
2022-12-08T02:00,18.6,90,6.8
2022-12-08T03:00,18.1,91,7.4
2022-12-08T04:00,18.4,91,9.0
2022-12-08T05:00,18.6,91,9.0
2022-12-08T06:00,18.3,91,10.1
2022-12-08T07:00,17.8,91,10.3
2022-12-08T08:00,19.0,84,7.4
2022-12-08T09:00,22.4,68,5.4
2022-12-08T10:00,25.4,55,4.7
2022-12-08T11:00,26.9,50,5.9
2022-12-08T12:00,27.9,50,12.4
2022-12-08T13:00,27.1,58,15.9
2022-12-08T14:00,26.5,61,16.6
2022-12-08T15:00,27.2,56,18.2
2022-12-08T16:00,27.4,50,16.6
2022-12-08T17:00,26.8,51,15.5
2022-12-08T18:00,25.7,57,12.1
2022-12-08T19:00,25.0,63,10.4
2022-12-08T20:00,24.4,68,10.4
2022-12-08T21:00,23.7,73,10.1
2022-12-08T22:00,23.2,75,10.4
2022-12-08T23:00,22.8,78,10.5
2022-12-09T00:00,22.4,79,10.8
2022-12-09T01:00,22.4,75,11.2
2022-12-09T02:00,22.4,72,12.1
2022-12-09T03:00,22.3,73,12.6
2022-12-09T04:00,21.2,79,9.0
2022-12-09T05:00,22.2,74,7.9
2022-12-09T06:00,23.9,67,4.7
2022-12-09T07:00,21.3,80,7.4
2022-12-09T08:00,23.0,68,11.4
2022-12-09T09:00,25.5,60,9.4
2022-12-09T10:00,27.3,45,18.5
2022-12-09T11:00,27.5,45,18.2
2022-12-09T12:00,27.2,45,19.0
2022-12-09T13:00,27.2,47,18.9
2022-12-09T14:00,27.3,50,19.6
2022-12-09T15:00,26.7,48,21.9
2022-12-09T16:00,26.9,50,20.5
2022-12-09T17:00,26.2,50,20.2
2022-12-09T18:00,25.4,55,16.7
2022-12-09T19:00,24.7,56,16.0
2022-12-09T20:00,24.2,58,16.6
2022-12-09T21:00,23.7,59,16.1
2022-12-09T22:00,23.2,58,17.1
2022-12-09T23:00,22.6,63,16.9
2022-12-10T00:00,22.2,66,15.9
2022-12-10T01:00,22.0,67,15.5
2022-12-10T02:00,21.6,69,14.5
2022-12-10T03:00,21.5,69,15.1
2022-12-10T04:00,21.1,70,13.4
2022-12-10T05:00,21.6,68,12.2
2022-12-10T06:00,21.4,68,12.0
2022-12-10T07:00,21.2,70,10.5
2022-12-10T08:00,22.5,65,8.2
2022-12-10T09:00,24.1,56,13.8
2022-12-10T10:00,25.1,51,20.8
2022-12-10T11:00,25.6,48,20.8
2022-12-10T12:00,25.9,46,23.6
2022-12-10T13:00,25.9,45,25.0
2022-12-10T14:00,25.9,45,27.2
2022-12-10T15:00,25.5,44,28.7
2022-12-10T16:00,24.8,45,25.5
2022-12-10T17:00,24.4,46,21.9
2022-12-10T18:00,24.3,46,19.9
2022-12-10T19:00,23.9,49,19.8
2022-12-10T20:00,21.5,64,22.3
2022-12-10T21:00,21.6,66,19.7
2022-12-10T22:00,21.6,69,16.3
2022-12-10T23:00,21.3,66,16.3
2022-12-11T00:00,20.9,64,15.3
2022-12-11T01:00,20.8,61,14.5
2022-12-11T02:00,21.1,58,15.5
2022-12-11T03:00,20.8,58,14.8
2022-12-11T04:00,20.4,59,14.3
2022-12-11T05:00,20.2,59,12.4
2022-12-11T06:00,19.5,61,11.6
2022-12-11T07:00,19.2,63,12.3
2022-12-11T08:00,21.5,54,14.4
2022-12-11T09:00,24.0,43,18.0
2022-12-11T10:00,24.8,40,21.9
2022-12-11T11:00,25.2,40,23.1
2022-12-11T12:00,25.3,40,23.9
2022-12-11T13:00,25.5,40,24.7
2022-12-11T14:00,25.3,40,25.6
2022-12-11T15:00,25.1,40,25.4
2022-12-11T16:00,24.5,44,22.7
2022-12-11T17:00,23.9,45,20.9
2022-12-11T18:00,23.1,48,15.7
2022-12-11T19:00,22.6,49,13.7
2022-12-11T20:00,22.1,51,12.8
2022-12-11T21:00,21.3,54,11.3
2022-12-11T22:00,20.9,56,12.0
2022-12-11T23:00,20.8,57,12.6
2022-12-12T00:00,20.5,58,13.4
2022-12-12T01:00,19.6,61,11.0
2022-12-12T02:00,18.7,65,7.6
2022-12-12T03:00,19.5,60,5.3
2022-12-12T04:00,17.7,65,6.5
2022-12-12T05:00,16.6,74,11.2
2022-12-12T06:00,15.6,82,13.1
2022-12-12T07:00,14.6,88,14.2
2022-12-12T08:00,16.2,78,12.4
2022-12-12T09:00,20.0,60,10.5
2022-12-12T10:00,23.2,46,9.4
2022-12-12T11:00,24.5,39,4.9
2022-12-12T12:00,25.1,36,3.8
2022-12-12T13:00,25.5,34,3.2
2022-12-12T14:00,25.8,32,3.5
2022-12-12T15:00,25.9,31,4.0
2022-12-12T16:00,25.5,36,10.2
2022-12-12T17:00,24.7,38,12.8
2022-12-12T18:00,23.7,40,11.3
2022-12-12T19:00,23.1,40,9.7
2022-12-12T20:00,22.2,43,9.1
2022-12-12T21:00,20.9,48,7.6
2022-12-12T22:00,20.1,48,8.4
2022-12-12T23:00,19.4,49,11.1
2022-12-13T00:00,18.2,56,9.7
2022-12-13T01:00,17.4,64,5.8
2022-12-13T02:00,17.8,65,5.6
2022-12-13T03:00,16.3,72,8.9
2022-12-13T04:00,15.6,76,8.7
2022-12-13T05:00,15.2,77,8.8
2022-12-13T06:00,14.4,81,8.8
2022-12-13T07:00,14.0,83,9.8
2022-12-13T08:00,15.3,77,8.9
2022-12-13T09:00,18.8,63,7.7
2022-12-13T10:00,22.0,52,7.2
2022-12-13T11:00,24.0,46,5.6
2022-12-13T12:00,25.3,41,5.9
2022-12-13T13:00,26.2,38,3.9
2022-12-13T14:00,26.8,34,1.5
2022-12-13T15:00,26.9,32,4.8
2022-12-13T16:00,26.0,41,19.0
2022-12-13T17:00,24.9,43,21.3
2022-12-13T18:00,24.4,48,12.4
2022-12-13T19:00,23.7,52,12.4
2022-12-13T20:00,22.9,52,11.7
2022-12-13T21:00,22.1,53,10.5
2022-12-13T22:00,21.5,53,9.4
2022-12-13T23:00,20.3,57,8.9
2022-12-14T00:00,19.0,62,7.8
2022-12-14T01:00,18.5,65,8.4
2022-12-14T02:00,18.1,72,8.7
2022-12-14T03:00,17.2,78,7.6
2022-12-14T04:00,17.6,78,8.4
2022-12-14T05:00,17.1,82,8.8
2022-12-14T06:00,17.0,83,9.4
2022-12-14T07:00,17.6,79,9.2
2022-12-14T08:00,19.7,69,9.7
2022-12-14T09:00,22.0,60,7.6
2022-12-14T10:00,24.7,52,11.7
2022-12-14T11:00,26.7,44,12.9
2022-12-14T12:00,27.5,40,7.9
2022-12-14T13:00,28.2,35,5.2
2022-12-14T14:00,28.6,33,6.8
2022-12-14T15:00,28.8,30,8.3
2022-12-14T16:00,27.3,43,15.8
2022-12-14T17:00,25.9,48,20.5
2022-12-14T18:00,25.8,49,13.8
2022-12-14T19:00,25.1,50,13.0
2022-12-14T20:00,24.8,50,10.3
2022-12-14T21:00,24.0,55,10.2
2022-12-14T22:00,23.4,58,9.5
2022-12-14T23:00,22.6,61,10.3
2022-12-15T00:00,21.8,63,10.3
2022-12-15T01:00,21.0,66,9.2
2022-12-15T02:00,20.0,69,9.9
2022-12-15T03:00,18.8,73,9.3
2022-12-15T04:00,18.6,78,9.0
2022-12-15T05:00,18.4,79,8.2
2022-12-15T06:00,17.9,81,9.2
2022-12-15T07:00,17.4,84,9.9
2022-12-15T08:00,18.9,77,8.4
2022-12-15T09:00,22.1,63,5.8
2022-12-15T10:00,24.8,52,5.9
2022-12-15T11:00,26.6,42,8.7
2022-12-15T12:00,27.8,36,9.1
2022-12-15T13:00,28.5,33,8.8
2022-12-15T14:00,28.3,34,13.7
2022-12-15T15:00,26.6,49,23.1
2022-12-15T16:00,26.6,44,21.0
2022-12-15T17:00,25.6,50,23.2
2022-12-15T18:00,24.6,55,16.9
2022-12-15T19:00,24.0,58,13.3
2022-12-15T20:00,23.2,62,10.8
2022-12-15T21:00,22.3,65,9.4
2022-12-15T22:00,21.5,68,9.6
2022-12-15T23:00,20.7,71,9.5
2022-12-16T00:00,19.8,76,8.4
2022-12-16T01:00,18.9,79,7.6
2022-12-16T02:00,19.1,77,5.8
2022-12-16T03:00,18.7,79,5.8
2022-12-16T04:00,17.5,85,7.0
2022-12-16T05:00,18.0,82,5.8
2022-12-16T06:00,19.3,75,4.7
2022-12-16T07:00,17.8,80,6.1
2022-12-16T08:00,18.5,77,9.7
2022-12-16T09:00,21.2,65,6.4
2022-12-16T10:00,24.1,53,4.2
2022-12-16T11:00,25.8,44,2.2
2022-12-16T12:00,27.0,36,8.2
2022-12-16T13:00,27.4,35,12.1
2022-12-16T14:00,27.3,36,16.2
2022-12-16T15:00,26.9,38,17.3
2022-12-16T16:00,26.5,39,16.0
2022-12-16T17:00,25.6,44,14.6
2022-12-16T18:00,24.5,49,9.3
2022-12-16T19:00,23.5,54,7.7
2022-12-16T20:00,22.9,57,8.8
2022-12-16T21:00,22.6,58,11.0
2022-12-16T22:00,22.0,61,10.9
2022-12-16T23:00,21.0,66,9.4
2022-12-17T00:00,20.7,69,7.4
2022-12-17T01:00,22.0,65,5.1
2022-12-17T02:00,22.6,64,3.3
2022-12-17T03:00,20.3,74,5.8
2022-12-17T04:00,18.4,76,12.1
2022-12-17T05:00,17.1,82,12.8
2022-12-17T06:00,16.6,86,11.3
2022-12-17T07:00,16.7,86,11.2
2022-12-17T08:00,18.0,79,11.2
2022-12-17T09:00,21.2,66,10.1
2022-12-17T10:00,24.1,59,9.5
2022-12-17T11:00,25.6,58,9.6
2022-12-17T12:00,26.5,57,14.5
2022-12-17T13:00,27.0,49,17.7
2022-12-17T14:00,27.3,45,18.8
2022-12-17T15:00,27.1,46,20.6
2022-12-17T16:00,26.4,47,19.4
2022-12-17T17:00,25.8,49,17.7
2022-12-17T18:00,24.9,53,13.7
2022-12-17T19:00,24.3,55,12.0
2022-12-17T20:00,23.8,57,12.4
2022-12-17T21:00,23.2,60,12.6
2022-12-17T22:00,22.6,63,11.9
2022-12-17T23:00,21.9,66,10.7
2022-12-18T00:00,21.2,68,10.2
2022-12-18T01:00,20.6,70,9.4
2022-12-18T02:00,19.9,73,8.4
2022-12-18T03:00,19.4,76,8.5
2022-12-18T04:00,19.3,80,10.3
2022-12-18T05:00,19.4,80,9.8
2022-12-18T06:00,18.9,82,10.3
2022-12-18T07:00,18.6,83,10.7
2022-12-18T08:00,20.1,74,10.7
2022-12-18T09:00,22.6,61,8.0
2022-12-18T10:00,24.7,50,7.6
2022-12-18T11:00,25.7,44,7.3
2022-12-18T12:00,26.5,40,9.7
2022-12-18T13:00,26.9,38,13.7
2022-12-18T14:00,26.6,39,15.5
2022-12-18T15:00,26.2,39,15.1
2022-12-18T16:00,26.0,42,13.4
2022-12-18T17:00,25.4,44,13.6
2022-12-18T18:00,24.3,51,11.6
2022-12-18T19:00,23.4,55,8.4
2022-12-18T20:00,22.6,58,8.4
2022-12-18T21:00,21.5,62,7.3
2022-12-18T22:00,20.5,67,6.7
2022-12-18T23:00,19.8,69,9.8
2022-12-19T00:00,18.7,72,11.2
2022-12-19T01:00,17.7,77,10.5
2022-12-19T02:00,17.0,81,10.2
2022-12-19T03:00,16.3,85,9.5
2022-12-19T04:00,15.9,85,9.7
2022-12-19T05:00,15.8,86,9.6
2022-12-19T06:00,15.5,88,10.5
2022-12-19T07:00,15.0,90,10.3
2022-12-19T08:00,16.1,85,9.7
2022-12-19T09:00,19.7,68,8.7
2022-12-19T10:00,22.6,56,11.2
2022-12-19T11:00,24.3,50,8.2
2022-12-19T12:00,25.5,41,3.4
2022-12-19T13:00,26.2,37,0.8
2022-12-19T14:00,26.8,34,3.8
2022-12-19T15:00,26.6,37,12.3
2022-12-19T16:00,25.3,52,22.0
2022-12-19T17:00,25.0,50,18.9
2022-12-19T18:00,24.0,58,18.1
2022-12-19T19:00,23.5,57,14.6
2022-12-19T20:00,23.0,57,12.0
2022-12-19T21:00,22.1,58,10.2
2022-12-19T22:00,21.3,59,10.2
2022-12-19T23:00,20.3,60,10.5
2022-12-20T00:00,19.4,60,9.8
2022-12-20T01:00,18.6,60,9.8
2022-12-20T02:00,17.9,61,9.8
2022-12-20T03:00,16.8,66,8.6
2022-12-20T04:00,16.7,70,9.5
2022-12-20T05:00,16.7,70,9.2
2022-12-20T06:00,16.4,72,9.4
2022-12-20T07:00,15.9,75,9.2
2022-12-20T08:00,17.4,68,9.3
2022-12-20T09:00,20.6,55,8.8
2022-12-20T10:00,23.7,45,7.9
2022-12-20T11:00,25.7,36,9.7
2022-12-20T12:00,26.5,34,8.2
2022-12-20T13:00,27.2,31,6.9
2022-12-20T14:00,27.7,29,10.5
2022-12-20T15:00,26.7,38,20.3
2022-12-20T16:00,25.4,43,29.2
2022-12-20T17:00,25.4,41,25.4
2022-12-20T18:00,24.6,39,21.4
2022-12-20T19:00,23.9,40,22.4
2022-12-20T20:00,23.4,41,17.9
2022-12-20T21:00,22.2,46,13.4
2022-12-20T22:00,21.1,49,11.9
2022-12-20T23:00,20.0,52,10.6
2022-12-21T00:00,19.3,53,11.3
2022-12-21T01:00,18.5,55,11.7
2022-12-21T02:00,17.9,56,12.8
2022-12-21T03:00,17.6,56,14.2
2022-12-21T04:00,17.1,59,12.9
2022-12-21T05:00,17.7,57,13.3
2022-12-21T06:00,17.7,60,14.3
2022-12-21T07:00,17.5,65,15.2
2022-12-21T08:00,18.4,63,14.1
2022-12-21T09:00,20.9,53,10.9
2022-12-21T10:00,24.0,44,14.3
2022-12-21T11:00,26.3,37,21.3
2022-12-21T12:00,27.5,32,14.7
2022-12-21T13:00,27.9,29,9.5
2022-12-21T14:00,28.2,28,6.1
2022-12-21T15:00,28.3,26,2.5
2022-12-21T16:00,27.6,31,13.8
2022-12-21T17:00,24.3,50,32.9
2022-12-21T18:00,24.9,49,22.7
2022-12-21T19:00,24.9,43,18.0
2022-12-21T20:00,23.3,46,22.0
2022-12-21T21:00,22.4,50,19.7
2022-12-21T22:00,22.0,55,20.6
2022-12-21T23:00,21.2,59,15.3
2022-12-22T00:00,20.2,63,11.9
2022-12-22T01:00,19.2,68,9.6
2022-12-22T02:00,18.2,71,9.2
2022-12-22T03:00,17.2,73,8.4
2022-12-22T04:00,16.5,77,9.0
2022-12-22T05:00,16.4,75,9.7
2022-12-22T06:00,15.7,76,9.6
2022-12-22T07:00,14.9,76,9.7
2022-12-22T08:00,16.2,68,9.1
2022-12-22T09:00,19.3,53,7.9
2022-12-22T10:00,23.0,42,10.1
2022-12-22T11:00,25.8,31,15.2
2022-12-22T12:00,26.5,28,13.5
2022-12-22T13:00,26.9,26,11.5
2022-12-22T14:00,27.0,26,10.6
2022-12-22T15:00,26.6,30,13.0
2022-12-22T16:00,25.2,46,19.2
2022-12-22T17:00,24.2,51,16.9
2022-12-22T18:00,23.9,58,11.0
2022-12-22T19:00,23.0,64,10.9
2022-12-22T20:00,21.8,68,6.8
2022-12-22T21:00,21.1,72,8.7
2022-12-22T22:00,20.4,72,9.8
2022-12-22T23:00,19.5,68,10.8
2022-12-23T00:00,18.7,66,9.3
2022-12-23T01:00,18.1,68,8.4
2022-12-23T02:00,17.3,72,9.4
2022-12-23T03:00,16.4,75,10.2
2022-12-23T04:00,16.4,69,10.8
2022-12-23T05:00,16.6,69,11.1
2022-12-23T06:00,16.5,77,13.1
2022-12-23T07:00,15.8,85,14.0
2022-12-23T08:00,17.3,78,13.1
2022-12-23T09:00,20.6,63,11.3
2022-12-23T10:00,23.9,51,10.8
2022-12-23T11:00,26.1,35,12.6
2022-12-23T12:00,26.9,30,10.0
2022-12-23T13:00,27.5,28,7.1
2022-12-23T14:00,27.9,25,6.8
2022-12-23T15:00,27.9,23,5.2
2022-12-23T16:00,25.8,46,19.0
2022-12-23T17:00,24.8,44,19.0
2022-12-23T18:00,24.6,49,13.0
2022-12-23T19:00,24.0,57,14.9
2022-12-23T20:00,23.6,60,12.6
2022-12-23T21:00,23.1,58,11.6
2022-12-23T22:00,22.2,58,11.5
2022-12-23T23:00,21.5,61,14.7
2022-12-24T00:00,20.9,65,15.3
2022-12-24T01:00,20.5,66,14.8
2022-12-24T02:00,19.4,69,15.5
2022-12-24T03:00,18.8,71,14.3
2022-12-24T04:00,18.6,73,14.7
2022-12-24T05:00,18.6,73,13.8
2022-12-24T06:00,18.2,73,14.7
2022-12-24T07:00,18.1,71,14.1
2022-12-24T08:00,19.2,62,14.1
2022-12-24T09:00,21.7,50,10.4
2022-12-24T10:00,25.1,39,11.3
2022-12-24T11:00,27.1,34,24.5
2022-12-24T12:00,27.1,41,28.8
2022-12-24T13:00,27.8,42,27.3
2022-12-24T14:00,27.8,41,25.7
2022-12-24T15:00,27.4,42,22.9
2022-12-24T16:00,27.7,42,20.2
2022-12-24T17:00,27.3,42,16.6
2022-12-24T18:00,26.2,45,11.2
2022-12-24T19:00,24.7,50,5.9
2022-12-24T20:00,25.2,50,1.8
2022-12-24T21:00,24.5,54,3.1
2022-12-24T22:00,22.6,58,5.5
2022-12-24T23:00,22.0,58,5.6
2022-12-25T00:00,22.4,56,3.9
2022-12-25T01:00,22.6,54,1.5
2022-12-25T02:00,22.2,57,0.5
2022-12-25T03:00,20.7,63,5.2
2022-12-25T04:00,22.3,60,3.2
2022-12-25T05:00,22.2,59,1.1
2022-12-25T06:00,21.9,60,2.5
2022-12-25T07:00,21.1,60,13.7
2022-12-25T08:00,21.0,61,12.0
2022-12-25T09:00,22.2,59,13.9
2022-12-25T10:00,24.3,48,20.5
2022-12-25T11:00,26.1,43,21.7
2022-12-25T12:00,27.6,41,21.9
2022-12-25T13:00,27.7,42,21.2
2022-12-25T14:00,27.0,50,21.4
2022-12-25T15:00,26.2,56,20.6
2022-12-25T16:00,25.8,58,18.5
2022-12-25T17:00,24.9,64,19.8
2022-12-25T18:00,24.2,65,15.3
2022-12-25T19:00,23.7,70,12.1
2022-12-25T20:00,22.9,71,12.4
2022-12-25T21:00,22.2,70,12.1
2022-12-25T22:00,21.5,73,12.0
2022-12-25T23:00,20.9,76,11.8
2022-12-26T00:00,20.3,77,11.4
2022-12-26T01:00,19.5,80,10.2
2022-12-26T02:00,18.9,83,9.8
2022-12-26T03:00,18.4,85,9.7
2022-12-26T04:00,18.2,83,8.7
2022-12-26T05:00,18.7,80,6.9
2022-12-26T06:00,19.7,75,5.1
2022-12-26T07:00,20.3,72,2.2
2022-12-26T08:00,19.9,73,2.9
2022-12-26T09:00,20.9,69,4.2
2022-12-26T10:00,21.4,67,1.8
2022-12-26T11:00,23.6,55,9.4
2022-12-26T12:00,24.4,50,15.5
2022-12-26T13:00,23.2,53,23.4
2022-12-26T14:00,20.5,64,26.6
2022-12-26T15:00,20.4,65,21.7
2022-12-26T16:00,19.7,70,12.4
2022-12-26T17:00,20.1,75,13.1
2022-12-26T18:00,19.9,77,14.8
2022-12-26T19:00,19.7,83,13.5
2022-12-26T20:00,19.9,84,13.1
2022-12-26T21:00,18.9,78,16.6
2022-12-26T22:00,18.7,80,10.7
2022-12-26T23:00,18.2,83,11.5
2022-12-27T00:00,18.0,84,11.3
2022-12-27T01:00,17.4,86,10.1
2022-12-27T02:00,17.1,86,9.6
2022-12-27T03:00,17.2,85,10.5
2022-12-27T04:00,16.7,85,13.4
2022-12-27T05:00,16.8,86,11.7
2022-12-27T06:00,16.9,88,12.9
2022-12-27T07:00,17.2,89,12.1
2022-12-27T08:00,17.2,91,6.2
2022-12-27T09:00,17.7,90,3.5
2022-12-27T10:00,18.1,89,0.8
2022-12-27T11:00,19.0,87,5.7
2022-12-27T12:00,20.5,78,5.1
2022-12-27T13:00,20.9,76,6.8
2022-12-27T14:00,21.4,78,6.2
2022-12-27T15:00,21.3,79,5.6
2022-12-27T16:00,20.3,79,6.9
2022-12-27T17:00,20.2,81,6.8
2022-12-27T18:00,19.5,89,3.4
2022-12-27T19:00,18.6,90,7.0
2022-12-27T20:00,18.0,93,7.0
2022-12-27T21:00,18.3,92,6.4
2022-12-27T22:00,17.9,93,7.9
2022-12-27T23:00,17.5,94,6.8
2022-12-28T00:00,17.3,94,8.4
2022-12-28T01:00,17.2,95,8.4
2022-12-28T02:00,16.6,97,5.7
2022-12-28T03:00,17.5,96,11.0
2022-12-28T04:00,18.5,88,11.2
2022-12-28T05:00,18.4,87,15.5
2022-12-28T06:00,18.2,87,13.2
2022-12-28T07:00,18.2,86,14.4
2022-12-28T08:00,18.5,85,16.3
2022-12-28T09:00,19.6,82,24.4
2022-12-28T10:00,21.8,70,27.8
2022-12-28T11:00,21.3,74,32.5
2022-12-28T12:00,21.6,68,27.9
2022-12-28T13:00,21.8,68,23.9
2022-12-28T14:00,21.8,65,29.5
2022-12-28T15:00,22.0,61,28.4
2022-12-28T16:00,21.6,63,25.7
2022-12-28T17:00,20.5,65,22.6
2022-12-28T18:00,19.3,68,20.3
2022-12-28T19:00,18.9,70,20.3
2022-12-28T20:00,18.7,69,19.4
2022-12-28T21:00,18.5,70,18.2
2022-12-28T22:00,18.0,72,15.1
2022-12-28T23:00,17.8,73,14.1
2022-12-29T00:00,18.5,69,17.8
2022-12-29T01:00,18.7,69,19.2
2022-12-29T02:00,18.4,72,18.7
2022-12-29T03:00,17.9,74,15.9
2022-12-29T04:00,18.4,74,14.4
2022-12-29T05:00,18.5,73,15.0
2022-12-29T06:00,18.1,74,14.9
2022-12-29T07:00,18.2,73,15.5
2022-12-29T08:00,19.0,72,15.0
2022-12-29T09:00,20.8,68,14.3
2022-12-29T10:00,22.0,57,19.4
2022-12-29T11:00,22.3,54,18.8
2022-12-29T12:00,22.5,54,17.4
2022-12-29T13:00,22.6,54,15.9
2022-12-29T14:00,22.6,54,13.7
2022-12-29T15:00,22.4,55,11.4
2022-12-29T16:00,22.2,54,9.9
2022-12-29T17:00,20.7,71,6.8
2022-12-29T18:00,18.4,76,7.0
2022-12-29T19:00,18.6,68,5.6
2022-12-29T20:00,19.9,56,3.7
2022-12-29T21:00,18.3,63,4.9
2022-12-29T22:00,15.0,81,8.4
2022-12-29T23:00,14.5,85,10.5
2022-12-30T00:00,13.7,88,9.2
2022-12-30T01:00,13.4,87,8.7
2022-12-30T02:00,13.3,87,9.4
2022-12-30T03:00,13.2,86,10.5
2022-12-30T04:00,13.2,84,10.6
2022-12-30T05:00,13.6,82,9.9
2022-12-30T06:00,13.5,81,11.3
2022-12-30T07:00,13.4,80,13.1
2022-12-30T08:00,14.5,75,12.9
2022-12-30T09:00,17.1,69,10.3
2022-12-30T10:00,19.5,66,8.7
2022-12-30T11:00,21.7,55,12.6
2022-12-30T12:00,22.8,51,16.4
2022-12-30T13:00,23.2,54,15.2
2022-12-30T14:00,23.8,54,14.2
2022-12-30T15:00,24.0,54,15.0
2022-12-30T16:00,23.0,60,19.9
2022-12-30T17:00,21.2,68,20.8
2022-12-30T18:00,20.1,74,17.1
2022-12-30T19:00,20.2,76,16.5
2022-12-30T20:00,19.6,79,14.6
2022-12-30T21:00,18.4,80,14.8
2022-12-30T22:00,17.7,79,13.4
2022-12-30T23:00,17.2,82,11.8
2022-12-31T00:00,17.0,82,12.7
2022-12-31T01:00,16.8,81,13.4
2022-12-31T02:00,16.6,79,12.6
2022-12-31T03:00,16.0,81,12.3
2022-12-31T04:00,15.3,83,10.9
2022-12-31T05:00,15.0,84,8.3
2022-12-31T06:00,14.2,87,7.2
2022-12-31T07:00,13.7,88,5.6
2022-12-31T08:00,15.4,81,6.6
2022-12-31T09:00,16.9,78,6.1
2022-12-31T10:00,19.8,71,5.6
2022-12-31T11:00,21.6,56,4.3
2022-12-31T12:00,22.6,49,3.6
2022-12-31T13:00,23.0,47,8.0
2022-12-31T14:00,22.7,50,10.3
2022-12-31T15:00,23.1,52,11.9
2022-12-31T16:00,22.7,68,16.6
2022-12-31T17:00,21.8,73,10.8
2022-12-31T18:00,20.0,80,10.2
2022-12-31T19:00,19.3,82,9.4
2022-12-31T20:00,18.7,82,9.0
2022-12-31T21:00,18.3,80,9.6
2022-12-31T22:00,17.9,78,9.6
2022-12-31T23:00,17.3,77,8.4
2023-01-01T00:00,17.7,73,7.2
2023-01-01T01:00,18.4,69,5.6
2023-01-01T02:00,18.8,65,4.5
2023-01-01T03:00,19.4,62,0.7
2023-01-01T04:00,20.0,64,3.3
2023-01-01T05:00,18.0,77,6.4
2023-01-01T06:00,17.7,80,7.0
2023-01-01T07:00,17.2,83,7.9
2023-01-01T08:00,18.4,84,8.4
2023-01-01T09:00,21.4,75,7.8
2023-01-01T10:00,22.7,65,11.8
2023-01-01T11:00,23.3,62,14.6
2023-01-01T12:00,23.6,59,12.8
2023-01-01T13:00,24.1,56,12.9
2023-01-01T14:00,24.0,57,15.2
2023-01-01T15:00,23.7,59,15.6
2023-01-01T16:00,23.0,62,17.6
2023-01-01T17:00,22.0,68,14.0
2023-01-01T18:00,20.5,76,12.2
2023-01-01T19:00,19.9,79,11.0
2023-01-01T20:00,19.2,82,10.2
2023-01-01T21:00,18.8,82,7.0
2023-01-01T22:00,20.8,71,4.4
2023-01-01T23:00,20.6,71,2.2
2023-01-02T00:00,20.3,72,1.1
2023-01-02T01:00,20.0,72,1.6
2023-01-02T02:00,19.4,74,4.4
2023-01-02T03:00,15.8,88,8.9
2023-01-02T04:00,15.4,95,13.0
2023-01-02T05:00,14.4,99,10.9
2023-01-02T06:00,14.6,97,10.4
2023-01-02T07:00,14.7,95,10.3
2023-01-02T08:00,15.7,93,10.9
2023-01-02T09:00,18.5,86,8.6
2023-01-02T10:00,21.3,77,6.1
2023-01-02T11:00,22.8,70,6.8
2023-01-02T12:00,23.9,59,9.0
2023-01-02T13:00,24.4,57,10.2
2023-01-02T14:00,25.0,55,11.1
2023-01-02T15:00,25.3,51,13.8
2023-01-02T16:00,24.2,57,18.1
2023-01-02T17:00,22.6,68,17.0
2023-01-02T18:00,21.1,72,14.6
2023-01-02T19:00,20.2,73,13.8
2023-01-02T20:00,18.9,73,12.8
2023-01-02T21:00,17.9,59,14.0
2023-01-02T22:00,17.4,61,14.5
2023-01-02T23:00,17.0,64,14.4
2023-01-03T00:00,16.8,68,13.7
2023-01-03T01:00,16.9,70,14.0
2023-01-03T02:00,16.3,74,12.6
2023-01-03T03:00,15.5,79,11.3
2023-01-03T04:00,15.5,79,11.8
2023-01-03T05:00,16.4,74,11.1
2023-01-03T06:00,16.4,75,7.9
2023-01-03T07:00,17.0,74,8.8
2023-01-03T08:00,17.4,77,14.6
2023-01-03T09:00,18.2,75,14.4
2023-01-03T10:00,18.6,76,12.0
2023-01-03T11:00,19.3,74,13.4
2023-01-03T12:00,20.9,65,15.2
2023-01-03T13:00,22.5,55,17.7
2023-01-03T14:00,23.4,46,16.9
2023-01-03T15:00,23.8,42,17.1
2023-01-03T16:00,23.6,52,17.5
2023-01-03T17:00,22.1,60,15.1
2023-01-03T18:00,20.9,67,12.3
2023-01-03T19:00,20.0,71,12.0
2023-01-03T20:00,18.7,73,9.8
2023-01-03T21:00,17.4,66,11.2
2023-01-03T22:00,16.6,64,12.1
2023-01-03T23:00,16.1,63,14.8
2023-01-04T00:00,15.7,64,15.0
2023-01-04T01:00,15.0,68,12.6
2023-01-04T02:00,14.4,68,13.5
2023-01-04T03:00,14.0,69,13.6
2023-01-04T04:00,14.4,68,12.7
2023-01-04T05:00,14.9,67,12.7
2023-01-04T06:00,15.1,68,14.7
2023-01-04T07:00,15.5,70,15.9
2023-01-04T08:00,16.4,71,16.2
2023-01-04T09:00,19.1,66,18.5
2023-01-04T10:00,21.1,57,16.3
2023-01-04T11:00,23.8,39,25.2
2023-01-04T12:00,25.0,32,27.4
2023-01-04T13:00,25.8,30,23.8
2023-01-04T14:00,26.1,29,20.4
2023-01-04T15:00,26.1,29,21.8
2023-01-04T16:00,26.4,32,16.0
2023-01-04T17:00,24.4,39,18.8
2023-01-04T18:00,22.1,48,20.8
2023-01-04T19:00,21.2,60,24.1
2023-01-04T20:00,20.5,65,20.2
2023-01-04T21:00,20.0,67,19.8
2023-01-04T22:00,19.5,58,17.5
2023-01-04T23:00,19.0,57,17.4
2023-01-05T00:00,18.6,62,17.2
2023-01-05T01:00,18.2,65,17.4
2023-01-05T02:00,17.7,65,17.0
2023-01-05T03:00,17.4,64,15.6
2023-01-05T04:00,16.7,67,12.3
2023-01-05T05:00,17.0,65,12.5
2023-01-05T06:00,16.8,64,13.5
2023-01-05T07:00,17.0,60,16.9
2023-01-05T08:00,18.5,55,24.0
2023-01-05T09:00,20.4,49,20.2
2023-01-05T10:00,21.9,43,20.9
2023-01-05T11:00,23.8,38,23.1
2023-01-05T12:00,25.1,35,24.9
2023-01-05T13:00,26.1,34,22.5
2023-01-05T14:00,26.9,33,20.0
2023-01-05T15:00,27.3,34,18.3
2023-01-05T16:00,27.0,36,13.0
2023-01-05T17:00,26.2,41,7.4
2023-01-05T18:00,24.0,62,4.4
2023-01-05T19:00,22.7,64,8.4
2023-01-05T20:00,22.0,71,10.7
2023-01-05T21:00,21.4,74,9.0
2023-01-05T22:00,20.7,73,9.7
2023-01-05T23:00,19.6,74,8.7
2023-01-06T00:00,19.2,76,10.0
2023-01-06T01:00,18.4,85,4.0
2023-01-06T02:00,18.2,82,7.5
2023-01-06T03:00,17.6,85,7.7
2023-01-06T04:00,18.2,76,11.5
2023-01-06T05:00,18.2,74,9.3
2023-01-06T06:00,18.2,70,9.5
2023-01-06T07:00,18.3,65,10.9
2023-01-06T08:00,19.5,61,11.7
2023-01-06T09:00,21.8,51,14.4
2023-01-06T10:00,22.7,49,20.9
2023-01-06T11:00,23.6,47,19.9
2023-01-06T12:00,24.5,45,16.8
2023-01-06T13:00,24.6,46,15.5
2023-01-06T14:00,24.9,44,12.7
2023-01-06T15:00,24.0,51,17.0
2023-01-06T16:00,23.1,60,22.5
2023-01-06T17:00,22.0,68,24.1
2023-01-06T18:00,20.8,79,25.6
2023-01-06T19:00,20.8,77,22.1
2023-01-06T20:00,20.5,76,18.3
2023-01-06T21:00,19.8,79,15.3
2023-01-06T22:00,18.8,85,12.5
2023-01-06T23:00,17.9,90,11.5
2023-01-07T00:00,17.2,92,9.6
2023-01-07T01:00,16.7,92,10.0
2023-01-07T02:00,16.7,89,12.0
2023-01-07T03:00,16.4,88,12.4
2023-01-07T04:00,16.7,82,11.3
2023-01-07T05:00,17.6,82,13.2
2023-01-07T06:00,17.4,85,14.6
2023-01-07T07:00,17.5,82,12.7
2023-01-07T08:00,18.1,75,13.6
2023-01-07T09:00,19.2,73,12.3
2023-01-07T10:00,19.7,73,9.4
2023-01-07T11:00,22.3,62,15.6
2023-01-07T12:00,22.2,61,6.4
2023-01-07T13:00,22.5,60,9.2
2023-01-07T14:00,23.4,56,9.5
2023-01-07T15:00,23.9,54,15.3
2023-01-07T16:00,20.1,74,22.4
2023-01-07T17:00,19.6,73,16.1
2023-01-07T18:00,19.6,75,10.0
2023-01-07T19:00,19.4,76,8.0
2023-01-07T20:00,19.1,80,6.3
2023-01-07T21:00,17.4,91,5.2
2023-01-07T22:00,17.1,90,4.0
2023-01-07T23:00,16.4,93,8.1
2023-01-08T00:00,15.7,95,10.4
2023-01-08T01:00,15.0,97,10.4
2023-01-08T02:00,14.6,97,8.7
2023-01-08T03:00,14.2,97,8.7
2023-01-08T04:00,15.1,93,7.5
2023-01-08T05:00,15.8,91,7.8
2023-01-08T06:00,15.6,93,8.4
2023-01-08T07:00,15.2,93,8.9
2023-01-08T08:00,16.0,90,9.2
2023-01-08T09:00,18.2,82,8.7
2023-01-08T10:00,20.3,73,6.8
2023-01-08T11:00,21.6,69,3.1
2023-01-08T12:00,22.5,63,9.2
2023-01-08T13:00,22.9,61,14.2
2023-01-08T14:00,22.9,56,15.5
2023-01-08T15:00,22.7,52,15.5
2023-01-08T16:00,22.3,52,15.7
2023-01-08T17:00,21.7,54,12.2
2023-01-08T18:00,20.4,63,10.5
2023-01-08T19:00,19.8,66,12.0
2023-01-08T20:00,19.2,68,12.3
2023-01-08T21:00,18.7,73,11.0
2023-01-08T22:00,18.1,77,9.4
2023-01-08T23:00,17.4,80,6.7
2023-01-09T00:00,17.5,79,6.0
2023-01-09T01:00,17.4,80,6.1
2023-01-09T02:00,16.7,83,6.9
2023-01-09T03:00,16.4,85,7.1
2023-01-09T04:00,18.9,75,3.3
2023-01-09T05:00,18.7,75,2.5
2023-01-09T06:00,15.9,87,6.6
2023-01-09T07:00,15.4,89,8.7
2023-01-09T08:00,15.9,87,9.7
2023-01-09T09:00,18.4,78,5.6
2023-01-09T10:00,20.7,65,2.6
2023-01-09T11:00,21.8,60,2.5
2023-01-09T12:00,22.6,57,8.2
2023-01-09T13:00,23.0,57,10.5
2023-01-09T14:00,23.0,58,12.3
2023-01-09T15:00,22.7,59,13.1
2023-01-09T16:00,22.6,58,11.6
2023-01-09T17:00,22.1,59,10.7
2023-01-09T18:00,21.0,66,8.6
2023-01-09T19:00,20.1,72,8.2
2023-01-09T20:00,19.3,76,8.1
2023-01-09T21:00,18.6,78,9.4
2023-01-09T22:00,18.0,79,10.2
2023-01-09T23:00,17.4,82,10.1
2023-01-10T00:00,16.6,87,9.0
2023-01-10T01:00,16.0,91,8.6
2023-01-10T02:00,15.5,93,7.7
2023-01-10T03:00,15.1,94,7.6
2023-01-10T04:00,16.5,91,11.5
2023-01-10T05:00,16.5,91,12.0
2023-01-10T06:00,16.5,90,14.1
2023-01-10T07:00,16.9,85,15.3
2023-01-10T08:00,18.9,69,21.0
2023-01-10T09:00,21.6,61,21.0
2023-01-10T10:00,23.3,58,27.0
2023-01-10T11:00,25.0,54,31.0
2023-01-10T12:00,26.5,49,33.2
2023-01-10T13:00,27.6,45,34.5
2023-01-10T14:00,28.0,42,34.3
2023-01-10T15:00,28.2,40,31.3
2023-01-10T16:00,27.5,44,27.2
2023-01-10T17:00,23.6,73,31.2
2023-01-10T18:00,22.6,76,28.8
2023-01-10T19:00,22.1,80,22.0
2023-01-10T20:00,21.6,82,19.1
2023-01-10T21:00,21.7,81,18.3
2023-01-10T22:00,21.1,83,14.2
2023-01-10T23:00,21.0,77,15.5
2023-01-11T00:00,20.8,76,14.5
2023-01-11T01:00,21.1,71,19.3
2023-01-11T02:00,20.8,72,17.4
2023-01-11T03:00,20.2,75,17.1
2023-01-11T04:00,19.8,76,17.7
2023-01-11T05:00,19.9,75,15.9
2023-01-11T06:00,19.7,74,14.0
2023-01-11T07:00,19.9,72,13.6
2023-01-11T08:00,20.1,70,13.1
2023-01-11T09:00,21.7,61,19.1
2023-01-11T10:00,22.2,59,24.5
2023-01-11T11:00,22.2,59,24.8
2023-01-11T12:00,22.5,56,25.5
2023-01-11T13:00,22.6,54,26.0
2023-01-11T14:00,22.7,53,26.2
2023-01-11T15:00,22.4,53,26.1
2023-01-11T16:00,22.1,52,25.4
2023-01-11T17:00,21.3,56,24.3
2023-01-11T18:00,20.7,60,21.6
2023-01-11T19:00,20.2,63,18.0
2023-01-11T20:00,20.1,64,17.1
2023-01-11T21:00,19.5,66,14.7
2023-01-11T22:00,19.0,67,13.8
2023-01-11T23:00,18.6,69,12.3
2023-01-12T00:00,18.5,70,11.3
2023-01-12T01:00,18.1,71,10.2
2023-01-12T02:00,17.0,77,8.1
2023-01-12T03:00,17.8,71,4.5
2023-01-12T04:00,16.1,79,6.4
2023-01-12T05:00,15.9,78,10.8
2023-01-12T06:00,14.7,84,8.8
2023-01-12T07:00,13.7,89,7.3
2023-01-12T08:00,14.6,84,8.6
2023-01-12T09:00,16.9,73,7.6
2023-01-12T10:00,19.6,62,14.2
2023-01-12T11:00,21.1,54,15.0
2023-01-12T12:00,22.3,47,13.3
2023-01-12T13:00,23.1,41,12.5
2023-01-12T14:00,23.8,36,15.1
2023-01-12T15:00,23.5,38,21.2
2023-01-12T16:00,22.3,50,32.2
2023-01-12T17:00,22.0,45,27.1
2023-01-12T18:00,21.0,45,18.1
2023-01-12T19:00,20.2,46,13.7
2023-01-12T20:00,19.1,50,15.6
2023-01-12T21:00,18.2,54,15.9
2023-01-12T22:00,17.3,58,14.1
2023-01-12T23:00,16.4,62,12.7
2023-01-13T00:00,15.7,65,12.4
2023-01-13T01:00,15.0,67,12.7
2023-01-13T02:00,14.4,69,13.0
2023-01-13T03:00,13.8,72,15.3
2023-01-13T04:00,13.8,75,13.4
2023-01-13T05:00,14.0,74,16.1
2023-01-13T06:00,13.9,73,16.4
2023-01-13T07:00,13.7,72,16.1
2023-01-13T08:00,14.3,70,16.1
2023-01-13T09:00,16.6,61,12.3
2023-01-13T10:00,19.5,50,16.8
2023-01-13T11:00,21.7,39,19.0
2023-01-13T12:00,22.9,35,18.5
2023-01-13T13:00,23.7,32,19.2
2023-01-13T14:00,24.1,30,18.4
2023-01-13T15:00,24.3,29,18.7
2023-01-13T16:00,23.7,33,17.6
2023-01-13T17:00,22.8,37,18.7
2023-01-13T18:00,21.5,40,16.7
2023-01-13T19:00,20.9,42,15.6
2023-01-13T20:00,19.7,46,15.1
2023-01-13T21:00,18.4,50,15.3
2023-01-13T22:00,17.7,52,16.1
2023-01-13T23:00,17.2,53,14.0
2023-01-14T00:00,16.5,55,13.7
2023-01-14T01:00,15.6,58,14.2
2023-01-14T02:00,15.0,60,15.0
2023-01-14T03:00,14.5,62,14.8
2023-01-14T04:00,14.8,65,16.5
2023-01-14T05:00,14.9,65,15.6
2023-01-14T06:00,14.6,68,15.8
2023-01-14T07:00,14.2,70,15.3
2023-01-14T08:00,14.8,68,13.3
2023-01-14T09:00,16.9,59,10.6
2023-01-14T10:00,19.6,51,13.7
2023-01-14T11:00,21.9,44,14.7
2023-01-14T12:00,24.0,36,16.1
2023-01-14T13:00,25.3,32,15.7
2023-01-14T14:00,25.8,30,16.3
2023-01-14T15:00,25.5,33,18.9
2023-01-14T16:00,25.0,36,21.6
2023-01-14T17:00,24.3,38,21.5
2023-01-14T18:00,23.0,41,17.3
2023-01-14T19:00,22.2,44,14.3
2023-01-14T20:00,21.1,47,14.6
2023-01-14T21:00,20.1,52,15.6
2023-01-14T22:00,19.2,55,14.8
2023-01-14T23:00,19.1,56,13.1
2023-01-15T00:00,18.6,58,11.8
2023-01-15T01:00,17.3,63,12.1
2023-01-15T02:00,16.6,65,12.4
2023-01-15T03:00,16.0,68,13.5
2023-01-15T04:00,16.0,67,15.2
2023-01-15T05:00,16.1,66,15.0
2023-01-15T06:00,16.1,65,13.9
2023-01-15T07:00,15.9,64,12.6
2023-01-15T08:00,17.3,58,9.8
2023-01-15T09:00,18.5,53,4.0
2023-01-15T10:00,19.8,48,2.6
2023-01-15T11:00,21.7,42,4.4
2023-01-15T12:00,24.2,37,9.0
2023-01-15T13:00,25.8,31,8.7
2023-01-15T14:00,26.5,30,10.7
2023-01-15T15:00,25.1,47,22.3
2023-01-15T16:00,24.4,50,18.4
2023-01-15T17:00,23.5,53,17.3
2023-01-15T18:00,22.2,60,16.3
2023-01-15T19:00,21.3,66,12.0
2023-01-15T20:00,20.6,69,7.7
2023-01-15T21:00,19.7,72,6.9
2023-01-15T22:00,18.8,76,7.0
2023-01-15T23:00,18.0,79,7.2
2023-01-16T00:00,17.2,83,6.6
2023-01-16T01:00,16.8,84,5.1
2023-01-16T02:00,17.9,78,2.1
2023-01-16T03:00,17.7,79,1.3
2023-01-16T04:00,18.1,75,1.8
2023-01-16T05:00,18.0,77,3.7
2023-01-16T06:00,15.7,87,6.5
2023-01-16T07:00,14.8,91,8.4
2023-01-16T08:00,16.1,89,8.5
2023-01-16T09:00,18.9,74,5.2
2023-01-16T10:00,21.6,64,3.6
2023-01-16T11:00,23.3,54,5.4
2023-01-16T12:00,24.6,46,9.1
2023-01-16T13:00,25.3,43,12.5
2023-01-16T14:00,25.4,43,14.8
2023-01-16T15:00,25.0,45,16.1
2023-01-16T16:00,24.9,46,15.9
2023-01-16T17:00,23.8,52,15.3
2023-01-16T18:00,22.7,57,13.4
2023-01-16T19:00,22.1,60,9.8
2023-01-16T20:00,21.4,63,7.9
2023-01-16T21:00,20.4,68,6.1
2023-01-16T22:00,19.5,72,6.0
2023-01-16T23:00,18.8,75,6.9
2023-01-17T00:00,18.2,78,7.1
2023-01-17T01:00,17.7,78,8.6
2023-01-17T02:00,17.1,79,9.6
2023-01-17T03:00,16.2,83,8.3
2023-01-17T04:00,16.1,84,8.1
2023-01-17T05:00,16.3,81,9.0
2023-01-17T06:00,15.9,82,10.3
2023-01-17T07:00,15.8,82,11.3
2023-01-17T08:00,16.8,76,10.3
2023-01-17T09:00,20.0,61,12.0
2023-01-17T10:00,23.3,51,14.1
2023-01-17T11:00,25.7,40,15.0
2023-01-17T12:00,27.8,33,11.9
2023-01-17T13:00,29.1,30,8.3
2023-01-17T14:00,29.7,29,2.4
2023-01-17T15:00,29.1,33,13.2
2023-01-17T16:00,28.5,39,14.6
2023-01-17T17:00,25.4,57,24.1
2023-01-17T18:00,24.4,62,16.7
2023-01-17T19:00,23.6,70,15.6
2023-01-17T20:00,23.1,71,9.5
2023-01-17T21:00,22.3,73,7.0
2023-01-17T22:00,21.5,75,8.0
2023-01-17T23:00,21.3,75,12.0
2023-01-18T00:00,20.8,75,9.8
2023-01-18T01:00,20.1,89,15.2
2023-01-18T02:00,20.3,93,11.9
2023-01-18T03:00,21.0,89,17.3
2023-01-18T04:00,21.1,82,18.9
2023-01-18T05:00,21.0,86,20.1
2023-01-18T06:00,20.8,83,16.8
2023-01-18T07:00,20.5,82,17.1
2023-01-18T08:00,20.9,76,21.7
2023-01-18T09:00,21.7,63,26.9
2023-01-18T10:00,22.4,55,28.2
2023-01-18T11:00,22.8,53,29.9
2023-01-18T12:00,22.9,48,29.9
2023-01-18T13:00,23.2,44,29.7
2023-01-18T14:00,23.0,47,29.7
2023-01-18T15:00,22.4,52,30.8
2023-01-18T16:00,22.0,53,30.8
2023-01-18T17:00,21.4,55,30.0
2023-01-18T18:00,20.7,58,27.5
2023-01-18T19:00,20.9,57,25.9
2023-01-18T20:00,20.5,59,24.6
2023-01-18T21:00,20.5,59,24.7
2023-01-18T22:00,20.5,59,24.4
2023-01-18T23:00,20.4,59,22.7
2023-01-19T00:00,20.3,58,22.9
2023-01-19T01:00,20.3,57,21.7
2023-01-19T02:00,20.0,63,21.7
2023-01-19T03:00,19.7,65,23.6
2023-01-19T04:00,19.4,68,19.3
2023-01-19T05:00,19.7,67,20.0
2023-01-19T06:00,19.3,69,19.0
2023-01-19T07:00,19.1,69,17.2
2023-01-19T08:00,19.6,66,14.8
2023-01-19T09:00,21.3,60,19.0
2023-01-19T10:00,22.0,57,20.5
2023-01-19T11:00,22.5,55,20.8
2023-01-19T12:00,23.0,53,20.6
2023-01-19T13:00,23.2,52,19.2
2023-01-19T14:00,23.2,52,18.9
2023-01-19T15:00,22.9,53,18.7
2023-01-19T16:00,22.5,54,20.2
2023-01-19T17:00,22.0,55,17.1
2023-01-19T18:00,21.3,59,10.9
2023-01-19T19:00,20.5,63,6.6
2023-01-19T20:00,19.7,69,6.8
2023-01-19T21:00,18.9,72,8.2
2023-01-19T22:00,18.2,73,8.4
2023-01-19T23:00,17.0,75,7.1
2023-01-20T00:00,16.7,75,5.4
2023-01-20T01:00,15.8,79,6.3
2023-01-20T02:00,14.8,84,7.1
2023-01-20T03:00,14.0,87,8.9
2023-01-20T04:00,13.4,89,9.5
2023-01-20T05:00,13.2,91,8.5
2023-01-20T06:00,12.6,92,8.2
2023-01-20T07:00,12.3,92,9.7
2023-01-20T08:00,13.1,88,7.4
2023-01-20T09:00,16.4,71,4.1
2023-01-20T10:00,19.8,54,6.5
2023-01-20T11:00,21.9,40,11.0
2023-01-20T12:00,22.9,38,10.2
2023-01-20T13:00,23.9,33,8.3
2023-01-20T14:00,24.2,33,8.7
2023-01-20T15:00,23.9,33,7.4
2023-01-20T16:00,23.7,39,16.6
2023-01-20T17:00,22.2,50,24.1
2023-01-20T18:00,21.2,52,24.9
2023-01-20T19:00,20.4,54,22.1
2023-01-20T20:00,19.8,54,19.2
2023-01-20T21:00,18.7,51,13.7
2023-01-20T22:00,18.0,54,15.1
2023-01-20T23:00,17.4,58,15.8
2023-01-21T00:00,16.8,61,15.5
2023-01-21T01:00,16.3,63,15.0
2023-01-21T02:00,15.5,66,14.1
2023-01-21T03:00,14.6,71,13.0
2023-01-21T04:00,14.1,73,13.3
2023-01-21T05:00,14.1,72,12.6
2023-01-21T06:00,13.4,74,11.7
2023-01-21T07:00,13.0,75,11.6
2023-01-21T08:00,14.3,69,11.5
2023-01-21T09:00,17.7,57,10.5
2023-01-21T10:00,20.9,48,18.0
2023-01-21T11:00,23.0,36,21.6
2023-01-21T12:00,23.8,32,15.0
2023-01-21T13:00,24.4,29,11.2
2023-01-21T14:00,24.8,27,9.4
2023-01-21T15:00,25.2,25,6.6
2023-01-21T16:00,24.7,28,13.3
2023-01-21T17:00,22.5,39,24.7
2023-01-21T18:00,21.1,52,22.6
2023-01-21T19:00,20.4,58,18.2
2023-01-21T20:00,19.9,59,17.9
2023-01-21T21:00,19.0,56,13.9
2023-01-21T22:00,18.0,53,13.4
2023-01-21T23:00,17.2,57,13.1
2023-01-22T00:00,16.6,61,13.3
2023-01-22T01:00,16.2,63,14.1
2023-01-22T02:00,15.7,65,13.4
2023-01-22T03:00,14.8,68,11.6
2023-01-22T04:00,14.2,72,11.4
2023-01-22T05:00,13.7,74,10.2
2023-01-22T06:00,13.2,76,11.9
2023-01-22T07:00,12.9,77,12.6
2023-01-22T08:00,13.9,72,12.8
2023-01-22T09:00,17.1,59,10.5
2023-01-22T10:00,20.4,48,11.5
2023-01-22T11:00,22.5,38,15.9
2023-01-22T12:00,23.6,32,13.8
2023-01-22T13:00,24.5,28,11.6
2023-01-22T14:00,25.0,27,10.3
2023-01-22T15:00,25.2,26,10.0
2023-01-22T16:00,23.6,39,21.1
2023-01-22T17:00,22.4,42,24.8
2023-01-22T18:00,21.2,52,23.8
2023-01-22T19:00,21.0,52,23.7
2023-01-22T20:00,20.3,48,18.9
2023-01-22T21:00,19.2,52,17.5
2023-01-22T22:00,18.4,56,17.8
2023-01-22T23:00,17.9,59,18.1
2023-01-23T00:00,17.4,61,18.4
2023-01-23T01:00,17.0,62,17.9
2023-01-23T02:00,16.6,64,16.8
2023-01-23T03:00,16.2,66,16.7
2023-01-23T04:00,16.2,66,13.2
2023-01-23T05:00,15.7,68,13.8
2023-01-23T06:00,15.6,68,14.0
2023-01-23T07:00,15.5,69,14.9
2023-01-23T08:00,16.9,63,14.8
2023-01-23T09:00,19.0,54,11.3
2023-01-23T10:00,21.6,43,18.5
2023-01-23T11:00,22.5,39,19.9
2023-01-23T12:00,23.2,36,14.8
2023-01-23T13:00,22.4,41,13.6
2023-01-23T14:00,22.9,38,9.1
2023-01-23T15:00,22.5,38,6.8
2023-01-23T16:00,20.9,48,19.4
2023-01-23T17:00,20.6,49,17.6
2023-01-23T18:00,19.9,53,22.2
2023-01-23T19:00,19.0,54,19.1
2023-01-23T20:00,18.4,56,19.1
2023-01-23T21:00,17.7,59,19.5
2023-01-23T22:00,17.1,63,20.0
2023-01-23T23:00,16.8,67,17.7
2023-01-24T00:00,16.3,72,14.2
2023-01-24T01:00,15.5,79,13.8
2023-01-24T02:00,14.9,84,14.0
2023-01-24T03:00,14.5,88,14.0
2023-01-24T04:00,13.9,88,12.4
2023-01-24T05:00,14.0,87,12.1
2023-01-24T06:00,13.9,87,13.4
2023-01-24T07:00,14.3,82,16.4
2023-01-24T08:00,15.2,78,17.0
2023-01-24T09:00,17.8,68,23.1
2023-01-24T10:00,20.1,57,22.7
2023-01-24T11:00,22.1,46,21.7
2023-01-24T12:00,23.1,41,15.8
2023-01-24T13:00,23.8,37,10.7
2023-01-24T14:00,24.1,35,8.0
2023-01-24T15:00,24.4,34,9.8
2023-01-24T16:00,24.3,31,3.8
2023-01-24T17:00,23.3,36,17.4
2023-01-24T18:00,21.7,42,26.7
2023-01-24T19:00,20.5,44,24.5
2023-01-24T20:00,19.4,47,23.8
2023-01-24T21:00,18.6,51,21.2
2023-01-24T22:00,17.9,54,19.5
2023-01-24T23:00,17.4,57,19.1
2023-01-25T00:00,17.0,60,18.1
2023-01-25T01:00,16.5,65,18.6
2023-01-25T02:00,16.1,69,19.0
2023-01-25T03:00,15.8,73,16.1
2023-01-25T04:00,16.5,67,15.6
2023-01-25T05:00,16.8,67,12.1
2023-01-25T06:00,15.7,70,10.5
2023-01-25T07:00,15.0,71,10.1
2023-01-25T08:00,15.9,68,13.9
2023-01-25T09:00,18.2,59,14.5
2023-01-25T10:00,20.3,48,21.8
2023-01-25T11:00,20.1,51,23.0
2023-01-25T12:00,16.7,75,5.6
2023-01-25T13:00,19.0,63,17.8
2023-01-25T14:00,19.1,63,13.3
2023-01-25T15:00,17.0,77,25.5
2023-01-25T16:00,18.6,65,17.2
2023-01-25T17:00,18.6,65,20.7
2023-01-25T18:00,18.0,65,19.0
2023-01-25T19:00,17.0,70,13.0
2023-01-25T20:00,16.6,72,20.0
2023-01-25T21:00,16.1,74,20.9
2023-01-25T22:00,16.3,76,19.8
2023-01-25T23:00,15.8,79,18.5
2023-01-26T00:00,15.8,81,16.0
2023-01-26T01:00,15.4,84,12.8
2023-01-26T02:00,14.6,87,10.8
2023-01-26T03:00,13.8,90,8.8
2023-01-26T04:00,14.5,90,10.6
2023-01-26T05:00,14.4,92,8.7
2023-01-26T06:00,14.2,92,8.7
2023-01-26T07:00,13.7,92,8.4
2023-01-26T08:00,14.6,89,12.9
2023-01-26T09:00,16.6,83,11.8
2023-01-26T10:00,18.5,71,18.2
2023-01-26T11:00,19.4,66,15.7
2023-01-26T12:00,18.7,72,9.9
2023-01-26T13:00,18.5,75,8.8
2023-01-26T14:00,17.7,79,5.1
2023-01-26T15:00,17.9,79,4.4
2023-01-26T16:00,18.0,78,15.1
2023-01-26T17:00,17.5,82,12.4
2023-01-26T18:00,17.5,82,12.2
2023-01-26T19:00,17.2,84,8.4
2023-01-26T20:00,16.7,87,7.2
2023-01-26T21:00,16.5,86,11.0
2023-01-26T22:00,16.4,85,14.3
2023-01-26T23:00,16.5,83,14.8
2023-01-27T00:00,16.6,84,13.0
2023-01-27T01:00,16.4,86,9.5
2023-01-27T02:00,16.2,87,8.0
2023-01-27T03:00,15.9,89,8.0
2023-01-27T04:00,16.0,90,14.2
2023-01-27T05:00,15.9,90,14.3
2023-01-27T06:00,16.0,89,17.5
2023-01-27T07:00,16.0,87,19.9
2023-01-27T08:00,16.0,87,17.4
2023-01-27T09:00,16.6,81,18.7
2023-01-27T10:00,17.0,79,19.1
2023-01-27T11:00,17.8,73,20.6
2023-01-27T12:00,17.8,75,19.0
2023-01-27T13:00,19.0,71,21.9
2023-01-27T14:00,19.8,69,23.0
2023-01-27T15:00,19.6,73,23.1
2023-01-27T16:00,19.4,73,11.2
2023-01-27T17:00,17.9,78,6.8
2023-01-27T18:00,16.5,89,7.9
2023-01-27T19:00,15.5,94,14.3
2023-01-27T20:00,15.3,91,15.0
2023-01-27T21:00,15.9,87,17.5
2023-01-27T22:00,15.2,88,19.2
2023-01-27T23:00,15.4,89,18.0
2023-01-28T00:00,15.1,89,17.5
2023-01-28T01:00,15.1,86,16.1
2023-01-28T02:00,14.6,88,14.4
2023-01-28T03:00,14.6,88,13.7
2023-01-28T04:00,14.2,90,11.2
2023-01-28T05:00,15.0,90,5.7
2023-01-28T06:00,14.6,92,6.0
2023-01-28T07:00,14.5,92,6.9
2023-01-28T08:00,15.0,90,7.2
2023-01-28T09:00,16.4,85,4.3
2023-01-28T10:00,17.6,77,5.9
2023-01-28T11:00,18.6,72,13.0
2023-01-28T12:00,19.5,64,15.0
2023-01-28T13:00,19.8,61,14.5
2023-01-28T14:00,19.7,61,15.8
2023-01-28T15:00,19.5,62,14.3
2023-01-28T16:00,19.4,61,16.7
2023-01-28T17:00,18.8,68,14.0
2023-01-28T18:00,17.7,73,12.0
2023-01-28T19:00,16.4,71,10.7
2023-01-28T20:00,16.2,70,6.3
2023-01-28T21:00,15.3,74,7.5
2023-01-28T22:00,14.5,78,8.0
2023-01-28T23:00,14.1,79,7.9
2023-01-29T00:00,15.1,71,12.8
2023-01-29T01:00,15.0,72,13.1
2023-01-29T02:00,13.3,80,9.0
2023-01-29T03:00,15.5,70,4.7
2023-01-29T04:00,14.3,72,5.2
2023-01-29T05:00,12.4,81,7.6
2023-01-29T06:00,12.0,80,12.3
2023-01-29T07:00,10.7,88,11.3
2023-01-29T08:00,11.9,84,10.6
2023-01-29T09:00,14.6,78,10.2
2023-01-29T10:00,17.2,72,9.9
2023-01-29T11:00,19.0,59,8.6
2023-01-29T12:00,19.8,51,3.6
2023-01-29T13:00,20.3,48,3.1
2023-01-29T14:00,20.6,47,5.2
2023-01-29T15:00,20.6,48,6.5
2023-01-29T16:00,20.4,44,10.0
2023-01-29T17:00,19.3,59,7.9
2023-01-29T18:00,16.6,75,7.4
2023-01-29T19:00,16.3,70,6.1
2023-01-29T20:00,14.7,79,7.8
2023-01-29T21:00,14.1,80,9.4
2023-01-29T22:00,13.7,78,9.2
2023-01-29T23:00,13.6,78,10.7
2023-01-30T00:00,12.9,83,12.4
2023-01-30T01:00,12.2,88,12.6
2023-01-30T02:00,12.0,89,12.6
2023-01-30T03:00,11.7,90,12.6
2023-01-30T04:00,12.4,90,12.2
2023-01-30T05:00,12.4,92,12.3
2023-01-30T06:00,12.1,93,12.4
2023-01-30T07:00,11.8,94,12.8
2023-01-30T08:00,12.7,92,13.0
2023-01-30T09:00,15.4,85,12.2
2023-01-30T10:00,17.9,80,12.0
2023-01-30T11:00,19.5,73,11.2
2023-01-30T12:00,20.4,69,9.7
2023-01-30T13:00,21.0,65,10.1
2023-01-30T14:00,21.1,66,10.4
2023-01-30T15:00,21.0,67,10.9
2023-01-30T16:00,21.1,64,10.5
2023-01-30T17:00,20.1,70,11.1
2023-01-30T18:00,17.8,80,9.5
2023-01-30T19:00,16.3,85,7.3
2023-01-30T20:00,15.5,87,7.8
2023-01-30T21:00,14.8,89,8.7
2023-01-30T22:00,14.3,89,9.6
2023-01-30T23:00,13.4,92,9.4
2023-01-31T00:00,12.9,93,10.1
2023-01-31T01:00,12.7,92,10.5
2023-01-31T02:00,12.3,92,10.2
2023-01-31T03:00,11.9,92,10.0
2023-01-31T04:00,11.9,93,9.1
2023-01-31T05:00,11.9,94,9.0
2023-01-31T06:00,11.7,93,9.8
2023-01-31T07:00,11.0,95,9.7
2023-01-31T08:00,11.4,94,8.5
2023-01-31T09:00,14.5,85,8.4
2023-01-31T10:00,18.1,76,8.0
2023-01-31T11:00,21.2,67,8.7
2023-01-31T12:00,23.5,53,11.5
2023-01-31T13:00,24.5,47,15.2
2023-01-31T14:00,24.7,46,18.4
2023-01-31T15:00,24.7,46,18.3
2023-01-31T16:00,24.8,46,12.0
2023-01-31T17:00,23.1,60,9.0
2023-01-31T18:00,20.6,67,6.5
2023-01-31T19:00,19.2,69,6.3
2023-01-31T20:00,20.0,62,3.4
2023-01-31T21:00,16.5,82,13.0
2023-01-31T22:00,15.9,91,13.6
2023-01-31T23:00,15.8,91,12.5
2023-02-01T00:00,15.0,93,11.7
2023-02-01T01:00,14.6,92,12.5
2023-02-01T02:00,14.3,92,13.0
2023-02-01T03:00,14.1,92,14.3
2023-02-01T04:00,15.1,88,15.4
2023-02-01T05:00,15.6,82,15.8
2023-02-01T06:00,15.2,79,15.6
2023-02-01T07:00,15.3,74,17.7
2023-02-01T08:00,16.2,70,18.6
2023-02-01T09:00,18.0,68,16.1
2023-02-01T10:00,20.1,65,18.2
2023-02-01T11:00,22.0,60,18.8
2023-02-01T12:00,23.2,57,21.1
2023-02-01T13:00,24.1,53,19.3
2023-02-01T14:00,24.9,48,15.3
2023-02-01T15:00,25.1,44,11.9
2023-02-01T16:00,25.5,41,10.7
2023-02-01T17:00,24.0,57,9.2
2023-02-01T18:00,20.6,74,8.1
2023-02-01T19:00,19.3,78,6.3
2023-02-01T20:00,18.5,85,14.2
2023-02-01T21:00,17.5,88,10.1
2023-02-01T22:00,16.9,90,10.5
2023-02-01T23:00,16.3,95,10.2
2023-02-02T00:00,15.5,97,9.8
2023-02-02T01:00,14.8,98,9.8
2023-02-02T02:00,14.6,95,11.2
2023-02-02T03:00,14.6,91,11.8
2023-02-02T04:00,15.6,87,14.3
2023-02-02T05:00,16.1,83,14.8
2023-02-02T06:00,16.1,78,16.9
2023-02-02T07:00,16.2,72,21.1
2023-02-02T08:00,17.4,72,22.2
2023-02-02T09:00,19.3,71,15.0
2023-02-02T10:00,21.3,65,16.2
2023-02-02T11:00,23.0,60,18.6
2023-02-02T12:00,24.1,56,18.4
2023-02-02T13:00,25.0,53,16.1
2023-02-02T14:00,25.5,50,14.3
2023-02-02T15:00,25.7,49,12.3
2023-02-02T16:00,25.8,48,8.8
2023-02-02T17:00,23.4,70,12.1
2023-02-02T18:00,21.0,79,11.4
2023-02-02T19:00,19.8,85,8.2
2023-02-02T20:00,19.4,86,12.1
2023-02-02T21:00,19.5,84,13.9
2023-02-02T22:00,19.0,87,13.0
2023-02-02T23:00,18.7,90,14.0
2023-02-03T00:00,18.5,91,14.0
2023-02-03T01:00,18.3,92,14.0
2023-02-03T02:00,17.8,92,13.5
2023-02-03T03:00,17.2,93,12.0
2023-02-03T04:00,17.4,93,11.9
2023-02-03T05:00,17.3,92,10.4
2023-02-03T06:00,16.9,92,9.4
2023-02-03T07:00,16.6,91,10.6
2023-02-03T08:00,17.5,87,9.8
2023-02-03T09:00,20.0,78,10.5
2023-02-03T10:00,22.8,70,7.3
2023-02-03T11:00,23.7,66,13.7
2023-02-03T12:00,24.0,66,13.2
2023-02-03T13:00,24.2,66,11.4
2023-02-03T14:00,24.4,65,9.7
2023-02-03T15:00,24.5,62,8.7
2023-02-03T16:00,23.9,63,12.5
2023-02-03T17:00,22.8,71,10.3
2023-02-03T18:00,21.1,85,7.9
2023-02-03T19:00,19.8,93,6.6
2023-02-03T20:00,19.1,96,5.2
2023-02-03T21:00,18.5,97,6.0
2023-02-03T22:00,18.2,98,6.3
2023-02-03T23:00,18.2,98,5.9
2023-02-04T00:00,17.7,98,7.0
2023-02-04T01:00,17.6,97,8.4
2023-02-04T02:00,17.5,96,8.9
2023-02-04T03:00,17.5,96,9.2
2023-02-04T04:00,18.2,94,9.5
2023-02-04T05:00,18.5,91,9.4
2023-02-04T06:00,18.0,88,9.0
2023-02-04T07:00,17.0,88,7.6
2023-02-04T08:00,18.7,81,8.0
2023-02-04T09:00,20.8,69,9.2
2023-02-04T10:00,21.6,61,14.2
2023-02-04T11:00,21.9,59,14.9
2023-02-04T12:00,22.2,57,15.9
2023-02-04T13:00,22.4,55,18.4
2023-02-04T14:00,22.1,55,20.6
2023-02-04T15:00,21.6,57,20.8
2023-02-04T16:00,21.3,56,18.5
2023-02-04T17:00,20.4,61,16.0
2023-02-04T18:00,19.2,71,10.7
2023-02-04T19:00,18.2,80,8.4
2023-02-04T20:00,17.6,84,8.5
2023-02-04T21:00,17.0,87,8.9
2023-02-04T22:00,16.3,90,8.7
2023-02-04T23:00,15.7,91,8.2
2023-02-05T00:00,15.4,92,8.6
2023-02-05T01:00,15.3,93,9.2
2023-02-05T02:00,15.1,93,10.0
2023-02-05T03:00,14.9,93,9.5
2023-02-05T04:00,15.2,93,9.5
2023-02-05T05:00,15.9,92,8.9
2023-02-05T06:00,15.8,91,8.7
2023-02-05T07:00,15.9,91,9.8
2023-02-05T08:00,17.5,87,8.2
2023-02-05T09:00,19.6,79,6.5
2023-02-05T10:00,20.9,73,8.5
2023-02-05T11:00,21.8,70,12.6
2023-02-05T12:00,22.4,65,15.9
2023-02-05T13:00,22.7,63,17.7
2023-02-05T14:00,22.9,59,18.6
2023-02-05T15:00,22.8,59,17.8
2023-02-05T16:00,22.3,61,16.6
2023-02-05T17:00,21.5,65,14.7
2023-02-05T18:00,20.2,74,10.2
2023-02-05T19:00,19.1,82,8.7
2023-02-05T20:00,17.9,89,6.4
2023-02-05T21:00,18.4,85,4.3
2023-02-05T22:00,17.5,88,5.4
2023-02-05T23:00,16.6,91,6.9
2023-02-06T00:00,15.8,93,9.2
2023-02-06T01:00,15.3,95,9.8
2023-02-06T02:00,14.7,97,9.8
2023-02-06T03:00,14.3,98,10.5
2023-02-06T04:00,14.3,97,9.0
2023-02-06T05:00,14.6,97,8.6
2023-02-06T06:00,14.2,96,8.6
2023-02-06T07:00,13.8,96,9.2
2023-02-06T08:00,14.7,91,8.7
2023-02-06T09:00,18.0,75,6.1
2023-02-06T10:00,20.8,64,5.6
2023-02-06T11:00,22.5,57,5.2
2023-02-06T12:00,24.1,46,4.0
2023-02-06T13:00,25.3,39,3.1
2023-02-06T14:00,25.9,38,5.0
2023-02-06T15:00,25.9,42,9.4
2023-02-06T16:00,24.4,45,14.2
2023-02-06T17:00,23.1,50,12.4
2023-02-06T18:00,21.1,70,8.8
2023-02-06T19:00,19.7,85,7.2
2023-02-06T20:00,18.8,91,8.6
2023-02-06T21:00,18.0,93,8.0
2023-02-06T22:00,17.4,94,10.1
2023-02-06T23:00,16.7,93,10.4
2023-02-07T00:00,16.1,92,10.8
2023-02-07T01:00,15.6,91,10.9
2023-02-07T02:00,14.9,90,10.4
2023-02-07T03:00,14.5,89,10.8
2023-02-07T04:00,14.5,87,11.6
2023-02-07T05:00,14.8,83,11.2
2023-02-07T06:00,14.3,86,10.0
2023-02-07T07:00,14.1,88,10.6
2023-02-07T08:00,15.5,80,10.2
2023-02-07T09:00,19.7,59,10.4
2023-02-07T10:00,24.2,43,8.7
2023-02-07T11:00,27.3,30,10.9
2023-02-07T12:00,29.0,25,13.4
2023-02-07T13:00,30.4,22,15.5
2023-02-07T14:00,31.3,20,17.9
2023-02-07T15:00,31.7,19,17.3
2023-02-07T16:00,31.4,20,11.4
2023-02-07T17:00,29.2,30,11.2
2023-02-07T18:00,25.1,46,13.9
2023-02-07T19:00,23.3,56,9.0
2023-02-07T20:00,22.1,61,8.4
2023-02-07T21:00,21.0,58,12.3
2023-02-07T22:00,20.2,59,13.4
2023-02-07T23:00,20.0,56,14.9
2023-02-08T00:00,20.7,47,16.6
2023-02-08T01:00,21.2,38,19.2
2023-02-08T02:00,21.7,33,22.8
2023-02-08T03:00,21.7,31,23.8
2023-02-08T04:00,21.7,32,23.2
2023-02-08T05:00,19.9,37,18.3
2023-02-08T06:00,19.7,37,22.4
2023-02-08T07:00,18.9,39,19.8
2023-02-08T08:00,19.4,38,21.1
2023-02-08T09:00,21.9,35,17.8
2023-02-08T10:00,24.7,29,22.7
2023-02-08T11:00,27.1,25,23.5
2023-02-08T12:00,28.7,23,21.4
2023-02-08T13:00,29.4,23,18.9
2023-02-08T14:00,28.2,36,21.0
2023-02-08T15:00,25.9,54,24.7
2023-02-08T16:00,24.9,66,23.7
2023-02-08T17:00,23.1,79,22.6
2023-02-08T18:00,21.9,88,19.6
2023-02-08T19:00,21.1,91,12.8
2023-02-08T20:00,20.4,93,10.5
2023-02-08T21:00,19.8,95,10.7
2023-02-08T22:00,19.6,94,11.8
2023-02-08T23:00,18.9,93,10.9
2023-02-09T00:00,18.6,91,11.9
2023-02-09T01:00,18.5,87,13.0
2023-02-09T02:00,18.6,87,14.8
2023-02-09T03:00,18.9,85,16.6
2023-02-09T04:00,18.6,84,15.7
2023-02-09T05:00,19.5,74,19.8
2023-02-09T06:00,19.5,70,22.1
2023-02-09T07:00,19.3,66,22.4
2023-02-09T08:00,20.2,59,23.2
2023-02-09T09:00,21.7,46,28.6
2023-02-09T10:00,22.2,41,30.6
2023-02-09T11:00,22.4,41,32.9
2023-02-09T12:00,22.5,41,34.6
2023-02-09T13:00,22.5,40,35.5
2023-02-09T14:00,22.3,41,36.0
2023-02-09T15:00,22.0,43,36.9
2023-02-09T16:00,21.6,44,35.4
2023-02-09T17:00,20.8,48,35.3
2023-02-09T18:00,19.8,51,31.9
2023-02-09T19:00,19.3,54,30.0
2023-02-09T20:00,19.0,56,28.4
2023-02-09T21:00,18.8,58,28.3
2023-02-09T22:00,18.6,59,28.5
2023-02-09T23:00,18.4,62,27.4
2023-02-10T00:00,18.2,64,26.7
2023-02-10T01:00,18.0,66,26.7
2023-02-10T02:00,17.9,67,28.9
2023-02-10T03:00,17.8,67,30.5
2023-02-10T04:00,17.4,67,26.0
2023-02-10T05:00,17.6,67,25.5
2023-02-10T06:00,17.5,69,25.6
2023-02-10T07:00,17.2,70,24.1
2023-02-10T08:00,18.1,65,24.5
2023-02-10T09:00,19.1,59,29.5
2023-02-10T10:00,19.8,57,30.3
2023-02-10T11:00,20.3,55,31.0
2023-02-10T12:00,20.7,52,31.3
2023-02-10T13:00,20.9,51,31.2
2023-02-10T14:00,20.8,51,30.3
2023-02-10T15:00,20.6,50,28.2
2023-02-10T16:00,20.3,56,26.0
2023-02-10T17:00,19.6,58,23.9
2023-02-10T18:00,18.7,62,19.1
2023-02-10T19:00,18.1,65,14.8
2023-02-10T20:00,17.5,69,13.0
2023-02-10T21:00,16.9,74,11.4
2023-02-10T22:00,16.3,80,11.5
2023-02-10T23:00,15.8,85,11.2
2023-02-11T00:00,15.4,88,10.6
2023-02-11T01:00,14.9,90,10.5
2023-02-11T02:00,14.6,92,10.3
2023-02-11T03:00,14.0,93,9.2
2023-02-11T04:00,14.0,93,8.4
2023-02-11T05:00,14.6,90,6.4
2023-02-11T06:00,15.4,86,5.6
2023-02-11T07:00,15.4,85,5.7
2023-02-11T08:00,15.5,88,5.9
2023-02-11T09:00,18.5,73,5.4
2023-02-11T10:00,20.4,63,5.3
2023-02-11T11:00,22.1,53,8.9
2023-02-11T12:00,23.3,44,12.1
2023-02-11T13:00,23.8,44,15.3
2023-02-11T14:00,23.7,46,15.6
2023-02-11T15:00,23.5,49,14.8
2023-02-11T16:00,23.0,50,14.3
2023-02-11T17:00,22.2,56,13.2
2023-02-11T18:00,21.0,65,12.9
2023-02-11T19:00,20.1,72,9.6
2023-02-11T20:00,19.1,78,7.2
2023-02-11T21:00,18.1,84,5.8
2023-02-11T22:00,19.1,79,3.3
2023-02-11T23:00,18.5,82,1.5
2023-02-12T00:00,17.9,85,2.6
2023-02-12T01:00,16.1,91,5.0
2023-02-12T02:00,14.9,95,9.4
2023-02-12T03:00,14.1,96,8.2
2023-02-12T04:00,13.6,96,8.3
2023-02-12T05:00,13.4,96,9.5
2023-02-12T06:00,13.0,95,9.0
2023-02-12T07:00,12.5,94,8.7
2023-02-12T08:00,14.0,89,6.8
2023-02-12T09:00,17.2,73,6.4
2023-02-12T10:00,20.4,56,6.9
2023-02-12T11:00,23.9,40,10.7
2023-02-12T12:00,26.8,33,13.7
2023-02-12T13:00,28.4,28,13.1
2023-02-12T14:00,28.3,31,11.9
2023-02-12T15:00,26.5,40,18.4
2023-02-12T16:00,25.1,44,18.7
2023-02-12T17:00,24.5,53,16.2
2023-02-12T18:00,23.1,52,11.5
2023-02-12T19:00,21.7,61,7.9
2023-02-12T20:00,20.6,66,8.3
2023-02-12T21:00,19.9,63,10.1
2023-02-12T22:00,19.3,61,10.7
2023-02-12T23:00,19.0,69,11.8
2023-02-13T00:00,18.2,85,11.6
2023-02-13T01:00,17.4,90,11.5
2023-02-13T02:00,16.9,90,11.4
2023-02-13T03:00,15.9,91,9.9
2023-02-13T04:00,15.8,91,9.3
2023-02-13T05:00,15.8,79,10.8
2023-02-13T06:00,15.8,54,12.3
2023-02-13T07:00,15.8,47,12.6
2023-02-13T08:00,17.6,40,12.7
2023-02-13T09:00,21.6,29,13.4
2023-02-13T10:00,25.7,21,12.4
2023-02-13T11:00,28.8,18,17.7
2023-02-13T12:00,30.8,18,21.4
2023-02-13T13:00,31.9,16,18.6
2023-02-13T14:00,32.2,15,11.9
2023-02-13T15:00,30.3,25,15.1
2023-02-13T16:00,28.2,28,18.9
2023-02-13T17:00,26.6,38,13.0
2023-02-13T18:00,24.8,48,11.3
2023-02-13T19:00,23.0,53,9.8
2023-02-13T20:00,22.0,55,11.2
2023-02-13T21:00,21.1,52,12.1
2023-02-13T22:00,20.7,51,13.7
2023-02-13T23:00,20.1,53,13.7
2023-02-14T00:00,19.3,76,13.4
2023-02-14T01:00,18.5,87,12.5
2023-02-14T02:00,17.5,89,11.7
2023-02-14T03:00,16.7,90,10.6
2023-02-14T04:00,17.4,86,13.9
2023-02-14T05:00,17.5,79,13.7
2023-02-14T06:00,17.2,71,13.4
2023-02-14T07:00,16.8,62,13.6
2023-02-14T08:00,18.5,47,12.9
2023-02-14T09:00,22.4,29,18.1
2023-02-14T10:00,26.0,21,17.5
2023-02-14T11:00,29.2,21,19.7
2023-02-14T12:00,31.5,18,18.7
2023-02-14T13:00,32.6,15,14.8
2023-02-14T14:00,33.3,14,10.6
2023-02-14T15:00,32.8,15,8.8
2023-02-14T16:00,29.1,38,21.1
2023-02-14T17:00,26.5,46,17.3
2023-02-14T18:00,25.4,50,15.7
2023-02-14T19:00,24.2,53,12.0
2023-02-14T20:00,23.3,54,11.8
2023-02-14T21:00,22.6,50,13.4
2023-02-14T22:00,21.5,50,10.8
2023-02-14T23:00,20.6,48,11.0
2023-02-15T00:00,20.1,46,12.2
2023-02-15T01:00,19.6,60,12.0
2023-02-15T02:00,18.5,74,10.8
2023-02-15T03:00,17.9,66,12.4
2023-02-15T04:00,18.2,47,14.8
2023-02-15T05:00,19.0,31,18.8
2023-02-15T06:00,19.3,28,20.7
2023-02-15T07:00,19.1,29,21.7
2023-02-15T08:00,20.4,28,21.7
2023-02-15T09:00,23.5,25,17.9
2023-02-15T10:00,26.4,24,25.1
2023-02-15T11:00,28.7,28,30.3
2023-02-15T12:00,30.8,18,28.5
2023-02-15T13:00,32.1,13,26.5
2023-02-15T14:00,32.8,12,24.1
2023-02-15T15:00,33.4,11,23.2
2023-02-15T16:00,34.4,10,16.1
2023-02-15T17:00,30.6,20,12.7
2023-02-15T18:00,24.7,50,18.8
2023-02-15T19:00,24.7,44,13.3
2023-02-15T20:00,23.7,43,13.3
2023-02-15T21:00,22.7,42,11.6
2023-02-15T22:00,21.7,43,11.8
2023-02-15T23:00,20.5,44,11.2
2023-02-16T00:00,19.3,47,10.5
2023-02-16T01:00,18.9,57,12.3
2023-02-16T02:00,20.0,40,16.7
2023-02-16T03:00,20.6,26,18.8
2023-02-16T04:00,20.4,26,19.7
2023-02-16T05:00,20.3,28,19.9
2023-02-16T06:00,20.0,29,19.2
2023-02-16T07:00,19.5,31,18.0
2023-02-16T08:00,20.7,25,17.1
2023-02-16T09:00,23.4,20,12.3
2023-02-16T10:00,25.7,18,17.7
2023-02-16T11:00,27.4,18,17.1
2023-02-16T12:00,29.1,16,17.2
2023-02-16T13:00,30.7,14,17.6
2023-02-16T14:00,30.9,15,15.2
2023-02-16T15:00,28.8,30,17.9
2023-02-16T16:00,27.7,26,17.3
2023-02-16T17:00,27.3,28,13.7
2023-02-16T18:00,25.3,37,9.7
2023-02-16T19:00,23.2,44,8.1
2023-02-16T20:00,21.7,54,5.6
2023-02-16T21:00,22.1,55,3.9
2023-02-16T22:00,20.1,53,6.2
2023-02-16T23:00,21.5,45,1.6
2023-02-17T00:00,18.8,62,6.7
2023-02-17T01:00,17.7,79,9.4
2023-02-17T02:00,17.1,88,8.7
2023-02-17T03:00,18.1,91,5.8
2023-02-17T04:00,17.7,98,6.5
2023-02-17T05:00,17.8,99,5.8
2023-02-17T06:00,16.1,100,7.9
2023-02-17T07:00,16.4,100,9.8
2023-02-17T08:00,17.5,99,9.2
2023-02-17T09:00,19.4,98,10.1
2023-02-17T10:00,21.1,87,7.8
2023-02-17T11:00,23.4,70,6.3
2023-02-17T12:00,25.0,60,10.8
2023-02-17T13:00,25.5,58,15.6
2023-02-17T14:00,25.5,55,17.8
2023-02-17T15:00,24.9,59,18.8
2023-02-17T16:00,24.4,66,17.6
2023-02-17T17:00,23.3,72,17.6
2023-02-17T18:00,22.1,77,15.6
2023-02-17T19:00,21.3,79,13.4
2023-02-17T20:00,20.8,81,12.0
2023-02-17T21:00,20.0,83,9.8
2023-02-17T22:00,19.1,86,8.7
2023-02-17T23:00,18.4,90,8.3
2023-02-18T00:00,17.9,92,8.7
2023-02-18T01:00,17.4,92,8.5
2023-02-18T02:00,17.0,93,8.8
2023-02-18T03:00,16.5,94,8.4
2023-02-18T04:00,16.6,93,9.8
2023-02-18T05:00,16.7,91,9.9
2023-02-18T06:00,16.6,89,10.8
2023-02-18T07:00,16.5,90,10.7
2023-02-18T08:00,18.3,86,9.1
2023-02-18T09:00,20.6,76,10.2
2023-02-18T10:00,22.2,68,15.5
2023-02-18T11:00,23.2,62,17.8
2023-02-18T12:00,23.7,58,20.9
2023-02-18T13:00,24.0,55,23.7
2023-02-18T14:00,23.9,54,25.8
2023-02-18T15:00,23.6,55,25.2
2023-02-18T16:00,22.3,62,22.9
2023-02-18T17:00,21.5,66,22.2
2023-02-18T18:00,20.4,71,20.8
2023-02-18T19:00,19.8,76,15.2
2023-02-18T20:00,19.2,79,11.2
2023-02-18T21:00,18.5,82,9.5
2023-02-18T22:00,17.9,88,9.7
2023-02-18T23:00,17.3,92,9.3
2023-02-19T00:00,17.0,93,10.0
2023-02-19T01:00,16.8,93,10.5
2023-02-19T02:00,16.6,93,10.4
2023-02-19T03:00,16.5,93,10.9
2023-02-19T04:00,16.6,91,11.3
2023-02-19T05:00,16.7,89,12.3
2023-02-19T06:00,16.5,87,12.2
2023-02-19T07:00,16.1,90,11.4
2023-02-19T08:00,17.6,86,11.1
2023-02-19T09:00,19.7,74,14.1
2023-02-19T10:00,21.1,66,18.4
2023-02-19T11:00,22.2,56,20.9
2023-02-19T12:00,22.8,54,23.9
2023-02-19T13:00,23.0,53,26.2
2023-02-19T14:00,22.9,52,27.5
2023-02-19T15:00,22.6,53,27.3
2023-02-19T16:00,21.5,55,26.9
2023-02-19T17:00,20.9,59,26.0
2023-02-19T18:00,19.9,65,23.4
2023-02-19T19:00,19.3,72,18.9
2023-02-19T20:00,19.0,75,16.9
2023-02-19T21:00,18.8,75,15.3
2023-02-19T22:00,18.3,80,15.0
2023-02-19T23:00,18.1,82,14.0
2023-02-20T00:00,17.8,85,13.9
2023-02-20T01:00,17.6,87,13.6
2023-02-20T02:00,17.4,87,13.9
2023-02-20T03:00,17.3,88,14.6
2023-02-20T04:00,17.0,90,13.8
2023-02-20T05:00,17.1,86,14.1
2023-02-20T06:00,17.0,83,15.2
2023-02-20T07:00,16.8,83,15.5
2023-02-20T08:00,18.3,76,15.1
2023-02-20T09:00,20.4,65,18.2
2023-02-20T10:00,21.5,58,22.0
2023-02-20T11:00,22.1,57,22.8
2023-02-20T12:00,22.5,55,23.7
2023-02-20T13:00,22.6,55,24.6
2023-02-20T14:00,22.5,55,24.9
2023-02-20T15:00,22.1,58,24.6
2023-02-20T16:00,21.7,59,22.6
2023-02-20T17:00,20.9,65,22.2
2023-02-20T18:00,19.9,73,20.4
2023-02-20T19:00,19.4,76,16.7
2023-02-20T20:00,19.2,77,13.7
2023-02-20T21:00,18.9,79,10.6
2023-02-20T22:00,18.5,81,9.9
2023-02-20T23:00,17.8,84,9.8
2023-02-21T00:00,16.9,89,10.4
2023-02-21T01:00,16.5,90,10.8
2023-02-21T02:00,16.4,91,10.2
2023-02-21T03:00,15.8,92,10.0
2023-02-21T04:00,15.3,92,9.2
2023-02-21T05:00,15.7,91,9.5
2023-02-21T06:00,15.5,92,10.2
2023-02-21T07:00,15.3,92,12.1
2023-02-21T08:00,16.3,86,11.6
2023-02-21T09:00,18.5,76,11.9
2023-02-21T10:00,20.7,69,12.4
2023-02-21T11:00,22.2,62,15.0
2023-02-21T12:00,23.4,53,18.7
2023-02-21T13:00,23.7,53,21.6
2023-02-21T14:00,23.7,53,22.0
2023-02-21T15:00,23.4,54,22.7
2023-02-21T16:00,22.4,58,20.3
2023-02-21T17:00,21.7,66,18.5
2023-02-21T18:00,20.8,71,17.1
2023-02-21T19:00,20.2,76,13.8
2023-02-21T20:00,19.7,79,12.7
2023-02-21T21:00,19.1,82,12.5
2023-02-21T22:00,18.4,86,12.0
2023-02-21T23:00,17.6,91,12.4
2023-02-22T00:00,17.1,92,12.8
2023-02-22T01:00,16.5,93,13.0
2023-02-22T02:00,16.0,93,13.4
2023-02-22T03:00,15.6,94,12.7
2023-02-22T04:00,15.3,96,12.5
2023-02-22T05:00,15.3,95,12.1
2023-02-22T06:00,14.9,96,12.1
2023-02-22T07:00,14.7,95,12.8
2023-02-22T08:00,15.6,90,12.6
2023-02-22T09:00,18.4,76,11.9
2023-02-22T10:00,21.4,60,13.0
2023-02-22T11:00,23.8,47,12.4
2023-02-22T12:00,25.7,37,15.1
2023-02-22T13:00,26.2,31,19.4
2023-02-22T14:00,25.8,33,20.0
2023-02-22T15:00,25.4,33,20.2
2023-02-22T16:00,25.4,33,18.0
2023-02-22T17:00,24.3,39,16.2
2023-02-22T18:00,22.8,50,14.1
2023-02-22T19:00,21.5,59,11.0
2023-02-22T20:00,20.5,65,10.0
2023-02-22T21:00,19.4,70,9.7
2023-02-22T22:00,18.4,74,9.7
2023-02-22T23:00,17.4,77,9.1
2023-02-23T00:00,16.7,79,9.0
2023-02-23T01:00,16.2,78,9.5
2023-02-23T02:00,15.8,76,10.4
2023-02-23T03:00,15.4,75,11.9
2023-02-23T04:00,14.6,82,11.5
2023-02-23T05:00,14.2,82,11.6
2023-02-23T06:00,13.8,80,12.0
2023-02-23T07:00,13.5,78,12.3
2023-02-23T08:00,15.5,64,11.2
2023-02-23T09:00,19.5,47,10.4
2023-02-23T10:00,22.9,35,9.6
2023-02-23T11:00,25.4,26,8.2
2023-02-23T12:00,27.3,21,8.6
2023-02-23T13:00,28.6,19,11.7
2023-02-23T14:00,29.0,20,13.9
2023-02-23T15:00,28.7,20,14.9
2023-02-23T16:00,28.8,21,13.2
2023-02-23T17:00,26.8,27,13.0
2023-02-23T18:00,24.2,42,10.6
2023-02-23T19:00,22.2,63,7.1
2023-02-23T20:00,20.9,76,7.1
2023-02-23T21:00,19.8,84,6.1
2023-02-23T22:00,19.5,83,5.1
2023-02-23T23:00,18.0,86,9.0
2023-02-24T00:00,17.0,86,9.9
2023-02-24T01:00,16.1,86,9.9
2023-02-24T02:00,15.6,81,11.0
2023-02-24T03:00,15.2,73,11.7
2023-02-24T04:00,14.9,68,11.9
2023-02-24T05:00,14.4,63,10.9
2023-02-24T06:00,14.1,59,11.4
2023-02-24T07:00,14.0,54,12.5
2023-02-24T08:00,16.4,42,10.9
2023-02-24T09:00,21.6,30,7.7
2023-02-24T10:00,26.5,22,5.4
2023-02-24T11:00,29.5,17,6.3
2023-02-24T12:00,31.1,14,8.8
2023-02-24T13:00,32.1,11,11.3
2023-02-24T14:00,32.2,12,12.7
2023-02-24T15:00,32.0,14,14.5
2023-02-24T16:00,30.6,17,19.0
2023-02-24T17:00,28.6,20,16.1
2023-02-24T18:00,26.1,36,9.7
2023-02-24T19:00,24.1,45,10.0
2023-02-24T20:00,22.5,48,8.6
2023-02-24T21:00,21.8,45,11.5
2023-02-24T22:00,20.9,39,12.2
2023-02-24T23:00,20.1,36,13.0
2023-02-25T00:00,19.4,48,13.6
2023-02-25T01:00,18.6,68,13.4
2023-02-25T02:00,18.1,75,13.6
2023-02-25T03:00,17.9,72,13.7
2023-02-25T04:00,17.2,68,14.5
2023-02-25T05:00,17.7,37,14.3
2023-02-25T06:00,18.1,34,16.4
2023-02-25T07:00,18.6,35,18.4
2023-02-25T08:00,21.2,29,22.1
2023-02-25T09:00,23.7,36,20.5
2023-02-25T10:00,26.4,43,26.1
2023-02-25T11:00,29.0,38,28.2
2023-02-25T12:00,31.1,29,25.6
2023-02-25T13:00,32.4,22,19.8
2023-02-25T14:00,33.3,20,14.1
2023-02-25T15:00,32.5,20,6.8
2023-02-25T16:00,28.0,50,23.2
2023-02-25T17:00,26.9,53,19.4
2023-02-25T18:00,25.8,54,17.8
2023-02-25T19:00,25.3,55,13.8
2023-02-25T20:00,24.4,55,13.4
2023-02-25T21:00,23.5,56,12.0
2023-02-25T22:00,22.6,56,11.9
2023-02-25T23:00,21.7,56,11.2
2023-02-26T00:00,20.9,55,11.5
2023-02-26T01:00,20.0,57,11.4
2023-02-26T02:00,19.7,58,13.0
2023-02-26T03:00,19.3,63,13.7
2023-02-26T04:00,19.0,69,12.6
2023-02-26T05:00,19.0,61,11.0
2023-02-26T06:00,18.5,54,8.7
2023-02-26T07:00,19.1,51,11.0
2023-02-26T08:00,22.4,45,16.7
2023-02-26T09:00,25.3,41,20.1
2023-02-26T10:00,27.7,40,23.2
2023-02-26T11:00,30.1,35,22.3
2023-02-26T12:00,31.9,29,19.6
2023-02-26T13:00,33.1,25,15.0
2023-02-26T14:00,33.5,23,6.4
2023-02-26T15:00,31.8,34,13.5
2023-02-26T16:00,29.7,41,23.9
2023-02-26T17:00,28.1,45,20.5
2023-02-26T18:00,26.8,49,19.6
2023-02-26T19:00,25.4,51,14.8
2023-02-26T20:00,25.4,52,12.9
2023-02-26T21:00,24.7,50,10.0
2023-02-26T22:00,23.8,49,8.9
2023-02-26T23:00,22.6,48,8.7
2023-02-27T00:00,21.7,46,9.4
2023-02-27T01:00,21.8,45,4.6
2023-02-27T02:00,22.2,43,1.8
2023-02-27T03:00,21.6,45,0.7
2023-02-27T04:00,18.8,58,5.8
2023-02-27T05:00,18.6,60,6.5
2023-02-27T06:00,18.7,59,6.6
2023-02-27T07:00,19.2,53,11.3
2023-02-27T08:00,21.0,40,8.7
2023-02-27T09:00,25.0,29,8.5
2023-02-27T10:00,28.7,22,8.0
2023-02-27T11:00,30.6,20,12.6
2023-02-27T12:00,32.0,21,14.7
2023-02-27T13:00,32.4,22,12.3
2023-02-27T14:00,32.9,21,11.3
2023-02-27T15:00,32.6,22,15.5
2023-02-27T16:00,30.8,27,20.9
2023-02-27T17:00,29.2,31,17.7
2023-02-27T18:00,26.5,45,15.0
2023-02-27T19:00,23.9,63,10.0
2023-02-27T20:00,23.8,64,9.7
2023-02-27T21:00,23.3,63,10.7
2023-02-27T22:00,23.4,58,12.9
2023-02-27T23:00,22.8,54,12.2
2023-02-28T00:00,21.9,54,9.4
2023-02-28T01:00,22.2,51,8.0
2023-02-28T02:00,21.5,53,6.2
2023-02-28T03:00,21.2,52,8.2
2023-02-28T04:00,21.5,58,9.4
2023-02-28T05:00,21.6,51,15.0
2023-02-28T06:00,21.9,46,9.7
2023-02-28T07:00,20.9,46,12.4
2023-02-28T08:00,23.5,34,15.3
2023-02-28T09:00,26.5,25,4.7
2023-02-28T10:00,28.7,21,2.0
2023-02-28T11:00,30.6,20,5.2
2023-02-28T12:00,32.9,20,11.6
2023-02-28T13:00,32.3,21,17.9
2023-02-28T14:00,29.0,30,20.9
2023-02-28T15:00,30.2,30,22.1
2023-02-28T16:00,29.9,27,17.7
2023-02-28T17:00,28.1,39,15.1
2023-02-28T18:00,26.7,46,10.7
2023-02-28T19:00,24.8,56,6.5
2023-02-28T20:00,23.4,68,4.7
2023-02-28T21:00,22.6,69,6.1
2023-02-28T22:00,22.2,64,8.1
2023-02-28T23:00,21.5,60,7.9
2023-03-01T00:00,21.0,55,7.9
2023-03-01T01:00,21.1,54,6.0
2023-03-01T02:00,19.8,80,9.6
2023-03-01T03:00,19.3,88,6.8
2023-03-01T04:00,20.1,91,11.1
2023-03-01T05:00,20.1,90,9.6
2023-03-01T06:00,19.7,88,6.6
2023-03-01T07:00,20.5,85,4.8
2023-03-01T08:00,21.5,81,4.6
2023-03-01T09:00,22.7,74,6.1
2023-03-01T10:00,24.5,63,3.3
2023-03-01T11:00,26.5,50,3.3
2023-03-01T12:00,28.0,42,9.4
2023-03-01T13:00,28.7,35,14.2
2023-03-01T14:00,27.5,46,18.5
2023-03-01T15:00,27.0,50,20.0
2023-03-01T16:00,25.3,64,20.9
2023-03-01T17:00,24.6,69,21.7
2023-03-01T18:00,23.8,70,20.9
2023-03-01T19:00,23.3,71,13.0
2023-03-01T20:00,22.6,74,3.1
2023-03-01T21:00,22.8,70,8.4
2023-03-01T22:00,23.1,66,14.5
2023-03-01T23:00,23.3,60,14.5
2023-03-02T00:00,23.2,58,8.3
2023-03-02T01:00,22.8,58,1.5
2023-03-02T02:00,21.8,64,8.5
2023-03-02T03:00,21.0,78,13.0
2023-03-02T04:00,20.5,92,5.5
2023-03-02T05:00,20.5,91,12.5
2023-03-02T06:00,20.5,90,9.0
2023-03-02T07:00,19.7,94,8.9
2023-03-02T08:00,20.7,87,5.2
2023-03-02T09:00,22.8,68,8.0
2023-03-02T10:00,24.2,56,3.4
2023-03-02T11:00,25.9,47,7.1
2023-03-02T12:00,26.1,54,15.1
2023-03-02T13:00,26.5,57,17.1
2023-03-02T14:00,27.0,48,17.3
2023-03-02T15:00,27.7,39,19.3
2023-03-02T16:00,27.3,39,17.3
2023-03-02T17:00,26.8,41,17.7
2023-03-02T18:00,25.1,53,16.0
2023-03-02T19:00,23.6,71,12.9
2023-03-02T20:00,23.1,75,10.3
2023-03-02T21:00,22.5,76,8.1
2023-03-02T22:00,22.2,70,9.7
2023-03-02T23:00,22.1,62,13.7
2023-03-03T00:00,21.4,77,18.9
2023-03-03T01:00,20.9,82,16.9
2023-03-03T02:00,20.2,87,12.2
2023-03-03T03:00,19.1,92,7.7
2023-03-03T04:00,18.8,92,9.0
2023-03-03T05:00,18.7,92,10.0
2023-03-03T06:00,18.4,93,9.4
2023-03-03T07:00,18.2,93,9.0
2023-03-03T08:00,20.0,82,6.2
2023-03-03T09:00,22.4,70,5.4
2023-03-03T10:00,24.5,58,5.1
2023-03-03T11:00,26.4,51,1.1
2023-03-03T12:00,28.1,44,2.9
2023-03-03T13:00,28.8,45,10.8
2023-03-03T14:00,27.8,56,19.8
2023-03-03T15:00,26.7,57,22.5
2023-03-03T16:00,26.3,62,23.4
2023-03-03T17:00,25.0,67,22.4
2023-03-03T18:00,24.2,70,17.3
2023-03-03T19:00,23.3,77,11.0
2023-03-03T20:00,22.9,82,5.0
2023-03-03T21:00,22.4,86,7.7
2023-03-03T22:00,21.9,90,9.8
2023-03-03T23:00,21.5,92,10.6
2023-03-04T00:00,21.0,93,7.9
2023-03-04T01:00,20.3,94,4.8
2023-03-04T02:00,19.7,95,5.7
2023-03-04T03:00,19.5,95,5.6
2023-03-04T04:00,19.3,95,6.5
2023-03-04T05:00,20.4,92,3.9
2023-03-04T06:00,20.5,93,1.8
2023-03-04T07:00,18.7,98,9.7
2023-03-04T08:00,19.6,98,9.9
2023-03-04T09:00,21.5,88,8.0
2023-03-04T10:00,23.5,77,4.6
2023-03-04T11:00,25.4,63,5.9
2023-03-04T12:00,26.8,52,10.3
2023-03-04T13:00,27.0,52,15.5
2023-03-04T14:00,26.6,50,20.3
2023-03-04T15:00,26.4,44,20.8
2023-03-04T16:00,25.6,50,19.2
2023-03-04T17:00,24.7,57,16.7
2023-03-04T18:00,23.6,70,14.6
2023-03-04T19:00,23.0,77,11.1
2023-03-04T20:00,22.4,80,8.2
2023-03-04T21:00,21.1,88,5.4
2023-03-04T22:00,21.6,86,3.1
2023-03-04T23:00,21.2,88,1.0
2023-03-05T00:00,20.0,92,3.8
2023-03-05T01:00,18.4,97,7.6
2023-03-05T02:00,17.8,100,8.4
2023-03-05T03:00,17.1,100,7.4
2023-03-05T04:00,16.9,100,6.0
2023-03-05T05:00,16.1,97,6.4
2023-03-05T06:00,16.5,100,7.1
2023-03-05T07:00,17.5,99,10.5
2023-03-05T08:00,18.1,98,10.5
2023-03-05T09:00,19.9,83,8.4
2023-03-05T10:00,23.5,61,3.1
2023-03-05T11:00,25.9,50,3.1
2023-03-05T12:00,27.6,43,11.2
2023-03-05T13:00,27.8,42,17.1
2023-03-05T14:00,28.0,37,17.8
2023-03-05T15:00,27.8,35,16.5
2023-03-05T16:00,26.2,47,17.6
2023-03-05T17:00,24.8,59,17.7
2023-03-05T18:00,23.5,69,14.7
2023-03-05T19:00,22.9,74,10.2
2023-03-05T20:00,22.1,76,5.9
2023-03-05T21:00,21.0,80,6.0
2023-03-05T22:00,20.4,82,8.6
2023-03-05T23:00,19.4,85,9.7
2023-03-06T00:00,18.3,91,8.8
2023-03-06T01:00,17.7,92,9.0
2023-03-06T02:00,17.2,90,9.2
2023-03-06T03:00,16.7,90,9.4
2023-03-06T04:00,16.8,88,9.4
2023-03-06T05:00,16.4,87,9.2
2023-03-06T06:00,16.3,84,9.9
2023-03-06T07:00,16.4,79,10.2
2023-03-06T08:00,18.9,62,9.3
2023-03-06T09:00,23.0,45,8.1
2023-03-06T10:00,25.8,34,6.3
2023-03-06T11:00,27.8,27,2.3
2023-03-06T12:00,29.4,23,7.8
2023-03-06T13:00,30.1,21,14.0
2023-03-06T14:00,30.0,21,16.9
2023-03-06T15:00,29.2,23,16.8
2023-03-06T16:00,27.6,32,16.3
2023-03-06T17:00,26.4,40,15.0
2023-03-06T18:00,24.9,52,12.2
2023-03-06T19:00,23.3,66,7.2
2023-03-06T20:00,22.0,75,6.7
2023-03-06T21:00,20.9,80,7.9
2023-03-06T22:00,19.9,84,5.7
2023-03-06T23:00,18.6,89,7.2
2023-03-07T00:00,18.3,87,9.8
2023-03-07T01:00,17.4,85,10.1
2023-03-07T02:00,16.4,81,10.0
2023-03-07T03:00,15.6,75,10.7
2023-03-07T04:00,15.6,71,10.6
2023-03-07T05:00,15.3,67,9.9
2023-03-07T06:00,14.9,65,10.0
2023-03-07T07:00,15.1,60,11.1
2023-03-07T08:00,17.6,49,8.7
2023-03-07T09:00,22.5,34,7.8
2023-03-07T10:00,26.0,26,6.9
2023-03-07T11:00,28.3,21,4.5
2023-03-07T12:00,29.8,18,6.5
2023-03-07T13:00,30.8,18,10.0
2023-03-07T14:00,31.1,19,13.0
2023-03-07T15:00,30.6,20,18.7
2023-03-07T16:00,28.6,31,17.8
2023-03-07T17:00,27.0,43,14.6
2023-03-07T18:00,25.0,58,12.5
2023-03-07T19:00,23.3,75,9.1
2023-03-07T20:00,22.0,85,5.1
2023-03-07T21:00,21.3,88,7.9
2023-03-07T22:00,20.5,91,9.1
2023-03-07T23:00,19.1,92,6.7
2023-03-08T00:00,18.3,91,6.8
2023-03-08T01:00,17.5,90,8.0
2023-03-08T02:00,17.1,86,9.7
2023-03-08T03:00,16.4,84,8.9
2023-03-08T04:00,15.6,90,9.3
2023-03-08T05:00,15.5,88,9.9
2023-03-08T06:00,14.9,89,8.5
2023-03-08T07:00,15.4,86,10.0
2023-03-08T08:00,18.4,69,8.4
2023-03-08T09:00,22.6,50,4.9
2023-03-08T10:00,26.5,38,3.0
2023-03-08T11:00,29.3,30,0.4
2023-03-08T12:00,31.4,23,2.9
2023-03-08T13:00,33.0,17,6.8
2023-03-08T14:00,33.1,20,13.0
2023-03-08T15:00,31.9,25,20.5
2023-03-08T16:00,29.0,40,19.0
2023-03-08T17:00,28.0,39,15.9
2023-03-08T18:00,26.6,43,11.5
2023-03-08T19:00,25.0,60,7.9
2023-03-08T20:00,24.0,70,7.6
2023-03-08T21:00,23.3,71,8.9
2023-03-08T22:00,23.1,62,10.1
2023-03-08T23:00,22.7,53,12.7
2023-03-09T00:00,22.4,61,15.0
2023-03-09T01:00,21.8,67,14.2
2023-03-09T02:00,21.0,73,14.3
2023-03-09T03:00,20.3,75,13.7
2023-03-09T04:00,19.7,70,12.3
2023-03-09T05:00,20.4,56,12.3
2023-03-09T06:00,20.8,42,11.5
2023-03-09T07:00,20.5,35,12.2
2023-03-09T08:00,23.3,32,18.7
2023-03-09T09:00,27.1,33,19.7
2023-03-09T10:00,30.2,28,24.7
2023-03-09T11:00,33.0,21,27.4
2023-03-09T12:00,34.4,16,23.4
2023-03-09T13:00,35.4,14,20.8
2023-03-09T14:00,36.1,13,15.8
2023-03-09T15:00,33.2,28,16.3
2023-03-09T16:00,30.7,36,23.8
2023-03-09T17:00,29.3,42,15.2
2023-03-09T18:00,27.9,45,19.4
2023-03-09T19:00,27.4,44,12.6
2023-03-09T20:00,27.2,38,15.2
2023-03-09T21:00,26.8,37,14.1
2023-03-09T22:00,26.5,48,13.7
2023-03-09T23:00,25.7,55,13.5
2023-03-10T00:00,25.0,53,14.4
2023-03-10T01:00,24.3,55,15.9
2023-03-10T02:00,23.6,62,15.0
2023-03-10T03:00,23.0,64,14.8
2023-03-10T04:00,23.2,63,17.6
2023-03-10T05:00,24.0,40,18.2
2023-03-10T06:00,24.6,21,21.5
2023-03-10T07:00,24.4,21,22.6
2023-03-10T08:00,25.4,20,24.7
2023-03-10T09:00,27.1,19,26.1
2023-03-10T10:00,29.1,16,26.1
2023-03-10T11:00,31.4,14,25.3
2023-03-10T12:00,32.9,15,22.9
2023-03-10T13:00,33.8,16,18.9
2023-03-10T14:00,34.4,17,13.7
2023-03-10T15:00,34.0,20,9.7
2023-03-10T16:00,32.1,30,14.0
2023-03-10T17:00,31.1,34,18.1
2023-03-10T18:00,28.3,39,23.7
2023-03-10T19:00,28.4,33,14.6
2023-03-10T20:00,27.6,40,13.8
2023-03-10T21:00,27.2,44,11.8
2023-03-10T22:00,26.9,43,9.0
2023-03-10T23:00,25.5,47,6.8
2023-03-11T00:00,24.9,53,8.0
2023-03-11T01:00,24.4,58,9.8
2023-03-11T02:00,23.6,62,9.7
2023-03-11T03:00,22.4,64,8.6
2023-03-11T04:00,23.1,54,3.7
2023-03-11T05:00,22.0,52,8.4
2023-03-11T06:00,21.1,52,7.3
2023-03-11T07:00,21.3,49,9.4
2023-03-11T08:00,23.4,40,6.8
2023-03-11T09:00,27.1,33,5.4
2023-03-11T10:00,30.0,28,7.0
2023-03-11T11:00,29.9,34,15.3
2023-03-11T12:00,30.2,36,17.6
2023-03-11T13:00,30.0,36,20.9
2023-03-11T14:00,30.1,35,20.4
2023-03-11T15:00,30.5,31,19.3
2023-03-11T16:00,30.6,29,17.7
2023-03-11T17:00,30.0,30,13.7
2023-03-11T18:00,28.4,37,11.8
2023-03-11T19:00,26.3,53,8.9
2023-03-11T20:00,25.4,56,6.6
2023-03-11T21:00,24.4,60,5.3
2023-03-11T22:00,23.8,58,5.4
2023-03-11T23:00,23.6,53,5.0
2023-03-12T00:00,24.5,45,3.3
2023-03-12T01:00,22.2,51,5.6
2023-03-12T02:00,21.2,56,9.7
2023-03-12T03:00,20.6,65,10.2
2023-03-12T04:00,20.0,87,8.8
2023-03-12T05:00,20.1,85,9.6
2023-03-12T06:00,19.6,79,10.9
2023-03-12T07:00,19.5,68,10.7
2023-03-12T08:00,22.4,49,9.9
2023-03-12T09:00,26.7,33,9.1
2023-03-12T10:00,30.3,23,11.2
2023-03-12T11:00,32.7,19,11.1
2023-03-12T12:00,34.1,18,11.9
2023-03-12T13:00,34.9,17,14.0
2023-03-12T14:00,35.3,16,17.2
2023-03-12T15:00,35.2,16,19.6
2023-03-12T16:00,34.0,18,20.9
2023-03-12T17:00,33.0,22,18.5
2023-03-12T18:00,30.9,29,15.5
2023-03-12T19:00,28.5,38,15.5
2023-03-12T20:00,27.3,41,13.9
2023-03-12T21:00,26.7,36,12.7
2023-03-12T22:00,26.1,32,12.8
2023-03-12T23:00,25.3,34,14.1
2023-03-13T00:00,24.4,47,11.0
2023-03-13T01:00,23.6,52,10.4
2023-03-13T02:00,22.6,54,8.8
2023-03-13T03:00,21.9,53,7.9
2023-03-13T04:00,21.6,53,9.8
2023-03-13T05:00,21.1,55,8.4
2023-03-13T06:00,21.0,51,9.7
2023-03-13T07:00,21.9,43,12.2
2023-03-13T08:00,25.0,31,14.3
2023-03-13T09:00,28.3,25,14.3
2023-03-13T10:00,30.4,26,16.7
2023-03-13T11:00,32.0,24,18.8
2023-03-13T12:00,33.5,21,21.0
2023-03-13T13:00,34.4,18,20.5
2023-03-13T14:00,35.1,16,20.3
2023-03-13T15:00,35.2,16,15.4
2023-03-13T16:00,32.2,26,31.2
2023-03-13T17:00,28.3,41,29.6
2023-03-13T18:00,26.7,57,26.7
2023-03-13T19:00,25.7,71,31.1
2023-03-13T20:00,25.0,69,29.3
2023-03-13T21:00,24.3,72,23.2
2023-03-13T22:00,24.0,75,19.9
2023-03-13T23:00,23.7,75,15.3
2023-03-14T00:00,23.6,77,8.0
2023-03-14T01:00,23.4,77,9.7
2023-03-14T02:00,23.2,76,9.8
2023-03-14T03:00,22.9,78,2.2
2023-03-14T04:00,22.7,76,5.4
2023-03-14T05:00,23.2,73,2.0
2023-03-14T06:00,22.5,76,6.2
2023-03-14T07:00,22.2,78,5.9
2023-03-14T08:00,23.7,69,7.2
2023-03-14T09:00,26.3,51,14.9
2023-03-14T10:00,28.7,37,13.6
2023-03-14T11:00,30.3,30,10.6
2023-03-14T12:00,31.4,27,7.6
2023-03-14T13:00,31.4,32,20.2
2023-03-14T14:00,30.2,36,25.0
2023-03-14T15:00,29.7,38,22.1
2023-03-14T16:00,29.5,35,18.6
2023-03-14T17:00,28.0,42,17.9
2023-03-14T18:00,26.4,52,14.3
2023-03-14T19:00,25.2,62,10.7
2023-03-14T20:00,24.5,70,10.0
2023-03-14T21:00,23.8,78,9.9
2023-03-14T22:00,23.2,81,8.6
2023-03-14T23:00,22.6,86,8.7
2023-03-15T00:00,22.1,88,10.7
2023-03-15T01:00,21.5,92,9.4
2023-03-15T02:00,20.9,94,8.6
2023-03-15T03:00,20.3,94,8.1
2023-03-15T04:00,19.6,96,5.8
2023-03-15T05:00,19.5,96,5.8
2023-03-15T06:00,19.4,96,7.2
2023-03-15T07:00,19.6,95,7.6
2023-03-15T08:00,21.9,82,5.1
2023-03-15T09:00,24.7,63,5.1
2023-03-15T10:00,27.2,46,2.3
2023-03-15T11:00,29.2,36,4.0
2023-03-15T12:00,30.7,31,6.8
2023-03-15T13:00,31.5,30,11.3
2023-03-15T14:00,31.6,29,15.9
2023-03-15T15:00,31.3,29,17.0
2023-03-15T16:00,30.1,36,18.2
2023-03-15T17:00,28.7,44,14.8
2023-03-15T18:00,27.3,52,11.5
2023-03-15T19:00,25.9,60,7.0
2023-03-15T20:00,25.1,65,3.3
2023-03-15T21:00,24.1,73,3.3
2023-03-15T22:00,23.2,77,5.4
2023-03-15T23:00,23.3,75,1.5
2023-03-16T00:00,23.0,75,2.2
2023-03-16T01:00,22.1,76,3.8
2023-03-16T02:00,20.4,81,6.9
2023-03-16T03:00,20.4,79,11.3
2023-03-16T04:00,20.1,87,8.0
2023-03-16T05:00,20.4,82,9.6
2023-03-16T06:00,19.9,80,9.7
2023-03-16T07:00,20.0,73,10.7
2023-03-16T08:00,23.1,55,10.0
2023-03-16T09:00,26.9,39,8.6
2023-03-16T10:00,29.5,28,3.0
2023-03-16T11:00,31.3,24,5.4
2023-03-16T12:00,31.7,25,18.7
2023-03-16T13:00,31.3,26,19.0
2023-03-16T14:00,31.4,27,20.0
2023-03-16T15:00,30.2,34,23.9
2023-03-16T16:00,28.4,46,22.6
2023-03-16T17:00,27.9,48,16.4
2023-03-16T18:00,26.5,55,14.8
2023-03-16T19:00,25.6,60,13.4
2023-03-16T20:00,24.9,67,12.2
2023-03-16T21:00,24.5,70,12.7
2023-03-16T22:00,23.9,74,13.1
2023-03-16T23:00,23.5,76,13.6
2023-03-17T00:00,23.3,74,13.2
2023-03-17T01:00,23.0,73,13.6
2023-03-17T02:00,22.8,74,14.3
2023-03-17T03:00,22.2,81,13.7
2023-03-17T04:00,21.4,90,9.7
2023-03-17T05:00,21.3,89,10.6
2023-03-17T06:00,21.0,83,11.9
2023-03-17T07:00,21.4,77,12.4
2023-03-17T08:00,23.8,67,10.6
2023-03-17T09:00,25.3,63,16.2
2023-03-17T10:00,26.4,50,18.5
2023-03-17T11:00,27.0,46,19.8
2023-03-17T12:00,27.4,44,21.5
2023-03-17T13:00,27.4,41,23.8
2023-03-17T14:00,26.9,47,24.3
2023-03-17T15:00,26.6,45,25.5
2023-03-17T16:00,26.5,46,25.6
2023-03-17T17:00,25.5,49,26.7
2023-03-17T18:00,24.0,61,27.4
2023-03-17T19:00,23.2,63,26.2
2023-03-17T20:00,22.5,70,23.5
2023-03-17T21:00,22.3,69,20.0
2023-03-17T22:00,21.7,70,17.9
2023-03-17T23:00,21.2,72,16.0
2023-03-18T00:00,20.7,75,15.3
2023-03-18T01:00,20.3,79,15.9
2023-03-18T02:00,19.8,84,15.0
2023-03-18T03:00,19.4,85,14.2
2023-03-18T04:00,18.8,90,12.0
2023-03-18T05:00,18.5,91,12.9
2023-03-18T06:00,18.2,92,14.3
2023-03-18T07:00,18.2,92,15.0
2023-03-18T08:00,20.1,83,13.2
2023-03-18T09:00,22.7,72,15.9
2023-03-18T10:00,24.5,64,18.5
2023-03-18T11:00,25.6,56,19.8
2023-03-18T12:00,26.3,50,20.8
2023-03-18T13:00,26.6,48,22.6
2023-03-18T14:00,26.2,51,23.7
2023-03-18T15:00,26.0,53,23.0
2023-03-18T16:00,25.3,58,19.9
2023-03-18T17:00,24.4,62,18.0
2023-03-18T18:00,23.2,67,16.2
2023-03-18T19:00,22.3,74,13.0
2023-03-18T20:00,21.8,78,9.7
2023-03-18T21:00,21.1,81,8.6
2023-03-18T22:00,20.3,84,8.7
2023-03-18T23:00,19.4,87,8.5
2023-03-19T00:00,18.7,90,9.0
2023-03-19T01:00,18.2,92,10.7
2023-03-19T02:00,17.7,94,11.3
2023-03-19T03:00,17.1,95,11.5
2023-03-19T04:00,16.9,96,9.5
2023-03-19T05:00,16.7,97,9.4
2023-03-19T06:00,16.4,96,11.5
2023-03-19T07:00,16.7,94,13.3
2023-03-19T08:00,18.9,82,12.2
2023-03-19T09:00,21.5,71,15.9
2023-03-19T10:00,24.0,60,15.5
2023-03-19T11:00,26.1,49,16.9
2023-03-19T12:00,28.0,38,16.4
2023-03-19T13:00,28.8,35,20.5
2023-03-19T14:00,28.3,33,24.3
2023-03-19T15:00,27.2,36,27.2
2023-03-19T16:00,26.8,45,21.1
2023-03-19T17:00,26.8,34,19.9
2023-03-19T18:00,25.2,49,19.1
2023-03-19T19:00,23.5,66,12.2
2023-03-19T20:00,23.2,67,7.8
2023-03-19T21:00,22.4,71,2.3
2023-03-19T22:00,22.0,72,1.8
2023-03-19T23:00,21.4,75,3.1
2023-03-20T00:00,19.8,82,7.6
2023-03-20T01:00,19.2,83,8.6
2023-03-20T02:00,18.5,83,9.7
2023-03-20T03:00,17.9,83,9.9
2023-03-20T04:00,17.7,82,9.7
2023-03-20T05:00,17.1,83,9.1
2023-03-20T06:00,16.8,79,10.5
2023-03-20T07:00,17.1,72,12.6
2023-03-20T08:00,20.6,58,13.4
2023-03-20T09:00,24.2,48,13.7
2023-03-20T10:00,27.4,31,13.9
2023-03-20T11:00,29.7,25,15.2
2023-03-20T12:00,30.8,23,19.1
2023-03-20T13:00,31.1,23,20.9
2023-03-20T14:00,30.9,23,21.7
2023-03-20T15:00,30.3,24,21.3
2023-03-20T16:00,29.6,22,18.8
2023-03-20T17:00,28.4,24,16.2
2023-03-20T18:00,26.6,32,13.0
2023-03-20T19:00,25.2,43,7.0
2023-03-20T20:00,24.2,52,2.8
2023-03-20T21:00,23.1,54,5.7
2023-03-20T22:00,22.9,46,9.4
2023-03-20T23:00,22.1,43,10.0
2023-03-21T00:00,21.6,40,10.4
2023-03-21T01:00,20.9,40,11.5
2023-03-21T02:00,20.5,40,12.6
2023-03-21T03:00,20.1,41,13.5
2023-03-21T04:00,21.0,40,14.0
2023-03-21T05:00,21.4,38,15.0
2023-03-21T06:00,21.0,38,15.2
2023-03-21T07:00,21.1,37,14.7
2023-03-21T08:00,24.0,32,11.1
2023-03-21T09:00,27.4,27,12.0
2023-03-21T10:00,31.2,21,17.1
2023-03-21T11:00,32.7,18,20.4
2023-03-21T12:00,33.9,18,18.8
2023-03-21T13:00,32.2,22,23.4
2023-03-21T14:00,33.6,20,16.1
2023-03-21T15:00,33.9,20,23.8
2023-03-21T16:00,31.2,31,14.9
2023-03-21T17:00,29.9,37,18.3
2023-03-21T18:00,28.7,42,15.6
2023-03-21T19:00,26.7,52,13.3
2023-03-21T20:00,25.1,67,13.7
2023-03-21T21:00,24.0,74,11.2
2023-03-21T22:00,23.0,82,13.2
2023-03-21T23:00,22.8,84,21.8
2023-03-22T00:00,22.6,82,19.6
2023-03-22T01:00,22.0,84,16.1
2023-03-22T02:00,21.4,91,23.2
2023-03-22T03:00,21.4,69,27.2
2023-03-22T04:00,21.6,56,25.0
2023-03-22T05:00,21.5,53,25.5
2023-03-22T06:00,21.4,46,22.9
2023-03-22T07:00,21.3,45,18.7
2023-03-22T08:00,23.0,38,16.6
2023-03-22T09:00,24.1,35,23.1
2023-03-22T10:00,24.9,33,24.7
2023-03-22T11:00,25.5,32,25.2
2023-03-22T12:00,26.0,32,27.3
2023-03-22T13:00,26.1,33,29.8
2023-03-22T14:00,25.9,36,30.2
2023-03-22T15:00,25.6,38,30.3
2023-03-22T16:00,24.8,41,27.7
2023-03-22T17:00,24.0,45,28.4
2023-03-22T18:00,23.0,50,27.5
2023-03-22T19:00,22.3,55,24.6
2023-03-22T20:00,21.9,55,23.9
2023-03-22T21:00,21.6,55,22.3
2023-03-22T22:00,21.3,54,22.1
2023-03-22T23:00,21.1,53,20.6
2023-03-23T00:00,20.8,54,19.9
2023-03-23T01:00,20.8,53,20.3
2023-03-23T02:00,20.7,49,19.1
2023-03-23T03:00,20.4,50,19.0
2023-03-23T04:00,20.4,50,20.9
2023-03-23T05:00,20.3,53,20.0
2023-03-23T06:00,20.0,55,20.3
2023-03-23T07:00,20.4,52,20.6
2023-03-23T08:00,22.4,42,28.3
2023-03-23T09:00,23.4,38,34.5
2023-03-23T10:00,24.2,35,36.4
2023-03-23T11:00,24.7,34,36.4
2023-03-23T12:00,24.9,35,36.9
2023-03-23T13:00,24.9,37,37.3
2023-03-23T14:00,24.5,40,37.0
2023-03-23T15:00,24.4,40,36.2
2023-03-23T16:00,23.9,40,30.9
2023-03-23T17:00,23.1,44,30.2
2023-03-23T18:00,22.1,50,30.0
2023-03-23T19:00,21.5,55,26.4
2023-03-23T20:00,21.4,57,24.8
2023-03-23T21:00,21.2,58,25.3
2023-03-23T22:00,20.9,62,23.6
2023-03-23T23:00,20.6,66,20.0
2023-03-24T00:00,20.4,67,15.9
2023-03-24T01:00,20.1,68,13.4
2023-03-24T02:00,19.9,69,12.2
2023-03-24T03:00,19.6,70,11.2
2023-03-24T04:00,19.5,71,9.7
2023-03-24T05:00,19.2,73,10.8
2023-03-24T06:00,18.0,81,7.6
2023-03-24T07:00,18.8,78,8.1
2023-03-24T08:00,20.9,69,7.1
2023-03-24T09:00,22.6,61,7.4
2023-03-24T10:00,23.8,54,10.1
2023-03-24T11:00,24.8,51,13.3
2023-03-24T12:00,25.4,48,15.2
2023-03-24T13:00,25.7,48,17.2
2023-03-24T14:00,25.5,49,18.9
2023-03-24T15:00,25.3,51,17.6
2023-03-24T16:00,24.9,51,19.0
2023-03-24T17:00,24.1,54,21.5
2023-03-24T18:00,23.1,59,22.7
2023-03-24T19:00,22.3,65,20.1
2023-03-24T20:00,22.0,67,16.7
2023-03-24T21:00,21.5,70,13.3
2023-03-24T22:00,20.6,74,8.4
2023-03-24T23:00,20.0,78,7.3
2023-03-25T00:00,19.5,80,6.8
2023-03-25T01:00,18.7,83,8.2
2023-03-25T02:00,18.0,87,9.7
2023-03-25T03:00,17.4,90,10.5
2023-03-25T04:00,16.8,91,10.4
2023-03-25T05:00,17.0,90,10.4
2023-03-25T06:00,16.6,92,11.2
2023-03-25T07:00,16.8,91,10.8
2023-03-25T08:00,19.3,78,9.7
2023-03-25T09:00,22.0,66,9.1
2023-03-25T10:00,23.5,58,5.9
2023-03-25T11:00,24.8,51,6.9
2023-03-25T12:00,25.8,46,9.1
2023-03-25T13:00,26.2,48,13.8
2023-03-25T14:00,26.0,50,17.6
2023-03-25T15:00,25.7,50,17.9
2023-03-25T16:00,25.2,55,18.6
2023-03-25T17:00,24.3,59,17.9
2023-03-25T18:00,23.4,64,15.8
2023-03-25T19:00,22.6,69,12.5
2023-03-25T20:00,22.2,73,7.6
2023-03-25T21:00,21.4,77,5.5
2023-03-25T22:00,21.3,78,2.7
2023-03-25T23:00,21.2,79,1.8
2023-03-26T00:00,20.7,81,1.5
2023-03-26T01:00,19.9,85,3.3
2023-03-26T02:00,18.7,90,4.4
2023-03-26T03:00,17.6,94,5.8
2023-03-26T04:00,17.5,93,7.9
2023-03-26T05:00,17.3,94,5.4
2023-03-26T06:00,17.8,92,4.1
2023-03-26T07:00,17.4,95,6.4
2023-03-26T08:00,19.8,79,7.4
2023-03-26T09:00,23.0,59,9.6
2023-03-26T10:00,26.1,49,11.6
2023-03-26T11:00,28.6,43,10.8
2023-03-26T12:00,30.6,33,9.0
2023-03-26T13:00,31.7,27,1.8
2023-03-26T14:00,31.8,28,9.2
2023-03-26T15:00,30.6,40,19.2
2023-03-26T16:00,29.6,38,21.1
2023-03-26T17:00,28.4,41,20.1
2023-03-26T18:00,27.0,43,19.7
2023-03-26T19:00,25.6,51,14.9
2023-03-26T20:00,25.1,55,13.1
2023-03-26T21:00,24.8,51,12.9
2023-03-26T22:00,24.7,55,11.9
2023-03-26T23:00,23.6,70,13.9
2023-03-27T00:00,23.4,73,15.3
2023-03-27T01:00,23.0,75,15.1
2023-03-27T02:00,22.7,76,13.7
2023-03-27T03:00,21.7,81,13.0
2023-03-27T04:00,22.6,76,10.2
2023-03-27T05:00,22.9,73,14.7
2023-03-27T06:00,22.8,73,7.9
2023-03-27T07:00,23.2,71,12.6
2023-03-27T08:00,24.2,65,18.3
2023-03-27T09:00,25.0,61,21.0
2023-03-27T10:00,26.4,46,28.7
2023-03-27T11:00,27.8,44,32.2
2023-03-27T12:00,28.5,42,34.5
2023-03-27T13:00,30.6,38,40.0
2023-03-27T14:00,30.7,39,31.4
2023-03-27T15:00,30.5,45,27.9
2023-03-27T16:00,31.0,41,10.8
2023-03-27T17:00,30.4,43,9.0
2023-03-27T18:00,29.1,49,7.2
2023-03-27T19:00,27.3,55,15.2
2023-03-27T20:00,26.4,56,10.8
2023-03-27T21:00,26.1,55,8.4
2023-03-27T22:00,25.7,55,8.8
2023-03-27T23:00,25.0,56,11.6
2023-03-28T00:00,24.0,62,16.4
2023-03-28T01:00,23.1,67,14.3
2023-03-28T02:00,22.6,69,13.4
2023-03-28T03:00,22.3,69,10.5
2023-03-28T04:00,22.2,75,6.3
2023-03-28T05:00,22.7,77,12.3
2023-03-28T06:00,22.2,81,3.9
2023-03-28T07:00,22.0,80,6.6
2023-03-28T08:00,23.5,71,4.8
2023-03-28T09:00,25.1,61,4.1
2023-03-28T10:00,27.0,48,12.5
2023-03-28T11:00,28.3,37,17.3
2023-03-28T12:00,29.2,31,20.5
2023-03-28T13:00,29.0,30,27.7
2023-03-28T14:00,28.8,27,27.9
2023-03-28T15:00,28.2,30,27.6
2023-03-28T16:00,26.6,35,24.2
2023-03-28T17:00,25.4,42,25.2
2023-03-28T18:00,24.3,45,24.1
2023-03-28T19:00,23.0,53,24.9
2023-03-28T20:00,22.5,60,23.8
2023-03-28T21:00,22.2,62,25.2
2023-03-28T22:00,22.0,61,26.7
2023-03-28T23:00,21.8,61,28.1
2023-03-29T00:00,21.5,65,26.0
2023-03-29T01:00,21.5,62,26.4
2023-03-29T02:00,21.4,59,27.2
2023-03-29T03:00,21.3,54,28.7
2023-03-29T04:00,21.3,48,24.1
2023-03-29T05:00,21.0,63,22.1
2023-03-29T06:00,20.8,73,20.2
2023-03-29T07:00,21.2,71,18.7
2023-03-29T08:00,23.1,61,20.6
2023-03-29T09:00,24.2,56,24.4
2023-03-29T10:00,24.9,56,24.4
2023-03-29T11:00,25.4,53,25.2
2023-03-29T12:00,25.8,52,26.1
2023-03-29T13:00,26.0,53,27.4
2023-03-29T14:00,25.8,53,28.7
2023-03-29T15:00,25.6,54,28.8
2023-03-29T16:00,25.2,54,26.7
2023-03-29T17:00,24.4,60,26.7
2023-03-29T18:00,23.4,67,25.5
2023-03-29T19:00,22.5,72,21.3
2023-03-29T20:00,22.1,74,18.4
2023-03-29T21:00,21.5,80,15.1
2023-03-29T22:00,20.9,85,12.2
2023-03-29T23:00,20.2,88,9.8
2023-03-30T00:00,19.5,90,10.5
2023-03-30T01:00,18.9,92,10.5
2023-03-30T02:00,18.4,93,10.5
2023-03-30T03:00,18.1,93,10.6
2023-03-30T04:00,17.7,94,11.3
2023-03-30T05:00,17.6,95,12.7
2023-03-30T06:00,17.2,97,13.3
2023-03-30T07:00,17.5,94,13.7
2023-03-30T08:00,19.4,84,13.7
2023-03-30T09:00,21.8,74,15.6
2023-03-30T10:00,23.4,65,14.8
2023-03-30T11:00,24.8,56,14.6
2023-03-30T12:00,26.0,50,14.6
2023-03-30T13:00,26.8,47,17.7
2023-03-30T14:00,26.8,46,18.7
2023-03-30T15:00,26.7,46,18.1
2023-03-30T16:00,25.7,51,17.1
2023-03-30T17:00,24.7,57,17.9
2023-03-30T18:00,23.5,69,18.1
2023-03-30T19:00,22.6,76,16.6
2023-03-30T20:00,22.1,79,14.0
2023-03-30T21:00,21.6,83,12.6
2023-03-30T22:00,21.1,85,10.2
2023-03-30T23:00,20.3,89,7.4
2023-03-31T00:00,19.3,93,5.6
2023-03-31T01:00,18.6,94,6.3
2023-03-31T02:00,18.2,94,9.6
2023-03-31T03:00,17.0,97,10.9
2023-03-31T04:00,17.2,98,8.4
2023-03-31T05:00,17.1,97,8.8
2023-03-31T06:00,16.8,97,9.6
2023-03-31T07:00,17.0,96,10.8
2023-03-31T08:00,18.8,88,11.2
2023-03-31T09:00,21.1,76,14.1
2023-03-31T10:00,23.0,65,9.4
2023-03-31T11:00,25.0,54,7.4
2023-03-31T12:00,26.9,43,7.0
2023-03-31T13:00,28.3,36,9.4
2023-03-31T14:00,27.5,47,19.9
2023-03-31T15:00,26.6,43,22.8
2023-03-31T16:00,27.6,42,16.9
2023-03-31T17:00,25.7,58,22.3
2023-03-31T18:00,24.1,67,18.3
2023-03-31T19:00,23.6,70,8.9
2023-03-31T20:00,23.6,72,8.2
2023-03-31T21:00,22.9,77,3.6
2023-03-31T22:00,21.9,82,5.0
2023-03-31T23:00,22.4,77,7.3
2023-04-01T00:00,20.7,86,5.5
2023-04-01T01:00,21.2,81,3.1
2023-04-01T02:00,20.7,84,2.8
2023-04-01T03:00,20.2,87,2.2
2023-04-01T04:00,18.3,95,4.8
2023-04-01T05:00,17.7,96,7.1
2023-04-01T06:00,18.0,94,4.0
2023-04-01T07:00,18.3,92,6.6
2023-04-01T08:00,21.5,75,5.6
2023-04-01T09:00,24.5,59,5.4
2023-04-01T10:00,27.4,39,4.5
2023-04-01T11:00,29.5,25,12.5
2023-04-01T12:00,29.6,24,17.2
2023-04-01T13:00,29.0,32,21.6
2023-04-01T14:00,28.5,41,21.9
2023-04-01T15:00,27.9,48,23.0
2023-04-01T16:00,26.8,54,22.3
2023-04-01T17:00,25.5,64,22.5
2023-04-01T18:00,24.0,74,22.1
2023-04-01T19:00,23.2,80,17.7
2023-04-01T20:00,22.6,84,16.0
2023-04-01T21:00,22.4,83,13.0
2023-04-01T22:00,21.9,84,11.2
2023-04-01T23:00,21.3,88,10.8
2023-04-02T00:00,20.9,88,10.0
2023-04-02T01:00,20.6,86,11.5
2023-04-02T02:00,20.3,86,12.3
2023-04-02T03:00,20.1,83,15.6
2023-04-02T04:00,20.4,81,17.3
2023-04-02T05:00,21.4,74,16.2
2023-04-02T06:00,21.5,72,15.9
2023-04-02T07:00,21.7,67,18.7
2023-04-02T08:00,22.6,61,23.9
2023-04-02T09:00,23.5,55,27.6
2023-04-02T10:00,24.2,47,27.5
2023-04-02T11:00,23.3,51,27.3
2023-04-02T12:00,23.9,49,27.5
2023-04-02T13:00,24.6,44,28.7
2023-04-02T14:00,24.7,46,28.5
2023-04-02T15:00,24.3,43,30.7
2023-04-02T16:00,23.3,47,25.4
2023-04-02T17:00,23.2,48,25.9
2023-04-02T18:00,22.2,57,25.4
2023-04-02T19:00,21.3,61,25.2
2023-04-02T20:00,20.9,65,23.7
2023-04-02T21:00,20.6,67,22.3
2023-04-02T22:00,20.3,68,22.5
2023-04-02T23:00,20.0,71,23.1
2023-04-03T00:00,19.9,70,22.3
2023-04-03T01:00,19.7,73,22.4
2023-04-03T02:00,19.4,74,22.7
2023-04-03T03:00,19.2,75,22.7
2023-04-03T04:00,19.0,73,20.2
2023-04-03T05:00,19.3,74,21.6
2023-04-03T06:00,19.3,72,22.7
2023-04-03T07:00,19.9,69,22.3
2023-04-03T08:00,21.5,60,27.4
2023-04-03T09:00,22.4,56,29.7
2023-04-03T10:00,23.3,52,31.5
2023-04-03T11:00,24.0,52,33.0
2023-04-03T12:00,24.5,48,34.2
2023-04-03T13:00,24.6,48,34.1
2023-04-03T14:00,24.7,48,33.8
2023-04-03T15:00,24.5,47,32.8
2023-04-03T16:00,23.7,47,28.8
2023-04-03T17:00,23.0,51,26.6
2023-04-03T18:00,22.0,61,24.9
2023-04-03T19:00,21.4,66,20.5
2023-04-03T20:00,21.1,67,18.9
2023-04-03T21:00,20.7,68,17.4
2023-04-03T22:00,20.3,72,17.2
2023-04-03T23:00,19.9,75,16.6
2023-04-04T00:00,19.3,77,15.7
2023-04-04T01:00,18.9,79,15.5
2023-04-04T02:00,18.5,81,14.0
2023-04-04T03:00,17.9,83,13.6
2023-04-04T04:00,17.4,84,13.7
2023-04-04T05:00,17.3,84,13.9
2023-04-04T06:00,17.3,85,14.0
2023-04-04T07:00,18.6,81,13.7
2023-04-04T08:00,21.1,70,13.3
2023-04-04T09:00,23.5,58,20.0
2023-04-04T10:00,24.6,53,23.5
2023-04-04T11:00,25.5,49,24.8
2023-04-04T12:00,26.0,47,26.8
2023-04-04T13:00,26.1,46,28.5
2023-04-04T14:00,26.0,47,29.0
2023-04-04T15:00,25.5,50,28.5
2023-04-04T16:00,24.8,51,25.8
2023-04-04T17:00,24.0,56,24.9
2023-04-04T18:00,23.1,61,24.6
2023-04-04T19:00,22.3,66,21.6
2023-04-04T20:00,21.8,69,19.8
2023-04-04T21:00,21.4,73,16.2
2023-04-04T22:00,20.9,75,13.8
2023-04-04T23:00,20.3,79,12.8
2023-04-05T00:00,19.5,82,11.8
2023-04-05T01:00,18.8,86,12.7
2023-04-05T02:00,18.1,89,13.7
2023-04-05T03:00,17.3,91,14.3
2023-04-05T04:00,16.8,92,13.6
2023-04-05T05:00,16.7,91,13.6
2023-04-05T06:00,16.1,93,13.0
2023-04-05T07:00,16.6,90,12.3
2023-04-05T08:00,19.1,76,11.3
2023-04-05T09:00,21.8,64,11.6
2023-04-05T10:00,23.5,56,10.0
2023-04-05T11:00,25.0,49,9.0
2023-04-05T12:00,26.4,44,9.5
2023-04-05T13:00,27.2,44,13.2
2023-04-05T14:00,27.0,48,18.4
2023-04-05T15:00,26.5,48,20.8
2023-04-05T16:00,25.5,53,20.8
2023-04-05T17:00,24.5,60,18.4
2023-04-05T18:00,23.6,67,14.7
2023-04-05T19:00,22.8,74,10.5
2023-04-05T20:00,22.2,78,8.0
2023-04-05T21:00,21.2,84,6.8
2023-04-05T22:00,20.2,89,7.1
2023-04-05T23:00,19.6,92,9.2
2023-04-06T00:00,18.8,94,9.8
2023-04-06T01:00,18.0,96,9.5
2023-04-06T02:00,17.5,97,9.9
2023-04-06T03:00,16.9,98,10.6
2023-04-06T04:00,16.8,98,10.4
2023-04-06T05:00,16.6,98,10.1
2023-04-06T06:00,16.1,98,10.5
2023-04-06T07:00,16.4,99,10.6
2023-04-06T08:00,18.7,88,9.9
2023-04-06T09:00,21.3,76,11.3
2023-04-06T10:00,23.5,65,10.2
2023-04-06T11:00,25.9,46,9.5
2023-04-06T12:00,28.0,35,6.9
2023-04-06T13:00,29.4,31,10.0
2023-04-06T14:00,28.8,42,16.9
2023-04-06T15:00,28.2,37,22.0
2023-04-06T16:00,26.6,48,22.9
2023-04-06T17:00,25.2,54,21.5
2023-04-06T18:00,23.8,69,19.7
2023-04-06T19:00,22.8,75,13.0
2023-04-06T20:00,22.4,80,7.6
2023-04-06T21:00,21.7,83,5.9
2023-04-06T22:00,20.7,89,5.2
2023-04-06T23:00,19.8,94,5.2
2023-04-07T00:00,19.3,94,4.8
2023-04-07T01:00,18.5,96,5.8
2023-04-07T02:00,17.7,98,6.6
2023-04-07T03:00,17.1,100,6.7
2023-04-07T04:00,17.2,100,8.0
2023-04-07T05:00,17.1,100,5.8
2023-04-07T06:00,16.6,99,4.6
2023-04-07T07:00,17.0,98,6.1
2023-04-07T08:00,17.8,96,5.8
2023-04-07T09:00,21.2,82,4.4
2023-04-07T10:00,25.6,61,6.3
2023-04-07T11:00,28.1,53,11.0
2023-04-07T12:00,29.1,49,17.6
2023-04-07T13:00,28.7,49,26.3
2023-04-07T14:00,28.3,50,25.3
2023-04-07T15:00,28.5,48,23.2
2023-04-07T16:00,28.3,44,21.4
2023-04-07T17:00,26.9,58,19.4
2023-04-07T18:00,25.4,66,15.6
2023-04-07T19:00,24.3,71,12.7
2023-04-07T20:00,23.8,77,8.1
2023-04-07T21:00,23.2,79,10.4
2023-04-07T22:00,22.6,84,9.7
2023-04-07T23:00,22.1,90,10.9
2023-04-08T00:00,21.6,94,10.8
2023-04-08T01:00,21.1,96,8.8
2023-04-08T02:00,20.6,96,9.0
2023-04-08T03:00,20.1,96,10.4
2023-04-08T04:00,20.2,92,11.7
2023-04-08T05:00,19.9,84,12.8
2023-04-08T06:00,19.6,81,12.6
2023-04-08T07:00,20.3,77,11.6
2023-04-08T08:00,23.1,65,9.4
2023-04-08T09:00,26.9,49,13.8
2023-04-08T10:00,29.6,34,11.8
2023-04-08T11:00,31.8,25,10.6
2023-04-08T12:00,32.8,23,14.0
2023-04-08T13:00,32.1,29,21.9
2023-04-08T14:00,31.2,30,24.6
2023-04-08T15:00,30.4,33,24.9
2023-04-08T16:00,29.6,34,21.4
2023-04-08T17:00,28.0,44,20.5
2023-04-08T18:00,25.9,65,21.3
2023-04-08T19:00,24.7,75,15.5
2023-04-08T20:00,24.3,78,9.0
2023-04-08T21:00,24.1,77,6.4
2023-04-08T22:00,23.7,78,3.5
2023-04-08T23:00,22.8,80,5.8
2023-04-09T00:00,22.4,81,4.1
2023-04-09T01:00,21.7,82,6.9
2023-04-09T02:00,21.3,83,8.0
2023-04-09T03:00,21.1,83,9.4
2023-04-09T04:00,20.8,81,7.9
2023-04-09T05:00,20.9,80,8.4
2023-04-09T06:00,20.7,83,10.9
2023-04-09T07:00,20.8,86,9.3
2023-04-09T08:00,22.9,77,8.8
2023-04-09T09:00,25.5,62,10.6
2023-04-09T10:00,28.0,47,8.9
2023-04-09T11:00,30.1,38,9.8
2023-04-09T12:00,30.4,42,16.2
2023-04-09T13:00,29.8,47,21.5
2023-04-09T14:00,30.0,40,22.2
2023-04-09T15:00,29.0,47,22.1
2023-04-09T16:00,27.9,48,20.4
2023-04-09T17:00,26.5,57,18.3
2023-04-09T18:00,25.3,66,14.5
2023-04-09T19:00,24.1,74,8.5
2023-04-09T20:00,23.6,78,4.9
2023-04-09T21:00,23.1,80,1.5
2023-04-09T22:00,22.2,85,3.1
2023-04-09T23:00,21.1,90,4.3
2023-04-10T00:00,20.3,93,8.0
2023-04-10T01:00,19.7,94,8.6
2023-04-10T02:00,18.5,97,6.6
2023-04-10T03:00,17.8,97,6.3
2023-04-10T04:00,19.2,93,3.0
2023-04-10T05:00,18.1,96,4.4
2023-04-10T06:00,17.5,96,5.8
2023-04-10T07:00,18.7,94,6.0
2023-04-10T08:00,21.7,77,4.1
2023-04-10T09:00,25.2,58,4.7
2023-04-10T10:00,28.6,38,4.4
2023-04-10T11:00,31.7,24,3.2
2023-04-10T12:00,33.6,19,5.1
2023-04-10T13:00,34.3,21,10.6
2023-04-10T14:00,33.3,27,20.4
2023-04-10T15:00,31.2,31,25.2
2023-04-10T16:00,28.8,41,24.7
2023-04-10T17:00,27.3,57,19.5
2023-04-10T18:00,26.3,56,12.9
2023-04-10T19:00,25.0,71,11.2
2023-04-10T20:00,24.5,77,9.0
2023-04-10T21:00,23.8,82,7.1
2023-04-10T22:00,22.8,86,3.6
2023-04-10T23:00,22.3,87,3.9
2023-04-11T00:00,21.2,92,5.8
2023-04-11T01:00,20.3,94,5.8
2023-04-11T02:00,19.8,93,6.3
2023-04-11T03:00,19.8,91,5.1
2023-04-11T04:00,19.4,90,8.6
2023-04-11T05:00,19.6,85,8.4
2023-04-11T06:00,19.5,80,9.4
2023-04-11T07:00,21.1,68,8.9
2023-04-11T08:00,24.5,52,8.3
2023-04-11T09:00,29.0,35,8.9
2023-04-11T10:00,33.1,20,11.2
2023-04-11T11:00,35.5,13,9.4
2023-04-11T12:00,36.7,11,4.7
2023-04-11T13:00,36.4,14,12.0
2023-04-11T14:00,33.1,28,31.9
2023-04-11T15:00,32.9,26,24.1
2023-04-11T16:00,32.7,22,24.2
2023-04-11T17:00,30.8,34,19.0
2023-04-11T18:00,28.6,37,17.6
2023-04-11T19:00,26.6,55,13.1
2023-04-11T20:00,25.6,65,11.2
2023-04-11T21:00,25.4,62,12.0
2023-04-11T22:00,25.0,63,10.2
2023-04-11T23:00,23.7,67,6.5
2023-04-12T00:00,24.0,66,2.1
2023-04-12T01:00,22.2,73,4.9
2023-04-12T02:00,22.4,68,10.6
2023-04-12T03:00,22.7,57,13.0
2023-04-12T04:00,21.1,60,8.5
2023-04-12T05:00,23.2,50,17.7
2023-04-12T06:00,23.7,59,17.6
2023-04-12T07:00,24.2,57,14.0
2023-04-12T08:00,26.5,49,11.5
2023-04-12T09:00,29.1,42,19.5
2023-04-12T10:00,31.4,36,18.4
2023-04-12T11:00,33.3,29,14.3
2023-04-12T12:00,34.9,24,10.7
2023-04-12T13:00,35.7,22,10.1
2023-04-12T14:00,34.8,30,16.3
2023-04-12T15:00,33.8,33,22.5
2023-04-12T16:00,32.4,33,21.4
2023-04-12T17:00,31.0,36,21.3
2023-04-12T18:00,28.6,45,18.2
2023-04-12T19:00,28.1,50,10.2
2023-04-12T20:00,27.5,50,13.2
2023-04-12T21:00,27.9,37,10.4
2023-04-12T22:00,27.2,38,8.1
2023-04-12T23:00,26.7,41,9.0
2023-04-13T00:00,26.2,43,10.1
2023-04-13T01:00,26.2,41,13.6
2023-04-13T02:00,25.8,42,12.1
2023-04-13T03:00,25.3,49,12.3
2023-04-13T04:00,25.1,52,9.1
2023-04-13T05:00,27.0,44,13.8
2023-04-13T06:00,27.6,44,21.2
2023-04-13T07:00,28.5,41,25.3
2023-04-13T08:00,30.6,37,20.2
2023-04-13T09:00,32.8,33,27.7
2023-04-13T10:00,34.6,30,29.5
2023-04-13T11:00,36.3,26,25.4
2023-04-13T12:00,34.9,32,33.7
2023-04-13T13:00,32.3,42,25.0
2023-04-13T14:00,32.9,35,16.4
2023-04-13T15:00,32.9,36,17.5
2023-04-13T16:00,33.4,34,14.1
2023-04-13T17:00,33.6,33,12.3
2023-04-13T18:00,33.2,33,10.2
2023-04-13T19:00,32.6,33,6.6
2023-04-13T20:00,31.2,37,5.4
2023-04-13T21:00,30.5,39,5.6
2023-04-13T22:00,29.8,40,4.7
2023-04-13T23:00,28.7,42,9.0
2023-04-14T00:00,28.1,43,9.9
2023-04-14T01:00,27.3,44,10.6
2023-04-14T02:00,25.9,48,7.2
2023-04-14T03:00,25.3,49,7.4
2023-04-14T04:00,25.1,66,10.0
2023-04-14T05:00,25.0,76,10.2
2023-04-14T06:00,24.0,86,7.0
2023-04-14T07:00,25.1,81,3.0
2023-04-14T08:00,26.7,71,4.0
2023-04-14T09:00,29.3,53,5.5
2023-04-14T10:00,27.3,70,49.8
2023-04-14T11:00,28.7,54,28.5
2023-04-14T12:00,30.2,46,21.7
2023-04-14T13:00,30.1,47,28.8
2023-04-14T14:00,30.2,45,33.1
2023-04-14T15:00,29.8,47,30.9
2023-04-14T16:00,30.2,49,22.6
2023-04-14T17:00,28.6,57,23.7
2023-04-14T18:00,27.4,64,17.6
2023-04-14T19:00,26.6,70,12.3
2023-04-14T20:00,25.9,77,17.9
2023-04-14T21:00,25.3,79,15.5
2023-04-14T22:00,25.0,78,16.0
2023-04-14T23:00,24.7,75,18.0
2023-04-15T00:00,24.4,74,19.0
2023-04-15T01:00,23.9,73,16.4
2023-04-15T02:00,23.5,73,14.2
2023-04-15T03:00,23.2,74,18.7
2023-04-15T04:00,22.4,81,11.5
2023-04-15T05:00,22.6,78,10.2
2023-04-15T06:00,22.5,77,12.8
2023-04-15T07:00,23.6,70,14.3
2023-04-15T08:00,25.7,59,16.5
2023-04-15T09:00,27.2,52,20.9
2023-04-15T10:00,28.3,41,23.2
2023-04-15T11:00,28.6,41,26.3
2023-04-15T12:00,28.8,40,30.5
2023-04-15T13:00,28.6,41,32.3
2023-04-15T14:00,28.1,44,32.0
2023-04-15T15:00,27.8,45,27.5
2023-04-15T16:00,26.8,43,26.5
2023-04-15T17:00,25.7,48,26.3
2023-04-15T18:00,24.9,53,25.5
2023-04-15T19:00,23.9,58,23.0
2023-04-15T20:00,23.6,59,21.7
2023-04-15T21:00,23.2,62,18.2
2023-04-15T22:00,22.7,65,13.1
2023-04-15T23:00,22.0,66,9.3
2023-04-16T00:00,21.6,67,10.5
2023-04-16T01:00,20.6,71,11.9
2023-04-16T02:00,20.3,75,13.0
2023-04-16T03:00,20.1,80,12.2
2023-04-16T04:00,19.4,77,14.0
2023-04-16T05:00,20.0,77,14.1
2023-04-16T06:00,19.9,81,10.9
2023-04-16T07:00,21.1,76,12.0
2023-04-16T08:00,23.6,66,16.3
2023-04-16T09:00,25.1,61,24.5
2023-04-16T10:00,26.0,56,23.5
2023-04-16T11:00,27.0,50,23.1
2023-04-16T12:00,27.6,47,23.8
2023-04-16T13:00,27.9,46,22.2
2023-04-16T14:00,28.0,45,23.2
2023-04-16T15:00,28.0,43,22.7
2023-04-16T16:00,27.3,44,29.2
2023-04-16T17:00,26.0,49,31.3
2023-04-16T18:00,25.4,45,29.5
2023-04-16T19:00,25.0,49,24.3
2023-04-16T20:00,24.6,51,22.8
2023-04-16T21:00,24.7,53,22.0
2023-04-16T22:00,24.2,55,18.9
2023-04-16T23:00,23.6,60,17.7
2023-04-17T00:00,23.0,63,14.8
2023-04-17T01:00,22.7,64,12.6
2023-04-17T02:00,22.5,66,12.3
2023-04-17T03:00,22.2,69,12.5
2023-04-17T04:00,21.6,73,11.4
2023-04-17T05:00,21.6,73,11.9
2023-04-17T06:00,21.2,76,12.7
2023-04-17T07:00,22.1,72,12.3
2023-04-17T08:00,24.0,64,13.0
2023-04-17T09:00,25.8,55,17.8
2023-04-17T10:00,27.3,43,20.5
2023-04-17T11:00,28.1,35,23.1
2023-04-17T12:00,28.4,35,26.3
2023-04-17T13:00,28.5,35,26.8
2023-04-17T14:00,28.2,36,27.0
2023-04-17T15:00,27.5,41,25.7
2023-04-17T16:00,26.9,43,24.2
2023-04-17T17:00,26.0,51,24.1
2023-04-17T18:00,25.5,51,23.2
2023-04-17T19:00,24.9,58,21.4
2023-04-17T20:00,24.7,59,18.4
2023-04-17T21:00,24.0,60,13.1
2023-04-17T22:00,23.6,62,10.9
2023-04-17T23:00,23.5,61,10.4
2023-04-18T00:00,22.6,64,10.0
2023-04-18T01:00,22.1,65,10.3
2023-04-18T02:00,21.9,63,12.5
2023-04-18T03:00,21.6,62,11.3
2023-04-18T04:00,22.1,62,8.5
2023-04-18T05:00,22.2,61,7.5
2023-04-18T06:00,21.3,62,10.1
2023-04-18T07:00,22.3,58,9.4
2023-04-18T08:00,23.9,53,10.9
2023-04-18T09:00,26.2,44,11.5
2023-04-18T10:00,28.0,34,14.3
2023-04-18T11:00,29.3,27,19.5
2023-04-18T12:00,29.1,29,22.1
2023-04-18T13:00,29.2,28,22.0
2023-04-18T14:00,29.0,28,23.5
2023-04-18T15:00,28.5,31,22.8
2023-04-18T16:00,27.1,36,23.0
2023-04-18T17:00,26.7,36,20.5
2023-04-18T18:00,25.6,43,17.6
2023-04-18T19:00,24.8,51,12.8
2023-04-18T20:00,24.2,57,10.7
2023-04-18T21:00,23.8,61,8.7
2023-04-18T22:00,22.9,65,7.9
2023-04-18T23:00,21.7,68,8.8
2023-04-19T00:00,21.1,69,6.9
2023-04-19T01:00,19.7,74,6.5
2023-04-19T02:00,19.1,75,7.3
2023-04-19T03:00,19.3,72,11.1
2023-04-19T04:00,18.4,82,8.7
2023-04-19T05:00,18.2,83,8.4
2023-04-19T06:00,17.6,84,8.2
2023-04-19T07:00,19.4,74,7.2
2023-04-19T08:00,22.3,62,5.6
2023-04-19T09:00,24.5,56,5.1
2023-04-19T10:00,26.2,48,5.4
2023-04-19T11:00,28.0,41,9.9
2023-04-19T12:00,29.1,40,13.9
2023-04-19T13:00,29.5,38,16.9
2023-04-19T14:00,29.3,37,20.0
2023-04-19T15:00,28.2,46,20.9
2023-04-19T16:00,27.2,49,21.6
2023-04-19T17:00,26.0,57,23.2
2023-04-19T18:00,25.0,64,21.3
2023-04-19T19:00,24.5,66,16.5
2023-04-19T20:00,24.4,63,12.5
2023-04-19T21:00,23.9,64,10.1
2023-04-19T22:00,22.7,70,7.6
2023-04-19T23:00,22.0,73,7.7
2023-04-20T00:00,21.2,76,8.5
2023-04-20T01:00,20.7,76,10.2
2023-04-20T02:00,19.9,78,12.3
2023-04-20T03:00,19.2,80,11.2
2023-04-20T04:00,18.5,83,10.6
2023-04-20T05:00,18.5,82,9.0
2023-04-20T06:00,17.7,83,9.1
2023-04-20T07:00,18.8,77,8.0
2023-04-20T08:00,21.9,63,11.1
2023-04-20T09:00,24.8,52,13.6
2023-04-20T10:00,27.0,45,13.3
2023-04-20T11:00,28.5,41,15.2
2023-04-20T12:00,29.2,39,16.9
2023-04-20T13:00,29.1,37,18.4
2023-04-20T14:00,29.1,36,19.3
2023-04-20T15:00,28.9,37,20.2
2023-04-20T16:00,28.1,41,19.0
2023-04-20T17:00,27.2,46,19.4
2023-04-20T18:00,25.9,53,18.7
2023-04-20T19:00,24.8,60,18.1
2023-04-20T20:00,24.6,63,15.5
2023-04-20T21:00,24.2,65,11.0
2023-04-20T22:00,23.4,69,8.9
2023-04-20T23:00,22.5,73,8.0
2023-04-21T00:00,21.7,74,11.3
2023-04-21T01:00,21.2,72,13.7
2023-04-21T02:00,20.7,73,12.3
2023-04-21T03:00,20.0,74,12.6
2023-04-21T04:00,19.2,79,10.9
2023-04-21T05:00,19.0,79,9.4
2023-04-21T06:00,18.3,81,9.8
2023-04-21T07:00,19.7,71,10.1
2023-04-21T08:00,23.2,53,10.0
2023-04-21T09:00,26.6,36,12.6
2023-04-21T10:00,29.4,25,13.2
2023-04-21T11:00,31.4,19,16.9
2023-04-21T12:00,31.9,19,21.5
2023-04-21T13:00,31.9,17,23.1
2023-04-21T14:00,31.6,19,24.0
2023-04-21T15:00,30.8,23,23.3
2023-04-21T16:00,29.7,26,21.4
2023-04-21T17:00,28.6,30,19.7
2023-04-21T18:00,27.4,36,15.9
2023-04-21T19:00,26.2,43,10.8
2023-04-21T20:00,25.4,47,7.5
2023-04-21T21:00,24.4,51,4.2
2023-04-21T22:00,24.3,49,3.9
2023-04-21T23:00,22.4,52,7.2
2023-04-22T00:00,22.0,48,10.5
2023-04-22T01:00,20.9,47,9.4
2023-04-22T02:00,20.1,47,9.2
2023-04-22T03:00,19.3,47,8.2
2023-04-22T04:00,19.3,45,8.2
2023-04-22T05:00,19.6,41,6.8
2023-04-22T06:00,20.3,38,5.7
2023-04-22T07:00,21.6,33,7.9
2023-04-22T08:00,25.2,25,6.8
2023-04-22T09:00,28.8,20,6.9
2023-04-22T10:00,31.0,19,4.1
2023-04-22T11:00,32.6,16,7.0
2023-04-22T12:00,33.6,15,11.2
2023-04-22T13:00,33.8,17,17.1
2023-04-22T14:00,32.9,18,23.1
2023-04-22T15:00,31.8,24,24.6
2023-04-22T16:00,30.8,28,24.1
2023-04-22T17:00,29.6,33,20.7
2023-04-22T18:00,27.7,48,19.0
2023-04-22T19:00,26.2,59,14.3
2023-04-22T20:00,25.6,63,10.2
2023-04-22T21:00,24.6,67,4.0
2023-04-22T22:00,23.6,70,6.1
2023-04-22T23:00,22.9,70,8.9
2023-04-23T00:00,21.8,72,8.5
2023-04-23T01:00,20.8,73,7.4
2023-04-23T02:00,20.4,68,8.7
2023-04-23T03:00,19.5,65,8.6
2023-04-23T04:00,19.8,63,8.2
2023-04-23T05:00,19.2,61,7.6
2023-04-23T06:00,19.2,57,9.1
2023-04-23T07:00,21.2,45,7.6
2023-04-23T08:00,24.5,34,4.3
2023-04-23T09:00,28.0,26,7.5
2023-04-23T10:00,30.7,20,8.9
2023-04-23T11:00,33.0,15,9.4
2023-04-23T12:00,34.0,14,11.9
2023-04-23T13:00,33.6,21,18.7
2023-04-23T14:00,33.0,20,24.3
2023-04-23T15:00,31.2,27,24.7
2023-04-23T16:00,30.2,28,24.2
2023-04-23T17:00,28.5,37,24.6
2023-04-23T18:00,27.4,42,21.4
2023-04-23T19:00,26.8,49,16.8
2023-04-23T20:00,26.5,54,12.0
2023-04-23T21:00,26.4,53,9.9
2023-04-23T22:00,25.7,51,9.2
2023-04-23T23:00,25.1,49,9.8
2023-04-24T00:00,24.0,48,10.2
2023-04-24T01:00,23.1,45,10.5
2023-04-24T02:00,22.6,39,13.0
2023-04-24T03:00,22.0,33,12.8
2023-04-24T04:00,20.5,42,10.1
2023-04-24T05:00,20.4,41,10.6
2023-04-24T06:00,19.8,42,9.8
2023-04-24T07:00,21.7,37,9.0
2023-04-24T08:00,25.4,29,7.8
2023-04-24T09:00,28.9,22,10.3
2023-04-24T10:00,31.4,18,11.5
2023-04-24T11:00,32.8,23,14.9
2023-04-24T12:00,33.3,28,18.9
2023-04-24T13:00,33.3,29,20.9
2023-04-24T14:00,32.8,33,21.7
2023-04-24T15:00,32.1,38,20.8
2023-04-24T16:00,31.3,35,15.8
2023-04-24T17:00,30.2,40,16.5
2023-04-24T18:00,28.9,46,12.3
2023-04-24T19:00,28.0,51,8.0
2023-04-24T20:00,27.4,55,4.8
2023-04-24T21:00,26.7,59,2.2
2023-04-24T22:00,25.4,60,6.8
2023-04-24T23:00,24.6,61,7.4
2023-04-25T00:00,23.9,61,9.7
2023-04-25T01:00,23.2,61,10.6
2023-04-25T02:00,22.4,61,10.1
2023-04-25T03:00,21.3,62,7.9
2023-04-25T04:00,21.9,53,9.2
2023-04-25T05:00,22.8,51,3.6
2023-04-25T06:00,23.0,56,2.3
2023-04-25T07:00,22.8,50,5.3
2023-04-25T08:00,25.6,37,4.0
2023-04-25T09:00,29.3,26,3.2
2023-04-25T10:00,32.1,21,1.8
2023-04-25T11:00,34.3,17,4.2
2023-04-25T12:00,35.7,15,4.2
2023-04-25T13:00,36.4,17,13.8
2023-04-25T14:00,36.0,19,19.6
2023-04-25T15:00,35.2,20,24.2
2023-04-25T16:00,33.4,25,25.3
2023-04-25T17:00,32.5,28,23.5
2023-04-25T18:00,30.0,40,21.4
2023-04-25T19:00,28.3,52,14.1
2023-04-25T20:00,27.7,56,11.4
2023-04-25T21:00,26.9,56,11.7
2023-04-25T22:00,26.0,57,8.7
2023-04-25T23:00,25.2,50,7.9
2023-04-26T00:00,24.3,48,7.1
2023-04-26T01:00,23.8,47,6.5
2023-04-26T02:00,23.1,48,6.3
2023-04-26T03:00,22.7,55,5.4
2023-04-26T04:00,23.6,76,12.0
2023-04-26T05:00,23.1,75,9.2
2023-04-26T06:00,23.0,70,11.8
2023-04-26T07:00,24.8,58,10.5
2023-04-26T08:00,27.5,44,10.2
2023-04-26T09:00,29.7,37,13.5
2023-04-26T10:00,31.5,34,15.0
2023-04-26T11:00,32.9,31,15.8
2023-04-26T12:00,34.1,28,16.0
2023-04-26T13:00,34.8,25,16.4
2023-04-26T14:00,34.3,22,21.9
2023-04-26T15:00,32.3,30,22.7
2023-04-26T16:00,31.0,36,22.2
2023-04-26T17:00,29.1,56,23.4
2023-04-26T18:00,27.9,59,21.9
2023-04-26T19:00,26.7,70,15.4
2023-04-26T20:00,26.0,78,9.0
2023-04-26T21:00,25.6,82,1.8
2023-04-26T22:00,25.5,80,1.1
2023-04-26T23:00,24.7,82,3.4
2023-04-27T00:00,23.5,86,5.8
2023-04-27T01:00,23.2,86,8.2
2023-04-27T02:00,22.9,87,9.0
2023-04-27T03:00,22.5,90,9.5
2023-04-27T04:00,22.4,85,12.5
2023-04-27T05:00,22.3,82,12.9
2023-04-27T06:00,21.9,82,14.0
2023-04-27T07:00,23.4,71,12.2
2023-04-27T08:00,26.0,59,10.0
2023-04-27T09:00,28.8,41,13.6
2023-04-27T10:00,31.0,25,18.4
2023-04-27T11:00,31.9,20,22.0
2023-04-27T12:00,31.8,23,25.5
2023-04-27T13:00,31.8,23,25.2
2023-04-27T14:00,31.4,26,25.5
2023-04-27T15:00,31.0,27,25.6
2023-04-27T16:00,30.2,31,20.3
2023-04-27T17:00,29.5,34,16.4
2023-04-27T18:00,28.4,40,12.9
2023-04-27T19:00,27.4,49,7.2
2023-04-27T20:00,26.6,55,6.2
2023-04-27T21:00,25.5,60,6.4
2023-04-27T22:00,24.4,62,7.7
2023-04-27T23:00,23.3,67,7.7
2023-04-28T00:00,22.9,72,10.1
2023-04-28T01:00,22.4,75,11.9
2023-04-28T02:00,22.0,67,13.2
2023-04-28T03:00,21.4,68,13.4
2023-04-28T04:00,20.8,61,13.4
2023-04-28T05:00,20.9,60,11.7
2023-04-28T06:00,20.5,57,11.5
2023-04-28T07:00,22.0,45,12.3
2023-04-28T08:00,25.3,34,11.2
2023-04-28T09:00,28.5,28,13.0
2023-04-28T10:00,30.2,28,14.8
2023-04-28T11:00,30.9,30,18.7
2023-04-28T12:00,31.2,30,21.1
2023-04-28T13:00,31.2,31,21.1
2023-04-28T14:00,31.2,30,20.5
2023-04-28T15:00,30.9,30,19.4
2023-04-28T16:00,30.1,37,18.7
2023-04-28T17:00,29.0,44,18.8
2023-04-28T18:00,27.8,51,17.6
2023-04-28T19:00,26.5,62,14.0
2023-04-28T20:00,25.9,66,8.5
2023-04-28T21:00,25.1,71,4.8
2023-04-28T22:00,24.4,71,6.2
2023-04-28T23:00,23.8,68,9.0
2023-04-29T00:00,22.8,68,9.4
2023-04-29T01:00,22.2,70,10.3
2023-04-29T02:00,21.6,71,11.4
2023-04-29T03:00,21.0,71,11.6
2023-04-29T04:00,20.6,73,11.6
2023-04-29T05:00,20.6,69,11.9
2023-04-29T06:00,20.2,66,11.5
2023-04-29T07:00,21.8,56,9.7
2023-04-29T08:00,25.2,43,7.9
2023-04-29T09:00,28.7,30,7.2
2023-04-29T10:00,30.9,23,6.6
2023-04-29T11:00,32.6,19,9.3
2023-04-29T12:00,33.4,18,14.7
2023-04-29T13:00,33.3,19,19.2
2023-04-29T14:00,32.9,21,20.6
2023-04-29T15:00,32.1,27,21.6
2023-04-29T16:00,30.9,36,22.8
2023-04-29T17:00,30.4,32,21.9
2023-04-29T18:00,29.1,38,18.9
2023-04-29T19:00,27.6,48,11.6
2023-04-29T20:00,26.6,56,6.5
2023-04-29T21:00,26.5,56,1.8
2023-04-29T22:00,24.5,61,5.7
2023-04-29T23:00,23.6,59,10.2
2023-04-30T00:00,22.3,55,9.8
2023-04-30T01:00,21.5,52,10.6
2023-04-30T02:00,20.7,50,11.0
2023-04-30T03:00,20.2,47,12.2
2023-04-30T04:00,20.3,49,11.0
2023-04-30T05:00,20.5,46,10.0
2023-04-30T06:00,20.4,44,11.1
2023-04-30T07:00,22.5,35,10.1
2023-04-30T08:00,27.2,24,9.4
2023-04-30T09:00,31.9,15,9.3
2023-04-30T10:00,34.4,11,5.2
2023-04-30T11:00,35.9,11,11.7
2023-04-30T12:00,36.0,13,19.0
2023-04-30T13:00,35.8,14,19.2
2023-04-30T14:00,35.6,14,18.9
2023-04-30T15:00,34.6,16,21.2
2023-04-30T16:00,33.4,20,19.6
2023-04-30T17:00,32.3,25,16.9
2023-04-30T18:00,30.8,31,12.2
2023-04-30T19:00,29.1,43,7.3
2023-04-30T20:00,27.7,49,5.0
2023-04-30T21:00,26.6,50,5.4
2023-04-30T22:00,25.4,49,6.9
2023-04-30T23:00,25.0,45,9.9
2023-05-01T00:00,24.4,40,11.0
2023-05-01T01:00,23.4,37,11.6
2023-05-01T02:00,22.1,37,10.5
2023-05-01T03:00,21.5,36,10.7
2023-05-01T04:00,21.0,38,8.2
2023-05-01T05:00,22.0,35,8.7
2023-05-01T06:00,22.4,33,10.2
2023-05-01T07:00,25.3,27,9.9
2023-05-01T08:00,29.1,21,6.5
2023-05-01T09:00,32.3,18,7.4
2023-05-01T10:00,33.9,19,12.9
2023-05-01T11:00,35.2,19,16.6
2023-05-01T12:00,35.9,20,18.8
2023-05-01T13:00,36.2,19,20.3
2023-05-01T14:00,36.1,20,20.6
2023-05-01T15:00,35.9,19,19.3
2023-05-01T16:00,35.5,17,18.2
2023-05-01T17:00,34.5,19,19.8
2023-05-01T18:00,32.0,30,17.2
2023-05-01T19:00,30.0,41,12.1
2023-05-01T20:00,28.9,47,11.3
2023-05-01T21:00,27.7,54,10.9
2023-05-01T22:00,26.8,58,10.6
2023-05-01T23:00,25.3,66,5.2
2023-05-02T00:00,26.1,62,3.3
2023-05-02T01:00,23.9,69,5.8
2023-05-02T02:00,23.0,69,8.5
2023-05-02T03:00,22.5,67,8.6
2023-05-02T04:00,22.8,60,11.6
2023-05-02T05:00,22.8,57,9.7
2023-05-02T06:00,22.8,57,10.7
2023-05-02T07:00,24.8,54,12.5
2023-05-02T08:00,27.7,50,12.4
2023-05-02T09:00,30.2,45,15.0
2023-05-02T10:00,32.3,39,16.5
2023-05-02T11:00,33.7,34,19.1
2023-05-02T12:00,34.2,32,21.7
2023-05-02T13:00,34.2,33,22.0
2023-05-02T14:00,34.5,32,20.8
2023-05-02T15:00,34.1,34,20.9
2023-05-02T16:00,32.8,36,19.8
2023-05-02T17:00,31.1,47,20.5
2023-05-02T18:00,28.9,57,21.5
2023-05-02T19:00,27.6,62,20.8
2023-05-02T20:00,27.0,66,17.6
2023-05-02T21:00,26.8,61,16.6
2023-05-02T22:00,26.0,64,13.9
2023-05-02T23:00,25.0,68,13.1
2023-05-03T00:00,24.0,73,15.1
2023-05-03T01:00,23.3,76,17.0
2023-05-03T02:00,22.9,73,17.6
2023-05-03T03:00,22.5,71,19.0
2023-05-03T04:00,21.9,77,17.6
2023-05-03T05:00,21.9,75,18.2
2023-05-03T06:00,21.7,75,18.8
2023-05-03T07:00,23.4,68,18.5
2023-05-03T08:00,26.5,59,17.7
2023-05-03T09:00,29.2,47,21.1
2023-05-03T10:00,30.5,40,20.9
2023-05-03T11:00,31.4,35,21.4
2023-05-03T12:00,31.8,35,23.2
2023-05-03T13:00,31.8,36,23.8
2023-05-03T14:00,31.5,40,24.9
2023-05-03T15:00,30.7,46,25.8
2023-05-03T16:00,29.9,47,25.5
2023-05-03T17:00,28.9,48,26.3
2023-05-03T18:00,27.8,54,25.9
2023-05-03T19:00,26.6,61,22.3
2023-05-03T20:00,26.3,65,17.3
2023-05-03T21:00,25.7,68,13.0
2023-05-03T22:00,24.8,72,10.3
2023-05-03T23:00,24.0,76,10.6
2023-05-04T00:00,23.1,79,12.4
2023-05-04T01:00,22.3,81,14.1
2023-05-04T02:00,21.6,83,14.8
2023-05-04T03:00,21.0,84,15.5
2023-05-04T04:00,20.8,89,18.0
2023-05-04T05:00,20.6,89,18.7
2023-05-04T06:00,20.2,89,17.7
2023-05-04T07:00,21.7,79,16.3
2023-05-04T08:00,25.4,60,15.2
2023-05-04T09:00,28.7,48,18.5
2023-05-04T10:00,31.0,42,16.1
2023-05-04T11:00,32.1,35,17.0
2023-05-04T12:00,32.6,34,19.6
2023-05-04T13:00,32.7,35,21.3
2023-05-04T14:00,32.4,38,22.3
2023-05-04T15:00,32.0,41,22.0
2023-05-04T16:00,31.6,45,18.6
2023-05-04T17:00,29.6,58,20.7
2023-05-04T18:00,27.5,76,22.1
2023-05-04T19:00,26.3,85,18.2
2023-05-04T20:00,26.1,81,13.2
2023-05-04T21:00,25.6,82,7.3
2023-05-04T22:00,24.5,86,5.7
2023-05-04T23:00,23.6,87,7.0
2023-05-05T00:00,23.0,87,9.7
2023-05-05T01:00,22.1,87,11.2
2023-05-05T02:00,21.5,87,13.3
2023-05-05T03:00,21.2,87,14.2
2023-05-05T04:00,21.3,86,11.0
2023-05-05T05:00,21.3,85,11.0
2023-05-05T06:00,21.0,84,12.1
2023-05-05T07:00,22.2,74,12.6
2023-05-05T08:00,25.1,62,13.8
2023-05-05T09:00,27.9,54,13.6
2023-05-05T10:00,30.0,47,12.5
2023-05-05T11:00,31.9,39,11.9
2023-05-05T12:00,33.2,33,14.6
2023-05-05T13:00,33.5,32,20.2
2023-05-05T14:00,33.3,30,21.8
2023-05-05T15:00,32.2,36,22.0
2023-05-05T16:00,31.3,40,18.9
2023-05-05T17:00,29.5,52,20.6
2023-05-05T18:00,27.9,65,20.4
2023-05-05T19:00,26.3,83,18.2
2023-05-05T20:00,25.7,87,16.1
2023-05-05T21:00,25.4,87,12.4
2023-05-05T22:00,24.8,88,7.8
2023-05-05T23:00,24.0,88,5.7
2023-05-06T00:00,23.6,86,3.6
2023-05-06T01:00,22.4,89,5.0
2023-05-06T02:00,21.1,91,7.3
2023-05-06T03:00,20.3,93,8.7
2023-05-06T04:00,20.2,93,7.7
2023-05-06T05:00,20.2,94,8.4
2023-05-06T06:00,19.5,96,10.0
2023-05-06T07:00,21.0,89,8.1
2023-05-06T08:00,23.7,78,7.9
2023-05-06T09:00,25.7,68,4.7
2023-05-06T10:00,28.1,56,3.8
2023-05-06T11:00,30.5,46,6.4
2023-05-06T12:00,32.6,40,7.4
2023-05-06T13:00,33.4,41,13.0
2023-05-06T14:00,32.1,50,17.9
2023-05-06T15:00,31.5,48,18.6
2023-05-06T16:00,30.3,55,22.2
2023-05-06T17:00,29.1,58,20.6
2023-05-06T18:00,27.8,65,17.5
2023-05-06T19:00,26.9,68,11.6
2023-05-06T20:00,26.3,72,7.3
2023-05-06T21:00,25.7,76,4.6
2023-05-06T22:00,24.6,82,4.7
2023-05-06T23:00,24.1,84,2.8
2023-05-07T00:00,22.7,91,4.8
2023-05-07T01:00,21.8,94,6.2
2023-05-07T02:00,21.0,95,6.0
2023-05-07T03:00,20.4,96,6.1
2023-05-07T04:00,21.1,99,7.9
2023-05-07T05:00,21.3,100,7.4
2023-05-07T06:00,21.0,100,6.6
2023-05-07T07:00,21.6,98,5.8
2023-05-07T08:00,22.5,96,4.5
2023-05-07T09:00,25.4,79,2.5
2023-05-07T10:00,28.3,64,1.5
2023-05-07T11:00,30.9,52,3.4
2023-05-07T12:00,33.3,43,5.4
2023-05-07T13:00,34.5,41,11.0
2023-05-07T14:00,34.0,47,17.3
2023-05-07T15:00,33.1,44,21.2
2023-05-07T16:00,32.5,46,21.4
2023-05-07T17:00,30.8,52,20.0
2023-05-07T18:00,29.2,58,15.4
2023-05-07T19:00,27.6,69,11.3
2023-05-07T20:00,26.5,77,9.2
2023-05-07T21:00,25.6,81,5.5
2023-05-07T22:00,24.4,86,4.0
2023-05-07T23:00,23.3,91,4.6
2023-05-08T00:00,22.2,93,5.5
2023-05-08T01:00,21.2,96,5.6
2023-05-08T02:00,20.2,97,6.7
2023-05-08T03:00,19.7,97,6.6
2023-05-08T04:00,19.3,96,7.0
2023-05-08T05:00,18.6,95,7.7
2023-05-08T06:00,18.3,91,8.1
2023-05-08T07:00,21.8,68,8.7
2023-05-08T08:00,26.6,41,6.6
2023-05-08T09:00,31.8,19,3.7
2023-05-08T10:00,35.0,9,2.3
2023-05-08T11:00,36.9,7,5.0
2023-05-08T12:00,37.9,11,9.1
2023-05-08T13:00,38.0,14,14.4
2023-05-08T14:00,37.4,13,19.4
2023-05-08T15:00,34.8,23,24.5
2023-05-08T16:00,33.8,25,21.1
2023-05-08T17:00,32.2,32,18.9
2023-05-08T18:00,30.8,39,15.8
2023-05-08T19:00,29.1,52,4.4
2023-05-08T20:00,28.3,57,7.1
2023-05-08T21:00,27.5,57,9.1
2023-05-08T22:00,26.9,48,11.2
2023-05-08T23:00,25.9,45,11.5
2023-05-09T00:00,25.1,43,12.2
2023-05-09T01:00,24.8,40,13.4
2023-05-09T02:00,23.9,38,11.7
2023-05-09T03:00,22.5,41,8.4
2023-05-09T04:00,25.0,36,1.3
2023-05-09T05:00,24.6,36,3.5
2023-05-09T06:00,21.1,43,8.1
2023-05-09T07:00,23.0,33,9.3
2023-05-09T08:00,26.7,22,6.9
2023-05-09T09:00,31.2,16,7.2
2023-05-09T10:00,35.4,15,11.5
2023-05-09T11:00,39.2,10,12.7
2023-05-09T12:00,40.7,7,13.4
2023-05-09T13:00,40.2,12,16.8
2023-05-09T14:00,38.6,17,22.7
2023-05-09T15:00,37.3,16,25.7
2023-05-09T16:00,36.2,15,25.3
2023-05-09T17:00,35.3,20,20.9
2023-05-09T18:00,33.2,23,16.4
2023-05-09T19:00,31.9,32,7.8
2023-05-09T20:00,31.0,35,8.5
2023-05-09T21:00,30.1,34,12.2
2023-05-09T22:00,29.6,26,11.9
2023-05-09T23:00,28.7,23,11.5
2023-05-10T00:00,28.0,23,12.7
2023-05-10T01:00,27.3,22,12.2
2023-05-10T02:00,26.7,22,12.5
2023-05-10T03:00,26.2,21,12.8
2023-05-10T04:00,24.6,23,10.1
2023-05-10T05:00,24.4,21,10.0
2023-05-10T06:00,23.8,20,10.6
2023-05-10T07:00,25.6,18,8.4
2023-05-10T08:00,30.1,14,5.7
2023-05-10T09:00,34.3,11,5.8
2023-05-10T10:00,36.0,14,13.4
2023-05-10T11:00,36.8,19,14.7
2023-05-10T12:00,38.5,17,16.3
2023-05-10T13:00,37.7,24,21.9
2023-05-10T14:00,36.7,23,18.1
2023-05-10T15:00,36.8,22,17.3
2023-05-10T16:00,35.1,25,17.1
2023-05-10T17:00,34.1,30,14.5
2023-05-10T18:00,32.6,34,10.8
2023-05-10T19:00,31.2,40,5.2
2023-05-10T20:00,30.6,42,1.5
2023-05-10T21:00,29.3,43,6.3
2023-05-10T22:00,28.9,37,10.3
2023-05-10T23:00,27.8,34,9.2
2023-05-11T00:00,26.9,33,9.9
2023-05-11T01:00,25.6,33,8.8
2023-05-11T02:00,24.9,32,9.7
2023-05-11T03:00,24.8,31,11.5
2023-05-11T04:00,23.9,31,11.5
2023-05-11T05:00,23.9,29,11.4
2023-05-11T06:00,23.6,27,12.0
2023-05-11T07:00,26.4,21,11.5
2023-05-11T08:00,31.7,14,14.4
2023-05-11T09:00,35.0,15,19.5
2023-05-11T10:00,38.3,13,23.2
2023-05-11T11:00,39.9,10,18.8
2023-05-11T12:00,40.8,9,15.1
2023-05-11T13:00,39.8,14,23.6
2023-05-11T14:00,37.8,18,28.7
2023-05-11T15:00,36.9,21,29.3
2023-05-11T16:00,35.1,25,28.4
2023-05-11T17:00,34.0,28,26.0
2023-05-11T18:00,32.7,33,19.6
2023-05-11T19:00,31.1,40,13.8
2023-05-11T20:00,30.2,47,13.0
2023-05-11T21:00,29.1,53,7.1
2023-05-11T22:00,28.0,58,5.4
2023-05-11T23:00,27.7,59,4.6
2023-05-12T00:00,26.3,64,6.6
2023-05-12T01:00,25.8,62,10.8
2023-05-12T02:00,24.8,62,10.8
2023-05-12T03:00,24.1,59,10.8
2023-05-12T04:00,24.5,50,11.9
2023-05-12T05:00,24.2,45,12.3
2023-05-12T06:00,24.0,41,12.7
2023-05-12T07:00,26.3,34,10.9
2023-05-12T08:00,30.4,28,10.5
2023-05-12T09:00,33.6,26,12.3
2023-05-12T10:00,35.7,25,16.0
2023-05-12T11:00,36.9,25,18.4
2023-05-12T12:00,37.3,26,18.9
2023-05-12T13:00,37.5,27,19.0
2023-05-12T14:00,37.3,29,19.8
2023-05-12T15:00,36.7,31,20.0
2023-05-12T16:00,35.6,35,19.2
2023-05-12T17:00,34.4,38,16.9
2023-05-12T18:00,32.7,46,18.1
2023-05-12T19:00,31.0,58,13.4
2023-05-12T20:00,30.3,62,8.3
2023-05-12T21:00,29.6,65,7.6
2023-05-12T22:00,28.6,66,8.3
2023-05-12T23:00,27.8,67,9.3
2023-05-13T00:00,27.1,67,10.2
2023-05-13T01:00,26.5,68,11.4
2023-05-13T02:00,25.9,67,12.9
2023-05-13T03:00,25.6,66,12.8
2023-05-13T04:00,26.6,57,17.0
2023-05-13T05:00,26.3,56,15.7
2023-05-13T06:00,26.2,56,16.1
2023-05-13T07:00,28.1,51,15.6
2023-05-13T08:00,31.2,43,16.1
2023-05-13T09:00,34.3,37,20.2
2023-05-13T10:00,36.8,31,21.1
2023-05-13T11:00,38.6,25,20.2
2023-05-13T12:00,39.4,23,21.3
2023-05-13T13:00,39.3,23,24.5
2023-05-13T14:00,38.3,26,29.9
2023-05-13T15:00,37.5,28,27.0
2023-05-13T16:00,36.1,31,24.0
2023-05-13T17:00,34.8,37,22.4
2023-05-13T18:00,33.2,44,20.0
2023-05-13T19:00,31.5,50,16.8
2023-05-13T20:00,30.5,57,12.4
2023-05-13T21:00,30.0,54,11.5
2023-05-13T22:00,29.3,53,11.8
2023-05-13T23:00,28.3,53,10.6
2023-05-14T00:00,27.4,53,10.8
2023-05-14T01:00,26.9,51,13.1
2023-05-14T02:00,26.3,49,14.9
2023-05-14T03:00,26.0,46,15.5
2023-05-14T04:00,25.7,48,14.9
2023-05-14T05:00,25.4,45,14.2
2023-05-14T06:00,25.2,44,14.8
2023-05-14T07:00,27.4,37,15.4
2023-05-14T08:00,31.3,26,13.9
2023-05-14T09:00,35.2,19,14.3
2023-05-14T10:00,38.1,15,15.8
2023-05-14T11:00,40.2,12,19.4
2023-05-14T12:00,39.9,14,24.4
2023-05-14T13:00,38.4,21,26.2
2023-05-14T14:00,38.1,22,25.9
2023-05-14T15:00,37.8,22,26.3
2023-05-14T16:00,36.4,25,24.7
2023-05-14T17:00,35.2,30,22.8
2023-05-14T18:00,33.7,36,20.6
2023-05-14T19:00,31.9,43,18.1
2023-05-14T20:00,30.7,53,17.1
2023-05-14T21:00,30.1,53,20.0
2023-05-14T22:00,29.6,56,20.8
2023-05-14T23:00,28.9,61,18.5
2023-05-15T00:00,28.0,69,14.3
2023-05-15T01:00,27.3,71,10.9
2023-05-15T02:00,26.9,71,13.0
2023-05-15T03:00,26.7,70,14.2
2023-05-15T04:00,26.3,71,14.9
2023-05-15T05:00,26.9,68,15.1
2023-05-15T06:00,26.7,69,14.6
2023-05-15T07:00,28.4,62,12.7
2023-05-15T08:00,31.0,50,13.8
2023-05-15T09:00,33.1,40,16.6
2023-05-15T10:00,34.9,33,19.5
2023-05-15T11:00,35.1,31,23.4
2023-05-15T12:00,35.4,30,23.5
2023-05-15T13:00,35.2,32,24.4
2023-05-15T14:00,35.1,30,26.0
2023-05-15T15:00,34.3,31,28.6
2023-05-15T16:00,33.6,31,26.6
2023-05-15T17:00,32.4,36,27.1
2023-05-15T18:00,30.9,43,26.8
2023-05-15T19:00,29.7,49,24.0
2023-05-15T20:00,28.8,55,20.7
2023-05-15T21:00,28.3,57,19.3
2023-05-15T22:00,27.5,59,18.4
2023-05-15T23:00,26.6,61,17.9
2023-05-16T00:00,25.9,64,18.1
2023-05-16T01:00,25.3,66,18.8
2023-05-16T02:00,24.6,69,17.9
2023-05-16T03:00,24.0,72,18.7
2023-05-16T04:00,23.2,73,19.5
2023-05-16T05:00,23.4,75,18.8
2023-05-16T06:00,23.7,77,17.1
2023-05-16T07:00,25.5,69,15.0
2023-05-16T08:00,28.5,56,15.9
2023-05-16T09:00,31.2,43,19.3
2023-05-16T10:00,33.2,35,21.2
2023-05-16T11:00,34.7,29,23.6
2023-05-16T12:00,35.1,26,22.0
2023-05-16T13:00,35.9,23,20.9
2023-05-16T14:00,35.5,27,26.5
2023-05-16T15:00,35.7,26,26.3
2023-05-16T16:00,35.3,23,19.8
2023-05-16T17:00,35.2,19,21.0
2023-05-16T18:00,33.7,27,21.0
2023-05-16T19:00,32.6,32,21.7
2023-05-16T20:00,31.8,36,19.8
2023-05-16T21:00,31.3,37,17.7
2023-05-16T22:00,30.2,42,20.9
2023-05-16T23:00,29.5,50,23.7
2023-05-17T00:00,28.9,59,21.6
2023-05-17T01:00,28.4,61,17.4
2023-05-17T02:00,28.2,61,15.9
2023-05-17T03:00,27.5,63,17.1
2023-05-17T04:00,27.2,66,18.8
2023-05-17T05:00,27.3,65,16.4
2023-05-17T06:00,27.1,64,16.3
2023-05-17T07:00,28.6,57,14.3
2023-05-17T08:00,30.9,48,16.2
2023-05-17T09:00,33.3,40,17.1
2023-05-17T10:00,35.7,31,16.6
2023-05-17T11:00,37.6,24,19.5
2023-05-17T12:00,38.9,19,22.4
2023-05-17T13:00,39.8,14,22.1
2023-05-17T14:00,39.7,14,21.6
2023-05-17T15:00,39.2,15,20.7
2023-05-17T16:00,38.8,14,19.2
2023-05-17T17:00,38.0,14,18.4
2023-05-17T18:00,36.4,18,20.9
2023-05-17T19:00,33.4,36,20.7
2023-05-17T20:00,32.4,37,21.0
2023-05-17T21:00,32.0,35,18.7
2023-05-17T22:00,31.5,37,15.6
2023-05-17T23:00,30.7,40,16.1
2023-05-18T00:00,29.9,44,15.8
2023-05-18T01:00,28.6,51,11.2
2023-05-18T02:00,26.9,60,7.2
2023-05-18T03:00,28.7,56,1.6
2023-05-18T04:00,26.5,57,6.6
2023-05-18T05:00,25.9,52,9.5
2023-05-18T06:00,25.8,47,11.0
2023-05-18T07:00,27.4,38,9.6
2023-05-18T08:00,32.0,26,10.3
2023-05-18T09:00,35.3,21,9.0
2023-05-18T10:00,37.4,16,7.9
2023-05-18T11:00,39.5,13,9.7
2023-05-18T12:00,41.0,11,13.1
2023-05-18T13:00,41.6,13,18.5
2023-05-18T14:00,40.4,16,26.9
2023-05-18T15:00,39.4,17,26.0
2023-05-18T16:00,36.3,23,22.9
2023-05-18T17:00,34.6,31,17.4
2023-05-18T18:00,32.9,38,14.7
2023-05-18T19:00,31.2,48,9.9
2023-05-18T20:00,30.7,50,5.9
2023-05-18T21:00,30.6,50,5.2
2023-05-18T22:00,29.8,55,3.3
2023-05-18T23:00,29.6,51,3.1
2023-05-19T00:00,28.2,52,6.8
2023-05-19T01:00,27.6,48,8.0
2023-05-19T02:00,27.2,46,7.6
2023-05-19T03:00,27.2,40,8.6
2023-05-19T04:00,26.2,56,12.0
2023-05-19T05:00,25.4,59,8.9
2023-05-19T06:00,25.7,55,8.6
2023-05-19T07:00,28.0,43,8.4
2023-05-19T08:00,31.7,32,8.1
2023-05-19T09:00,34.8,24,9.6
2023-05-19T10:00,37.2,19,7.4
2023-05-19T11:00,39.7,15,8.9
2023-05-19T12:00,40.6,14,12.6
2023-05-19T13:00,41.1,14,15.9
2023-05-19T14:00,41.8,12,17.9
2023-05-19T15:00,41.4,12,18.6
2023-05-19T16:00,39.9,13,13.3
2023-05-19T17:00,38.5,14,16.6
2023-05-19T18:00,35.3,31,17.8
2023-05-19T19:00,33.2,46,10.7
2023-05-19T20:00,32.3,49,7.4
2023-05-19T21:00,31.1,58,8.0
2023-05-19T22:00,30.1,65,12.7
2023-05-19T23:00,29.6,62,14.0
2023-05-20T00:00,29.0,59,8.9
2023-05-20T01:00,28.2,60,8.1
2023-05-20T02:00,27.6,60,9.4
2023-05-20T03:00,27.1,57,9.4
2023-05-20T04:00,27.1,61,6.1
2023-05-20T05:00,27.9,60,4.4
2023-05-20T06:00,27.6,50,10.2
2023-05-20T07:00,30.4,35,14.3
2023-05-20T08:00,35.8,19,18.9
2023-05-20T09:00,37.4,18,31.4
2023-05-20T10:00,39.4,17,28.4
2023-05-20T11:00,41.5,15,26.4
2023-05-20T12:00,42.4,15,23.5
2023-05-20T13:00,42.0,17,22.3
2023-05-20T14:00,39.3,28,21.7
2023-05-20T15:00,38.4,30,26.1
2023-05-20T16:00,39.8,16,17.7
2023-05-20T17:00,38.5,20,21.0
2023-05-20T18:00,35.7,25,14.6
2023-05-20T19:00,34.1,35,11.1
2023-05-20T20:00,33.9,40,8.5
2023-05-20T21:00,34.1,31,9.2
2023-05-20T22:00,33.4,28,9.7
2023-05-20T23:00,32.7,28,4.7
2023-05-21T00:00,33.6,24,3.0
2023-05-21T01:00,33.3,23,2.9
2023-05-21T02:00,30.1,34,8.7
2023-05-21T03:00,30.7,38,3.5
2023-05-21T04:00,29.2,63,9.4
2023-05-21T05:00,29.3,61,12.9
2023-05-21T06:00,29.3,60,17.7
2023-05-21T07:00,30.1,55,20.7
2023-05-21T08:00,31.6,48,17.6
2023-05-21T09:00,32.8,41,17.9
2023-05-21T10:00,35.7,30,16.2
2023-05-21T11:00,38.2,23,11.8
2023-05-21T12:00,39.6,20,1.8
2023-05-21T13:00,39.5,22,10.7
2023-05-21T14:00,38.6,28,19.1
2023-05-21T15:00,37.5,28,9.8
2023-05-21T16:00,39.0,22,9.1
2023-05-21T17:00,38.6,22,8.4
2023-05-21T18:00,35.3,38,18.9
2023-05-21T19:00,33.2,45,14.3
2023-05-21T20:00,32.8,47,8.6
2023-05-21T21:00,32.5,46,4.7
2023-05-21T22:00,32.1,47,3.5
2023-05-21T23:00,31.8,47,4.7
2023-05-22T00:00,31.5,46,5.9
2023-05-22T01:00,30.9,48,4.8
2023-05-22T02:00,30.2,48,5.2
2023-05-22T03:00,29.7,45,7.4
2023-05-22T04:00,28.9,45,6.7
2023-05-22T05:00,29.5,42,9.1
2023-05-22T06:00,29.9,40,12.8
2023-05-22T07:00,32.2,32,2.2
2023-05-22T08:00,31.8,45,14.8
2023-05-22T09:00,33.3,41,2.2
2023-05-22T10:00,36.1,28,12.0
2023-05-22T11:00,37.9,21,12.3
2023-05-22T12:00,39.2,19,3.2
2023-05-22T13:00,38.0,29,18.7
2023-05-22T14:00,38.4,23,15.6
2023-05-22T15:00,37.9,27,20.4
2023-05-22T16:00,35.6,35,19.4
2023-05-22T17:00,35.5,32,15.8
2023-05-22T18:00,33.7,41,15.8
2023-05-22T19:00,32.1,46,12.4
2023-05-22T20:00,31.2,52,9.6
2023-05-22T21:00,30.5,58,6.9
2023-05-22T22:00,30.1,64,4.3
2023-05-22T23:00,29.6,65,6.4
2023-05-23T00:00,28.8,65,4.8
2023-05-23T01:00,28.3,61,6.2
2023-05-23T02:00,28.1,55,8.7
2023-05-23T03:00,27.7,53,9.7
2023-05-23T04:00,28.5,50,9.5
2023-05-23T05:00,28.1,48,4.7
2023-05-23T06:00,28.0,52,9.9
2023-05-23T07:00,29.2,62,4.7
2023-05-23T08:00,31.3,58,3.6
2023-05-23T09:00,33.8,43,5.6
2023-05-23T10:00,36.2,29,6.3
2023-05-23T11:00,38.2,23,9.8
2023-05-23T12:00,39.2,20,13.5
2023-05-23T13:00,38.7,21,18.5
2023-05-23T14:00,38.4,24,17.5
2023-05-23T15:00,37.7,27,18.0
2023-05-23T16:00,37.7,26,21.8
2023-05-23T17:00,35.3,34,18.6
2023-05-23T18:00,33.6,42,16.3
2023-05-23T19:00,32.4,49,11.8
2023-05-23T20:00,31.7,54,8.7
2023-05-23T21:00,31.4,54,6.6
2023-05-23T22:00,30.7,57,5.6
2023-05-23T23:00,30.0,62,6.6
2023-05-24T00:00,29.3,67,5.9
2023-05-24T01:00,28.4,70,3.6
2023-05-24T02:00,27.8,69,6.6
2023-05-24T03:00,27.4,67,7.6
2023-05-24T04:00,25.8,67,6.6
2023-05-24T05:00,25.8,65,10.8
2023-05-24T06:00,25.5,63,10.8
2023-05-24T07:00,27.4,54,10.5
2023-05-24T08:00,30.7,41,10.4
2023-05-24T09:00,34.1,29,13.4
2023-05-24T10:00,37.2,21,14.8
2023-05-24T11:00,39.3,17,17.8
2023-05-24T12:00,39.5,20,18.6
2023-05-24T13:00,38.1,30,22.3
2023-05-24T14:00,37.6,27,24.5
2023-05-24T15:00,37.0,30,22.1
2023-05-24T16:00,35.6,29,23.8
2023-05-24T17:00,34.6,34,20.3
2023-05-24T18:00,32.6,45,20.0
2023-05-24T19:00,31.1,61,17.2
2023-05-24T20:00,30.0,67,10.8
2023-05-24T21:00,29.9,69,4.7
2023-05-24T22:00,29.9,67,4.7
2023-05-24T23:00,29.0,68,5.0
2023-05-25T00:00,28.3,68,7.6
2023-05-25T01:00,27.8,67,9.5
2023-05-25T02:00,26.9,67,7.9
2023-05-25T03:00,26.0,70,7.7
2023-05-25T04:00,25.7,72,9.4
2023-05-25T05:00,25.6,71,11.4
2023-05-25T06:00,26.1,63,8.7
2023-05-25T07:00,28.0,50,9.9
2023-05-25T08:00,31.0,38,11.1
2023-05-25T09:00,34.0,30,15.6
2023-05-25T10:00,37.2,21,16.0
2023-05-25T11:00,40.1,15,17.6
2023-05-25T12:00,41.7,12,18.6
2023-05-25T13:00,42.0,14,18.0
2023-05-25T14:00,38.8,33,25.2
2023-05-25T15:00,36.2,35,31.6
2023-05-25T16:00,35.7,35,28.3
2023-05-25T17:00,35.5,33,24.1
2023-05-25T18:00,33.3,43,19.3
2023-05-25T19:00,32.2,51,14.7
2023-05-25T20:00,31.6,56,10.2
2023-05-25T21:00,31.1,61,5.6
2023-05-25T22:00,30.6,68,8.4
2023-05-25T23:00,30.4,64,6.2
2023-05-26T00:00,29.6,65,2.9
2023-05-26T01:00,28.7,66,5.4
2023-05-26T02:00,28.2,67,10.2
2023-05-26T03:00,27.4,67,10.5
2023-05-26T04:00,26.9,63,12.0
2023-05-26T05:00,26.7,63,11.5
2023-05-26T06:00,26.4,63,11.5
2023-05-26T07:00,28.1,56,11.6
2023-05-26T08:00,31.1,46,13.4
2023-05-26T09:00,34.2,35,18.6
2023-05-26T10:00,36.9,27,21.9
2023-05-26T11:00,39.1,23,23.6
2023-05-26T12:00,40.3,21,25.3
2023-05-26T13:00,40.3,20,26.7
2023-05-26T14:00,39.8,21,27.1
2023-05-26T15:00,39.1,24,29.2
2023-05-26T16:00,38.6,23,28.8
2023-05-26T17:00,36.6,29,27.4
2023-05-26T18:00,35.0,34,24.1
2023-05-26T19:00,33.0,45,21.0
2023-05-26T20:00,31.8,53,17.5
2023-05-26T21:00,31.3,55,18.2
2023-05-26T22:00,30.9,56,15.1
2023-05-26T23:00,30.3,60,13.0
2023-05-27T00:00,29.8,61,11.6
2023-05-27T01:00,29.2,64,10.5
2023-05-27T02:00,28.8,66,10.9
2023-05-27T03:00,28.3,68,11.6
2023-05-27T04:00,27.7,68,12.0
2023-05-27T05:00,27.8,66,11.8
2023-05-27T06:00,27.9,64,12.5
2023-05-27T07:00,29.9,55,12.5
2023-05-27T08:00,32.9,46,14.2
2023-05-27T09:00,35.5,36,19.5
2023-05-27T10:00,37.0,28,22.1
2023-05-27T11:00,37.8,26,23.0
2023-05-27T12:00,38.9,22,24.5
2023-05-27T13:00,39.0,23,26.8
2023-05-27T14:00,39.4,21,27.2
2023-05-27T15:00,37.8,27,31.8
2023-05-27T16:00,37.9,22,30.7
2023-05-27T17:00,36.3,29,28.9
2023-05-27T18:00,34.7,34,27.6
2023-05-27T19:00,32.9,46,23.1
2023-05-27T20:00,31.9,52,20.3
2023-05-27T21:00,31.6,49,20.9
2023-05-27T22:00,31.2,49,18.2
2023-05-27T23:00,30.5,54,16.3
2023-05-28T00:00,29.8,57,15.6
2023-05-28T01:00,29.4,61,16.6
2023-05-28T02:00,28.9,62,16.3
2023-05-28T03:00,28.2,65,13.8
2023-05-28T04:00,27.8,69,13.4
2023-05-28T05:00,27.2,69,12.0
2023-05-28T06:00,27.2,68,13.4
2023-05-28T07:00,29.5,61,14.7
2023-05-28T08:00,32.3,50,16.3
2023-05-28T09:00,34.8,33,19.5
2023-05-28T10:00,36.6,26,24.3
2023-05-28T11:00,37.5,25,26.3
2023-05-28T12:00,37.7,26,28.9
2023-05-28T13:00,37.5,29,30.0
2023-05-28T14:00,37.0,32,29.9
2023-05-28T15:00,36.2,37,29.2
2023-05-28T16:00,35.1,38,25.9
2023-05-28T17:00,34.0,44,22.2
2023-05-28T18:00,32.6,53,17.8
2023-05-28T19:00,31.3,59,14.8
2023-05-28T20:00,30.5,65,13.0
2023-05-28T21:00,29.8,70,11.7
2023-05-28T22:00,29.0,72,7.9
2023-05-28T23:00,28.3,74,9.1
2023-05-29T00:00,27.5,74,10.2
2023-05-29T01:00,26.9,74,13.9
2023-05-29T02:00,26.5,72,13.7
2023-05-29T03:00,25.8,74,12.5
2023-05-29T04:00,25.3,75,11.9
2023-05-29T05:00,25.2,74,12.6
2023-05-29T06:00,25.2,72,13.7
2023-05-29T07:00,26.9,64,13.8
2023-05-29T08:00,29.9,52,13.0
2023-05-29T09:00,32.5,43,12.1
2023-05-29T10:00,34.7,35,10.9
2023-05-29T11:00,37.0,28,10.8
2023-05-29T12:00,39.0,23,10.3
2023-05-29T13:00,40.3,20,9.2
2023-05-29T14:00,39.6,29,13.5
2023-05-29T15:00,38.1,35,19.2
2023-05-29T16:00,36.7,33,18.6
2023-05-29T17:00,35.5,40,16.7
2023-05-29T18:00,33.8,47,16.1
2023-05-29T19:00,32.0,61,10.2
2023-05-29T20:00,30.9,74,7.6
2023-05-29T21:00,30.5,72,3.4
2023-05-29T22:00,29.9,75,0.5
2023-05-29T23:00,28.9,78,3.3
2023-05-30T00:00,28.3,78,6.7
2023-05-30T01:00,27.3,81,6.6
2023-05-30T02:00,26.4,84,5.8
2023-05-30T03:00,26.0,83,8.3
2023-05-30T04:00,25.9,72,9.4
2023-05-30T05:00,25.7,67,9.7
2023-05-30T06:00,26.0,63,10.4
2023-05-30T07:00,28.4,51,9.4
2023-05-30T08:00,32.8,35,9.3
2023-05-30T09:00,37.5,22,10.3
2023-05-30T10:00,40.4,15,8.1
2023-05-30T11:00,42.3,11,7.9
2023-05-30T12:00,43.6,9,8.7
2023-05-30T13:00,41.8,19,19.8
2023-05-30T14:00,39.6,29,28.0
2023-05-30T15:00,37.8,37,24.2
2023-05-30T16:00,36.9,41,22.9
2023-05-30T17:00,36.1,41,20.2
2023-05-30T18:00,35.2,43,16.6
2023-05-30T19:00,33.6,48,12.8
2023-05-30T20:00,32.4,60,9.7
2023-05-30T21:00,31.8,62,9.3
2023-05-30T22:00,31.5,51,4.3
2023-05-30T23:00,30.5,54,6.6
2023-05-31T00:00,30.4,53,3.6
2023-05-31T01:00,29.3,57,4.0
2023-05-31T02:00,28.1,59,8.7
2023-05-31T03:00,27.0,64,7.3
2023-05-31T04:00,26.8,62,6.0
2023-05-31T05:00,27.1,60,8.1
2023-05-31T06:00,27.7,55,13.4
2023-05-31T07:00,30.1,42,12.4
2023-05-31T08:00,33.7,30,13.4
2023-05-31T09:00,36.9,25,24.8
2023-05-31T10:00,39.4,20,22.4
2023-05-31T11:00,41.0,16,20.1
2023-05-31T12:00,41.3,19,21.7
2023-05-31T13:00,39.3,37,28.7
2023-05-31T14:00,37.7,39,32.8
2023-05-31T15:00,37.3,39,27.4
2023-05-31T16:00,38.0,35,22.6
2023-05-31T17:00,35.8,44,24.2
2023-05-31T18:00,34.3,47,22.2
2023-05-31T19:00,32.7,54,20.1
2023-05-31T20:00,31.7,62,17.2
2023-05-31T21:00,31.2,64,14.4
2023-05-31T22:00,30.7,65,11.2
2023-05-31T23:00,30.2,67,11.2
2023-06-01T00:00,29.4,70,13.0
2023-06-01T01:00,28.8,72,15.0
2023-06-01T02:00,28.3,71,16.5
2023-06-01T03:00,27.9,74,17.1
2023-06-01T04:00,27.8,77,13.8
2023-06-01T05:00,27.9,78,13.2
2023-06-01T06:00,27.8,78,12.6
2023-06-01T07:00,29.5,69,11.6
2023-06-01T08:00,32.2,56,13.3
2023-06-01T09:00,34.6,44,16.4
2023-06-01T10:00,36.3,34,23.0
2023-06-01T11:00,36.6,35,27.4
2023-06-01T12:00,37.0,36,28.1
2023-06-01T13:00,37.1,37,29.6
2023-06-01T14:00,36.9,37,31.0
2023-06-01T15:00,36.5,40,30.4
2023-06-01T16:00,36.5,35,30.0
2023-06-01T17:00,35.5,38,27.8
2023-06-01T18:00,34.2,44,25.9
2023-06-01T19:00,32.9,50,22.7
2023-06-01T20:00,32.3,53,20.3
2023-06-01T21:00,32.0,50,20.9
2023-06-01T22:00,31.3,54,20.4
2023-06-01T23:00,30.7,55,20.9
2023-06-02T00:00,30.1,58,20.4
2023-06-02T01:00,29.7,59,21.2
2023-06-02T02:00,29.3,61,21.8
2023-06-02T03:00,29.0,62,23.1
2023-06-02T04:00,28.6,63,22.3
2023-06-02T05:00,28.7,62,21.1
2023-06-02T06:00,28.8,61,20.6
2023-06-02T07:00,30.8,57,20.6
2023-06-02T08:00,33.5,48,25.5
2023-06-02T09:00,35.1,36,30.6
2023-06-02T10:00,35.9,33,32.2
2023-06-02T11:00,36.2,32,32.2
2023-06-02T12:00,36.3,34,30.7
2023-06-02T13:00,36.3,33,31.0
2023-06-02T14:00,36.1,34,31.4
2023-06-02T15:00,35.7,34,32.9
2023-06-02T16:00,35.0,34,32.4
2023-06-02T17:00,33.9,39,30.2
2023-06-02T18:00,33.0,44,29.4
2023-06-02T19:00,31.9,50,27.7
2023-06-02T20:00,31.3,54,23.6
2023-06-02T21:00,30.8,57,19.0
2023-06-02T22:00,30.2,58,16.9
2023-06-02T23:00,29.4,61,13.9
2023-06-03T00:00,28.6,62,14.5
2023-06-03T01:00,28.0,60,16.2
2023-06-03T02:00,27.3,61,18.4
2023-06-03T03:00,26.7,63,17.5
2023-06-03T04:00,26.2,61,18.9
2023-06-03T05:00,26.1,60,19.1
2023-06-03T06:00,26.0,58,18.6
2023-06-03T07:00,27.3,53,14.8
2023-06-03T08:00,29.9,45,17.6
2023-06-03T09:00,32.1,41,18.9
2023-06-03T10:00,33.9,37,17.4
2023-06-03T11:00,35.8,32,16.3
2023-06-03T12:00,37.7,27,16.3
2023-06-03T13:00,39.3,23,16.6
2023-06-03T14:00,40.1,22,15.6
2023-06-03T15:00,39.0,31,17.6
2023-06-03T16:00,36.7,41,19.5
2023-06-03T17:00,35.2,42,20.2
2023-06-03T18:00,33.7,49,15.3
2023-06-03T19:00,32.9,56,12.2
2023-06-03T20:00,31.9,62,10.9
2023-06-03T21:00,31.3,62,6.8
2023-06-03T22:00,30.9,62,6.2
2023-06-03T23:00,29.9,68,5.5
2023-06-04T00:00,29.0,77,4.9
2023-06-04T01:00,28.3,81,7.0
2023-06-04T02:00,27.5,87,9.1
2023-06-04T03:00,26.9,92,9.7
2023-06-04T04:00,26.0,93,8.9
2023-06-04T05:00,26.1,87,8.7
2023-06-04T06:00,25.9,82,7.9
2023-06-04T07:00,27.4,74,7.9
2023-06-04T08:00,29.5,66,9.7
2023-06-04T09:00,32.5,54,11.4
2023-06-04T10:00,35.7,40,11.4
2023-06-04T11:00,38.7,28,12.5
2023-06-04T12:00,40.8,22,15.5
2023-06-04T13:00,41.3,21,14.4
2023-06-04T14:00,38.6,47,20.8
2023-06-04T15:00,37.8,41,26.4
2023-06-04T16:00,36.1,46,25.7
2023-06-04T17:00,35.0,48,18.8
2023-06-04T18:00,34.0,53,13.2
2023-06-04T19:00,32.5,62,15.1
2023-06-04T20:00,31.9,59,10.6
2023-06-04T21:00,31.4,64,8.1
2023-06-04T22:00,31.1,64,7.1
2023-06-04T23:00,30.4,63,5.8
2023-06-05T00:00,29.7,62,7.2
2023-06-05T01:00,28.7,65,6.2
2023-06-05T02:00,29.9,60,2.2
2023-06-05T03:00,27.6,70,6.3
2023-06-05T04:00,27.6,62,10.4
2023-06-05T05:00,27.6,60,11.0
2023-06-05T06:00,27.7,52,14.7
2023-06-05T07:00,30.5,28,16.4
2023-06-05T08:00,35.0,19,15.9
2023-06-05T09:00,38.1,19,30.4
2023-06-05T10:00,40.1,18,31.4
2023-06-05T11:00,41.8,16,32.5
2023-06-05T12:00,43.2,14,30.6
2023-06-05T13:00,44.4,12,27.8
2023-06-05T14:00,43.7,12,17.4
2023-06-05T15:00,39.0,33,23.5
2023-06-05T16:00,37.5,36,22.8
2023-06-05T17:00,36.8,39,19.7
2023-06-05T18:00,35.2,46,14.1
2023-06-05T19:00,33.8,53,6.6
2023-06-05T20:00,33.4,59,5.7
2023-06-05T21:00,33.2,60,8.9
2023-06-05T22:00,33.2,50,8.4
2023-06-05T23:00,32.9,41,10.0
2023-06-06T00:00,32.2,35,10.0
2023-06-06T01:00,31.7,33,9.9
2023-06-06T02:00,31.2,32,11.0
2023-06-06T03:00,31.1,30,13.3
2023-06-06T04:00,31.3,27,13.9
2023-06-06T05:00,31.8,28,18.1
2023-06-06T06:00,31.9,26,18.4
2023-06-06T07:00,33.2,24,17.7
2023-06-06T08:00,35.8,22,16.6
2023-06-06T09:00,37.9,22,23.4
2023-06-06T10:00,39.7,21,24.6
2023-06-06T11:00,41.4,19,25.1
2023-06-06T12:00,43.0,17,23.1
2023-06-06T13:00,43.6,15,18.7
2023-06-06T14:00,42.1,23,24.0
2023-06-06T15:00,39.0,29,33.8
2023-06-06T16:00,38.6,28,26.3
2023-06-06T17:00,36.6,39,24.6
2023-06-06T18:00,36.3,35,19.6
2023-06-06T19:00,34.5,46,11.8
2023-06-06T20:00,34.1,51,5.0
2023-06-06T21:00,33.3,50,4.0
2023-06-06T22:00,33.2,48,3.1
2023-06-06T23:00,31.8,50,7.1
2023-06-07T00:00,31.1,46,11.8
2023-06-07T01:00,30.3,44,11.5
2023-06-07T02:00,29.7,43,11.7
2023-06-07T03:00,28.6,44,10.6
2023-06-07T04:00,28.0,50,10.3
2023-06-07T05:00,27.7,53,8.8
2023-06-07T06:00,27.6,50,9.0
2023-06-07T07:00,29.5,43,6.9
2023-06-07T08:00,32.5,36,6.0
2023-06-07T09:00,35.0,34,11.3
2023-06-07T10:00,37.1,33,12.3
2023-06-07T11:00,38.6,33,13.7
2023-06-07T12:00,38.8,34,19.4
2023-06-07T13:00,39.2,25,21.7
2023-06-07T14:00,39.0,23,21.7
2023-06-07T15:00,37.9,26,22.1
2023-06-07T16:00,37.0,26,21.0
2023-06-07T17:00,35.7,33,17.6
2023-06-07T18:00,34.4,40,14.5
2023-06-07T19:00,33.1,46,11.8
2023-06-07T20:00,32.0,51,11.1
2023-06-07T21:00,30.8,57,12.6
2023-06-07T22:00,29.8,71,13.0
2023-06-07T23:00,29.1,78,12.4
2023-06-08T00:00,28.4,83,10.4
2023-06-08T01:00,27.3,88,9.0
2023-06-08T02:00,26.7,85,11.9
2023-06-08T03:00,25.8,87,11.5
2023-06-08T04:00,26.5,65,12.2
2023-06-08T05:00,26.1,66,10.9
2023-06-08T06:00,26.0,63,12.2
2023-06-08T07:00,28.1,53,12.2
2023-06-08T08:00,31.3,44,9.1
2023-06-08T09:00,33.8,41,10.7
2023-06-08T10:00,35.7,38,11.9
2023-06-08T11:00,37.6,32,14.5
2023-06-08T12:00,38.8,27,18.4
2023-06-08T13:00,39.2,24,21.3
2023-06-08T14:00,39.2,25,22.8
2023-06-08T15:00,38.7,28,25.6
2023-06-08T16:00,37.8,30,27.0
2023-06-08T17:00,36.0,36,24.5
2023-06-08T18:00,34.5,43,23.1
2023-06-08T19:00,33.3,50,17.0
2023-06-08T20:00,32.7,53,14.7
2023-06-08T21:00,32.2,53,12.8
2023-06-08T22:00,31.4,55,10.8
2023-06-08T23:00,30.6,55,11.1
2023-06-09T00:00,29.8,53,11.3
2023-06-09T01:00,28.9,54,10.8
2023-06-09T02:00,28.2,54,11.6
2023-06-09T03:00,27.5,52,11.9
2023-06-09T04:00,26.8,49,12.1
2023-06-09T05:00,27.3,46,13.3
2023-06-09T06:00,27.4,43,15.1
2023-06-09T07:00,29.6,35,14.1
2023-06-09T08:00,33.5,26,11.3
2023-06-09T09:00,37.3,19,12.6
2023-06-09T10:00,38.9,19,19.1
2023-06-09T11:00,39.7,20,21.0
2023-06-09T12:00,40.3,20,22.5
2023-06-09T13:00,40.2,21,23.9
2023-06-09T14:00,40.1,23,23.7
2023-06-09T15:00,39.8,24,23.7
2023-06-09T16:00,39.0,25,21.3
2023-06-09T17:00,37.2,29,19.1
2023-06-09T18:00,36.0,34,14.4
2023-06-09T19:00,34.4,41,9.4
2023-06-09T20:00,33.2,48,4.4
2023-06-09T21:00,32.6,51,1.3
2023-06-09T22:00,31.4,56,3.4
2023-06-09T23:00,29.8,62,5.9
2023-06-10T00:00,29.3,60,5.8
2023-06-10T01:00,28.5,58,10.8
2023-06-10T02:00,27.1,59,8.3
2023-06-10T03:00,26.3,58,7.9
2023-06-10T04:00,26.9,50,11.6
2023-06-10T05:00,26.0,51,11.0
2023-06-10T06:00,25.6,49,11.1
2023-06-10T07:00,27.7,41,10.0
2023-06-10T08:00,32.2,30,11.3
2023-06-10T09:00,36.0,24,11.4
2023-06-10T10:00,38.1,21,12.3
2023-06-10T11:00,39.9,19,15.1
2023-06-10T12:00,40.7,20,18.4
2023-06-10T13:00,39.3,31,24.6
2023-06-10T14:00,38.9,29,22.8
2023-06-10T15:00,38.2,35,20.3
2023-06-10T16:00,37.5,35,17.4
2023-06-10T17:00,36.7,35,15.6
2023-06-10T18:00,35.6,38,13.6
2023-06-10T19:00,33.5,52,10.7
2023-06-10T20:00,32.0,66,7.3
2023-06-10T21:00,31.0,76,6.2
2023-06-10T22:00,29.9,84,5.4
2023-06-10T23:00,28.8,90,5.4
2023-06-11T00:00,28.0,95,4.9
2023-06-11T01:00,27.2,97,5.1
2023-06-11T02:00,26.9,99,9.2
2023-06-11T03:00,26.3,99,9.8
2023-06-11T04:00,25.7,98,6.6
2023-06-11T05:00,25.6,97,5.8
2023-06-11T06:00,25.8,91,8.4
2023-06-11T07:00,27.7,75,8.3
2023-06-11T08:00,30.7,56,12.4
2023-06-11T09:00,34.3,38,9.7
2023-06-11T10:00,37.8,27,8.7
2023-06-11T11:00,40.3,21,6.7
2023-06-11T12:00,41.7,20,9.8
2023-06-11T13:00,41.0,30,17.3
2023-06-11T14:00,40.6,27,21.9
2023-06-11T15:00,39.6,31,22.1
2023-06-11T16:00,38.0,35,23.0
2023-06-11T17:00,36.5,42,20.6
2023-06-11T18:00,35.0,49,17.4
2023-06-11T19:00,33.6,55,9.4
2023-06-11T20:00,32.9,60,7.1
2023-06-11T21:00,32.4,63,6.0
2023-06-11T22:00,31.3,68,4.3
2023-06-11T23:00,30.8,68,3.9
2023-06-12T00:00,29.9,72,8.3
2023-06-12T01:00,29.0,77,8.0
2023-06-12T02:00,29.8,74,1.4
2023-06-12T03:00,27.4,81,10.1
2023-06-12T04:00,26.7,83,9.5
2023-06-12T05:00,26.3,74,10.2
2023-06-12T06:00,26.2,63,10.7
2023-06-12T07:00,28.5,49,5.9
2023-06-12T08:00,32.2,38,5.4
2023-06-12T09:00,35.9,27,6.8
2023-06-12T10:00,38.6,19,5.0
2023-06-12T11:00,40.9,15,5.5
2023-06-12T12:00,42.4,14,8.9
2023-06-12T13:00,42.5,20,14.5
2023-06-12T14:00,42.9,18,16.3
2023-06-12T15:00,42.6,15,17.9
2023-06-12T16:00,38.8,30,23.1
2023-06-12T17:00,37.5,36,20.2
2023-06-12T18:00,35.3,52,16.3
2023-06-12T19:00,34.1,56,10.6
2023-06-12T20:00,33.4,61,6.1
2023-06-12T21:00,32.7,65,5.8
2023-06-12T22:00,31.7,71,6.6
2023-06-12T23:00,30.9,77,8.4
2023-06-13T00:00,29.8,82,6.3
2023-06-13T01:00,29.3,81,6.8
2023-06-13T02:00,28.7,80,8.1
2023-06-13T03:00,28.0,78,7.2
2023-06-13T04:00,28.6,74,4.4
2023-06-13T05:00,28.2,74,5.9
2023-06-13T06:00,27.7,72,8.7
2023-06-13T07:00,30.3,59,8.5
2023-06-13T08:00,33.6,47,6.2
2023-06-13T09:00,36.5,38,6.6
2023-06-13T10:00,38.6,31,12.3
2023-06-13T11:00,40.0,27,16.3
2023-06-13T12:00,40.3,26,17.3
2023-06-13T13:00,40.5,27,16.6
2023-06-13T14:00,40.7,28,17.9
2023-06-13T15:00,40.3,29,17.9
2023-06-13T16:00,39.8,31,19.3
2023-06-13T17:00,39.0,34,17.0
2023-06-13T18:00,37.6,39,13.5
2023-06-13T19:00,35.9,47,8.1
2023-06-13T20:00,34.6,57,7.6
2023-06-13T21:00,33.7,63,10.9
2023-06-13T22:00,33.2,61,13.7
2023-06-13T23:00,32.8,61,16.6
2023-06-14T00:00,32.6,59,18.5
2023-06-14T01:00,32.5,57,19.6
2023-06-14T02:00,32.2,58,18.6
2023-06-14T03:00,31.7,60,16.9
2023-06-14T04:00,31.3,61,12.7
2023-06-14T05:00,30.6,64,12.2
2023-06-14T06:00,31.2,62,14.4
2023-06-14T07:00,33.4,53,14.8
2023-06-14T08:00,35.6,47,12.3
2023-06-14T09:00,37.0,42,13.6
2023-06-14T10:00,37.8,40,17.2
2023-06-14T11:00,38.3,40,18.3
2023-06-14T12:00,38.5,41,21.7
2023-06-14T13:00,38.7,40,21.3
2023-06-14T14:00,38.8,39,20.2
2023-06-14T15:00,38.9,37,20.8
2023-06-14T16:00,38.5,37,23.9
2023-06-14T17:00,37.4,41,21.6
2023-06-14T18:00,36.1,47,17.0
2023-06-14T19:00,35.3,50,16.8
2023-06-14T20:00,34.5,55,15.5
2023-06-14T21:00,33.8,57,15.0
2023-06-14T22:00,33.2,58,17.9
2023-06-14T23:00,32.6,60,20.5
2023-06-15T00:00,31.7,63,20.4
2023-06-15T01:00,31.0,65,18.4
2023-06-15T02:00,30.4,67,18.3
2023-06-15T03:00,29.9,68,18.9
2023-06-15T04:00,28.2,71,15.0
2023-06-15T05:00,27.8,71,16.6
2023-06-15T06:00,27.6,70,16.6
2023-06-15T07:00,29.1,62,16.2
2023-06-15T08:00,31.6,52,20.7
2023-06-15T09:00,34.0,45,22.7
2023-06-15T10:00,36.3,39,22.3
2023-06-15T11:00,38.6,32,20.6
2023-06-15T12:00,40.8,26,18.2
2023-06-15T13:00,42.8,20,15.6
2023-06-15T14:00,43.7,16,9.8
2023-06-15T15:00,41.8,29,14.1
2023-06-15T16:00,39.4,38,20.5
2023-06-15T17:00,37.6,46,21.1
2023-06-15T18:00,35.6,56,19.2
2023-06-15T19:00,33.7,68,15.5
2023-06-15T20:00,32.6,78,13.5
2023-06-15T21:00,32.1,81,7.1
2023-06-15T22:00,31.7,82,1.5
2023-06-15T23:00,31.2,84,7.5
2023-06-16T00:00,30.6,88,10.7
2023-06-16T01:00,29.8,88,13.0
2023-06-16T02:00,29.7,80,14.3
2023-06-16T03:00,29.6,76,14.0
2023-06-16T04:00,28.5,76,12.1
2023-06-16T05:00,28.2,75,13.0
2023-06-16T06:00,27.9,74,13.7
2023-06-16T07:00,29.9,63,14.3
2023-06-16T08:00,33.1,51,15.6
2023-06-16T09:00,35.8,43,18.1
2023-06-16T10:00,37.8,37,18.8
2023-06-16T11:00,39.8,29,19.5
2023-06-16T12:00,41.1,22,20.5
2023-06-16T13:00,39.7,33,24.8
2023-06-16T14:00,38.9,35,26.0
2023-06-16T15:00,38.4,36,24.2
2023-06-16T16:00,37.3,40,24.6
2023-06-16T17:00,36.2,44,25.8
2023-06-16T18:00,34.9,50,25.0
2023-06-16T19:00,33.7,55,21.2
2023-06-16T20:00,33.1,59,15.2
2023-06-16T21:00,32.6,61,9.7
2023-06-16T22:00,32.2,61,9.6
2023-06-16T23:00,31.7,62,10.7
2023-06-17T00:00,31.3,63,12.9
2023-06-17T01:00,30.9,64,12.1
2023-06-17T02:00,30.2,66,11.7
2023-06-17T03:00,29.9,66,13.0
2023-06-17T04:00,28.6,64,14.1
2023-06-17T05:00,28.7,63,13.7
2023-06-17T06:00,28.7,63,15.5
2023-06-17T07:00,30.6,57,15.8
2023-06-17T08:00,33.4,50,15.8
2023-06-17T09:00,35.6,43,20.0
2023-06-17T10:00,36.4,41,22.1
2023-06-17T11:00,36.9,40,21.9
2023-06-17T12:00,37.4,39,21.3
2023-06-17T13:00,37.6,37,22.0
2023-06-17T14:00,37.6,37,23.0
2023-06-17T15:00,37.2,39,24.4
2023-06-17T16:00,36.1,47,27.2
2023-06-17T17:00,35.0,50,26.6
2023-06-17T18:00,33.7,56,24.7
2023-06-17T19:00,32.7,58,24.2
2023-06-17T20:00,32.1,60,22.0
2023-06-17T21:00,31.8,62,20.2
2023-06-17T22:00,31.2,64,18.0
2023-06-17T23:00,30.6,65,14.6
2023-06-18T00:00,29.5,71,9.4
2023-06-18T01:00,28.6,74,10.2
2023-06-18T02:00,27.8,75,10.9
2023-06-18T03:00,26.8,77,11.5
2023-06-18T04:00,26.1,80,12.6
2023-06-18T05:00,26.0,79,12.6
2023-06-18T06:00,25.8,79,11.9
2023-06-18T07:00,27.3,72,12.3
2023-06-18T08:00,30.0,62,13.0
2023-06-18T09:00,32.3,52,13.9
2023-06-18T10:00,34.5,39,10.7
2023-06-18T11:00,36.5,29,9.2
2023-06-18T12:00,37.5,27,10.4
2023-06-18T13:00,37.3,33,15.5
2023-06-18T14:00,37.1,33,20.0
2023-06-18T15:00,36.9,31,19.7
2023-06-18T16:00,35.9,34,16.2
2023-06-18T17:00,35.1,37,16.1
2023-06-18T18:00,34.0,41,13.7
2023-06-18T19:00,33.0,46,9.8
2023-06-18T20:00,32.4,49,10.0
2023-06-18T21:00,32.0,53,10.2
2023-06-18T22:00,31.6,58,9.8
2023-06-18T23:00,31.2,64,8.6
2023-06-19T00:00,30.5,70,8.3
2023-06-19T01:00,29.9,74,6.1
2023-06-19T02:00,29.4,76,6.4
2023-06-19T03:00,28.8,79,5.8
2023-06-19T04:00,28.5,77,4.7
2023-06-19T05:00,28.6,77,4.0
2023-06-19T06:00,28.7,76,3.4
2023-06-19T07:00,30.2,69,4.4
2023-06-19T08:00,31.8,61,4.9
2023-06-19T09:00,33.9,50,3.8
2023-06-19T10:00,36.2,41,3.1
2023-06-19T11:00,38.2,36,3.1
2023-06-19T12:00,39.8,34,6.0
2023-06-19T13:00,40.2,36,16.5
2023-06-19T14:00,37.9,44,28.4
2023-06-19T15:00,37.7,47,26.8
2023-06-19T16:00,36.3,50,20.4
2023-06-19T17:00,35.3,56,17.3
2023-06-19T18:00,34.5,59,17.1
2023-06-19T19:00,33.5,63,11.0
2023-06-19T20:00,33.1,66,9.4
2023-06-19T21:00,32.6,71,6.6
2023-06-19T22:00,32.4,74,5.9
2023-06-19T23:00,31.9,75,8.4
2023-06-20T00:00,31.6,75,5.4
2023-06-20T01:00,30.9,77,2.6
2023-06-20T02:00,30.3,79,4.0
2023-06-20T03:00,29.8,80,4.4
2023-06-20T04:00,30.5,75,2.4
2023-06-20T05:00,29.9,78,3.2
2023-06-20T06:00,29.6,79,8.0
2023-06-20T07:00,31.1,69,8.1
2023-06-20T08:00,34.2,43,9.8
2023-06-20T09:00,37.2,27,8.3
2023-06-20T10:00,39.3,25,6.1
2023-06-20T11:00,41.0,24,3.8
2023-06-20T12:00,42.5,21,9.6
2023-06-20T13:00,42.4,23,20.2
2023-06-20T14:00,41.4,22,24.2
2023-06-20T15:00,40.6,26,22.7
2023-06-20T16:00,39.8,25,21.7
2023-06-20T17:00,39.0,27,19.6
2023-06-20T18:00,36.6,37,19.1
2023-06-20T19:00,34.3,58,17.4
2023-06-20T20:00,33.4,63,13.6
2023-06-20T21:00,32.9,65,10.6
2023-06-20T22:00,32.5,65,5.2
2023-06-20T23:00,32.3,64,0.4
2023-06-21T00:00,31.6,64,3.4
2023-06-21T01:00,30.7,64,5.4
2023-06-21T02:00,30.7,61,3.7
2023-06-21T03:00,29.3,66,8.1
2023-06-21T04:00,28.7,70,8.9
2023-06-21T05:00,28.4,66,9.9
2023-06-21T06:00,28.1,62,10.9
2023-06-21T07:00,30.2,50,10.1
2023-06-21T08:00,33.9,38,9.3
2023-06-21T09:00,37.1,26,11.1
2023-06-21T10:00,39.4,20,11.8
2023-06-21T11:00,40.7,21,14.1
2023-06-21T12:00,40.4,31,18.4
2023-06-21T13:00,40.2,30,20.6
2023-06-21T14:00,39.9,28,21.3
2023-06-21T15:00,38.7,35,20.5
2023-06-21T16:00,38.0,38,18.8
2023-06-21T17:00,36.8,43,16.6
2023-06-21T18:00,35.6,48,13.6
2023-06-21T19:00,34.2,57,12.6
2023-06-21T20:00,33.3,59,11.2
2023-06-21T21:00,32.5,64,12.4
2023-06-21T22:00,31.7,69,13.5
2023-06-21T23:00,30.8,77,12.1
2023-06-22T00:00,30.0,82,8.7
2023-06-22T01:00,29.2,88,7.4
2023-06-22T02:00,28.7,90,9.1
2023-06-22T03:00,28.1,91,10.7
2023-06-22T04:00,28.0,89,9.7
2023-06-22T05:00,28.2,88,10.7
2023-06-22T06:00,27.9,88,10.5
2023-06-22T07:00,29.3,80,10.0
2023-06-22T08:00,31.7,67,11.5
2023-06-22T09:00,34.2,54,12.6
2023-06-22T10:00,36.9,42,12.9
2023-06-22T11:00,39.6,31,13.7
2023-06-22T12:00,41.3,25,15.8
2023-06-22T13:00,41.2,28,20.8
2023-06-22T14:00,40.8,26,22.1
2023-06-22T15:00,40.7,26,22.0
2023-06-22T16:00,39.9,31,16.6
2023-06-22T17:00,38.8,35,17.7
2023-06-22T18:00,36.4,46,18.5
2023-06-22T19:00,34.1,58,19.8
2023-06-22T20:00,33.0,64,18.7
2023-06-22T21:00,31.9,75,19.2
2023-06-22T22:00,31.5,74,15.3
2023-06-22T23:00,30.8,76,13.3
2023-06-23T00:00,30.1,79,13.3
2023-06-23T01:00,29.5,80,12.6
2023-06-23T02:00,29.0,81,13.2
2023-06-23T03:00,28.3,81,14.2
2023-06-23T04:00,27.8,85,12.1
2023-06-23T05:00,27.6,84,13.0
2023-06-23T06:00,27.3,85,13.7
2023-06-23T07:00,28.6,78,13.8
2023-06-23T08:00,31.2,66,16.2
2023-06-23T09:00,33.7,54,16.3
2023-06-23T10:00,36.1,44,14.1
2023-06-23T11:00,38.5,36,15.3
2023-06-23T12:00,40.0,30,17.4
2023-06-23T13:00,40.3,29,19.1
2023-06-23T14:00,40.3,28,20.3
2023-06-23T15:00,39.8,30,20.8
2023-06-23T16:00,37.5,40,18.4
2023-06-23T17:00,36.3,48,18.4
2023-06-23T18:00,35.2,51,14.1
2023-06-23T19:00,33.5,64,18.4
2023-06-23T20:00,32.8,66,14.8
2023-06-23T21:00,32.6,66,11.2
2023-06-23T22:00,32.2,66,8.6
2023-06-23T23:00,31.5,67,10.0
2023-06-24T00:00,30.7,67,11.8
2023-06-24T01:00,30.0,67,13.4
2023-06-24T02:00,29.7,65,14.3
2023-06-24T03:00,29.1,65,14.2
2023-06-24T04:00,28.4,68,13.9
2023-06-24T05:00,28.2,67,13.3
2023-06-24T06:00,27.8,67,14.0
2023-06-24T07:00,29.6,59,12.7
2023-06-24T08:00,33.0,47,11.2
2023-06-24T09:00,35.7,42,8.6
2023-06-24T10:00,37.2,41,8.0
2023-06-24T11:00,38.7,40,10.5
2023-06-24T12:00,39.9,38,13.4
2023-06-24T13:00,41.0,32,16.7
2023-06-24T14:00,39.7,37,23.7
2023-06-24T15:00,38.4,46,26.8
2023-06-24T16:00,38.6,39,24.6
2023-06-24T17:00,37.6,39,21.5
2023-06-24T18:00,36.2,43,18.8
2023-06-24T19:00,34.7,53,12.6
2023-06-24T20:00,34.0,57,9.7
2023-06-24T21:00,33.8,55,9.7
2023-06-24T22:00,33.2,55,8.4
2023-06-24T23:00,32.5,57,8.2
2023-06-25T00:00,32.0,57,9.5
2023-06-25T01:00,31.2,58,9.6
2023-06-25T02:00,30.7,58,10.7
2023-06-25T03:00,30.0,59,12.1
2023-06-25T04:00,28.2,61,12.6
2023-06-25T05:00,28.1,60,11.0
2023-06-25T06:00,27.5,60,11.0
2023-06-25T07:00,29.3,52,10.6
2023-06-25T08:00,33.4,40,12.3
2023-06-25T09:00,36.3,32,12.3
2023-06-25T10:00,37.8,30,10.2
2023-06-25T11:00,38.8,31,12.0
2023-06-25T12:00,39.2,34,12.7
2023-06-25T13:00,39.8,35,13.0
2023-06-25T14:00,40.9,29,15.3
2023-06-25T15:00,39.2,39,19.5
2023-06-25T16:00,38.4,42,18.1
2023-06-25T17:00,36.2,58,19.1
2023-06-25T18:00,34.1,70,21.1
2023-06-25T19:00,32.7,78,19.7
2023-06-25T20:00,32.5,77,14.2
2023-06-25T21:00,32.5,75,10.9
2023-06-25T22:00,32.2,72,7.3
2023-06-25T23:00,31.3,72,4.3
2023-06-26T00:00,30.6,74,4.0
2023-06-26T01:00,29.9,76,8.3
2023-06-26T02:00,29.0,79,9.4
2023-06-26T03:00,28.2,81,9.3
2023-06-26T04:00,27.7,80,11.2
2023-06-26T05:00,28.0,78,10.6
2023-06-26T06:00,27.8,78,9.9
2023-06-26T07:00,29.2,71,9.3
2023-06-26T08:00,32.1,57,10.7
2023-06-26T09:00,34.3,44,12.1
2023-06-26T10:00,36.5,36,11.7
2023-06-26T11:00,38.9,27,13.4
2023-06-26T12:00,40.7,22,11.9
2023-06-26T13:00,42.3,18,8.7
2023-06-26T14:00,42.7,18,10.5
2023-06-26T15:00,40.9,30,20.3
2023-06-26T16:00,37.6,43,23.2
2023-06-26T17:00,37.1,50,18.6
2023-06-26T18:00,35.6,53,18.2
2023-06-26T19:00,34.8,53,16.5
2023-06-26T20:00,33.6,61,13.5
2023-06-26T21:00,32.6,68,11.0
2023-06-26T22:00,32.1,69,10.8
2023-06-26T23:00,31.5,67,9.9
2023-06-27T00:00,30.7,71,5.8
2023-06-27T01:00,30.0,76,6.2
2023-06-27T02:00,29.3,83,5.8
2023-06-27T03:00,28.6,91,2.8
2023-06-27T04:00,29.4,79,6.6
2023-06-27T05:00,31.0,76,14.0
2023-06-27T06:00,31.2,78,21.0
2023-06-27T07:00,32.3,73,24.1
2023-06-27T08:00,34.1,64,25.9
2023-06-27T09:00,36.6,54,26.7
2023-06-27T10:00,38.9,45,20.2
2023-06-27T11:00,40.8,37,15.5
2023-06-27T12:00,42.2,32,11.7
2023-06-27T13:00,43.3,29,5.5
2023-06-27T14:00,42.9,33,15.0
2023-06-27T15:00,41.6,35,28.5
2023-06-27T16:00,38.9,47,27.8
2023-06-27T17:00,38.5,48,28.0
2023-06-27T18:00,37.4,53,25.0
2023-06-27T19:00,36.6,58,19.5
2023-06-27T20:00,36.6,60,9.8
2023-06-27T21:00,36.5,54,10.9
2023-06-27T22:00,36.0,55,12.4
2023-06-27T23:00,35.1,60,12.2
2023-06-28T00:00,34.2,64,12.7
2023-06-28T01:00,33.5,67,13.1
2023-06-28T02:00,33.0,68,16.6
2023-06-28T03:00,32.5,68,18.7
2023-06-28T04:00,32.5,67,16.5
2023-06-28T05:00,32.1,71,16.8
2023-06-28T06:00,31.9,74,17.0
2023-06-28T07:00,33.9,64,11.9
2023-06-28T08:00,36.1,40,20.6
2023-06-28T09:00,37.3,37,16.6
2023-06-28T10:00,39.0,32,13.8
2023-06-28T11:00,40.6,29,11.4
2023-06-28T12:00,42.0,27,8.7
2023-06-28T13:00,42.7,25,6.8
2023-06-28T14:00,42.2,29,15.3
2023-06-28T15:00,41.4,31,20.4
2023-06-28T16:00,39.7,38,22.7
2023-06-28T17:00,38.4,40,21.4
2023-06-28T18:00,37.0,49,16.3
2023-06-28T19:00,36.0,55,15.3
2023-06-28T20:00,35.2,57,14.0
2023-06-28T21:00,34.8,62,10.6
2023-06-28T22:00,34.4,66,8.0
2023-06-28T23:00,33.9,68,7.1
2023-06-29T00:00,33.4,71,7.6
2023-06-29T01:00,32.7,76,6.6
2023-06-29T02:00,32.1,82,6.5
2023-06-29T03:00,31.6,85,5.7
2023-06-29T04:00,31.1,87,2.5
2023-06-29T05:00,31.3,85,2.2
2023-06-29T06:00,31.3,83,4.0
2023-06-29T07:00,32.7,72,5.4
2023-06-29T08:00,35.0,49,21.3
2023-06-29T09:00,36.4,44,22.6
2023-06-29T10:00,38.2,40,22.3
2023-06-29T11:00,40.0,35,19.8
2023-06-29T12:00,41.5,31,16.5
2023-06-29T13:00,42.4,29,15.0
2023-06-29T14:00,39.6,46,27.5
2023-06-29T15:00,38.5,50,28.2
2023-06-29T16:00,38.0,49,24.8
2023-06-29T17:00,36.7,54,24.1
2023-06-29T18:00,35.0,64,20.6
2023-06-29T19:00,33.5,72,16.9
2023-06-29T20:00,32.9,76,11.0
2023-06-29T21:00,32.4,76,7.5
2023-06-29T22:00,32.4,76,5.0
2023-06-29T23:00,31.9,79,1.3
2023-06-30T00:00,31.7,80,2.8
2023-06-30T01:00,31.0,83,7.1
2023-06-30T02:00,30.4,87,8.4
2023-06-30T03:00,29.8,89,6.6
2023-06-30T04:00,29.3,92,5.5
2023-06-30T05:00,29.7,87,6.7
2023-06-30T06:00,29.9,83,8.6
2023-06-30T07:00,31.1,74,9.0
2023-06-30T08:00,33.6,57,10.7
2023-06-30T09:00,36.1,49,15.3
2023-06-30T10:00,38.8,37,18.9
2023-06-30T11:00,40.7,28,17.1
2023-06-30T12:00,40.8,31,18.0
2023-06-30T13:00,39.8,38,22.4
2023-06-30T14:00,39.7,34,23.5
2023-06-30T15:00,39.6,28,24.3
2023-06-30T16:00,38.9,28,25.6
2023-06-30T17:00,38.1,29,23.1
2023-06-30T18:00,36.1,40,20.0
2023-06-30T19:00,34.5,48,17.3
2023-06-30T20:00,33.3,54,17.0
2023-06-30T21:00,32.6,58,15.4
2023-06-30T22:00,32.0,64,14.7
2023-06-30T23:00,31.4,70,15.1
2023-07-01T00:00,30.9,72,15.4
2023-07-01T01:00,30.3,74,14.5
2023-07-01T02:00,29.5,75,14.5
2023-07-01T03:00,28.7,76,12.6
2023-07-01T04:00,27.9,81,12.0
2023-07-01T05:00,27.7,81,11.6
2023-07-01T06:00,27.5,80,12.7
2023-07-01T07:00,29.1,69,12.8
2023-07-01T08:00,32.1,55,13.0
2023-07-01T09:00,34.8,44,13.0
2023-07-01T10:00,37.2,33,12.5
2023-07-01T11:00,39.3,25,14.2
2023-07-01T12:00,40.8,22,16.0
2023-07-01T13:00,41.4,22,18.7
2023-07-01T14:00,41.3,25,20.2
2023-07-01T15:00,40.0,32,24.6
2023-07-01T16:00,38.7,34,20.5
2023-07-01T17:00,37.6,40,21.6
2023-07-01T18:00,36.1,45,23.4
2023-07-01T19:00,34.2,59,21.3
2023-07-01T20:00,33.1,71,18.5
2023-07-01T21:00,32.9,69,15.5
2023-07-01T22:00,32.5,67,13.4
2023-07-01T23:00,32.1,67,12.0
2023-07-02T00:00,31.5,68,12.0
2023-07-02T01:00,30.7,69,11.8
2023-07-02T02:00,30.0,70,11.5
2023-07-02T03:00,29.3,69,11.5
2023-07-02T04:00,28.3,70,12.1
2023-07-02T05:00,28.0,68,11.6
2023-07-02T06:00,27.4,70,11.9
2023-07-02T07:00,28.9,63,11.2
2023-07-02T08:00,32.0,49,10.5
2023-07-02T09:00,34.9,37,10.8
2023-07-02T10:00,37.1,29,9.2
2023-07-02T11:00,38.7,26,9.5
2023-07-02T12:00,40.1,24,12.0
2023-07-02T13:00,40.6,26,16.2
2023-07-02T14:00,39.8,33,21.3
2023-07-02T15:00,38.7,40,24.0
2023-07-02T16:00,37.0,47,21.8
2023-07-02T17:00,35.4,55,18.1
2023-07-02T18:00,34.2,60,15.5
2023-07-02T19:00,32.8,72,13.8
2023-07-02T20:00,32.1,76,11.0
2023-07-02T21:00,31.8,76,8.9
2023-07-02T22:00,31.5,77,5.2
2023-07-02T23:00,30.8,80,3.4
2023-07-03T00:00,30.0,82,7.8
2023-07-03T01:00,29.3,86,8.9
2023-07-03T02:00,28.7,90,10.1
2023-07-03T03:00,28.2,93,11.5
2023-07-03T04:00,27.9,94,11.0
2023-07-03T05:00,28.0,92,9.5
2023-07-03T06:00,27.8,92,10.3
2023-07-03T07:00,29.0,85,9.1
2023-07-03T08:00,31.1,72,8.8
2023-07-03T09:00,32.8,63,5.8
2023-07-03T10:00,34.8,52,4.6
2023-07-03T11:00,37.2,39,3.9
2023-07-03T12:00,39.4,29,2.1
2023-07-03T13:00,40.9,25,7.0
2023-07-03T14:00,40.4,36,14.8
2023-07-03T15:00,39.8,40,19.7
2023-07-03T16:00,37.7,44,23.6
2023-07-03T17:00,36.2,48,19.7
2023-07-03T18:00,35.1,57,16.6
2023-07-03T19:00,33.8,65,12.5
2023-07-03T20:00,33.2,71,10.9
2023-07-03T21:00,32.8,74,9.1
2023-07-03T22:00,32.4,75,9.0
2023-07-03T23:00,31.9,79,7.2
2023-07-04T00:00,31.5,82,3.8
2023-07-04T01:00,30.9,86,3.4
2023-07-04T02:00,30.3,89,4.6
2023-07-04T03:00,29.7,92,4.5
2023-07-04T04:00,29.3,92,6.1
2023-07-04T05:00,29.3,92,6.9
2023-07-04T06:00,29.1,92,6.1
2023-07-04T07:00,30.2,85,5.4
2023-07-04T08:00,32.4,70,5.9
2023-07-04T09:00,35.4,50,6.4
2023-07-04T10:00,38.7,33,6.4
2023-07-04T11:00,41.1,24,2.6
2023-07-04T12:00,41.1,31,14.5
2023-07-04T13:00,39.5,40,21.2
2023-07-04T14:00,39.4,39,19.5
2023-07-04T15:00,38.8,45,18.2
2023-07-04T16:00,37.2,51,19.3
2023-07-04T17:00,36.1,58,18.1
2023-07-04T18:00,34.8,62,15.5
2023-07-04T19:00,33.9,64,11.2
2023-07-04T20:00,33.2,70,11.8
2023-07-04T21:00,32.8,73,8.2
2023-07-04T22:00,32.2,77,8.1
2023-07-04T23:00,31.5,83,9.1
2023-07-05T00:00,30.8,87,6.1
2023-07-05T01:00,30.0,91,6.5
2023-07-05T02:00,29.2,94,6.2
2023-07-05T03:00,28.4,95,9.2
2023-07-05T04:00,28.2,95,9.3
2023-07-05T05:00,28.3,93,9.0
2023-07-05T06:00,28.1,91,8.8
2023-07-05T07:00,29.6,81,9.2
2023-07-05T08:00,32.3,64,10.9
2023-07-05T09:00,35.0,49,9.8
2023-07-05T10:00,37.2,42,10.0
2023-07-05T11:00,38.8,37,12.6
2023-07-05T12:00,39.6,37,14.7
2023-07-05T13:00,40.2,34,15.9
2023-07-05T14:00,40.2,32,19.0
2023-07-05T15:00,39.4,34,20.8
2023-07-05T16:00,38.5,37,20.5
2023-07-05T17:00,36.7,49,18.9
2023-07-05T18:00,35.2,59,17.6
2023-07-05T19:00,33.7,69,14.4
2023-07-05T20:00,32.9,75,11.7
2023-07-05T21:00,32.5,77,11.1
2023-07-05T22:00,31.9,78,11.0
2023-07-05T23:00,31.2,81,8.2
2023-07-06T00:00,30.3,87,3.6
2023-07-06T01:00,29.9,87,8.0
2023-07-06T02:00,29.0,90,7.6
2023-07-06T03:00,28.2,95,9.0
2023-07-06T04:00,27.9,93,10.8
2023-07-06T05:00,27.6,94,9.8
2023-07-06T06:00,27.4,93,7.9
2023-07-06T07:00,29.3,81,4.8
2023-07-06T08:00,32.1,66,7.7
2023-07-06T09:00,35.4,49,8.9
2023-07-06T10:00,38.8,33,5.9
2023-07-06T11:00,41.1,24,5.2
2023-07-06T12:00,41.5,30,12.0
2023-07-06T13:00,40.9,33,15.9
2023-07-06T14:00,40.8,32,17.8
2023-07-06T15:00,39.9,43,16.5
2023-07-06T16:00,40.1,44,15.5
2023-07-06T17:00,38.6,52,20.5
2023-07-06T18:00,37.4,54,18.5
2023-07-06T19:00,35.9,64,17.3
2023-07-06T20:00,34.6,73,16.1
2023-07-06T21:00,34.2,75,9.4
2023-07-06T22:00,34.0,78,6.9
2023-07-06T23:00,33.4,81,8.2
2023-07-07T00:00,32.9,85,8.8
2023-07-07T01:00,32.2,90,6.8
2023-07-07T02:00,31.7,93,6.8
2023-07-07T03:00,31.0,93,6.4
2023-07-07T04:00,31.1,88,4.6
2023-07-07T05:00,30.9,89,6.0
2023-07-07T06:00,30.8,85,10.8
2023-07-07T07:00,34.4,53,16.4
2023-07-07T08:00,37.3,33,19.7
2023-07-07T09:00,39.5,28,23.5
2023-07-07T10:00,42.0,23,23.4
2023-07-07T11:00,44.0,19,20.0
2023-07-07T12:00,45.4,18,14.0
2023-07-07T13:00,46.1,17,7.1
2023-07-07T14:00,41.2,37,29.5
2023-07-07T15:00,41.8,34,19.0
2023-07-07T16:00,40.6,39,19.6
2023-07-07T17:00,39.8,38,15.6
2023-07-07T18:00,39.5,37,13.8
2023-07-07T19:00,38.1,40,14.8
2023-07-07T20:00,36.7,46,12.7
2023-07-07T21:00,36.2,52,8.0
2023-07-07T22:00,35.5,58,8.3
2023-07-07T23:00,34.4,68,8.2
2023-07-08T00:00,33.7,76,9.4
2023-07-08T01:00,33.5,77,10.0
2023-07-08T02:00,33.3,75,8.5
2023-07-08T03:00,33.0,72,10.5
2023-07-08T04:00,33.1,55,10.8
2023-07-08T05:00,33.3,44,11.3
2023-07-08T06:00,33.9,38,13.0
2023-07-08T07:00,35.9,38,20.2
2023-07-08T08:00,38.2,23,24.2
2023-07-08T09:00,40.5,20,27.5
2023-07-08T10:00,42.6,19,26.8
2023-07-08T11:00,44.4,19,22.4
2023-07-08T12:00,44.3,22,17.7
2023-07-08T13:00,40.8,45,25.9
2023-07-08T14:00,40.6,43,24.8
2023-07-08T15:00,40.2,43,23.2
2023-07-08T16:00,40.7,30,21.6
2023-07-08T17:00,39.9,33,17.6
2023-07-08T18:00,39.0,38,15.3
2023-07-08T19:00,38.0,41,12.6
2023-07-08T20:00,38.2,39,6.7
2023-07-08T21:00,37.2,43,4.0
2023-07-08T22:00,36.0,49,8.3
2023-07-08T23:00,34.3,64,10.4
2023-07-09T00:00,33.0,83,9.5
2023-07-09T01:00,32.6,85,8.4
2023-07-09T02:00,32.0,88,11.2
2023-07-09T03:00,31.6,89,7.6
2023-07-09T04:00,31.7,87,9.2
2023-07-09T05:00,31.9,82,7.6
2023-07-09T06:00,31.8,75,9.0
2023-07-09T07:00,34.3,53,11.0
2023-07-09T08:00,38.0,28,21.6
2023-07-09T09:00,39.9,26,28.8
2023-07-09T10:00,42.0,23,28.6
2023-07-09T11:00,44.0,20,25.5
2023-07-09T12:00,45.7,17,21.3
2023-07-09T13:00,45.4,17,15.3
2023-07-09T14:00,41.3,40,27.1
2023-07-09T15:00,40.3,40,26.3
2023-07-09T16:00,38.4,47,25.6
2023-07-09T17:00,38.8,40,17.9
2023-07-09T18:00,37.2,50,16.9
2023-07-09T19:00,37.2,47,11.8
2023-07-09T20:00,37.3,42,7.7
2023-07-09T21:00,36.3,44,4.4
2023-07-09T22:00,35.7,48,2.3
2023-07-09T23:00,34.6,49,4.1
2023-07-10T00:00,34.5,46,3.7
2023-07-10T01:00,33.0,55,7.7
2023-07-10T02:00,31.9,81,10.6
2023-07-10T03:00,31.3,93,8.8
2023-07-10T04:00,31.1,87,8.1
2023-07-10T05:00,31.7,81,8.8
2023-07-10T06:00,31.7,67,7.1
2023-07-10T07:00,33.9,49,8.7
2023-07-10T08:00,37.2,32,18.0
2023-07-10T09:00,39.2,32,20.2
2023-07-10T10:00,41.7,25,23.4
2023-07-10T11:00,43.5,21,21.3
2023-07-10T12:00,44.9,19,17.0
2023-07-10T13:00,45.5,17,10.5
2023-07-10T14:00,42.9,32,22.4
2023-07-10T15:00,41.5,32,26.5
2023-07-10T16:00,40.7,34,22.4
2023-07-10T17:00,39.1,39,21.6
2023-07-10T18:00,38.4,43,15.9
2023-07-10T19:00,37.2,46,10.5
2023-07-10T20:00,37.6,42,9.8
2023-07-10T21:00,37.1,42,4.2
2023-07-10T22:00,36.1,46,8.6
2023-07-10T23:00,34.8,55,7.2
2023-07-11T00:00,33.8,63,4.7
2023-07-11T01:00,33.1,69,5.1
2023-07-11T02:00,32.4,73,4.7
2023-07-11T03:00,32.7,70,2.2
2023-07-11T04:00,32.0,71,7.1
2023-07-11T05:00,31.7,74,6.2
2023-07-11T06:00,32.2,58,10.5
2023-07-11T07:00,34.6,39,19.1
2023-07-11T08:00,35.7,37,25.9
2023-07-11T09:00,37.1,35,26.7
2023-07-11T10:00,39.2,29,27.2
2023-07-11T11:00,40.4,25,24.6
2023-07-11T12:00,41.1,22,21.0
2023-07-11T13:00,43.6,19,17.6
2023-07-11T14:00,44.4,17,18.0
2023-07-11T15:00,41.0,34,27.1
2023-07-11T16:00,40.6,30,25.8
2023-07-11T17:00,39.7,36,20.1
2023-07-11T18:00,38.3,40,15.8
2023-07-11T19:00,36.6,50,8.9
2023-07-11T20:00,35.6,57,5.8
2023-07-11T21:00,34.9,60,3.4
2023-07-11T22:00,34.4,62,0.7
2023-07-11T23:00,33.4,66,2.6
2023-07-12T00:00,31.9,71,4.8
2023-07-12T01:00,31.1,71,5.9
2023-07-12T02:00,30.5,69,6.8
2023-07-12T03:00,30.0,74,9.0
2023-07-12T04:00,29.9,70,10.4
2023-07-12T05:00,29.9,72,8.6
2023-07-12T06:00,29.6,72,8.7
2023-07-12T07:00,31.0,60,7.6
2023-07-12T08:00,33.7,44,11.2
2023-07-12T09:00,36.6,31,18.9
2023-07-12T10:00,38.9,27,21.7
2023-07-12T11:00,40.5,23,20.6
2023-07-12T12:00,41.7,20,18.9
2023-07-12T13:00,40.8,29,18.1
2023-07-12T14:00,39.5,37,22.7
2023-07-12T15:00,38.9,39,22.9
2023-07-12T16:00,38.0,48,20.4
2023-07-12T17:00,36.7,55,18.9
2023-07-12T18:00,35.7,58,13.8
2023-07-12T19:00,34.7,62,11.6
2023-07-12T20:00,33.8,67,9.3
2023-07-12T21:00,33.4,70,9.6
2023-07-12T22:00,32.9,75,8.4
2023-07-12T23:00,32.4,80,6.0
2023-07-13T00:00,32.0,83,3.8
2023-07-13T01:00,31.3,87,2.9
2023-07-13T02:00,31.0,88,6.6
2023-07-13T03:00,30.4,90,8.3
2023-07-13T04:00,30.1,89,8.5
2023-07-13T05:00,30.4,85,9.7
2023-07-13T06:00,30.2,84,9.9
2023-07-13T07:00,31.0,78,7.9
2023-07-13T08:00,32.7,70,12.4
2023-07-13T09:00,35.1,58,15.6
2023-07-13T10:00,37.9,44,20.2
2023-07-13T11:00,40.8,29,21.6
2023-07-13T12:00,42.7,24,19.6
2023-07-13T13:00,43.9,22,16.4
2023-07-13T14:00,44.0,22,12.9
2023-07-13T15:00,41.8,38,14.7
2023-07-13T16:00,40.9,43,15.0
2023-07-13T17:00,39.3,49,18.9
2023-07-13T18:00,38.2,51,15.1
2023-07-13T19:00,37.4,57,11.5
2023-07-13T20:00,36.4,59,11.3
2023-07-13T21:00,35.8,60,5.9
2023-07-13T22:00,35.2,65,4.5
2023-07-13T23:00,34.6,71,7.4
2023-07-14T00:00,33.8,78,10.2
2023-07-14T01:00,33.4,78,7.4
2023-07-14T02:00,33.1,80,5.4
2023-07-14T03:00,32.7,82,5.1
2023-07-14T04:00,32.5,82,7.9
2023-07-14T05:00,32.7,79,8.2
2023-07-14T06:00,32.6,78,7.0
2023-07-14T07:00,33.6,70,4.7
2023-07-14T08:00,36.3,45,13.9
2023-07-14T09:00,38.9,29,22.5
2023-07-14T10:00,40.8,26,23.5
2023-07-14T11:00,42.4,23,20.5
2023-07-14T12:00,43.9,20,17.7
2023-07-14T13:00,45.0,18,13.8
2023-07-14T14:00,45.8,17,9.4
2023-07-14T15:00,45.6,17,5.4
2023-07-14T16:00,44.7,19,7.7
2023-07-14T17:00,40.7,38,23.9
2023-07-14T18:00,39.8,36,20.4
2023-07-14T19:00,38.9,37,17.2
2023-07-14T20:00,38.5,40,15.2
2023-07-14T21:00,38.2,38,13.7
2023-07-14T22:00,38.0,39,9.7
2023-07-14T23:00,37.0,44,8.1
2023-07-15T00:00,35.9,48,8.0
2023-07-15T01:00,35.1,51,9.5
2023-07-15T02:00,34.3,51,11.3
2023-07-15T03:00,33.4,52,11.4
2023-07-15T04:00,34.9,36,11.4
2023-07-15T05:00,37.3,26,20.4
2023-07-15T06:00,36.4,28,20.9
2023-07-15T07:00,36.3,34,19.5
2023-07-15T08:00,37.2,36,21.3
2023-07-15T09:00,38.9,32,24.2
2023-07-15T10:00,40.8,27,24.5
2023-07-15T11:00,42.5,24,23.5
2023-07-15T12:00,43.9,21,21.1
2023-07-15T13:00,45.1,19,18.5
2023-07-15T14:00,45.9,17,15.0
2023-07-15T15:00,45.4,20,16.6
2023-07-15T16:00,43.8,23,20.7
2023-07-15T17:00,42.4,25,19.9
2023-07-15T18:00,41.1,29,14.3
2023-07-15T19:00,39.8,32,14.3
2023-07-15T20:00,38.5,35,7.4
2023-07-15T21:00,38.0,39,4.8
2023-07-15T22:00,36.9,45,3.3
2023-07-15T23:00,36.4,41,5.4
2023-07-16T00:00,35.7,40,4.8
2023-07-16T01:00,34.7,41,6.1
2023-07-16T02:00,34.0,41,6.6
2023-07-16T03:00,35.2,38,3.2
2023-07-16T04:00,33.0,43,4.7
2023-07-16T05:00,33.8,42,1.0
2023-07-16T06:00,32.3,46,7.2
2023-07-16T07:00,33.8,45,10.2
2023-07-16T08:00,36.7,35,16.3
2023-07-16T09:00,39.5,26,26.1
2023-07-16T10:00,41.6,24,27.9
2023-07-16T11:00,43.5,21,26.0
2023-07-16T12:00,45.0,18,23.1
2023-07-16T13:00,46.0,16,21.1
2023-07-16T14:00,45.6,17,24.9
2023-07-16T15:00,41.4,36,31.0
2023-07-16T16:00,40.4,35,24.4
2023-07-16T17:00,39.3,38,19.9
2023-07-16T18:00,37.9,43,17.9
2023-07-16T19:00,36.8,50,12.2
2023-07-16T20:00,35.7,56,6.6
2023-07-16T21:00,35.3,56,6.0
2023-07-16T22:00,34.4,60,3.2
2023-07-16T23:00,33.8,56,8.7
2023-07-17T00:00,32.7,56,7.0
2023-07-17T01:00,31.8,57,5.9
2023-07-17T02:00,31.6,57,8.2
2023-07-17T03:00,31.2,62,5.1
2023-07-17T04:00,31.1,59,9.5
2023-07-17T05:00,31.4,54,12.8
2023-07-17T06:00,31.6,50,12.2
2023-07-17T07:00,33.1,43,9.1
2023-07-17T08:00,35.9,35,6.3
2023-07-17T09:00,38.7,28,9.9
2023-07-17T10:00,41.2,22,13.8
2023-07-17T11:00,42.3,22,15.9
2023-07-17T12:00,40.3,38,22.9
2023-07-17T13:00,40.4,33,22.4
2023-07-17T14:00,39.5,42,22.2
2023-07-17T15:00,39.2,39,20.1
2023-07-17T16:00,38.9,41,17.3
2023-07-17T17:00,38.3,41,14.0
2023-07-17T18:00,37.0,47,12.7
2023-07-17T19:00,35.2,58,10.5
2023-07-17T20:00,34.0,67,6.7
2023-07-17T21:00,33.3,72,5.6
2023-07-17T22:00,32.8,77,5.0
2023-07-17T23:00,32.1,82,2.8
2023-07-18T00:00,31.4,86,4.2
2023-07-18T01:00,30.6,91,3.8
2023-07-18T02:00,30.7,89,1.8
2023-07-18T03:00,30.2,92,2.3
2023-07-18T04:00,29.5,94,8.4
2023-07-18T05:00,28.9,97,7.2
2023-07-18T06:00,28.5,98,6.8
2023-07-18T07:00,29.7,92,6.3
2023-07-18T08:00,31.7,77,8.4
2023-07-18T09:00,35.0,51,11.8
2023-07-18T10:00,38.5,33,12.1
2023-07-18T11:00,41.3,21,13.4
2023-07-18T12:00,43.2,18,13.3
2023-07-18T13:00,43.7,17,11.3
2023-07-18T14:00,41.2,35,18.5
2023-07-18T15:00,40.2,35,21.2
2023-07-18T16:00,39.4,41,20.7
2023-07-18T17:00,38.3,44,20.4
2023-07-18T18:00,36.3,56,16.7
2023-07-18T19:00,34.8,65,12.8
2023-07-18T20:00,34.1,68,9.7
2023-07-18T21:00,33.7,71,7.3
2023-07-18T22:00,33.5,71,1.1
2023-07-18T23:00,32.7,77,4.9
2023-07-19T00:00,31.9,82,4.7
2023-07-19T01:00,30.9,89,4.7
2023-07-19T02:00,29.9,95,4.9
2023-07-19T03:00,30.3,94,3.3
2023-07-19T04:00,30.6,92,4.1
2023-07-19T05:00,30.7,92,5.3
2023-07-19T06:00,30.0,93,7.0
2023-07-19T07:00,30.8,86,9.2
2023-07-19T08:00,33.6,67,11.1
2023-07-19T09:00,37.1,47,13.6
2023-07-19T10:00,40.1,34,12.9
2023-07-19T11:00,40.5,34,13.0
2023-07-19T12:00,39.8,45,16.7
2023-07-19T13:00,39.8,44,19.8
2023-07-19T14:00,40.2,40,21.4
2023-07-19T15:00,39.7,43,21.9
2023-07-19T16:00,38.1,45,20.2
2023-07-19T17:00,37.4,46,17.9
2023-07-19T18:00,35.9,56,16.1
2023-07-19T19:00,34.4,67,13.5
2023-07-19T20:00,33.4,78,12.5
2023-07-19T21:00,32.9,84,13.4
2023-07-19T22:00,32.7,84,8.3
2023-07-19T23:00,32.1,86,8.4
2023-07-20T00:00,31.3,87,9.5
2023-07-20T01:00,30.7,87,10.5
2023-07-20T02:00,30.1,88,11.4
2023-07-20T03:00,29.8,86,13.1
2023-07-20T04:00,29.7,90,12.8
2023-07-20T05:00,29.7,84,12.6
2023-07-20T06:00,29.3,83,12.3
2023-07-20T07:00,30.7,74,11.7
2023-07-20T08:00,33.4,60,11.3
2023-07-20T09:00,36.6,43,13.9
2023-07-20T10:00,39.0,34,15.3
2023-07-20T11:00,40.9,28,16.9
2023-07-20T12:00,42.2,24,16.9
2023-07-20T13:00,42.9,21,17.3
2023-07-20T14:00,42.9,22,19.1
2023-07-20T15:00,42.3,23,20.9
2023-07-20T16:00,40.4,29,20.1
2023-07-20T17:00,39.0,37,19.3
2023-07-20T18:00,37.1,50,17.1
2023-07-20T19:00,35.2,65,15.0
2023-07-20T20:00,34.4,70,11.6
2023-07-20T21:00,34.0,72,6.8
2023-07-20T22:00,33.2,76,7.9
2023-07-20T23:00,32.1,82,5.4
2023-07-21T00:00,31.2,87,5.2
2023-07-21T01:00,30.6,89,6.8
2023-07-21T02:00,29.9,92,6.6
2023-07-21T03:00,29.2,94,5.0
2023-07-21T04:00,29.0,88,9.1
2023-07-21T05:00,29.5,75,11.1
2023-07-21T06:00,29.8,62,13.9
2023-07-21T07:00,31.5,62,15.3
2023-07-21T08:00,34.3,55,16.2
2023-07-21T09:00,37.8,44,21.9
2023-07-21T10:00,41.4,28,19.6
2023-07-21T11:00,44.3,17,10.8
2023-07-21T12:00,45.5,15,9.0
2023-07-21T13:00,46.1,17,14.5
2023-07-21T14:00,44.5,29,22.7
2023-07-21T15:00,42.3,41,28.5
2023-07-21T16:00,41.5,41,28.8
2023-07-21T17:00,41.1,39,26.7
2023-07-21T18:00,40.4,38,22.7
2023-07-21T19:00,40.0,38,16.0
2023-07-21T20:00,39.1,38,17.8
2023-07-21T21:00,37.3,44,19.2
2023-07-21T22:00,36.2,48,17.0
2023-07-21T23:00,35.5,50,15.3
2023-07-22T00:00,35.0,52,10.6
2023-07-22T01:00,34.2,53,9.3
2023-07-22T02:00,33.5,55,16.9
2023-07-22T03:00,33.3,55,19.5
2023-07-22T04:00,32.8,62,23.3
2023-07-22T05:00,32.7,66,24.5
2023-07-22T06:00,32.4,70,23.7
2023-07-22T07:00,33.3,66,19.6
2023-07-22T08:00,35.7,54,16.3
2023-07-22T09:00,38.5,42,13.5
2023-07-22T10:00,41.3,30,16.1
2023-07-22T11:00,44.0,23,17.8
2023-07-22T12:00,45.9,18,14.7
2023-07-22T13:00,46.6,16,11.6
2023-07-22T14:00,43.0,30,27.9
2023-07-22T15:00,42.6,33,22.7
2023-07-22T16:00,41.4,37,20.9
2023-07-22T17:00,41.1,36,18.3
2023-07-22T18:00,40.0,38,13.5
2023-07-22T19:00,38.2,43,12.3
2023-07-22T20:00,37.3,47,8.5
2023-07-22T21:00,37.0,49,3.7
2023-07-22T22:00,36.7,51,5.2
2023-07-22T23:00,35.8,56,10.4
2023-07-23T00:00,34.9,67,10.9
2023-07-23T01:00,34.1,75,7.2
2023-07-23T02:00,33.7,78,7.9
2023-07-23T03:00,33.5,77,8.3
2023-07-23T04:00,33.2,64,15.7
2023-07-23T05:00,32.8,68,24.3
2023-07-23T06:00,33.0,64,22.6
2023-07-23T07:00,34.2,59,19.6
2023-07-23T08:00,36.4,51,19.0
2023-07-23T09:00,39.2,38,19.7
2023-07-23T10:00,41.8,26,18.1
2023-07-23T11:00,43.6,20,14.7
2023-07-23T12:00,44.9,18,11.1
2023-07-23T13:00,45.9,18,9.4
2023-07-23T14:00,46.5,19,6.0
2023-07-23T15:00,46.4,20,8.4
2023-07-23T16:00,44.7,25,15.6
2023-07-23T17:00,44.2,25,18.0
2023-07-23T18:00,43.2,27,20.3
2023-07-23T19:00,41.5,30,22.3
2023-07-23T20:00,38.8,39,22.7
2023-07-23T21:00,36.3,50,21.6
2023-07-23T22:00,34.9,56,19.8
2023-07-23T23:00,33.6,62,18.0
2023-07-24T00:00,32.9,64,19.2
2023-07-24T01:00,32.8,61,22.1
2023-07-24T02:00,32.7,59,15.5
2023-07-24T03:00,32.4,59,14.1
2023-07-24T04:00,31.8,62,15.6
2023-07-24T05:00,31.8,63,17.1
2023-07-24T06:00,31.7,66,14.2
2023-07-24T07:00,32.7,62,11.3
2023-07-24T08:00,35.6,47,12.2
2023-07-24T09:00,38.5,34,18.1
2023-07-24T10:00,40.5,29,17.7
2023-07-24T11:00,42.2,26,18.3
2023-07-24T12:00,43.5,24,15.8
2023-07-24T13:00,44.1,22,8.9
2023-07-24T14:00,43.8,24,10.6
2023-07-24T15:00,42.6,30,19.4
2023-07-24T16:00,40.3,35,21.7
2023-07-24T17:00,39.3,40,17.8
2023-07-24T18:00,38.0,42,20.5
2023-07-24T19:00,36.6,51,10.4
2023-07-24T20:00,36.1,58,6.3
2023-07-24T21:00,35.8,58,2.8
2023-07-24T22:00,36.0,53,10.9
2023-07-24T23:00,35.8,50,6.1
2023-07-25T00:00,35.9,48,7.2
2023-07-25T01:00,34.8,50,6.1
2023-07-25T02:00,34.0,53,6.1
2023-07-25T03:00,33.6,53,11.3
2023-07-25T04:00,33.8,54,10.9
2023-07-25T05:00,33.7,63,9.9
2023-07-25T06:00,34.0,61,13.4
2023-07-25T07:00,36.0,38,19.0
2023-07-25T08:00,37.2,35,22.6
2023-07-25T09:00,38.8,32,25.2
2023-07-25T10:00,40.3,29,22.7
2023-07-25T11:00,41.7,26,19.2
2023-07-25T12:00,43.1,24,16.7
2023-07-25T13:00,44.1,22,15.1
2023-07-25T14:00,44.6,22,10.7
2023-07-25T15:00,44.1,22,6.5
2023-07-25T16:00,42.6,24,3.5
2023-07-25T17:00,41.9,27,10.6
2023-07-25T18:00,40.3,33,21.3
2023-07-25T19:00,39.1,38,19.8
2023-07-25T20:00,38.6,45,10.7
2023-07-25T21:00,39.0,42,11.2
2023-07-25T22:00,38.0,45,18.3
2023-07-25T23:00,37.5,47,14.0
2023-07-26T00:00,38.2,35,11.8
2023-07-26T01:00,38.1,30,8.4
2023-07-26T02:00,37.2,36,12.1
2023-07-26T03:00,34.1,63,20.8
2023-07-26T04:00,33.7,62,20.8
2023-07-26T05:00,33.1,64,21.3
2023-07-26T06:00,33.4,57,23.5
2023-07-26T07:00,34.0,56,18.3
2023-07-26T08:00,35.4,51,20.3
2023-07-26T09:00,37.9,41,22.4
2023-07-26T10:00,39.9,35,19.8
2023-07-26T11:00,41.4,31,14.4
2023-07-26T12:00,42.4,29,13.1
2023-07-26T13:00,43.2,29,14.1
2023-07-26T14:00,43.8,28,17.5
2023-07-26T15:00,43.4,29,18.3
2023-07-26T16:00,42.5,33,22.5
2023-07-26T17:00,41.7,34,21.5
2023-07-26T18:00,40.9,35,19.2
2023-07-26T19:00,39.4,38,20.2
2023-07-26T20:00,37.3,45,23.6
2023-07-26T21:00,35.5,53,21.8
2023-07-26T22:00,34.7,56,19.4
2023-07-26T23:00,33.6,61,18.4
2023-07-27T00:00,33.1,62,20.5
2023-07-27T01:00,32.6,62,19.9
2023-07-27T02:00,32.6,62,21.3
2023-07-27T03:00,32.0,64,21.0
2023-07-27T04:00,31.7,68,18.9
2023-07-27T05:00,31.9,66,15.5
2023-07-27T06:00,32.1,63,17.2
2023-07-27T07:00,33.2,59,13.4
2023-07-27T08:00,36.0,46,14.5
2023-07-27T09:00,38.1,37,16.1
2023-07-27T10:00,39.8,33,13.2
2023-07-27T11:00,41.1,30,7.6
2023-07-27T12:00,42.1,28,2.2
2023-07-27T13:00,42.8,28,12.3
2023-07-27T14:00,42.1,32,25.6
2023-07-27T15:00,41.0,36,29.5
2023-07-27T16:00,39.8,45,32.4
2023-07-27T17:00,38.7,48,32.8
2023-07-27T18:00,37.8,50,28.6
2023-07-27T19:00,37.0,52,24.1
2023-07-27T20:00,37.0,53,15.0
2023-07-27T21:00,36.6,49,14.8
2023-07-27T22:00,35.8,51,15.0
2023-07-27T23:00,35.1,53,14.8
2023-07-28T00:00,34.4,57,14.9
2023-07-28T01:00,33.4,63,14.4
2023-07-28T02:00,32.8,65,10.4
2023-07-28T03:00,32.9,61,13.0
2023-07-28T04:00,32.4,65,11.2
2023-07-28T05:00,32.5,64,13.0
2023-07-28T06:00,32.9,62,13.9
2023-07-28T07:00,34.4,56,6.9
2023-07-28T08:00,36.9,45,10.1
2023-07-28T09:00,38.5,37,17.3
2023-07-28T10:00,39.8,34,17.3
2023-07-28T11:00,41.1,31,13.7
2023-07-28T12:00,42.3,29,9.0
2023-07-28T13:00,43.2,27,3.3
2023-07-28T14:00,43.4,27,11.5
2023-07-28T15:00,42.8,30,20.6
2023-07-28T16:00,41.2,33,25.6
2023-07-28T17:00,39.0,42,25.6
2023-07-28T18:00,37.5,52,21.3
2023-07-28T19:00,36.6,54,18.0
2023-07-28T20:00,36.4,53,12.2
2023-07-28T21:00,36.2,54,11.3
2023-07-28T22:00,36.0,55,9.4
2023-07-28T23:00,35.9,55,3.6
2023-07-29T00:00,35.4,55,5.8
2023-07-29T01:00,34.6,56,5.7
2023-07-29T02:00,33.8,58,4.0
2023-07-29T03:00,33.9,57,1.1
2023-07-29T04:00,32.8,63,4.5
2023-07-29T05:00,32.9,62,6.9
2023-07-29T06:00,32.6,64,7.2
2023-07-29T07:00,33.3,61,7.0
2023-07-29T08:00,35.2,54,10.8
2023-07-29T09:00,37.2,48,13.7
2023-07-29T10:00,39.9,38,9.0
2023-07-29T11:00,40.9,35,8.4
2023-07-29T12:00,40.5,41,17.1
2023-07-29T13:00,40.1,42,21.4
2023-07-29T14:00,40.0,42,19.6
2023-07-29T15:00,40.0,42,20.4
2023-07-29T16:00,38.9,45,18.0
2023-07-29T17:00,38.1,46,17.6
2023-07-29T18:00,36.8,53,15.4
2023-07-29T19:00,35.4,59,13.1
2023-07-29T20:00,34.2,71,11.2
2023-07-29T21:00,33.7,73,9.7
2023-07-29T22:00,33.3,75,9.1
2023-07-29T23:00,32.9,77,7.6
2023-07-30T00:00,32.6,80,4.7
2023-07-30T01:00,32.0,83,2.4
2023-07-30T02:00,31.3,88,0.0
2023-07-30T03:00,30.7,89,2.8
2023-07-30T04:00,30.3,88,5.5
2023-07-30T05:00,30.4,87,5.1
2023-07-30T06:00,29.9,88,3.9
2023-07-30T07:00,31.0,81,4.3
2023-07-30T08:00,32.8,70,0.7
2023-07-30T09:00,35.0,60,6.1
2023-07-30T10:00,37.1,50,8.1
2023-07-30T11:00,38.8,42,10.0
2023-07-30T12:00,39.5,41,12.2
2023-07-30T13:00,39.6,40,17.3
2023-07-30T14:00,38.9,41,20.7
2023-07-30T15:00,38.5,46,21.8
2023-07-30T16:00,38.1,44,17.6
2023-07-30T17:00,36.9,53,16.9
2023-07-30T18:00,35.3,62,15.0
2023-07-30T19:00,34.1,66,12.9
2023-07-30T20:00,33.4,70,11.8
2023-07-30T21:00,33.0,74,11.1
2023-07-30T22:00,32.8,76,8.9
2023-07-30T23:00,32.4,77,6.0
2023-07-31T00:00,32.0,79,2.7
2023-07-31T01:00,31.4,81,5.9
2023-07-31T02:00,30.7,85,10.0
2023-07-31T03:00,30.0,87,10.8
2023-07-31T04:00,29.3,88,8.4
2023-07-31T05:00,29.6,86,9.4
2023-07-31T06:00,29.2,87,9.1
2023-07-31T07:00,29.9,82,7.2
2023-07-31T08:00,31.9,69,6.4
2023-07-31T09:00,34.3,54,5.6
2023-07-31T10:00,36.3,46,6.9
2023-07-31T11:00,38.3,38,10.5
2023-07-31T12:00,39.3,36,14.0
2023-07-31T13:00,39.3,38,17.3
2023-07-31T14:00,39.2,37,19.1
2023-07-31T15:00,38.6,42,21.1
2023-07-31T16:00,37.5,49,21.1
2023-07-31T17:00,36.6,55,20.3
2023-07-31T18:00,35.5,63,17.6
2023-07-31T19:00,34.7,67,13.4
2023-07-31T20:00,34.4,69,10.4
2023-07-31T21:00,34.1,71,8.3
2023-07-31T22:00,33.7,73,6.5
2023-07-31T23:00,33.0,77,3.7
2023-08-01T00:00,32.2,80,7.0
2023-08-01T01:00,31.5,81,8.6
2023-08-01T02:00,30.9,80,8.6
2023-08-01T03:00,30.2,83,10.2
2023-08-01T04:00,29.3,87,9.6
2023-08-01T05:00,29.4,83,9.4
2023-08-01T06:00,29.1,81,10.0
2023-08-01T07:00,30.3,72,8.6
2023-08-01T08:00,33.0,58,7.5
2023-08-01T09:00,35.8,43,7.1
2023-08-01T10:00,37.9,35,8.7
2023-08-01T11:00,39.6,30,11.5
2023-08-01T12:00,40.7,28,14.8
2023-08-01T13:00,40.9,29,18.5
2023-08-01T14:00,40.8,29,19.9
2023-08-01T15:00,40.2,32,20.8
2023-08-01T16:00,38.3,39,20.8
2023-08-01T17:00,37.4,43,18.2
2023-08-01T18:00,36.3,49,15.0
2023-08-01T19:00,35.0,57,9.4
2023-08-01T20:00,34.4,61,5.4
2023-08-01T21:00,34.1,62,1.0
2023-08-01T22:00,33.6,64,4.8
2023-08-01T23:00,32.9,66,7.2
2023-08-02T00:00,33.1,65,4.1
2023-08-02T01:00,32.5,66,5.1
2023-08-02T02:00,32.4,65,7.9
2023-08-02T03:00,31.2,69,6.9
2023-08-02T04:00,29.9,72,5.8
2023-08-02T05:00,30.3,70,6.2
2023-08-02T06:00,30.1,70,7.9
2023-08-02T07:00,31.6,63,6.1
2023-08-02T08:00,34.1,52,5.3
2023-08-02T09:00,37.5,42,7.2
2023-08-02T10:00,40.1,35,4.5
2023-08-02T11:00,41.5,31,9.8
2023-08-02T12:00,40.6,41,20.4
2023-08-02T13:00,39.7,43,23.4
2023-08-02T14:00,39.9,43,17.8
2023-08-02T15:00,39.9,42,19.9
2023-08-02T16:00,40.0,40,21.9
2023-08-02T17:00,39.0,38,18.8
2023-08-02T18:00,38.4,39,10.9
2023-08-02T19:00,37.6,44,8.1
2023-08-02T20:00,37.2,47,7.4
2023-08-02T21:00,36.8,48,5.8
2023-08-02T22:00,36.1,51,5.9
2023-08-02T23:00,35.0,60,6.2
2023-08-03T00:00,34.2,65,6.8
2023-08-03T01:00,33.4,73,9.1
2023-08-03T02:00,32.7,84,10.8
2023-08-03T03:00,32.4,86,11.9
2023-08-03T04:00,32.5,74,15.1
2023-08-03T05:00,32.7,65,14.3
2023-08-03T06:00,32.5,59,15.6
2023-08-03T07:00,33.7,56,13.7
2023-08-03T08:00,36.4,46,13.0
2023-08-03T09:00,39.8,32,18.4
2023-08-03T10:00,42.9,25,18.9
2023-08-03T11:00,44.9,19,17.6
2023-08-03T12:00,46.3,16,14.8
2023-08-03T13:00,44.7,25,17.3
2023-08-03T14:00,42.6,35,27.7
2023-08-03T15:00,41.7,38,28.2
2023-08-03T16:00,40.2,40,26.9
2023-08-03T17:00,40.3,35,20.0
2023-08-03T18:00,38.1,48,17.2
2023-08-03T19:00,37.4,50,8.3
2023-08-03T20:00,37.3,51,5.6
2023-08-03T21:00,36.6,54,10.8
2023-08-03T22:00,35.6,57,10.1
2023-08-03T23:00,34.4,63,5.8
2023-08-04T00:00,33.6,64,5.9
2023-08-04T01:00,33.2,64,8.9
2023-08-04T02:00,32.5,69,9.5
2023-08-04T03:00,31.9,68,8.1
2023-08-04T04:00,31.8,59,5.9
2023-08-04T05:00,32.4,56,3.9
2023-08-04T06:00,31.5,56,7.6
2023-08-04T07:00,33.5,47,13.2
2023-08-04T08:00,36.6,37,9.9
2023-08-04T09:00,39.5,31,10.5
2023-08-04T10:00,40.1,33,10.7
2023-08-04T11:00,41.2,33,7.1
2023-08-04T12:00,43.5,25,5.4
2023-08-04T13:00,44.9,21,5.4
2023-08-04T14:00,44.9,24,10.2
2023-08-04T15:00,43.1,34,18.9
2023-08-04T16:00,41.4,35,19.8
2023-08-04T17:00,41.7,31,15.3
2023-08-04T18:00,41.2,32,14.9
2023-08-04T19:00,41.0,30,8.4
2023-08-04T20:00,40.8,30,8.9
2023-08-04T21:00,39.6,34,10.9
2023-08-04T22:00,37.9,40,11.9
2023-08-04T23:00,36.9,43,11.6
2023-08-05T00:00,36.0,46,8.7
2023-08-05T01:00,34.8,52,6.3
2023-08-05T02:00,34.0,65,10.3
2023-08-05T03:00,33.1,83,13.5
2023-08-05T04:00,33.3,87,12.8
2023-08-05T05:00,33.6,75,12.7
2023-08-05T06:00,33.4,57,8.7
2023-08-05T07:00,34.1,52,8.2
2023-08-05T08:00,36.1,50,9.4
2023-08-05T09:00,39.3,41,14.5
2023-08-05T10:00,41.7,32,20.7
2023-08-05T11:00,44.2,22,22.0
2023-08-05T12:00,45.9,18,21.4
2023-08-05T13:00,47.1,16,19.3
2023-08-05T14:00,47.6,14,14.3
2023-08-05T15:00,47.0,13,1.1
2023-08-05T16:00,44.3,21,16.4
2023-08-05T17:00,42.3,27,29.3
2023-08-05T18:00,42.7,27,23.5
2023-08-05T19:00,42.4,27,14.2
2023-08-05T20:00,40.7,32,18.4
2023-08-05T21:00,39.2,36,18.8
2023-08-05T22:00,38.5,34,19.1
2023-08-05T23:00,37.5,38,19.2
2023-08-06T00:00,36.5,42,17.1
2023-08-06T01:00,35.7,47,15.0
2023-08-06T02:00,35.1,52,13.4
2023-08-06T03:00,35.4,48,12.3
2023-08-06T04:00,35.1,42,7.4
2023-08-06T05:00,35.5,37,4.4
2023-08-06T06:00,34.1,43,8.0
2023-08-06T07:00,35.0,44,6.1
2023-08-06T08:00,37.4,32,9.0
2023-08-06T09:00,38.4,33,10.2
2023-08-06T10:00,40.2,30,12.8
2023-08-06T11:00,42.2,26,13.0
2023-08-06T12:00,44.0,22,12.5
2023-08-06T13:00,45.2,19,11.6
2023-08-06T14:00,46.0,18,9.5
2023-08-06T15:00,45.4,21,17.9
2023-08-06T16:00,42.4,29,25.3
2023-08-06T17:00,42.2,30,21.7
2023-08-06T18:00,41.0,33,20.2
2023-08-06T19:00,39.7,38,17.3
2023-08-06T20:00,38.2,44,14.6
2023-08-06T21:00,37.7,45,11.4
2023-08-06T22:00,37.5,41,7.9
2023-08-06T23:00,36.6,42,4.8
2023-08-07T00:00,35.8,42,6.0
2023-08-07T01:00,35.2,41,6.1
2023-08-07T02:00,34.7,54,17.0
2023-08-07T03:00,33.8,71,9.0
2023-08-07T04:00,32.7,58,10.4
2023-08-07T05:00,32.8,54,11.0
2023-08-07T06:00,33.1,46,10.5
2023-08-07T07:00,35.1,35,15.3
2023-08-07T08:00,37.3,28,19.8
2023-08-07T09:00,39.2,28,24.2
2023-08-07T10:00,41.1,25,25.6
2023-08-07T11:00,42.9,23,22.5
2023-08-07T12:00,44.3,20,19.1
2023-08-07T13:00,44.9,18,18.7
2023-08-07T14:00,42.1,32,28.5
2023-08-07T15:00,41.9,30,26.1
2023-08-07T16:00,41.3,35,24.7
2023-08-07T17:00,39.6,43,23.8
2023-08-07T18:00,37.9,52,23.9
2023-08-07T19:00,36.1,63,19.5
2023-08-07T20:00,34.9,74,13.8
2023-08-07T21:00,34.4,77,10.5
2023-08-07T22:00,34.1,75,9.5
2023-08-07T23:00,33.9,67,9.4
2023-08-08T00:00,32.8,71,4.8
2023-08-08T01:00,32.9,73,2.7
2023-08-08T02:00,32.0,78,3.5
2023-08-08T03:00,31.3,81,6.9
2023-08-08T04:00,31.5,76,10.1
2023-08-08T05:00,31.1,74,10.2
2023-08-08T06:00,31.0,72,12.6
2023-08-08T07:00,32.3,60,13.7
2023-08-08T08:00,34.9,46,13.6
2023-08-08T09:00,37.9,33,15.6
2023-08-08T10:00,40.3,25,15.8
2023-08-08T11:00,41.8,21,16.6
2023-08-08T12:00,42.6,19,17.7
2023-08-08T13:00,43.0,18,20.5
2023-08-08T14:00,42.6,18,22.7
2023-08-08T15:00,42.0,19,22.7
2023-08-08T16:00,40.5,29,18.8
2023-08-08T17:00,39.9,31,15.5
2023-08-08T18:00,38.5,41,14.5
2023-08-08T19:00,36.9,49,10.8
2023-08-08T20:00,35.7,58,8.5
2023-08-08T21:00,34.9,65,5.4
2023-08-08T22:00,34.3,69,2.2
2023-08-08T23:00,33.4,73,2.9
2023-08-09T00:00,32.9,74,5.5
2023-08-09T01:00,32.3,74,8.4
2023-08-09T02:00,32.2,67,9.2
2023-08-09T03:00,31.8,69,9.7
2023-08-09T04:00,32.0,70,3.1
2023-08-09T05:00,30.4,77,6.2
2023-08-09T06:00,29.7,80,8.1
2023-08-09T07:00,30.7,71,6.5
2023-08-09T08:00,33.3,55,7.0
2023-08-09T09:00,36.0,42,4.5
2023-08-09T10:00,38.4,33,2.9
2023-08-09T11:00,40.3,28,2.3
2023-08-09T12:00,42.3,22,5.3
2023-08-09T13:00,43.7,17,6.9
2023-08-09T14:00,43.5,20,12.6
2023-08-09T15:00,41.0,33,23.2
2023-08-09T16:00,39.7,40,19.2
2023-08-09T17:00,38.6,43,19.9
2023-08-09T18:00,37.2,52,14.2
2023-08-09T19:00,36.2,53,11.2
2023-08-09T20:00,36.2,49,12.0
2023-08-09T21:00,36.3,48,7.2
2023-08-09T22:00,35.8,51,6.9
2023-08-09T23:00,35.0,55,6.8
2023-08-10T00:00,34.5,57,7.1
2023-08-10T01:00,34.1,57,3.7
2023-08-10T02:00,34.4,56,2.4
2023-08-10T03:00,33.8,59,6.2
2023-08-10T04:00,32.1,61,6.6
2023-08-10T05:00,32.5,60,5.7
2023-08-10T06:00,32.1,64,5.0
2023-08-10T07:00,33.4,59,5.9
2023-08-10T08:00,35.6,51,8.4
2023-08-10T09:00,39.1,31,18.0
2023-08-10T10:00,41.4,27,22.2
2023-08-10T11:00,43.2,24,22.4
2023-08-10T12:00,44.6,21,20.1
2023-08-10T13:00,44.4,24,16.6
2023-08-10T14:00,41.9,37,20.9
2023-08-10T15:00,41.7,34,17.6
2023-08-10T16:00,41.8,34,12.6
2023-08-10T17:00,42.4,29,2.2
2023-08-10T18:00,41.5,32,7.9
2023-08-10T19:00,40.1,37,8.8
2023-08-10T20:00,38.2,49,8.7
2023-08-10T21:00,36.8,59,8.7
2023-08-10T22:00,36.3,58,15.4
2023-08-10T23:00,36.5,48,12.0
2023-08-11T00:00,35.9,45,10.1
2023-08-11T01:00,35.2,44,8.2
2023-08-11T02:00,35.0,44,7.2
2023-08-11T03:00,33.9,47,6.0
2023-08-11T04:00,34.0,44,3.8
2023-08-11T05:00,33.7,46,3.2
2023-08-11T06:00,32.3,49,5.4
2023-08-11T07:00,33.8,43,7.0
2023-08-11T08:00,36.8,35,8.4
2023-08-11T09:00,39.8,27,11.1
2023-08-11T10:00,41.8,22,13.0
2023-08-11T11:00,42.9,21,12.4
2023-08-11T12:00,43.9,20,10.5
2023-08-11T13:00,44.7,18,10.0
2023-08-11T14:00,45.3,18,14.9
2023-08-11T15:00,44.8,19,17.1
2023-08-11T16:00,42.6,26,19.7
2023-08-11T17:00,41.4,29,21.2
2023-08-11T18:00,39.9,36,17.3
2023-08-11T19:00,38.1,43,16.3
2023-08-11T20:00,37.1,52,12.2
2023-08-11T21:00,36.4,57,9.7
2023-08-11T22:00,35.9,56,6.4
2023-08-11T23:00,35.3,56,2.9
2023-08-12T00:00,34.6,58,4.8
2023-08-12T01:00,34.0,60,7.9
2023-08-12T02:00,33.3,61,8.7
2023-08-12T03:00,32.8,63,10.5
2023-08-12T04:00,31.8,67,11.0
2023-08-12T05:00,32.5,62,10.4
2023-08-12T06:00,32.3,58,9.7
2023-08-12T07:00,34.4,41,19.3
2023-08-12T08:00,35.6,36,23.1
2023-08-12T09:00,37.2,35,26.1
2023-08-12T10:00,39.1,31,26.8
2023-08-12T11:00,40.8,28,24.6
2023-08-12T12:00,42.2,25,19.9
2023-08-12T13:00,43.2,23,15.9
2023-08-12T14:00,43.6,22,16.6
2023-08-12T15:00,42.3,29,20.9
2023-08-12T16:00,41.2,28,18.4
2023-08-12T17:00,40.3,31,18.2
2023-08-12T18:00,38.8,39,20.2
2023-08-12T19:00,37.3,44,15.6
2023-08-12T20:00,36.6,48,7.9
2023-08-12T21:00,36.0,52,2.3
2023-08-12T22:00,35.5,51,5.5
2023-08-12T23:00,34.6,58,7.2
2023-08-13T00:00,33.5,66,5.4
2023-08-13T01:00,32.9,72,3.7
2023-08-13T02:00,32.6,71,8.2
2023-08-13T03:00,32.0,65,7.4
2023-08-13T04:00,32.0,60,6.5
2023-08-13T05:00,32.5,56,10.1
2023-08-13T06:00,32.9,43,15.0
2023-08-13T07:00,34.3,34,18.2
2023-08-13T08:00,35.7,32,21.0
2023-08-13T09:00,37.6,29,26.8
2023-08-13T10:00,39.6,27,26.1
2023-08-13T11:00,41.3,24,22.9
2023-08-13T12:00,42.7,21,20.0
2023-08-13T13:00,43.2,21,21.3
2023-08-13T14:00,42.1,25,26.5
2023-08-13T15:00,41.2,26,25.2
2023-08-13T16:00,40.0,32,23.2
2023-08-13T17:00,38.9,36,20.8
2023-08-13T18:00,37.3,48,17.6
2023-08-13T19:00,36.1,54,13.1
2023-08-13T20:00,35.2,64,13.1
2023-08-13T21:00,34.4,69,11.2
2023-08-13T22:00,33.7,75,10.6
2023-08-13T23:00,33.2,78,9.5
2023-08-14T00:00,32.9,79,1.6
2023-08-14T01:00,31.8,83,3.3
2023-08-14T02:00,31.2,82,6.4
2023-08-14T03:00,30.8,79,7.2
2023-08-14T04:00,30.3,78,8.2
2023-08-14T05:00,30.7,71,5.9
2023-08-14T06:00,30.7,67,8.8
2023-08-14T07:00,31.9,56,12.1
2023-08-14T08:00,35.1,40,12.2
2023-08-14T09:00,38.2,28,12.8
2023-08-14T10:00,40.2,24,7.7
2023-08-14T11:00,41.2,23,10.8
2023-08-14T12:00,40.9,29,18.0
2023-08-14T13:00,40.9,26,22.0
2023-08-14T14:00,40.7,29,20.4
2023-08-14T15:00,40.2,33,19.6
2023-08-14T16:00,38.9,41,18.2
2023-08-14T17:00,37.8,49,16.6
2023-08-14T18:00,36.5,55,13.7
2023-08-14T19:00,35.0,65,12.7
2023-08-14T20:00,34.3,70,9.4
2023-08-14T21:00,33.9,69,6.2
2023-08-14T22:00,33.3,71,1.6
2023-08-14T23:00,32.6,74,1.3
2023-08-15T00:00,32.2,75,0.7
2023-08-15T01:00,30.9,81,3.7
2023-08-15T02:00,29.9,88,5.4
2023-08-15T03:00,29.4,94,6.9
2023-08-15T04:00,29.4,96,7.2
2023-08-15T05:00,29.6,92,6.9
2023-08-15T06:00,29.4,87,7.9
2023-08-15T07:00,30.9,73,7.2
2023-08-15T08:00,34.0,54,7.6
2023-08-15T09:00,37.8,37,9.4
2023-08-15T10:00,41.2,25,12.1
2023-08-15T11:00,43.0,20,14.6
2023-08-15T12:00,44.6,17,14.5
2023-08-15T13:00,45.6,13,8.5
2023-08-15T14:00,45.4,10,14.3
2023-08-15T15:00,45.2,10,16.6
2023-08-15T16:00,39.8,37,25.7
2023-08-15T17:00,39.2,42,23.3
2023-08-15T18:00,38.4,46,18.8
2023-08-15T19:00,37.7,51,14.0
2023-08-15T20:00,37.3,54,8.7
2023-08-15T21:00,36.7,51,3.1
2023-08-15T22:00,36.7,40,3.6
2023-08-15T23:00,35.9,27,8.9
2023-08-16T00:00,35.7,21,12.0
2023-08-16T01:00,35.3,20,13.0
2023-08-16T02:00,35.0,20,14.8
2023-08-16T03:00,34.2,20,11.8
2023-08-16T04:00,33.2,21,7.6
2023-08-16T05:00,33.5,20,7.7
2023-08-16T06:00,33.0,22,8.4
2023-08-16T07:00,34.6,21,11.9
2023-08-16T08:00,36.5,29,13.9
2023-08-16T09:00,38.1,30,15.8
2023-08-16T10:00,40.0,27,16.3
2023-08-16T11:00,41.6,25,13.8
2023-08-16T12:00,42.9,22,10.3
2023-08-16T13:00,44.0,19,5.4
2023-08-16T14:00,44.7,16,2.5
2023-08-16T15:00,44.3,18,14.3
2023-08-16T16:00,43.5,20,15.1
2023-08-16T17:00,40.8,33,18.6
2023-08-16T18:00,40.1,36,19.0
2023-08-16T19:00,38.5,44,14.8
2023-08-16T20:00,38.4,40,7.1
2023-08-16T21:00,37.8,28,11.2
2023-08-16T22:00,36.1,31,12.2
2023-08-16T23:00,34.5,44,11.7
2023-08-17T00:00,34.2,45,10.5
2023-08-17T01:00,34.8,31,15.5
2023-08-17T02:00,35.5,32,22.3
2023-08-17T03:00,35.1,32,23.1
2023-08-17T04:00,34.0,35,20.2
2023-08-17T05:00,33.2,39,18.4
2023-08-17T06:00,32.1,45,15.6
2023-08-17T07:00,31.7,52,17.9
2023-08-17T08:00,32.3,50,20.7
2023-08-17T09:00,33.7,46,21.1
2023-08-17T10:00,35.7,39,19.4
2023-08-17T11:00,37.6,34,14.1
2023-08-17T12:00,39.1,31,9.1
2023-08-17T13:00,40.4,28,5.4
2023-08-17T14:00,41.5,26,1.9
2023-08-17T15:00,41.0,30,21.7
2023-08-17T16:00,38.3,38,24.3
2023-08-17T17:00,36.9,44,25.1
2023-08-17T18:00,35.8,48,17.7
2023-08-17T19:00,34.9,52,15.8
2023-08-17T20:00,34.5,53,10.2
2023-08-17T21:00,34.2,57,7.7
2023-08-17T22:00,33.7,60,8.3
2023-08-17T23:00,32.9,65,4.3
2023-08-18T00:00,32.3,68,2.2
2023-08-18T01:00,31.2,73,7.5
2023-08-18T02:00,30.8,76,7.9
2023-08-18T03:00,30.1,79,9.2
2023-08-18T04:00,29.9,79,6.9
2023-08-18T05:00,30.5,76,7.1
2023-08-18T06:00,30.3,75,10.9
2023-08-18T07:00,31.4,52,17.0
2023-08-18T08:00,32.2,50,21.3
2023-08-18T09:00,33.7,47,21.8
2023-08-18T10:00,35.6,41,18.7
2023-08-18T11:00,37.4,37,15.5
2023-08-18T12:00,38.9,33,12.4
2023-08-18T13:00,40.0,30,9.9
2023-08-18T14:00,40.1,32,19.1
2023-08-18T15:00,38.4,38,24.2
2023-08-18T16:00,37.0,39,22.0
2023-08-18T17:00,35.9,46,23.2
2023-08-18T18:00,34.8,52,21.4
2023-08-18T19:00,33.8,60,18.2
2023-08-18T20:00,33.5,61,12.2
2023-08-18T21:00,33.3,63,8.0
2023-08-18T22:00,32.9,66,4.5
2023-08-18T23:00,32.2,69,1.9
2023-08-19T00:00,31.9,69,0.0
2023-08-19T01:00,30.8,75,3.2
2023-08-19T02:00,30.2,77,3.8
2023-08-19T03:00,29.9,79,4.7
2023-08-19T04:00,29.8,79,9.9
2023-08-19T05:00,30.2,78,10.2
2023-08-19T06:00,30.0,77,12.1
2023-08-19T07:00,30.6,73,11.3
2023-08-19T08:00,32.4,63,16.9
2023-08-19T09:00,34.6,44,22.1
2023-08-19T10:00,36.6,37,19.6
2023-08-19T11:00,38.4,32,14.5
2023-08-19T12:00,39.9,27,10.4
2023-08-19T13:00,40.6,27,15.6
2023-08-19T14:00,39.3,35,23.0
2023-08-19T15:00,39.0,31,23.4
2023-08-19T16:00,37.7,38,22.1
2023-08-19T17:00,36.6,43,19.3
2023-08-19T18:00,35.2,53,20.1
2023-08-19T19:00,34.2,60,14.6
2023-08-19T20:00,33.8,64,11.2
2023-08-19T21:00,33.4,67,8.8
2023-08-19T22:00,32.9,68,5.1
2023-08-19T23:00,32.1,73,2.6
2023-08-20T00:00,31.3,77,3.7
2023-08-20T01:00,30.8,80,4.2
2023-08-20T02:00,30.5,82,5.9
2023-08-20T03:00,30.2,85,8.6
2023-08-20T04:00,30.0,85,8.4
2023-08-20T05:00,30.3,82,6.7
2023-08-20T06:00,29.8,83,8.2
2023-08-20T07:00,30.7,74,9.3
2023-08-20T08:00,33.9,42,18.4
2023-08-20T09:00,35.3,40,23.9
2023-08-20T10:00,37.3,36,23.3
2023-08-20T11:00,39.3,30,18.4
2023-08-20T12:00,40.9,26,13.3
2023-08-20T13:00,41.9,23,8.2
2023-08-20T14:00,42.6,21,5.9
2023-08-20T15:00,40.4,37,20.2
2023-08-20T16:00,38.3,41,22.2
2023-08-20T17:00,36.8,48,23.9
2023-08-20T18:00,35.7,51,17.9
2023-08-20T19:00,34.7,56,19.0
2023-08-20T20:00,34.3,59,17.7
2023-08-20T21:00,34.1,60,12.5
2023-08-20T22:00,33.4,63,6.9
2023-08-20T23:00,32.3,69,4.9
2023-08-21T00:00,31.2,73,5.2
2023-08-21T01:00,30.0,78,5.5
2023-08-21T02:00,29.3,79,7.2
2023-08-21T03:00,28.7,80,9.2
2023-08-21T04:00,28.8,84,9.8
2023-08-21T05:00,28.9,81,11.3
2023-08-21T06:00,28.7,65,8.9
2023-08-21T07:00,30.6,50,14.4
2023-08-21T08:00,32.3,48,17.3
2023-08-21T09:00,34.6,41,20.2
2023-08-21T10:00,37.0,34,18.9
2023-08-21T11:00,39.0,29,15.0
2023-08-21T12:00,40.7,24,11.0
2023-08-21T13:00,41.8,21,10.5
2023-08-21T14:00,41.3,28,16.9
2023-08-21T15:00,40.5,29,18.0
2023-08-21T16:00,39.7,25,17.9
2023-08-21T17:00,38.3,33,19.7
2023-08-21T18:00,36.3,43,19.7
2023-08-21T19:00,34.9,55,18.7
2023-08-21T20:00,34.1,64,14.3
2023-08-21T21:00,33.5,67,9.1
2023-08-21T22:00,32.4,73,3.6
2023-08-21T23:00,31.8,74,6.1
2023-08-22T00:00,30.9,77,6.8
2023-08-22T01:00,30.2,81,8.3
2023-08-22T02:00,29.5,83,9.4
2023-08-22T03:00,29.0,82,9.2
2023-08-22T04:00,29.0,83,8.9
2023-08-22T05:00,28.9,78,8.3
2023-08-22T06:00,28.6,74,11.3
2023-08-22T07:00,30.1,57,13.4
2023-08-22T08:00,33.7,36,14.2
2023-08-22T09:00,36.2,32,18.4
2023-08-22T10:00,38.9,26,15.3
2023-08-22T11:00,41.0,20,10.6
2023-08-22T12:00,42.2,17,9.7
2023-08-22T13:00,42.3,21,15.3
2023-08-22T14:00,41.8,22,20.1
2023-08-22T15:00,40.4,25,20.7
2023-08-22T16:00,38.9,33,19.7
2023-08-22T17:00,36.6,51,20.8
2023-08-22T18:00,35.0,64,20.1
2023-08-22T19:00,34.0,72,17.2
2023-08-22T20:00,33.7,74,16.3
2023-08-22T21:00,33.3,77,14.0
2023-08-22T22:00,32.8,80,6.8
2023-08-22T23:00,32.4,83,1.0
2023-08-23T00:00,32.0,85,1.5
2023-08-23T01:00,30.8,90,5.1
2023-08-23T02:00,30.3,92,7.1
2023-08-23T03:00,29.7,94,7.6
2023-08-23T04:00,29.5,91,9.5
2023-08-23T05:00,29.4,91,10.5
2023-08-23T06:00,29.0,91,11.5
2023-08-23T07:00,29.8,85,13.0
2023-08-23T08:00,32.2,72,14.0
2023-08-23T09:00,35.1,54,15.8
2023-08-23T10:00,37.7,43,14.4
2023-08-23T11:00,39.8,35,13.6
2023-08-23T12:00,41.3,31,15.1
2023-08-23T13:00,40.9,36,21.7
2023-08-23T14:00,40.5,34,21.9
2023-08-23T15:00,39.7,40,22.3
2023-08-23T16:00,38.2,49,22.2
2023-08-23T17:00,36.9,55,23.3
2023-08-23T18:00,35.8,62,19.4
2023-08-23T19:00,34.8,69,15.0
2023-08-23T20:00,34.4,71,11.2
2023-08-23T21:00,33.9,74,10.9
2023-08-23T22:00,33.4,77,7.6
2023-08-23T23:00,32.8,81,7.3
2023-08-24T00:00,32.1,85,3.8
2023-08-24T01:00,31.7,87,6.2
2023-08-24T02:00,31.2,89,7.8
2023-08-24T03:00,30.7,91,9.5
2023-08-24T04:00,30.6,93,8.9
2023-08-24T05:00,30.7,91,8.6
2023-08-24T06:00,30.3,91,8.4
2023-08-24T07:00,30.9,85,9.3
2023-08-24T08:00,32.8,76,10.8
2023-08-24T09:00,35.2,65,12.4
2023-08-24T10:00,37.5,53,7.1
2023-08-24T11:00,39.1,47,7.8
2023-08-24T12:00,39.4,50,13.3
2023-08-24T13:00,39.4,50,16.5
2023-08-24T14:00,39.5,46,19.5
2023-08-24T15:00,38.6,54,19.3
2023-08-24T16:00,37.5,55,17.1
2023-08-24T17:00,37.1,56,16.6
2023-08-24T18:00,36.0,62,14.7
2023-08-24T19:00,35.0,68,11.1
2023-08-24T20:00,34.4,72,7.2
2023-08-24T21:00,34.1,73,2.8
2023-08-24T22:00,33.8,73,4.0
2023-08-24T23:00,33.2,74,10.1
2023-08-25T00:00,33.3,69,12.4
2023-08-25T01:00,33.0,64,10.2
2023-08-25T02:00,31.9,68,6.9
2023-08-25T03:00,31.3,72,5.6
2023-08-25T04:00,31.2,82,8.4
2023-08-25T05:00,31.3,82,8.9
2023-08-25T06:00,30.7,76,8.0
2023-08-25T07:00,31.8,68,6.6
2023-08-25T08:00,34.8,55,7.9
2023-08-25T09:00,38.7,40,9.4
2023-08-25T10:00,42.4,26,9.7
2023-08-25T11:00,45.3,16,9.2
2023-08-25T12:00,47.2,11,6.3
2023-08-25T13:00,47.4,10,9.9
2023-08-25T14:00,39.4,50,36.7
2023-08-25T15:00,41.1,38,27.4
2023-08-25T16:00,40.3,37,23.9
2023-08-25T17:00,38.6,44,16.2
2023-08-25T18:00,37.8,52,10.1
2023-08-25T19:00,36.9,57,10.2
2023-08-25T20:00,36.0,62,6.5
2023-08-25T21:00,35.3,66,4.5
2023-08-25T22:00,34.4,69,7.8
2023-08-25T23:00,33.7,67,7.5
2023-08-26T00:00,33.2,63,7.4
2023-08-26T01:00,32.5,57,7.6
2023-08-26T02:00,33.5,52,1.8
2023-08-26T03:00,31.2,56,8.5
2023-08-26T04:00,30.9,62,4.9
2023-08-26T05:00,31.5,62,3.4
2023-08-26T06:00,30.1,62,6.3
2023-08-26T07:00,31.7,53,5.9
2023-08-26T08:00,34.6,44,8.5
2023-08-26T09:00,38.0,33,12.0
2023-08-26T10:00,41.7,22,13.7
2023-08-26T11:00,44.8,14,15.1
2023-08-26T12:00,46.5,13,12.9
2023-08-26T13:00,43.5,30,23.2
2023-08-26T14:00,41.8,34,27.2
2023-08-26T15:00,40.7,40,21.5
2023-08-26T16:00,39.3,43,18.4
2023-08-26T17:00,38.7,48,18.9
2023-08-26T18:00,37.7,47,14.7
2023-08-26T19:00,35.6,64,12.9
2023-08-26T20:00,35.1,68,6.7
2023-08-26T21:00,34.7,68,5.1
2023-08-26T22:00,33.8,68,5.6
2023-08-26T23:00,33.1,66,6.4
2023-08-27T00:00,32.4,64,6.8
2023-08-27T01:00,32.1,63,11.9
2023-08-27T02:00,30.9,67,8.5
2023-08-27T03:00,31.3,64,0.8
2023-08-27T04:00,29.8,60,6.3
2023-08-27T05:00,29.9,57,5.6
2023-08-27T06:00,29.3,58,8.0
2023-08-27T07:00,30.8,52,11.5
2023-08-27T08:00,34.8,34,12.8
2023-08-27T09:00,38.8,23,16.8
2023-08-27T10:00,41.7,20,20.3
2023-08-27T11:00,43.9,17,19.5
2023-08-27T12:00,45.5,15,15.9
2023-08-27T13:00,45.8,14,13.4
2023-08-27T14:00,42.5,28,25.7
2023-08-27T15:00,41.4,31,24.2
2023-08-27T16:00,40.3,35,20.1
2023-08-27T17:00,38.6,46,19.7
2023-08-27T18:00,37.2,54,18.0
2023-08-27T19:00,35.9,60,12.6
2023-08-27T20:00,35.5,61,10.4
2023-08-27T21:00,35.2,60,6.9
2023-08-27T22:00,33.8,68,5.6
2023-08-27T23:00,32.8,75,9.3
2023-08-28T00:00,32.2,80,8.5
2023-08-28T01:00,31.6,87,9.8
2023-08-28T02:00,31.1,91,8.7
2023-08-28T03:00,30.9,91,3.4
2023-08-28T04:00,30.3,91,10.5
2023-08-28T05:00,30.2,89,8.9
2023-08-28T06:00,29.8,86,8.2
2023-08-28T07:00,30.9,75,9.2
2023-08-28T08:00,33.9,60,10.8
2023-08-28T09:00,37.8,44,15.7
2023-08-28T10:00,41.2,27,11.6
2023-08-28T11:00,43.2,20,5.8
2023-08-28T12:00,44.4,17,5.5
2023-08-28T13:00,44.3,23,14.5
2023-08-28T14:00,42.6,31,26.0
2023-08-28T15:00,40.6,40,24.0
2023-08-28T16:00,38.8,46,26.0
2023-08-28T17:00,37.2,52,20.0
2023-08-28T18:00,36.0,59,19.8
2023-08-28T19:00,34.4,71,17.9
2023-08-28T20:00,33.9,74,14.1
2023-08-28T21:00,33.5,77,10.0
2023-08-28T22:00,33.1,79,6.0
2023-08-28T23:00,32.5,82,4.0
2023-08-29T00:00,31.8,86,4.5
2023-08-29T01:00,31.0,89,7.0
2023-08-29T02:00,30.0,92,6.3
2023-08-29T03:00,29.2,95,6.6
2023-08-29T04:00,29.1,96,4.9
2023-08-29T05:00,29.5,94,7.1
2023-08-29T06:00,29.2,95,6.9
2023-08-29T07:00,30.0,91,6.2
2023-08-29T08:00,31.7,81,6.0
2023-08-29T09:00,34.3,65,7.6
2023-08-29T10:00,38.0,44,10.5
2023-08-29T11:00,41.4,27,13.0
2023-08-29T12:00,41.2,32,16.3
2023-08-29T13:00,39.1,43,24.5
2023-08-29T14:00,39.4,41,25.2
2023-08-29T15:00,39.3,31,26.7
2023-08-29T16:00,39.2,32,22.3
2023-08-29T17:00,38.5,28,18.3
2023-08-29T18:00,36.6,40,16.6
2023-08-29T19:00,35.5,41,12.7
2023-08-29T20:00,34.5,47,10.5
2023-08-29T21:00,34.0,43,13.4
2023-08-29T22:00,33.9,27,16.6
2023-08-29T23:00,33.6,25,17.1
2023-08-30T00:00,33.3,23,17.4
2023-08-30T01:00,33.2,16,16.9
2023-08-30T02:00,32.8,15,14.8
2023-08-30T03:00,32.0,21,14.3
2023-08-30T04:00,30.6,40,15.2
2023-08-30T05:00,30.3,54,12.6
2023-08-30T06:00,29.0,66,11.2
2023-08-30T07:00,29.9,59,10.3
2023-08-30T08:00,32.0,57,8.1
2023-08-30T09:00,34.7,50,11.6
2023-08-30T10:00,37.9,35,6.6
2023-08-30T11:00,39.8,27,6.5
2023-08-30T12:00,41.5,23,9.7
2023-08-30T13:00,42.8,21,11.4
2023-08-30T14:00,44.0,19,11.8
2023-08-30T15:00,43.8,20,16.0
2023-08-30T16:00,40.0,36,25.2
2023-08-30T17:00,39.3,37,19.6
2023-08-30T18:00,37.7,46,20.5
2023-08-30T19:00,37.3,42,20.0
2023-08-30T20:00,37.3,42,14.5
2023-08-30T21:00,35.6,53,17.3
2023-08-30T22:00,34.1,59,14.0
2023-08-30T23:00,33.2,61,12.6
2023-08-31T00:00,32.4,63,11.6
2023-08-31T01:00,31.7,65,11.5
2023-08-31T02:00,31.0,68,10.4
2023-08-31T03:00,30.2,71,8.1
2023-08-31T04:00,29.9,73,10.7
2023-08-31T05:00,30.3,71,10.5
2023-08-31T06:00,29.8,74,9.3
2023-08-31T07:00,30.8,67,12.7
2023-08-31T08:00,34.4,39,14.0
2023-08-31T09:00,36.8,33,20.7
2023-08-31T10:00,38.8,30,20.7
2023-08-31T11:00,40.6,26,18.4
2023-08-31T12:00,41.7,23,17.3
2023-08-31T13:00,40.9,30,20.7
2023-08-31T14:00,40.3,28,24.1
2023-08-31T15:00,39.7,33,21.7
2023-08-31T16:00,38.9,35,22.9
2023-08-31T17:00,37.4,39,22.1
2023-08-31T18:00,35.9,50,19.3
2023-08-31T19:00,34.6,60,13.4
2023-08-31T20:00,33.9,64,9.4
2023-08-31T21:00,33.6,65,6.6
2023-08-31T22:00,33.0,68,4.7
2023-08-31T23:00,32.4,72,6.8
2023-09-01T00:00,31.9,75,6.6
2023-09-01T01:00,31.3,78,6.0
2023-09-01T02:00,30.5,82,4.7
2023-09-01T03:00,29.9,84,5.0
2023-09-01T04:00,29.9,84,5.1
2023-09-01T05:00,30.2,83,5.4
2023-09-01T06:00,29.5,87,4.7
2023-09-01T07:00,30.6,82,5.8
2023-09-01T08:00,32.4,75,9.8
2023-09-01T09:00,34.0,68,8.7
2023-09-01T10:00,35.9,57,9.0
2023-09-01T11:00,37.6,49,8.4
2023-09-01T12:00,38.7,46,10.1
2023-09-01T13:00,38.4,54,17.7
2023-09-01T14:00,37.9,54,20.1
2023-09-01T15:00,38.0,51,16.5
2023-09-01T16:00,37.3,52,17.2
2023-09-01T17:00,36.6,53,16.6
2023-09-01T18:00,35.5,56,14.8
2023-09-01T19:00,34.2,65,14.5
2023-09-01T20:00,33.7,70,11.6
2023-09-01T21:00,33.4,70,8.5
2023-09-01T22:00,33.0,73,7.5
2023-09-01T23:00,32.6,75,5.1
2023-09-02T00:00,32.1,77,5.2
2023-09-02T01:00,31.5,80,4.7
2023-09-02T02:00,31.0,83,4.0
2023-09-02T03:00,30.7,84,4.6
2023-09-02T04:00,30.7,84,3.4
2023-09-02T05:00,30.9,83,6.4
2023-09-02T06:00,30.5,83,10.6
2023-09-02T07:00,31.2,74,15.7
2023-09-02T08:00,33.2,64,19.3
2023-09-02T09:00,35.1,56,19.8
2023-09-02T10:00,37.1,48,16.2
2023-09-02T11:00,38.8,42,12.5
2023-09-02T12:00,40.3,36,10.4
2023-09-02T13:00,41.5,31,7.7
2023-09-02T14:00,41.8,31,12.2
2023-09-02T15:00,39.7,44,26.8
2023-09-02T16:00,38.2,50,27.2
2023-09-02T17:00,37.8,54,22.2
2023-09-02T18:00,37.4,55,12.4
2023-09-02T19:00,37.1,49,8.9
2023-09-02T20:00,36.7,46,12.7
2023-09-02T21:00,35.8,48,13.1
2023-09-02T22:00,34.8,52,11.0
2023-09-02T23:00,34.0,56,8.4
2023-09-03T00:00,33.4,57,8.7
2023-09-03T01:00,32.7,59,9.0
2023-09-03T02:00,32.0,61,9.0
2023-09-03T03:00,31.3,62,10.0
2023-09-03T04:00,30.2,69,9.7
2023-09-03T05:00,30.1,69,9.0
2023-09-03T06:00,29.9,69,11.2
2023-09-03T07:00,30.0,72,13.4
2023-09-03T08:00,31.6,69,14.8
2023-09-03T09:00,35.1,52,16.3
2023-09-03T10:00,37.8,40,12.3
2023-09-03T11:00,39.6,33,9.0
2023-09-03T12:00,40.9,29,5.5
2023-09-03T13:00,41.8,27,2.0
2023-09-03T14:00,42.0,30,14.5
2023-09-03T15:00,41.2,36,21.3
2023-09-03T16:00,39.6,41,25.2
2023-09-03T17:00,38.0,46,24.9
2023-09-03T18:00,36.7,51,23.3
2023-09-03T19:00,35.5,58,19.8
2023-09-03T20:00,35.1,62,18.4
2023-09-03T21:00,34.8,63,17.9
2023-09-03T22:00,34.4,62,12.9
2023-09-03T23:00,33.9,63,8.5
2023-09-04T00:00,33.1,67,10.1
2023-09-04T01:00,32.3,73,11.4
2023-09-04T02:00,31.6,77,11.1
2023-09-04T03:00,31.1,80,10.5
2023-09-04T04:00,30.3,67,10.7
2023-09-04T05:00,30.3,66,11.3
2023-09-04T06:00,30.0,67,11.9
2023-09-04T07:00,30.3,65,10.5
2023-09-04T08:00,32.3,58,12.0
2023-09-04T09:00,35.6,42,21.1
2023-09-04T10:00,37.5,36,20.0
2023-09-04T11:00,39.0,32,15.0
2023-09-04T12:00,40.5,28,10.5
2023-09-04T13:00,41.5,26,8.9
2023-09-04T14:00,41.1,30,15.2
2023-09-04T15:00,40.0,34,20.2
2023-09-04T16:00,38.2,41,21.3
2023-09-04T17:00,36.6,49,22.9
2023-09-04T18:00,35.1,56,20.9
2023-09-04T19:00,34.5,61,14.2
2023-09-04T20:00,34.0,64,6.4
2023-09-04T21:00,33.7,67,4.3
2023-09-04T22:00,33.3,69,8.0
2023-09-04T23:00,32.9,76,9.0
2023-09-05T00:00,32.6,76,9.6
2023-09-05T01:00,32.1,79,7.3
2023-09-05T02:00,31.5,82,6.5
2023-09-05T03:00,31.0,85,8.6
2023-09-05T04:00,30.3,87,8.2
2023-09-05T05:00,30.5,84,6.5
2023-09-05T06:00,30.0,85,4.5
2023-09-05T07:00,30.7,81,2.8
2023-09-05T08:00,32.3,72,3.8
2023-09-05T09:00,34.5,60,6.0
2023-09-05T10:00,36.6,48,4.6
2023-09-05T11:00,38.5,40,5.2
2023-09-05T12:00,40.0,35,9.1
2023-09-05T13:00,39.5,43,18.6
2023-09-05T14:00,39.1,41,21.6
2023-09-05T15:00,38.8,45,18.4
2023-09-05T16:00,38.1,48,18.5
2023-09-05T17:00,37.0,50,21.3
2023-09-05T18:00,35.5,59,18.1
2023-09-05T19:00,34.6,66,14.3
2023-09-05T20:00,33.8,73,11.7
2023-09-05T21:00,33.5,75,5.2
2023-09-05T22:00,33.2,76,5.5
2023-09-05T23:00,32.8,73,10.4
2023-09-06T00:00,31.8,73,5.1
2023-09-06T01:00,31.7,84,10.3
2023-09-06T02:00,31.7,85,13.2
2023-09-06T03:00,31.4,86,11.8
2023-09-06T04:00,30.3,83,6.7
2023-09-06T05:00,30.3,82,6.8
2023-09-06T06:00,29.7,84,7.9
2023-09-06T07:00,30.5,78,8.5
2023-09-06T08:00,33.2,62,16.5
2023-09-06T09:00,36.6,46,15.9
2023-09-06T10:00,39.7,29,16.7
2023-09-06T11:00,41.8,22,14.1
2023-09-06T12:00,43.1,19,8.4
2023-09-06T13:00,44.2,16,1.1
2023-09-06T14:00,40.3,41,27.3
2023-09-06T15:00,39.5,43,25.5
2023-09-06T16:00,39.5,39,28.7
2023-09-06T17:00,37.2,54,28.6
2023-09-06T18:00,36.1,57,20.8
2023-09-06T19:00,35.0,68,15.5
2023-09-06T20:00,34.6,70,10.6
2023-09-06T21:00,34.4,67,8.0
2023-09-06T22:00,33.7,62,7.3
2023-09-06T23:00,32.4,60,6.0
2023-09-07T00:00,31.6,56,7.7
2023-09-07T01:00,30.7,55,7.9
2023-09-07T02:00,29.9,59,7.2
2023-09-07T03:00,30.0,72,14.4
2023-09-07T04:00,29.4,64,14.5
2023-09-07T05:00,29.7,58,14.1
2023-09-07T06:00,29.8,56,17.6
2023-09-07T07:00,30.7,47,21.0
2023-09-07T08:00,34.2,23,18.8
2023-09-07T09:00,36.5,31,28.6
2023-09-07T10:00,38.8,29,30.4
2023-09-07T11:00,40.9,24,26.6
2023-09-07T12:00,42.6,19,20.5
2023-09-07T13:00,43.8,15,11.7
2023-09-07T14:00,44.5,13,5.5
2023-09-07T15:00,41.4,33,23.4
2023-09-07T16:00,38.5,39,26.5
2023-09-07T17:00,37.2,48,23.8
2023-09-07T18:00,35.8,54,18.5
2023-09-07T19:00,34.6,60,18.3
2023-09-07T20:00,34.5,57,13.9
2023-09-07T21:00,34.1,54,9.6
2023-09-07T22:00,33.3,53,8.9
2023-09-07T23:00,32.4,53,9.1
2023-09-08T00:00,31.6,54,9.3
2023-09-08T01:00,30.6,58,8.3
2023-09-08T02:00,30.0,60,9.8
2023-09-08T03:00,29.3,61,9.4
2023-09-08T04:00,29.3,60,11.9
2023-09-08T05:00,29.8,55,12.0
2023-09-08T06:00,29.9,48,12.2
2023-09-08T07:00,30.8,40,14.2
2023-09-08T08:00,33.4,35,18.6
2023-09-08T09:00,35.5,38,22.1
2023-09-08T10:00,38.2,30,24.5
2023-09-08T11:00,40.1,26,22.5
2023-09-08T12:00,41.4,22,18.8
2023-09-08T13:00,42.5,20,14.9
2023-09-08T14:00,43.3,18,11.8
2023-09-08T15:00,42.3,24,18.7
2023-09-08T16:00,38.4,38,27.5
2023-09-08T17:00,36.8,47,26.3
2023-09-08T18:00,35.3,58,22.5
2023-09-08T19:00,34.2,62,17.7
2023-09-08T20:00,33.8,65,12.4
2023-09-08T21:00,33.2,65,5.2
2023-09-08T22:00,32.7,66,2.9
2023-09-08T23:00,31.7,69,3.9
2023-09-09T00:00,30.7,72,8.7
2023-09-09T01:00,29.7,75,9.3
2023-09-09T02:00,28.8,77,7.7
2023-09-09T03:00,28.3,76,7.6
2023-09-09T04:00,27.9,75,9.0
2023-09-09T05:00,28.1,71,8.8
2023-09-09T06:00,27.6,70,9.4
2023-09-09T07:00,28.6,62,9.5
2023-09-09T08:00,32.6,41,12.2
2023-09-09T09:00,36.4,27,13.0
2023-09-09T10:00,39.1,20,15.5
2023-09-09T11:00,40.8,17,15.4
2023-09-09T12:00,41.5,17,18.0
2023-09-09T13:00,40.9,22,23.3
2023-09-09T14:00,40.4,22,25.1
2023-09-09T15:00,39.0,33,24.3
2023-09-09T16:00,37.2,43,22.4
2023-09-09T17:00,36.4,46,19.7
2023-09-09T18:00,35.4,50,15.9
2023-09-09T19:00,34.6,56,12.4
2023-09-09T20:00,34.1,59,7.7
2023-09-09T21:00,33.6,62,6.0
2023-09-09T22:00,32.9,65,8.1
2023-09-09T23:00,32.3,68,10.0
2023-09-10T00:00,31.5,71,8.0
2023-09-10T01:00,31.0,73,9.3
2023-09-10T02:00,30.4,76,9.1
2023-09-10T03:00,29.9,78,8.6
2023-09-10T04:00,29.4,77,8.8
2023-09-10T05:00,29.7,75,8.4
2023-09-10T06:00,29.5,75,9.2
2023-09-10T07:00,30.2,72,9.3
2023-09-10T08:00,32.2,64,13.2
2023-09-10T09:00,34.0,61,15.5
2023-09-10T10:00,35.8,52,12.8
2023-09-10T11:00,37.8,43,12.1
2023-09-10T12:00,39.4,37,12.3
2023-09-10T13:00,40.6,34,12.7
2023-09-10T14:00,39.4,44,17.7
2023-09-10T15:00,37.6,52,22.8
2023-09-10T16:00,36.8,53,18.2
2023-09-10T17:00,36.1,57,13.9
2023-09-10T18:00,35.1,63,12.8
2023-09-10T19:00,34.0,65,12.5
2023-09-10T20:00,33.6,64,7.5
2023-09-10T21:00,33.6,65,2.5
2023-09-10T22:00,33.3,68,3.6
2023-09-10T23:00,32.6,71,5.8
2023-09-11T00:00,32.0,74,6.5
2023-09-11T01:00,31.4,76,7.0
2023-09-11T02:00,31.0,78,7.9
2023-09-11T03:00,30.5,79,7.4
2023-09-11T04:00,30.4,78,7.7
2023-09-11T05:00,30.5,75,6.5
2023-09-11T06:00,30.1,72,7.9
2023-09-11T07:00,31.3,52,12.8
2023-09-11T08:00,34.5,28,15.3
2023-09-11T09:00,36.6,29,22.0
2023-09-11T10:00,38.7,28,22.0
2023-09-11T11:00,40.6,25,19.5
2023-09-11T12:00,42.0,22,17.0
2023-09-11T13:00,42.5,21,14.8
2023-09-11T14:00,41.2,30,17.3
2023-09-11T15:00,40.2,31,20.5
2023-09-11T16:00,39.1,33,21.1
2023-09-11T17:00,37.9,41,16.6
2023-09-11T18:00,36.7,45,17.3
2023-09-11T19:00,35.2,52,11.3
2023-09-11T20:00,34.8,59,8.1
2023-09-11T21:00,34.6,58,7.8
2023-09-11T22:00,34.1,54,7.6
2023-09-11T23:00,33.0,53,6.1
2023-09-12T00:00,31.9,54,5.5
2023-09-12T01:00,31.3,55,4.6
2023-09-12T02:00,30.8,56,4.5
2023-09-12T03:00,30.2,59,8.5
2023-09-12T04:00,30.7,66,2.9
2023-09-12T05:00,29.8,70,5.1
2023-09-12T06:00,29.8,70,10.7
2023-09-12T07:00,30.9,63,13.1
2023-09-12T08:00,33.8,37,17.3
2023-09-12T09:00,36.2,36,21.6
2023-09-12T10:00,38.7,30,23.7
2023-09-12T11:00,40.5,25,21.7
2023-09-12T12:00,42.0,22,17.6
2023-09-12T13:00,43.1,19,12.9
2023-09-12T14:00,42.7,23,17.2
2023-09-12T15:00,40.7,32,24.5
2023-09-12T16:00,39.2,34,20.3
2023-09-12T17:00,37.7,39,21.9
2023-09-12T18:00,35.8,50,19.6
2023-09-12T19:00,34.5,59,13.8
2023-09-12T20:00,33.8,65,8.7
2023-09-12T21:00,32.9,70,4.6
2023-09-12T22:00,32.5,74,1.6
2023-09-12T23:00,31.4,78,2.9
2023-09-13T00:00,30.3,81,6.3
2023-09-13T01:00,29.3,82,6.4
2023-09-13T02:00,28.8,82,9.2
2023-09-13T03:00,28.1,84,7.4
2023-09-13T04:00,27.6,80,10.6
2023-09-13T05:00,28.0,72,10.9
2023-09-13T06:00,27.7,65,12.0
2023-09-13T07:00,28.6,55,14.1
2023-09-13T08:00,32.0,41,13.4
2023-09-13T09:00,34.7,35,19.1
2023-09-13T10:00,38.3,26,21.4
2023-09-13T11:00,40.8,19,19.5
2023-09-13T12:00,42.4,16,16.8
2023-09-13T13:00,42.5,18,19.5
2023-09-13T14:00,40.3,27,26.7
2023-09-13T15:00,39.4,31,24.6
2023-09-13T16:00,38.1,39,20.1
2023-09-13T17:00,36.5,49,17.8
2023-09-13T18:00,35.0,61,14.4
2023-09-13T19:00,34.0,70,10.9
2023-09-13T20:00,33.5,73,6.6
2023-09-13T21:00,32.9,77,4.7
2023-09-13T22:00,32.2,81,5.1
2023-09-13T23:00,31.5,85,6.6
2023-09-14T00:00,30.6,88,4.3
2023-09-14T01:00,30.3,89,2.3
2023-09-14T02:00,29.7,92,2.6
2023-09-14T03:00,28.9,95,5.7
2023-09-14T04:00,28.5,98,5.7
2023-09-14T05:00,29.1,95,8.5
2023-09-14T06:00,29.5,88,15.7
2023-09-14T07:00,31.3,76,12.0
2023-09-14T08:00,32.7,65,8.7
2023-09-14T09:00,34.9,52,5.2
2023-09-14T10:00,37.4,41,3.9
2023-09-14T11:00,39.6,33,5.2
2023-09-14T12:00,40.7,31,10.1
2023-09-14T13:00,39.8,44,15.3
2023-09-14T14:00,39.4,42,21.1
2023-09-14T15:00,38.4,48,20.2
2023-09-14T16:00,36.9,52,16.6
2023-09-14T17:00,35.6,62,17.7
2023-09-14T18:00,34.1,71,16.7
2023-09-14T19:00,33.2,76,15.9
2023-09-14T20:00,32.7,78,14.4
2023-09-14T21:00,32.5,78,11.2
2023-09-14T22:00,32.1,78,7.9
2023-09-14T23:00,31.7,78,10.7
2023-09-15T00:00,31.4,76,9.0
2023-09-15T01:00,31.0,76,3.7
2023-09-15T02:00,30.2,84,8.5
2023-09-15T03:00,29.8,89,8.1
2023-09-15T04:00,29.6,94,6.5
2023-09-15T05:00,30.4,91,8.2
2023-09-15T06:00,30.0,90,10.0
2023-09-15T07:00,30.6,75,11.9
2023-09-15T08:00,32.3,64,19.5
2023-09-15T09:00,34.9,53,22.5
2023-09-15T10:00,38.4,34,20.9
2023-09-15T11:00,40.5,28,15.7
2023-09-15T12:00,42.3,24,12.4
2023-09-15T13:00,43.1,23,8.5
2023-09-15T14:00,41.9,32,16.1
2023-09-15T15:00,39.9,40,22.7
2023-09-15T16:00,37.9,46,19.4
2023-09-15T17:00,36.5,55,20.0
2023-09-15T18:00,34.9,61,17.9
2023-09-15T19:00,34.2,66,15.8
2023-09-15T20:00,33.9,67,10.5
2023-09-15T21:00,33.3,70,8.6
2023-09-15T22:00,32.7,74,4.7
2023-09-15T23:00,32.2,76,4.9
2023-09-16T00:00,31.6,77,5.2
2023-09-16T01:00,31.3,79,6.4
2023-09-16T02:00,31.1,82,7.0
2023-09-16T03:00,30.7,85,6.5
2023-09-16T04:00,30.4,87,8.4
2023-09-16T05:00,30.5,80,12.9
2023-09-16T06:00,30.0,79,10.3
2023-09-16T07:00,30.3,77,3.1
2023-09-16T08:00,31.6,74,5.1
2023-09-16T09:00,33.6,70,10.2
2023-09-16T10:00,36.0,55,11.7
2023-09-16T11:00,37.9,46,10.8
2023-09-16T12:00,39.3,42,10.7
2023-09-16T13:00,40.1,40,10.2
2023-09-16T14:00,38.8,52,17.8
2023-09-16T15:00,37.9,54,22.4
2023-09-16T16:00,36.5,57,21.1
2023-09-16T17:00,36.1,57,18.1
2023-09-16T18:00,35.3,60,15.1
2023-09-16T19:00,34.0,69,15.5
2023-09-16T20:00,33.8,67,14.1
2023-09-16T21:00,33.8,63,11.8
2023-09-16T22:00,33.8,63,11.1
2023-09-16T23:00,33.6,64,8.7
2023-09-17T00:00,33.0,65,5.5
2023-09-17T01:00,32.2,68,3.3
2023-09-17T02:00,31.9,69,1.8
2023-09-17T03:00,31.1,72,3.6
2023-09-17T04:00,31.6,79,9.1
2023-09-17T05:00,31.7,76,8.3
2023-09-17T06:00,31.2,74,7.7
2023-09-17T07:00,31.4,71,4.4
2023-09-17T08:00,32.8,64,5.4
2023-09-17T09:00,34.2,58,6.3
2023-09-17T10:00,35.7,53,4.8
2023-09-17T11:00,37.3,47,2.2
2023-09-17T12:00,38.7,42,1.8
2023-09-17T13:00,39.2,42,9.4
2023-09-17T14:00,38.5,49,17.6
2023-09-17T15:00,37.9,51,20.3
2023-09-17T16:00,36.5,57,21.3
2023-09-17T17:00,35.4,62,17.5
2023-09-17T18:00,34.6,65,16.7
2023-09-17T19:00,33.8,70,12.9
2023-09-17T20:00,33.5,72,12.6
2023-09-17T21:00,33.3,72,11.2
2023-09-17T22:00,33.1,73,10.9
2023-09-17T23:00,32.8,74,8.8
2023-09-18T00:00,32.5,76,6.8
2023-09-18T01:00,32.1,79,4.7
2023-09-18T02:00,31.7,82,4.2
2023-09-18T03:00,31.2,85,3.6
2023-09-18T04:00,31.2,82,5.7
2023-09-18T05:00,31.3,81,3.5
2023-09-18T06:00,31.0,83,4.8
2023-09-18T07:00,31.4,80,9.1
2023-09-18T08:00,32.7,73,11.9
2023-09-18T09:00,34.8,59,13.4
2023-09-18T10:00,37.1,47,11.6
2023-09-18T11:00,39.0,39,6.3
2023-09-18T12:00,40.4,33,3.3
2023-09-18T13:00,40.4,36,13.0
2023-09-18T14:00,39.5,45,21.1
2023-09-18T15:00,38.2,51,21.9
2023-09-18T16:00,37.1,60,21.9
2023-09-18T17:00,35.9,64,16.7
2023-09-18T18:00,34.8,69,12.0
2023-09-18T19:00,34.6,68,15.5
2023-09-18T20:00,34.1,71,11.9
2023-09-18T21:00,34.1,69,8.5
2023-09-18T22:00,33.8,72,12.3
2023-09-18T23:00,33.2,75,8.6
2023-09-19T00:00,32.8,77,6.2
2023-09-19T01:00,32.3,80,2.9
2023-09-19T02:00,32.0,81,0.0
2023-09-19T03:00,31.7,83,0.5
2023-09-19T04:00,30.8,86,3.5
2023-09-19T05:00,31.0,85,4.6
2023-09-19T06:00,30.6,87,9.0
2023-09-19T07:00,31.2,82,7.4
2023-09-19T08:00,33.3,67,9.5
2023-09-19T09:00,35.7,53,9.7
2023-09-19T10:00,37.9,43,7.9
2023-09-19T11:00,39.8,36,5.5
2023-09-19T12:00,41.2,31,4.2
2023-09-19T13:00,42.1,29,10.8
2023-09-19T14:00,41.9,32,18.4
2023-09-19T15:00,41.2,33,20.9
2023-09-19T16:00,39.8,36,15.3
2023-09-19T17:00,40.0,30,16.0
2023-09-19T18:00,36.6,56,18.8
2023-09-19T19:00,35.1,66,14.0
2023-09-19T20:00,34.7,68,12.3
2023-09-19T21:00,34.5,68,12.2
2023-09-19T22:00,34.7,59,10.1
2023-09-19T23:00,34.1,58,7.4
2023-09-20T00:00,33.1,63,5.7
2023-09-20T01:00,32.6,65,6.4
2023-09-20T02:00,32.1,68,7.9
2023-09-20T03:00,31.9,75,8.6
2023-09-20T04:00,30.9,77,9.3
2023-09-20T05:00,31.1,71,9.3
2023-09-20T06:00,30.6,68,9.4
2023-09-20T07:00,31.3,59,9.5
2023-09-20T08:00,33.9,48,12.1
2023-09-20T09:00,36.4,36,19.1
2023-09-20T10:00,38.0,35,19.6
2023-09-20T11:00,39.7,31,15.0
2023-09-20T12:00,41.0,27,11.0
2023-09-20T13:00,41.7,26,12.0
2023-09-20T14:00,40.8,33,19.0
2023-09-20T15:00,40.1,32,21.6
2023-09-20T16:00,38.5,39,21.9
2023-09-20T17:00,36.9,46,24.5
2023-09-20T18:00,35.3,60,19.2
2023-09-20T19:00,34.4,65,14.5
2023-09-20T20:00,33.7,74,11.6
2023-09-20T21:00,33.0,78,10.9
2023-09-20T22:00,32.5,82,7.6
2023-09-20T23:00,31.7,86,2.7
2023-09-21T00:00,31.1,88,1.9
2023-09-21T01:00,30.9,89,0.4
2023-09-21T02:00,30.6,90,2.0
2023-09-21T03:00,30.1,92,2.5
2023-09-21T04:00,28.9,93,9.4
2023-09-21T05:00,28.4,91,7.4
2023-09-21T06:00,28.1,89,11.7
2023-09-21T07:00,29.0,79,9.7
2023-09-21T08:00,31.3,66,6.9
2023-09-21T09:00,34.8,45,11.1
2023-09-21T10:00,37.2,34,11.5
2023-09-21T11:00,38.3,32,7.6
2023-09-21T12:00,39.2,32,10.6
2023-09-21T13:00,39.1,37,17.7
2023-09-21T14:00,39.0,34,19.9
2023-09-21T15:00,38.2,42,19.8
2023-09-21T16:00,36.6,50,19.8
2023-09-21T17:00,35.4,58,17.8
2023-09-21T18:00,34.0,68,17.4
2023-09-21T19:00,33.3,72,13.5
2023-09-21T20:00,32.9,76,9.2
2023-09-21T21:00,32.3,79,4.5
2023-09-21T22:00,31.5,82,3.9
2023-09-21T23:00,30.6,87,1.8
2023-09-22T00:00,30.0,89,5.6
2023-09-22T01:00,29.1,94,4.8
2023-09-22T02:00,28.6,95,3.8
2023-09-22T03:00,28.2,97,6.9
2023-09-22T04:00,28.2,96,7.7
2023-09-22T05:00,28.3,96,8.7
2023-09-22T06:00,27.8,95,7.2
2023-09-22T07:00,28.2,94,5.4
2023-09-22T08:00,30.7,80,9.7
2023-09-22T09:00,34.0,56,11.1
2023-09-22T10:00,36.9,38,9.7
2023-09-22T11:00,39.2,28,8.4
2023-09-22T12:00,40.8,24,9.2
2023-09-22T13:00,41.3,25,7.6
2023-09-22T14:00,40.2,36,14.0
2023-09-22T15:00,39.0,38,23.3
2023-09-22T16:00,37.7,50,19.7
2023-09-22T17:00,36.7,57,18.5
2023-09-22T18:00,35.8,59,13.8
2023-09-22T19:00,34.7,66,11.9
2023-09-22T20:00,33.7,73,9.8
2023-09-22T21:00,33.0,80,5.8
2023-09-22T22:00,32.1,86,2.4
2023-09-22T23:00,31.2,92,4.0
2023-09-23T00:00,30.5,96,6.9
2023-09-23T01:00,29.8,97,8.2
2023-09-23T02:00,29.1,95,9.4
2023-09-23T03:00,28.6,92,11.4
2023-09-23T04:00,28.6,93,12.6
2023-09-23T05:00,28.4,88,11.0
2023-09-23T06:00,27.8,75,10.8
2023-09-23T07:00,29.5,48,13.3
2023-09-23T08:00,34.5,27,12.2
2023-09-23T09:00,37.5,20,11.4
2023-09-23T10:00,40.2,19,16.0
2023-09-23T11:00,42.5,11,26.5
2023-09-23T12:00,43.7,8,32.2
2023-09-23T13:00,43.8,8,29.6
2023-09-23T14:00,44.0,8,25.5
2023-09-23T15:00,43.9,7,24.3
2023-09-23T16:00,43.2,8,22.3
2023-09-23T17:00,42.8,7,23.9
2023-09-23T18:00,41.1,8,22.4
2023-09-23T19:00,38.7,10,19.6
2023-09-23T20:00,36.9,11,14.4
2023-09-23T21:00,35.5,16,14.4
2023-09-23T22:00,34.7,22,15.0
2023-09-23T23:00,34.5,20,14.5
2023-09-24T00:00,33.1,20,12.6
2023-09-24T01:00,31.6,22,10.9
2023-09-24T02:00,31.2,22,5.4
2023-09-24T03:00,29.9,23,11.7
2023-09-24T04:00,29.0,31,12.3
2023-09-24T05:00,29.7,28,13.8
2023-09-24T06:00,29.5,34,15.9
2023-09-24T07:00,30.3,38,16.1
2023-09-24T08:00,33.1,26,14.0
2023-09-24T09:00,36.0,30,18.4
2023-09-24T10:00,39.3,17,20.9
2023-09-24T11:00,41.4,10,20.6
2023-09-24T12:00,43.2,6,19.9
2023-09-24T13:00,43.8,6,17.8
2023-09-24T14:00,44.1,6,17.9
2023-09-24T15:00,43.8,6,20.8
2023-09-24T16:00,42.5,14,16.7
2023-09-24T17:00,38.6,38,22.7
2023-09-24T18:00,39.2,17,15.3
2023-09-24T19:00,38.6,8,15.9
2023-09-24T20:00,36.6,13,13.1
2023-09-24T21:00,35.4,12,12.3
2023-09-24T22:00,34.3,10,10.6
2023-09-24T23:00,33.8,11,12.5
2023-09-25T00:00,33.0,11,13.6
2023-09-25T01:00,32.2,11,13.1
2023-09-25T02:00,31.5,11,12.6
2023-09-25T03:00,30.4,13,10.6
2023-09-25T04:00,29.8,13,4.2
2023-09-25T05:00,29.0,14,4.6
2023-09-25T06:00,27.7,14,7.1
2023-09-25T07:00,28.9,13,8.9
2023-09-25T08:00,31.6,12,9.7
2023-09-25T09:00,35.0,10,13.7
2023-09-25T10:00,37.8,13,15.1
2023-09-25T11:00,39.9,16,16.7
2023-09-25T12:00,41.3,15,14.5
2023-09-25T13:00,42.1,14,10.3
2023-09-25T14:00,41.6,15,8.6
2023-09-25T15:00,40.0,20,21.2
2023-09-25T16:00,37.5,39,22.7
2023-09-25T17:00,36.1,43,21.8
2023-09-25T18:00,34.6,53,15.7
2023-09-25T19:00,34.1,52,15.0
2023-09-25T20:00,34.0,51,10.2
2023-09-25T21:00,33.2,53,5.4
2023-09-25T22:00,32.6,56,2.6
2023-09-25T23:00,31.1,60,5.5
2023-09-26T00:00,30.4,60,6.7
2023-09-26T01:00,29.8,60,8.2
2023-09-26T02:00,28.8,61,6.4
2023-09-26T03:00,28.9,55,4.9
2023-09-26T04:00,28.8,56,5.2
2023-09-26T05:00,28.7,50,6.8
2023-09-26T06:00,28.5,41,9.7
2023-09-26T07:00,29.5,32,8.4
2023-09-26T08:00,32.3,23,6.2
2023-09-26T09:00,35.6,16,4.5
2023-09-26T10:00,38.7,12,5.5
2023-09-26T11:00,41.2,9,7.6
2023-09-26T12:00,42.5,8,3.2
2023-09-26T13:00,42.9,8,6.6
2023-09-26T14:00,42.8,9,12.2
2023-09-26T15:00,42.0,12,15.3
2023-09-26T16:00,38.5,36,28.2
2023-09-26T17:00,36.9,37,24.3
2023-09-26T18:00,35.9,39,17.8
2023-09-26T19:00,34.8,46,9.4
2023-09-26T20:00,34.1,51,6.9
2023-09-26T21:00,33.2,47,7.9
2023-09-26T22:00,32.5,26,9.1
2023-09-26T23:00,31.4,21,9.4
2023-09-27T00:00,30.7,23,11.3
2023-09-27T01:00,29.8,25,11.3
2023-09-27T02:00,29.0,34,12.3
2023-09-27T03:00,28.3,48,13.9
2023-09-27T04:00,28.2,56,14.3
2023-09-27T05:00,27.8,62,11.7
2023-09-27T06:00,27.2,65,11.6
2023-09-27T07:00,28.0,57,12.3
2023-09-27T08:00,31.3,30,10.7
2023-09-27T09:00,34.1,26,16.5
2023-09-27T10:00,36.7,26,22.2
2023-09-27T11:00,39.0,21,22.1
2023-09-27T12:00,40.6,15,16.8
2023-09-27T13:00,41.5,13,11.2
2023-09-27T14:00,41.9,12,6.3
2023-09-27T15:00,41.4,13,7.2
2023-09-27T16:00,38.9,30,19.6
2023-09-27T17:00,37.1,35,22.0
2023-09-27T18:00,35.0,50,17.9
2023-09-27T19:00,33.9,59,15.1
2023-09-27T20:00,33.7,55,11.9
2023-09-27T21:00,33.1,52,10.4
2023-09-27T22:00,32.1,51,9.3
2023-09-27T23:00,31.1,53,9.4
2023-09-28T00:00,30.2,52,9.2
2023-09-28T01:00,29.7,47,10.5
2023-09-28T02:00,29.2,42,11.3
2023-09-28T03:00,28.4,45,10.5
2023-09-28T04:00,27.7,42,11.8
2023-09-28T05:00,28.4,40,17.3
2023-09-28T06:00,29.1,25,19.4
2023-09-28T07:00,29.5,25,22.5
2023-09-28T08:00,31.6,23,21.8
2023-09-28T09:00,34.0,20,27.4
2023-09-28T10:00,36.4,16,27.5
2023-09-28T11:00,38.3,14,25.8
2023-09-28T12:00,39.7,13,22.2
2023-09-28T13:00,40.6,13,17.6
2023-09-28T14:00,41.0,12,15.0
2023-09-28T15:00,39.6,19,22.7
2023-09-28T16:00,37.4,25,24.8
2023-09-28T17:00,35.9,36,22.9
2023-09-28T18:00,33.9,46,18.6
2023-09-28T19:00,32.9,56,12.7
2023-09-28T20:00,32.2,62,8.6
2023-09-28T21:00,31.4,68,7.1
2023-09-28T22:00,30.3,76,5.1
2023-09-28T23:00,29.5,77,5.8
2023-09-29T00:00,29.0,72,8.8
2023-09-29T01:00,28.3,71,10.0
2023-09-29T02:00,27.7,73,9.4
2023-09-29T03:00,27.7,73,9.3
2023-09-29T04:00,26.9,76,9.4
2023-09-29T05:00,27.2,76,8.7
2023-09-29T06:00,26.9,82,9.5
2023-09-29T07:00,27.2,81,8.9
2023-09-29T08:00,29.6,70,8.2
2023-09-29T09:00,32.6,51,7.3
2023-09-29T10:00,35.1,36,4.3
2023-09-29T11:00,37.0,27,5.2
2023-09-29T12:00,38.0,25,9.3
2023-09-29T13:00,38.2,27,14.6
2023-09-29T14:00,37.6,32,18.3
2023-09-29T15:00,37.2,30,18.8
2023-09-29T16:00,36.3,35,19.4
2023-09-29T17:00,34.9,43,18.9
2023-09-29T18:00,33.0,60,17.3
2023-09-29T19:00,32.1,66,14.3
2023-09-29T20:00,31.6,69,9.7
2023-09-29T21:00,31.0,73,8.1
2023-09-29T22:00,30.4,76,8.8
2023-09-29T23:00,29.3,82,7.7
2023-09-30T00:00,28.4,86,9.9
2023-09-30T01:00,27.4,89,9.3
2023-09-30T02:00,26.7,90,8.2
2023-09-30T03:00,26.2,89,8.5
2023-09-30T04:00,25.8,85,8.7
2023-09-30T05:00,25.4,85,7.2
2023-09-30T06:00,25.2,83,9.4
2023-09-30T07:00,26.1,78,10.5
2023-09-30T08:00,29.1,60,8.9
2023-09-30T09:00,32.2,49,8.3
2023-09-30T10:00,35.0,41,12.4
2023-09-30T11:00,36.7,38,14.7
2023-09-30T12:00,36.8,43,21.1
2023-09-30T13:00,37.1,38,24.8
2023-09-30T14:00,37.5,33,22.1
2023-09-30T15:00,37.2,33,23.5
2023-09-30T16:00,36.3,34,27.7
2023-09-30T17:00,35.0,37,25.9
2023-09-30T18:00,33.7,48,20.5
2023-09-30T19:00,32.6,57,14.3
2023-09-30T20:00,32.2,60,9.6
2023-09-30T21:00,31.4,66,9.0
2023-09-30T22:00,30.7,69,8.9
2023-09-30T23:00,29.5,73,5.4
2023-10-01T00:00,30.2,69,3.3
2023-10-01T01:00,28.7,77,6.3
2023-10-01T02:00,28.6,78,9.7
2023-10-01T03:00,27.5,83,7.8
2023-10-01T04:00,27.5,80,4.9
2023-10-01T05:00,27.0,82,6.4
2023-10-01T06:00,27.0,81,9.7
2023-10-01T07:00,27.2,81,8.6
2023-10-01T08:00,30.2,69,6.2
2023-10-01T09:00,32.7,63,6.8
2023-10-01T10:00,34.5,51,12.2
2023-10-01T11:00,35.8,40,15.5
2023-10-01T12:00,36.1,40,19.0
2023-10-01T13:00,36.1,40,18.3
2023-10-01T14:00,35.7,43,22.3
2023-10-01T15:00,34.9,49,22.9
2023-10-01T16:00,34.0,52,18.5
2023-10-01T17:00,33.5,52,14.3
2023-10-01T18:00,32.7,56,13.1
2023-10-01T19:00,32.4,58,13.1
2023-10-01T20:00,32.0,61,12.3
2023-10-01T21:00,31.6,64,10.4
2023-10-01T22:00,31.2,66,10.2
2023-10-01T23:00,30.7,66,10.0
2023-10-02T00:00,30.0,67,11.6
2023-10-02T01:00,29.3,67,11.8
2023-10-02T02:00,28.5,68,11.0
2023-10-02T03:00,27.7,69,11.2
2023-10-02T04:00,27.1,72,11.6
2023-10-02T05:00,27.3,70,12.3
2023-10-02T06:00,27.1,72,12.3
2023-10-02T07:00,27.6,71,12.0
2023-10-02T08:00,30.1,60,11.4
2023-10-02T09:00,32.5,48,13.8
2023-10-02T10:00,33.9,43,9.8
2023-10-02T11:00,35.3,37,9.1
2023-10-02T12:00,36.5,32,9.3
2023-10-02T13:00,37.1,31,11.7
2023-10-02T14:00,36.5,38,17.7
2023-10-02T15:00,35.6,39,21.8
2023-10-02T16:00,34.9,46,19.6
2023-10-02T17:00,34.0,51,19.4
2023-10-02T18:00,32.8,52,16.6
2023-10-02T19:00,32.8,54,13.7
2023-10-02T20:00,32.2,56,8.4
2023-10-02T21:00,31.2,60,3.9
2023-10-02T22:00,31.1,59,2.4
2023-10-02T23:00,29.5,65,6.5
2023-10-03T00:00,28.9,69,8.3
2023-10-03T01:00,28.0,73,7.4
2023-10-03T02:00,27.4,75,7.4
2023-10-03T03:00,26.8,78,7.6
2023-10-03T04:00,27.9,73,4.1
2023-10-03T05:00,27.6,74,4.2
2023-10-03T06:00,26.8,77,5.5
2023-10-03T07:00,27.7,72,7.8
2023-10-03T08:00,30.1,61,7.1
2023-10-03T09:00,32.9,50,8.7
2023-10-03T10:00,35.5,39,8.7
2023-10-03T11:00,37.9,28,7.0
2023-10-03T12:00,39.3,22,2.2
2023-10-03T13:00,39.5,24,12.0
2023-10-03T14:00,37.8,37,23.2
2023-10-03T15:00,36.9,38,25.1
2023-10-03T16:00,36.0,44,27.6
2023-10-03T17:00,34.6,53,24.9
2023-10-03T18:00,33.1,59,20.3
2023-10-03T19:00,32.9,61,15.2
2023-10-03T20:00,32.5,63,8.5
2023-10-03T21:00,31.6,69,4.7
2023-10-03T22:00,30.8,73,3.4
2023-10-03T23:00,29.8,76,5.6
2023-10-04T00:00,29.1,77,6.9
2023-10-04T01:00,28.2,79,6.6
2023-10-04T02:00,27.4,81,6.2
2023-10-04T03:00,26.8,83,6.4
2023-10-04T04:00,27.0,84,8.3
2023-10-04T05:00,26.9,83,7.6
2023-10-04T06:00,26.5,84,8.7
2023-10-04T07:00,27.0,80,7.9
2023-10-04T08:00,30.0,64,6.6
2023-10-04T09:00,33.4,46,7.5
2023-10-04T10:00,36.4,31,5.9
2023-10-04T11:00,38.7,22,2.9
2023-10-04T12:00,40.2,19,6.9
2023-10-04T13:00,39.6,28,16.8
2023-10-04T14:00,39.2,24,21.1
2023-10-04T15:00,37.8,34,21.7
2023-10-04T16:00,36.7,37,20.2
2023-10-04T17:00,35.0,48,17.9
2023-10-04T18:00,33.2,66,16.2
2023-10-04T19:00,32.4,71,12.4
2023-10-04T20:00,31.8,75,5.4
2023-10-04T21:00,31.0,80,2.9
2023-10-04T22:00,30.1,83,5.0
2023-10-04T23:00,29.1,87,5.7
2023-10-05T00:00,28.3,90,7.1
2023-10-05T01:00,27.4,94,7.0
2023-10-05T02:00,26.5,95,6.3
2023-10-05T03:00,25.8,97,5.4
2023-10-05T04:00,25.9,95,5.4
2023-10-05T05:00,25.9,95,8.4
2023-10-05T06:00,25.5,92,8.7
2023-10-05T07:00,26.2,82,8.4
2023-10-05T08:00,29.4,64,6.6
2023-10-05T09:00,32.3,57,6.1
2023-10-05T10:00,34.7,50,6.0
2023-10-05T11:00,37.1,39,7.9
2023-10-05T12:00,38.2,38,14.9
2023-10-05T13:00,37.7,42,18.7
2023-10-05T14:00,37.0,47,19.2
2023-10-05T15:00,35.6,62,21.4
2023-10-05T16:00,35.1,60,17.7
2023-10-05T17:00,34.0,67,15.7
2023-10-05T18:00,32.6,78,12.2
2023-10-05T19:00,31.8,83,9.0
2023-10-05T20:00,31.2,83,6.4
2023-10-05T21:00,30.3,87,4.4
2023-10-05T22:00,29.7,91,6.5
2023-10-05T23:00,29.2,96,8.7
2023-10-06T00:00,28.8,99,11.7
2023-10-06T01:00,28.4,99,11.3
2023-10-06T02:00,27.8,99,10.5
2023-10-06T03:00,27.6,97,14.0
2023-10-06T04:00,27.3,100,14.9
2023-10-06T05:00,27.5,100,15.0
2023-10-06T06:00,27.5,100,15.7
2023-10-06T07:00,27.6,99,15.2
2023-10-06T08:00,29.0,91,15.2
2023-10-06T09:00,32.1,74,18.4
2023-10-06T10:00,35.4,56,19.1
2023-10-06T11:00,38.2,42,17.6
2023-10-06T12:00,40.1,32,16.3
2023-10-06T13:00,40.2,29,17.6
2023-10-06T14:00,39.4,32,19.8
2023-10-06T15:00,38.3,39,20.3
2023-10-06T16:00,36.4,51,18.9
2023-10-06T17:00,35.2,58,17.4
2023-10-06T18:00,33.9,65,15.8
2023-10-06T19:00,32.9,72,13.4
2023-10-06T20:00,32.2,75,6.5
2023-10-06T21:00,31.5,77,7.9
2023-10-06T22:00,30.6,81,7.2
2023-10-06T23:00,29.8,83,8.6
2023-10-07T00:00,29.0,86,10.9
2023-10-07T01:00,28.4,88,11.3
2023-10-07T02:00,27.8,91,10.1
2023-10-07T03:00,27.2,93,11.0
2023-10-07T04:00,26.8,94,8.4
2023-10-07T05:00,26.5,95,6.1
2023-10-07T06:00,26.4,96,8.2
2023-10-07T07:00,27.0,93,8.7
2023-10-07T08:00,29.9,78,9.2
2023-10-07T09:00,33.4,57,10.4
2023-10-07T10:00,36.2,44,11.5
2023-10-07T11:00,38.2,37,12.0
2023-10-07T12:00,41.4,25,13.7
2023-10-07T13:00,43.2,18,18.7
2023-10-07T14:00,43.1,16,14.2
2023-10-07T15:00,43.3,15,16.6
2023-10-07T16:00,39.0,43,25.6
2023-10-07T17:00,38.0,47,26.3
2023-10-07T18:00,36.1,56,24.4
2023-10-07T19:00,35.6,51,17.6
2023-10-07T20:00,36.3,27,17.6
2023-10-07T21:00,35.0,28,16.6
2023-10-07T22:00,33.6,36,15.1
2023-10-07T23:00,32.4,39,13.4
2023-10-08T00:00,31.4,43,12.6
2023-10-08T01:00,30.6,48,12.0
2023-10-08T02:00,29.6,53,11.6
2023-10-08T03:00,29.0,55,10.8
2023-10-08T04:00,27.7,60,8.2
2023-10-08T05:00,27.6,60,8.9
2023-10-08T06:00,27.2,57,11.0
2023-10-08T07:00,27.6,52,10.8
2023-10-08T08:00,30.6,40,10.1
2023-10-08T09:00,34.4,31,6.8
2023-10-08T10:00,36.6,27,6.2
2023-10-08T11:00,38.4,24,0.4
2023-10-08T12:00,39.8,22,5.7
2023-10-08T13:00,40.2,25,12.4
2023-10-08T14:00,39.6,32,18.7
2023-10-08T15:00,38.9,36,21.9
2023-10-08T16:00,37.9,37,21.7
2023-10-08T17:00,35.9,45,22.1
2023-10-08T18:00,33.8,66,19.3
2023-10-08T19:00,32.8,72,15.6
2023-10-08T20:00,32.7,70,11.4
2023-10-08T21:00,31.8,73,6.6
2023-10-08T22:00,30.9,78,7.3
2023-10-08T23:00,29.7,84,4.9
2023-10-09T00:00,29.2,86,7.6
2023-10-09T01:00,28.2,89,5.9
2023-10-09T02:00,27.5,90,5.9
2023-10-09T03:00,28.7,81,3.2
2023-10-09T04:00,26.5,87,10.4
2023-10-09T05:00,26.0,83,9.1
2023-10-09T06:00,25.6,72,10.2
2023-10-09T07:00,26.6,50,13.5
2023-10-09T08:00,30.8,25,15.4
2023-10-09T09:00,34.3,30,18.7
2023-10-09T10:00,37.1,27,22.1
2023-10-09T11:00,39.0,22,22.0
2023-10-09T12:00,40.4,18,19.9
2023-10-09T13:00,41.0,16,17.6
2023-10-09T14:00,39.0,30,22.5
2023-10-09T15:00,37.4,34,26.6
2023-10-09T16:00,35.9,51,24.0
2023-10-09T17:00,34.1,62,24.5
2023-10-09T18:00,32.9,68,20.8
2023-10-09T19:00,32.2,70,16.0
2023-10-09T20:00,31.8,73,12.7
2023-10-09T21:00,31.2,76,8.7
2023-10-09T22:00,30.3,81,3.9
2023-10-09T23:00,29.8,83,4.1
2023-10-10T00:00,29.2,85,7.4
2023-10-10T01:00,28.3,87,8.6
2023-10-10T02:00,27.5,91,9.1
2023-10-10T03:00,27.1,94,9.4
2023-10-10T04:00,26.9,93,9.7
2023-10-10T05:00,26.8,93,9.7
2023-10-10T06:00,26.4,95,9.7
2023-10-10T07:00,26.9,92,9.1
2023-10-10T08:00,29.6,78,9.2
2023-10-10T09:00,31.9,70,9.0
2023-10-10T10:00,33.5,62,8.0
2023-10-10T11:00,35.4,51,9.4
2023-10-10T12:00,36.9,41,11.3
2023-10-10T13:00,37.4,41,15.7
2023-10-10T14:00,36.3,48,22.1
2023-10-10T15:00,36.0,44,21.9
2023-10-10T16:00,34.8,57,20.9
2023-10-10T17:00,33.5,60,19.2
2023-10-10T18:00,32.6,66,15.2
2023-10-10T19:00,31.8,70,11.5
2023-10-10T20:00,31.4,72,7.7
2023-10-10T21:00,30.6,76,6.1
2023-10-10T22:00,29.7,82,3.6
2023-10-10T23:00,28.8,87,4.9
2023-10-11T00:00,28.3,90,7.9
2023-10-11T01:00,27.4,95,8.7
2023-10-11T02:00,26.6,97,6.8
2023-10-11T03:00,26.0,98,6.6
2023-10-11T04:00,26.1,95,7.5
2023-10-11T05:00,26.2,95,7.4
2023-10-11T06:00,25.6,97,7.1
2023-10-11T07:00,25.4,99,7.4
2023-10-11T08:00,26.7,95,5.6
2023-10-11T09:00,30.4,74,4.7
2023-10-11T10:00,33.1,57,4.0
2023-10-11T11:00,35.6,39,9.0
2023-10-11T12:00,36.8,31,13.9
2023-10-11T13:00,36.9,31,15.8
2023-10-11T14:00,36.8,31,15.4
2023-10-11T15:00,36.4,34,16.3
2023-10-11T16:00,35.5,39,16.6
2023-10-11T17:00,34.0,50,15.0
2023-10-11T18:00,32.4,61,10.7
2023-10-11T19:00,31.6,67,6.4
2023-10-11T20:00,30.8,73,6.0
2023-10-11T21:00,29.6,80,5.0
2023-10-11T22:00,28.8,85,3.8
2023-10-11T23:00,28.8,85,2.9
2023-10-12T00:00,27.3,91,4.7
2023-10-12T01:00,26.5,93,5.6
2023-10-12T02:00,25.8,94,7.1
2023-10-12T03:00,25.4,93,8.0
2023-10-12T04:00,25.1,94,8.5
2023-10-12T05:00,25.2,94,7.6
2023-10-12T06:00,25.1,94,8.0
2023-10-12T07:00,25.6,89,6.8
2023-10-12T08:00,28.6,71,4.3
2023-10-12T09:00,31.6,58,4.2
2023-10-12T10:00,34.0,49,1.5
2023-10-12T11:00,36.9,34,5.8
2023-10-12T12:00,39.0,22,13.7
2023-10-12T13:00,38.9,21,18.4
2023-10-12T14:00,37.6,29,19.1
2023-10-12T15:00,36.6,38,18.3
2023-10-12T16:00,35.3,46,17.5
2023-10-12T17:00,34.1,53,13.9
2023-10-12T18:00,32.9,61,9.1
2023-10-12T19:00,32.2,64,5.4
2023-10-12T20:00,31.1,68,4.3
2023-10-12T21:00,30.3,73,3.3
2023-10-12T22:00,30.3,73,2.2
2023-10-12T23:00,29.8,76,1.8
2023-10-13T00:00,29.3,79,3.2
2023-10-13T01:00,28.9,81,2.7
2023-10-13T02:00,27.3,87,4.4
2023-10-13T03:00,25.7,92,7.2
2023-10-13T04:00,26.1,84,10.2
2023-10-13T05:00,26.1,84,9.1
2023-10-13T06:00,25.7,84,11.7
2023-10-13T07:00,25.6,81,9.4
2023-10-13T08:00,28.9,65,7.1
2023-10-13T09:00,31.9,57,5.9
2023-10-13T10:00,34.1,48,3.1
2023-10-13T11:00,36.1,39,4.7
2023-10-13T12:00,37.2,33,11.8
2023-10-13T13:00,37.1,34,17.1
2023-10-13T14:00,36.7,36,18.3
2023-10-13T15:00,36.4,37,16.5
2023-10-13T16:00,35.4,42,16.3
2023-10-13T17:00,34.0,50,15.3
2023-10-13T18:00,32.4,60,12.2
2023-10-13T19:00,31.5,65,11.6
2023-10-13T20:00,30.7,69,9.8
2023-10-13T21:00,29.9,75,8.8
2023-10-13T22:00,28.9,83,6.0
2023-10-13T23:00,28.1,86,6.4
2023-10-14T00:00,27.8,84,8.1
2023-10-14T01:00,27.0,86,7.7
2023-10-14T02:00,26.4,89,10.4
2023-10-14T03:00,25.7,92,8.8
2023-10-14T04:00,25.1,92,7.5
2023-10-14T05:00,24.9,92,6.5
2023-10-14T06:00,24.7,92,7.4
2023-10-14T07:00,25.7,89,8.7
2023-10-14T08:00,28.0,77,6.4
2023-10-14T09:00,30.6,65,4.9
2023-10-14T10:00,33.0,51,3.9
2023-10-14T11:00,35.6,35,3.7
2023-10-14T12:00,37.2,30,8.4
2023-10-14T13:00,36.3,42,17.6
2023-10-14T14:00,36.1,35,20.7
2023-10-14T15:00,34.9,48,21.7
2023-10-14T16:00,34.6,43,19.9
2023-10-14T17:00,33.6,51,18.1
2023-10-14T18:00,31.8,62,14.6
2023-10-14T19:00,31.2,67,8.7
2023-10-14T20:00,30.3,72,3.3
2023-10-14T21:00,30.2,72,0.8
2023-10-14T22:00,28.1,81,6.6
2023-10-14T23:00,27.0,85,7.4
2023-10-15T00:00,26.5,87,4.6
2023-10-15T01:00,25.4,92,8.5
2023-10-15T02:00,24.4,95,6.9
2023-10-15T03:00,24.2,95,4.8
2023-10-15T04:00,24.7,95,7.8
2023-10-15T05:00,24.7,95,7.6
2023-10-15T06:00,24.3,96,8.3
2023-10-15T07:00,24.6,94,8.5
2023-10-15T08:00,27.7,80,7.0
2023-10-15T09:00,30.3,72,9.0
2023-10-15T10:00,32.0,63,6.2
2023-10-15T11:00,33.9,46,6.0
2023-10-15T12:00,35.3,37,6.6
2023-10-15T13:00,36.0,35,9.4
2023-10-15T14:00,35.2,48,17.0
2023-10-15T15:00,34.3,52,21.6
2023-10-15T16:00,33.7,48,21.0
2023-10-15T17:00,33.0,51,18.6
2023-10-15T18:00,31.7,55,15.1
2023-10-15T19:00,31.4,62,11.3
2023-10-15T20:00,30.9,63,8.6
2023-10-15T21:00,30.1,65,7.0
2023-10-15T22:00,29.1,69,4.5
2023-10-15T23:00,28.7,70,3.8
2023-10-16T00:00,28.8,69,2.6
2023-10-16T01:00,26.8,79,7.1
2023-10-16T02:00,25.8,84,6.4
2023-10-16T03:00,25.6,86,4.1
2023-10-16T04:00,25.4,86,5.8
2023-10-16T05:00,25.7,85,5.9
2023-10-16T06:00,25.4,86,6.8
2023-10-16T07:00,25.9,84,7.1
2023-10-16T08:00,28.6,72,8.3
2023-10-16T09:00,30.7,63,8.7
2023-10-16T10:00,32.5,55,8.0
2023-10-16T11:00,34.4,42,9.5
2023-10-16T12:00,35.8,32,10.5
2023-10-16T13:00,37.0,26,10.8
2023-10-16T14:00,37.5,21,9.9
2023-10-16T15:00,35.4,44,15.6
2023-10-16T16:00,34.8,41,20.7
2023-10-16T17:00,33.9,45,17.7
2023-10-16T18:00,32.9,50,13.8
2023-10-16T19:00,32.0,52,13.1
2023-10-16T20:00,31.3,59,9.0
2023-10-16T21:00,30.4,64,10.3
2023-10-16T22:00,29.8,65,11.6
2023-10-16T23:00,29.0,69,11.6
2023-10-17T00:00,28.0,75,11.1
2023-10-17T01:00,27.2,81,10.2
2023-10-17T02:00,26.3,85,9.2
2023-10-17T03:00,25.2,92,5.8
2023-10-17T04:00,27.0,71,2.5
2023-10-17T05:00,26.7,72,1.8
2023-10-17T06:00,24.5,78,5.4
2023-10-17T07:00,24.6,66,11.6
2023-10-17T08:00,27.6,32,11.2
2023-10-17T09:00,31.2,26,21.3
2023-10-17T10:00,33.7,27,29.2
2023-10-17T11:00,35.4,23,26.3
2023-10-17T12:00,36.6,21,21.4
2023-10-17T13:00,37.4,18,16.1
2023-10-17T14:00,37.8,19,12.3
2023-10-17T15:00,37.9,17,9.0
2023-10-17T16:00,34.5,42,19.7
2023-10-17T17:00,32.8,46,21.1
2023-10-17T18:00,31.9,52,16.4
2023-10-17T19:00,31.3,59,10.9
2023-10-17T20:00,30.5,67,7.1
2023-10-17T21:00,29.5,75,5.6
2023-10-17T22:00,29.7,75,1.5
2023-10-17T23:00,28.3,79,6.0
2023-10-18T00:00,27.7,76,8.8
2023-10-18T01:00,27.0,75,7.2
2023-10-18T02:00,26.4,76,7.1
2023-10-18T03:00,25.9,79,4.9
2023-10-18T04:00,25.5,80,7.9
2023-10-18T05:00,25.7,79,7.8
2023-10-18T06:00,24.9,81,8.1
2023-10-18T07:00,24.9,76,9.0
2023-10-18T08:00,27.6,61,9.2
2023-10-18T09:00,30.9,45,9.1
2023-10-18T10:00,33.4,33,10.0
2023-10-18T11:00,35.1,26,9.4
2023-10-18T12:00,36.2,24,11.2
2023-10-18T13:00,36.0,30,15.9
2023-10-18T14:00,35.9,28,18.4
2023-10-18T15:00,35.7,27,18.9
2023-10-18T16:00,34.0,44,15.9
2023-10-18T17:00,32.7,54,16.1
2023-10-18T18:00,31.4,62,15.5
2023-10-18T19:00,30.9,64,13.0
2023-10-18T20:00,30.3,66,11.6
2023-10-18T21:00,29.6,69,8.9
2023-10-18T22:00,28.6,74,9.8
2023-10-18T23:00,27.6,82,9.7
2023-10-19T00:00,26.8,86,9.5
2023-10-19T01:00,26.1,90,9.0
2023-10-19T02:00,25.0,94,7.9
2023-10-19T03:00,24.5,96,8.3
2023-10-19T04:00,24.5,96,8.7
2023-10-19T05:00,24.5,96,7.2
2023-10-19T06:00,23.9,96,5.8
2023-10-19T07:00,24.4,93,7.2
2023-10-19T08:00,26.6,79,6.4
2023-10-19T09:00,29.9,61,7.3
2023-10-19T10:00,33.0,44,16.9
2023-10-19T11:00,35.7,25,14.1
2023-10-19T12:00,36.5,23,10.2
2023-10-19T13:00,35.8,35,15.5
2023-10-19T14:00,35.4,36,20.2
2023-10-19T15:00,35.1,35,22.4
2023-10-19T16:00,33.7,45,20.6
2023-10-19T17:00,32.5,50,17.8
2023-10-19T18:00,31.4,58,17.1
2023-10-19T19:00,30.9,64,13.0
2023-10-19T20:00,30.3,68,5.2
2023-10-19T21:00,30.2,68,0.8
2023-10-19T22:00,29.7,70,0.8
2023-10-19T23:00,29.2,72,2.0
2023-10-20T00:00,27.6,79,6.9
2023-10-20T01:00,26.8,81,8.6
2023-10-20T02:00,26.0,84,8.7
2023-10-20T03:00,25.7,85,8.9
2023-10-20T04:00,25.7,83,9.0
2023-10-20T05:00,26.1,80,8.9
2023-10-20T06:00,25.6,82,10.2
2023-10-20T07:00,25.7,81,9.2
2023-10-20T08:00,28.0,70,6.4
2023-10-20T09:00,30.3,61,4.1
2023-10-20T10:00,32.0,54,2.6
2023-10-20T11:00,33.8,45,7.3
2023-10-20T12:00,34.8,42,11.9
2023-10-20T13:00,34.3,49,19.5
2023-10-20T14:00,33.6,52,22.0
2023-10-20T15:00,33.2,56,19.7
2023-10-20T16:00,33.2,57,20.5
2023-10-20T17:00,32.3,60,18.9
2023-10-20T18:00,31.5,65,19.0
2023-10-20T19:00,31.2,68,17.0
2023-10-20T20:00,30.8,72,11.4
2023-10-20T21:00,30.1,75,6.9
2023-10-20T22:00,29.4,78,6.8
2023-10-20T23:00,28.7,81,5.4
2023-10-21T00:00,28.3,81,8.1
2023-10-21T01:00,27.7,83,9.4
2023-10-21T02:00,27.0,85,11.1
2023-10-21T03:00,26.8,87,11.0
2023-10-21T04:00,26.7,85,12.5
2023-10-21T05:00,26.6,85,10.5
2023-10-21T06:00,26.0,89,8.9
2023-10-21T07:00,25.8,90,6.6
2023-10-21T08:00,27.6,81,3.3
2023-10-21T09:00,30.3,66,1.5
2023-10-21T10:00,32.7,48,2.6
2023-10-21T11:00,34.5,39,3.2
2023-10-21T12:00,35.8,34,4.5
2023-10-21T13:00,36.1,37,13.1
2023-10-21T14:00,35.3,46,19.4
2023-10-21T15:00,34.9,45,19.5
2023-10-21T16:00,34.2,50,20.2
2023-10-21T17:00,32.9,56,18.2
2023-10-21T18:00,31.9,63,16.9
2023-10-21T19:00,31.4,66,16.2
2023-10-21T20:00,31.1,68,13.2
2023-10-21T21:00,30.5,70,9.0
2023-10-21T22:00,29.5,75,7.2
2023-10-21T23:00,28.7,79,7.8
2023-10-22T00:00,28.1,82,7.2
2023-10-22T01:00,27.4,84,6.5
2023-10-22T02:00,27.1,80,8.9
2023-10-22T03:00,26.4,81,8.8
2023-10-22T04:00,26.2,76,10.1
2023-10-22T05:00,26.1,75,9.7
2023-10-22T06:00,25.6,75,11.7
2023-10-22T07:00,26.1,60,13.3
2023-10-22T08:00,29.1,42,13.2
2023-10-22T09:00,32.1,30,22.7
2023-10-22T10:00,34.3,25,24.6
2023-10-22T11:00,36.0,23,19.6
2023-10-22T12:00,37.1,21,13.6
2023-10-22T13:00,37.8,20,9.0
2023-10-22T14:00,38.0,19,8.3
2023-10-22T15:00,36.1,33,19.7
2023-10-22T16:00,33.9,44,21.1
2023-10-22T17:00,32.7,53,20.0
2023-10-22T18:00,31.6,60,13.6
2023-10-22T19:00,31.3,61,12.2
2023-10-22T20:00,30.7,64,8.4
2023-10-22T21:00,29.9,66,6.9
2023-10-22T22:00,28.9,67,9.2
2023-10-22T23:00,28.1,67,8.9
2023-10-23T00:00,26.9,70,4.8
2023-10-23T01:00,27.7,67,0.4
2023-10-23T02:00,27.0,70,0.5
2023-10-23T03:00,25.2,78,4.9
2023-10-23T04:00,24.9,86,8.7
2023-10-23T05:00,24.9,89,9.7
2023-10-23T06:00,24.6,92,10.4
2023-10-23T07:00,24.8,90,9.3
2023-10-23T08:00,27.4,75,9.2
2023-10-23T09:00,30.7,54,10.0
2023-10-23T10:00,33.6,39,9.2
2023-10-23T11:00,35.5,30,5.1
2023-10-23T12:00,36.7,24,5.5
2023-10-23T13:00,37.3,24,9.6
2023-10-23T14:00,36.2,36,15.5
2023-10-23T15:00,35.3,38,20.5
2023-10-23T16:00,33.9,45,19.3
2023-10-23T17:00,32.7,50,20.0
2023-10-23T18:00,31.4,63,18.0
2023-10-23T19:00,30.9,64,14.1
2023-10-23T20:00,30.6,67,10.1
2023-10-23T21:00,30.0,70,11.1
2023-10-23T22:00,29.2,73,7.9
2023-10-23T23:00,28.2,77,7.8
2023-10-24T00:00,27.1,82,7.2
2023-10-24T01:00,26.1,88,5.7
2023-10-24T02:00,25.3,93,5.3
2023-10-24T03:00,25.1,93,4.3
2023-10-24T04:00,24.7,94,6.6
2023-10-24T05:00,24.8,93,5.1
2023-10-24T06:00,24.5,93,7.6
2023-10-24T07:00,24.7,91,8.3
2023-10-24T08:00,27.1,77,8.8
2023-10-24T09:00,29.5,62,9.1
2023-10-24T10:00,31.9,48,5.7
2023-10-24T11:00,33.9,37,1.0
2023-10-24T12:00,35.3,32,4.6
2023-10-24T13:00,35.6,34,11.9
2023-10-24T14:00,35.0,39,16.6
2023-10-24T15:00,34.1,41,18.8
2023-10-24T16:00,33.3,44,16.5
2023-10-24T17:00,32.4,51,14.5
2023-10-24T18:00,30.6,65,18.1
2023-10-24T19:00,30.6,63,9.1
2023-10-24T20:00,30.0,68,4.1
2023-10-24T21:00,28.9,74,4.0
2023-10-24T22:00,28.2,77,4.1
2023-10-24T23:00,28.1,78,3.3
2023-10-25T00:00,26.9,84,6.9
2023-10-25T01:00,26.4,85,8.3
2023-10-25T02:00,25.7,89,8.3
2023-10-25T03:00,25.2,90,9.4
2023-10-25T04:00,24.8,92,9.0
2023-10-25T05:00,25.1,88,6.6
2023-10-25T06:00,24.6,91,5.9
2023-10-25T07:00,25.2,89,6.4
2023-10-25T08:00,27.6,77,4.9
2023-10-25T09:00,30.2,63,4.4
2023-10-25T10:00,32.2,51,2.9
2023-10-25T11:00,34.0,42,3.3
2023-10-25T12:00,35.5,34,5.2
2023-10-25T13:00,35.6,36,13.3
2023-10-25T14:00,33.3,47,16.5
2023-10-25T15:00,34.5,39,10.6
2023-10-25T16:00,32.8,57,19.1
2023-10-25T17:00,32.6,56,16.3
2023-10-25T18:00,31.3,65,16.2
2023-10-25T19:00,31.2,62,13.5
2023-10-25T20:00,30.8,63,9.4
2023-10-25T21:00,30.3,66,9.2
2023-10-25T22:00,29.5,69,8.6
2023-10-25T23:00,28.6,72,7.2
2023-10-26T00:00,27.8,71,8.6
2023-10-26T01:00,27.9,63,8.8
2023-10-26T02:00,27.6,64,6.1
2023-10-26T03:00,26.8,65,5.4
2023-10-26T04:00,27.0,55,9.0
2023-10-26T05:00,27.7,53,11.2
2023-10-26T06:00,27.7,51,9.1
2023-10-26T07:00,27.4,54,22.5
2023-10-26T08:00,28.1,53,20.6
2023-10-26T09:00,30.0,45,30.1
2023-10-26T10:00,29.8,46,23.7
2023-10-26T11:00,31.5,41,20.3
2023-10-26T12:00,31.1,43,15.5
2023-10-26T13:00,31.7,41,12.1
2023-10-26T14:00,32.0,39,12.9
2023-10-26T15:00,25.6,80,25.5
2023-10-26T16:00,25.3,82,8.9
2023-10-26T17:00,27.1,74,13.0
2023-10-26T18:00,26.7,75,10.1
2023-10-26T19:00,26.3,75,9.1
2023-10-26T20:00,25.8,78,10.1
2023-10-26T21:00,25.5,79,8.0
2023-10-26T22:00,25.0,79,10.5
2023-10-26T23:00,24.9,78,11.4
2023-10-27T00:00,24.6,78,10.2
2023-10-27T01:00,24.1,84,5.5
2023-10-27T02:00,24.7,82,4.2
2023-10-27T03:00,24.3,79,3.5
2023-10-27T04:00,24.6,75,1.1
2023-10-27T05:00,23.6,81,13.0
2023-10-27T06:00,23.1,89,6.5
2023-10-27T07:00,24.2,87,7.6
2023-10-27T08:00,25.6,81,9.4
2023-10-27T09:00,26.6,74,4.9
2023-10-27T10:00,27.6,68,5.6
2023-10-27T11:00,28.8,60,6.4
2023-10-27T12:00,29.6,56,7.6
2023-10-27T13:00,29.9,58,10.5
2023-10-27T14:00,29.9,54,14.0
2023-10-27T15:00,29.4,63,13.6
2023-10-27T16:00,29.1,61,11.7
2023-10-27T17:00,28.8,64,12.4
2023-10-27T18:00,27.6,73,8.1
2023-10-27T19:00,26.9,80,5.4
2023-10-27T20:00,26.2,83,5.6
2023-10-27T21:00,25.8,81,7.7
2023-10-27T22:00,25.1,83,9.5
2023-10-27T23:00,24.2,86,9.4
2023-10-28T00:00,23.5,87,8.7
2023-10-28T01:00,23.3,87,9.7
2023-10-28T02:00,23.3,87,10.8
2023-10-28T03:00,23.0,88,9.5
2023-10-28T04:00,22.3,92,6.8
2023-10-28T05:00,23.4,87,7.4
2023-10-28T06:00,23.4,86,8.3
2023-10-28T07:00,23.7,84,10.4
2023-10-28T08:00,25.4,77,10.6
2023-10-28T09:00,28.0,66,10.8
2023-10-28T10:00,29.5,59,6.5
2023-10-28T11:00,30.3,54,3.9
2023-10-28T12:00,30.9,51,4.5
2023-10-28T13:00,31.5,48,6.9
2023-10-28T14:00,31.7,46,9.1
2023-10-28T15:00,31.5,47,11.3
2023-10-28T16:00,31.0,49,13.0
2023-10-28T17:00,30.6,49,12.9
2023-10-28T18:00,29.5,56,9.1
2023-10-28T19:00,28.6,65,6.0
2023-10-28T20:00,27.8,71,5.8
2023-10-28T21:00,27.2,73,5.9
2023-10-28T22:00,26.5,76,5.7
2023-10-28T23:00,25.7,77,7.2
2023-10-29T00:00,25.3,76,9.2
2023-10-29T01:00,24.7,77,10.0
2023-10-29T02:00,24.1,79,9.6
2023-10-29T03:00,23.9,79,9.3
2023-10-29T04:00,23.6,81,9.6
2023-10-29T05:00,23.8,78,9.3
2023-10-29T06:00,23.1,82,8.1
2023-10-29T07:00,23.5,81,7.9
2023-10-29T08:00,25.9,71,5.5
2023-10-29T09:00,28.9,57,4.8
2023-10-29T10:00,30.5,49,5.1
2023-10-29T11:00,31.7,43,6.9
2023-10-29T12:00,32.7,38,7.0
2023-10-29T13:00,33.4,35,8.9
2023-10-29T14:00,33.1,38,15.6
2023-10-29T15:00,31.9,47,19.8
2023-10-29T16:00,32.0,45,17.1
2023-10-29T17:00,31.3,47,22.4
2023-10-29T18:00,30.1,51,15.5
2023-10-29T19:00,29.5,53,10.4
2023-10-29T20:00,28.7,60,8.1
2023-10-29T21:00,28.0,65,8.7
2023-10-29T22:00,27.3,69,8.9
2023-10-29T23:00,26.8,71,9.5
2023-10-30T00:00,26.1,73,9.4
2023-10-30T01:00,25.3,76,8.6
2023-10-30T02:00,24.8,77,8.6
2023-10-30T03:00,24.4,78,9.3
2023-10-30T04:00,23.6,82,8.0
2023-10-30T05:00,24.0,80,9.2
2023-10-30T06:00,23.4,83,9.3
2023-10-30T07:00,23.6,81,10.2
2023-10-30T08:00,26.2,67,10.3
2023-10-30T09:00,29.6,51,10.2
2023-10-30T10:00,32.0,39,11.6
2023-10-30T11:00,33.3,32,9.7
2023-10-30T12:00,34.1,28,4.7
2023-10-30T13:00,34.8,26,4.3
2023-10-30T14:00,34.7,31,16.6
2023-10-30T15:00,33.5,39,22.8
2023-10-30T16:00,32.7,39,22.5
2023-10-30T17:00,31.4,49,22.7
2023-10-30T18:00,30.6,51,20.4
2023-10-30T19:00,30.1,55,13.0
2023-10-30T20:00,29.5,59,9.4
2023-10-30T21:00,28.6,61,8.8
2023-10-30T22:00,27.9,63,10.3
2023-10-30T23:00,27.1,65,9.3
2023-10-31T00:00,26.5,68,9.9
2023-10-31T01:00,25.7,72,10.2
2023-10-31T02:00,24.9,74,10.4
2023-10-31T03:00,23.8,77,8.6
2023-10-31T04:00,23.1,80,9.2
2023-10-31T05:00,23.9,72,9.0
2023-10-31T06:00,23.4,72,9.1
2023-10-31T07:00,23.8,69,8.6
2023-10-31T08:00,26.7,56,8.6
2023-10-31T09:00,30.2,41,11.2
2023-10-31T10:00,32.1,35,10.9
2023-10-31T11:00,33.3,29,8.7
2023-10-31T12:00,34.2,25,7.4
2023-10-31T13:00,34.9,23,6.6
2023-10-31T14:00,35.4,21,5.2
2023-10-31T15:00,35.2,22,3.4
2023-10-31T16:00,34.3,30,11.7
2023-10-31T17:00,32.5,40,22.0
2023-10-31T18:00,31.4,47,22.2
2023-10-31T19:00,30.9,46,18.4
2023-10-31T20:00,30.1,54,15.2
2023-10-31T21:00,29.3,60,15.4
2023-10-31T22:00,28.5,65,15.5
2023-10-31T23:00,27.5,72,15.2
2023-11-01T00:00,26.5,73,11.9
2023-11-01T01:00,25.5,70,9.8
2023-11-01T02:00,24.7,69,10.2
2023-11-01T03:00,23.8,73,10.2
2023-11-01T04:00,23.2,76,10.9
2023-11-01T05:00,23.2,69,10.0
2023-11-01T06:00,23.3,60,11.7
2023-11-01T07:00,23.9,54,13.9
2023-11-01T08:00,27.3,38,13.7
2023-11-01T09:00,31.8,25,13.1
2023-11-01T10:00,33.4,28,21.5
2023-11-01T11:00,34.8,25,18.9
2023-11-01T12:00,35.9,21,13.9
2023-11-01T13:00,36.6,18,9.6
2023-11-01T14:00,37.3,15,8.5
2023-11-01T15:00,38.3,14,9.6
2023-11-01T16:00,35.5,21,18.7
2023-11-01T17:00,32.4,43,26.0
2023-11-01T18:00,31.3,45,18.9
2023-11-01T19:00,30.6,53,14.6
2023-11-01T20:00,30.0,61,14.8
2023-11-01T21:00,29.4,62,12.6
2023-11-01T22:00,28.6,52,13.3
2023-11-01T23:00,27.5,50,14.0
2023-11-02T00:00,26.5,54,14.9
2023-11-02T01:00,25.8,59,14.4
2023-11-02T02:00,25.4,62,14.8
2023-11-02T03:00,25.0,63,15.3
2023-11-02T04:00,24.5,60,14.7
2023-11-02T05:00,24.7,41,12.0
2023-11-02T06:00,25.5,33,14.8
2023-11-02T07:00,25.9,34,17.7
2023-11-02T08:00,27.9,34,17.5
2023-11-02T09:00,30.3,30,19.6
2023-11-02T10:00,32.6,26,22.9
2023-11-02T11:00,34.2,24,20.9
2023-11-02T12:00,35.3,21,16.2
2023-11-02T13:00,36.0,19,11.2
2023-11-02T14:00,36.3,17,8.9
2023-11-02T15:00,36.5,17,7.0
2023-11-02T16:00,35.6,19,9.4
2023-11-02T17:00,32.6,35,21.9
2023-11-02T18:00,31.0,48,18.2
2023-11-02T19:00,30.1,48,14.6
2023-11-02T20:00,29.4,53,12.1
2023-11-02T21:00,28.7,56,10.6
2023-11-02T22:00,27.7,58,10.6
2023-11-02T23:00,26.9,56,11.4
2023-11-03T00:00,25.9,55,10.9
2023-11-03T01:00,24.7,56,8.8
2023-11-03T02:00,23.9,53,8.7
2023-11-03T03:00,23.2,51,9.4
2023-11-03T04:00,22.9,51,9.5
2023-11-03T05:00,22.8,53,10.1
2023-11-03T06:00,22.8,50,12.9
2023-11-03T07:00,24.0,42,19.2
2023-11-03T08:00,26.3,38,16.2
2023-11-03T09:00,27.9,36,15.9
2023-11-03T10:00,30.1,31,15.6
2023-11-03T11:00,32.3,26,13.9
2023-11-03T12:00,33.7,23,12.3
2023-11-03T13:00,34.1,25,14.5
2023-11-03T14:00,33.1,36,18.9
2023-11-03T15:00,32.1,48,19.5
2023-11-03T16:00,31.4,58,19.5
2023-11-03T17:00,30.9,60,17.7
2023-11-03T18:00,30.0,65,15.6
2023-11-03T19:00,29.6,67,14.0
2023-11-03T20:00,29.0,68,11.6
2023-11-03T21:00,28.3,71,9.5
2023-11-03T22:00,27.3,77,7.4
2023-11-03T23:00,26.9,79,5.9
2023-11-04T00:00,26.6,78,7.9
2023-11-04T01:00,26.8,75,9.8
2023-11-04T02:00,26.6,75,9.8
2023-11-04T03:00,26.0,77,8.5
2023-11-04T04:00,26.0,76,9.5
2023-11-04T05:00,25.7,76,6.9
2023-11-04T06:00,25.4,78,7.2
2023-11-04T07:00,25.6,79,6.0
2023-11-04T08:00,28.3,66,4.1
2023-11-04T09:00,29.9,57,7.2
2023-11-04T10:00,30.9,52,12.7
2023-11-04T11:00,31.5,49,16.5
2023-11-04T12:00,31.6,46,20.0
2023-11-04T13:00,32.1,42,19.7
2023-11-04T14:00,32.0,42,23.1
2023-11-04T15:00,31.8,43,22.0
2023-11-04T16:00,31.0,46,21.3
2023-11-04T17:00,30.3,50,20.7
2023-11-04T18:00,29.5,54,17.5
2023-11-04T19:00,29.1,57,15.9
2023-11-04T20:00,28.7,57,13.8
2023-11-04T21:00,28.1,59,11.5
2023-11-04T22:00,27.3,62,10.8
2023-11-04T23:00,26.7,65,10.2
2023-11-05T00:00,26.2,69,10.0
2023-11-05T01:00,25.8,70,10.7
2023-11-05T02:00,25.4,70,11.8
2023-11-05T03:00,25.0,70,13.7
2023-11-05T04:00,24.2,72,14.8
2023-11-05T05:00,24.9,69,13.7
2023-11-05T06:00,24.5,71,14.8
2023-11-05T07:00,24.6,70,14.8
2023-11-05T08:00,26.4,64,11.5
2023-11-05T09:00,28.8,54,14.2
2023-11-05T10:00,30.9,43,14.8
2023-11-05T11:00,31.5,41,19.8
2023-11-05T12:00,32.0,38,19.5
2023-11-05T13:00,32.2,37,21.3
2023-11-05T14:00,32.1,36,23.1
2023-11-05T15:00,31.4,40,24.1
2023-11-05T16:00,30.8,42,22.5
2023-11-05T17:00,30.5,43,20.3
2023-11-05T18:00,29.8,45,16.2
2023-11-05T19:00,29.2,47,14.6
2023-11-05T20:00,28.6,49,12.3
2023-11-05T21:00,28.0,53,11.7
2023-11-05T22:00,27.4,55,10.5
2023-11-05T23:00,26.5,57,8.8
2023-11-06T00:00,25.9,59,8.8
2023-11-06T01:00,25.5,60,9.7
2023-11-06T02:00,24.8,62,9.7
2023-11-06T03:00,24.5,64,10.3
2023-11-06T04:00,24.3,63,13.5
2023-11-06T05:00,23.3,68,13.7
2023-11-06T06:00,22.9,70,14.1
2023-11-06T07:00,23.0,69,13.0
2023-11-06T08:00,25.2,61,14.5
2023-11-06T09:00,28.0,52,14.7
2023-11-06T10:00,30.5,42,16.9
2023-11-06T11:00,32.1,33,13.3
2023-11-06T12:00,32.5,30,25.1
2023-11-06T13:00,32.2,33,25.1
2023-11-06T14:00,31.6,36,25.0
2023-11-06T15:00,31.2,38,23.4
2023-11-06T16:00,30.5,41,20.5
2023-11-06T17:00,30.3,40,17.8
2023-11-06T18:00,29.6,42,13.0
2023-11-06T19:00,28.9,45,10.4
2023-11-06T20:00,28.0,49,7.8
2023-11-06T21:00,27.5,51,8.7
2023-11-06T22:00,27.2,52,10.8
2023-11-06T23:00,26.6,54,10.2
2023-11-07T00:00,25.7,59,8.7
2023-11-07T01:00,25.1,64,8.7
2023-11-07T02:00,24.6,66,9.7
2023-11-07T03:00,24.3,66,11.3
2023-11-07T04:00,23.5,66,13.0
2023-11-07T05:00,23.4,68,11.5
2023-11-07T06:00,22.4,72,12.1
2023-11-07T07:00,22.2,73,10.1
2023-11-07T08:00,24.6,64,7.9
2023-11-07T09:00,27.4,54,9.4
2023-11-07T10:00,29.3,46,9.9
2023-11-07T11:00,30.2,42,5.9
2023-11-07T12:00,30.9,39,7.2
2023-11-07T13:00,31.3,37,11.5
2023-11-07T14:00,31.3,37,14.8
2023-11-07T15:00,31.0,38,15.8
2023-11-07T16:00,29.8,44,20.8
2023-11-07T17:00,29.0,47,16.9
2023-11-07T18:00,28.4,50,12.6
2023-11-07T19:00,27.7,53,12.4
2023-11-07T20:00,27.0,57,9.7
2023-11-07T21:00,26.2,61,9.0
2023-11-07T22:00,26.7,59,3.8
2023-11-07T23:00,26.9,56,2.3
2023-11-08T00:00,24.0,69,8.4
2023-11-08T01:00,22.9,73,11.4
2023-11-08T02:00,22.3,72,12.7
2023-11-08T03:00,22.1,72,10.5
2023-11-08T04:00,21.5,77,9.9
2023-11-08T05:00,23.1,70,8.4
2023-11-08T06:00,22.5,75,6.5
2023-11-08T07:00,22.8,76,5.3
2023-11-08T08:00,25.1,64,4.6
2023-11-08T09:00,27.4,56,2.5
2023-11-08T10:00,28.9,50,4.9
2023-11-08T11:00,29.8,45,4.3
2023-11-08T12:00,30.5,42,2.6
2023-11-08T13:00,31.2,38,5.8
2023-11-08T14:00,31.2,38,12.5
2023-11-08T15:00,30.2,46,18.8
2023-11-08T16:00,29.6,46,19.3
2023-11-08T17:00,29.6,48,14.9
2023-11-08T18:00,28.8,51,12.0
2023-11-08T19:00,28.1,54,7.9
2023-11-08T20:00,27.4,58,7.7
2023-11-08T21:00,26.8,60,8.6
2023-11-08T22:00,26.0,61,8.5
2023-11-08T23:00,25.2,61,10.1
2023-11-09T00:00,24.2,63,10.5
2023-11-09T01:00,23.6,69,8.9
2023-11-09T02:00,23.0,78,8.9
2023-11-09T03:00,22.2,89,8.8
2023-11-09T04:00,21.7,93,9.4
2023-11-09T05:00,22.6,86,9.8
2023-11-09T06:00,22.6,84,10.7
2023-11-09T07:00,22.7,81,11.2
2023-11-09T08:00,24.7,71,10.1
2023-11-09T09:00,27.7,58,10.9
2023-11-09T10:00,30.2,45,15.5
2023-11-09T11:00,31.8,38,16.7
2023-11-09T12:00,32.7,31,16.6
2023-11-09T13:00,32.7,30,14.4
2023-11-09T14:00,33.4,28,13.8
2023-11-09T15:00,33.7,27,16.7
2023-11-09T16:00,33.0,28,18.7
2023-11-09T17:00,32.1,28,19.2
2023-11-09T18:00,30.6,30,17.7
2023-11-09T19:00,29.3,34,12.2
2023-11-09T20:00,27.9,39,10.8
2023-11-09T21:00,26.6,46,9.6
2023-11-09T22:00,25.6,51,11.9
2023-11-09T23:00,24.6,56,12.1
2023-11-10T00:00,23.8,59,12.8
2023-11-10T01:00,23.4,61,13.8
2023-11-10T02:00,23.1,66,15.5
2023-11-10T03:00,22.9,70,15.9
2023-11-10T04:00,22.4,75,14.8
2023-11-10T05:00,21.9,76,11.9
2023-11-10T06:00,21.7,78,12.3
2023-11-10T07:00,21.9,77,12.2
2023-11-10T08:00,24.2,66,11.4
2023-11-10T09:00,28.2,45,7.6
2023-11-10T10:00,30.8,40,17.1
2023-11-10T11:00,32.2,34,15.7
2023-11-10T12:00,33.2,28,11.9
2023-11-10T13:00,34.0,25,9.2
2023-11-10T14:00,34.0,23,2.3
2023-11-10T15:00,32.9,32,13.0
2023-11-10T16:00,31.5,42,22.4
2023-11-10T17:00,30.5,44,20.2
2023-11-10T18:00,29.1,55,16.2
2023-11-10T19:00,28.3,57,13.3
2023-11-10T20:00,27.5,60,12.8
2023-11-10T21:00,26.5,63,13.4
2023-11-10T22:00,25.7,63,11.7
2023-11-10T23:00,24.4,64,9.9
2023-11-11T00:00,23.1,68,8.9
2023-11-11T01:00,22.1,69,8.4
2023-11-11T02:00,21.6,66,8.7
2023-11-11T03:00,21.1,60,9.2
2023-11-11T04:00,20.3,57,8.9
2023-11-11T05:00,20.7,57,7.9
2023-11-11T06:00,20.7,57,10.5
2023-11-11T07:00,20.5,55,10.0
2023-11-11T08:00,23.5,44,8.0
2023-11-11T09:00,27.5,33,8.0
2023-11-11T10:00,30.2,33,7.6
2023-11-11T11:00,32.2,25,7.2
2023-11-11T12:00,33.6,18,6.2
2023-11-11T13:00,34.2,15,5.6
2023-11-11T14:00,34.0,21,14.3
2023-11-11T15:00,33.3,23,21.7
2023-11-11T16:00,31.9,30,26.1
2023-11-11T17:00,30.3,47,21.0
2023-11-11T18:00,29.3,46,15.0
2023-11-11T19:00,28.5,53,10.9
2023-11-11T20:00,27.7,58,8.9
2023-11-11T21:00,26.7,62,8.7
2023-11-11T22:00,25.9,66,9.2
2023-11-11T23:00,25.0,70,8.9
2023-11-12T00:00,23.9,77,7.6
2023-11-12T01:00,23.2,81,9.9
2023-11-12T02:00,22.3,87,11.4
2023-11-12T03:00,21.5,86,10.5
2023-11-12T04:00,20.4,80,10.1
2023-11-12T05:00,20.1,72,11.4
2023-11-12T06:00,19.3,76,12.0
2023-11-12T07:00,19.1,77,11.2
2023-11-12T08:00,21.6,65,10.5
2023-11-12T09:00,25.1,49,8.7
2023-11-12T10:00,28.9,33,10.5
2023-11-12T11:00,31.8,21,14.2
2023-11-12T12:00,33.5,13,15.9
2023-11-12T13:00,34.6,9,16.6
2023-11-12T14:00,34.7,9,16.0
2023-11-12T15:00,34.2,10,11.9
2023-11-12T16:00,33.5,12,11.4
2023-11-12T17:00,31.6,17,9.4
2023-11-12T18:00,28.7,30,9.4
2023-11-12T19:00,27.6,37,10.4
2023-11-12T20:00,26.4,49,11.7
2023-11-12T21:00,25.2,49,10.3
2023-11-12T22:00,23.5,43,10.2
2023-11-12T23:00,21.9,46,10.1
2023-11-13T00:00,20.9,56,11.3
2023-11-13T01:00,19.9,66,11.8
2023-11-13T02:00,19.2,68,12.3
2023-11-13T03:00,18.5,69,11.5
2023-11-13T04:00,17.3,72,7.7
2023-11-13T05:00,18.1,55,11.4
2023-11-13T06:00,17.2,61,10.9
2023-11-13T07:00,17.2,60,11.4
2023-11-13T08:00,20.9,44,10.0
2023-11-13T09:00,25.5,29,6.8
2023-11-13T10:00,29.3,20,5.6
2023-11-13T11:00,31.7,13,5.3
2023-11-13T12:00,32.7,9,5.2
2023-11-13T13:00,33.3,8,3.0
2023-11-13T14:00,33.6,10,7.9
2023-11-13T15:00,31.7,34,21.3
2023-11-13T16:00,30.4,27,27.2
2023-11-13T17:00,29.7,27,19.3
2023-11-13T18:00,28.1,46,15.9
2023-11-13T19:00,27.2,47,13.1
2023-11-13T20:00,26.0,59,12.2
2023-11-13T21:00,25.0,67,11.6
2023-11-13T22:00,24.0,72,10.6
2023-11-13T23:00,22.9,79,10.5
2023-11-14T00:00,22.2,82,9.8
2023-11-14T01:00,20.5,89,9.5
2023-11-14T02:00,19.4,91,9.4
2023-11-14T03:00,18.6,81,10.1
2023-11-14T04:00,18.1,50,10.6
2023-11-14T05:00,16.6,45,9.2
2023-11-14T06:00,16.6,37,9.9
2023-11-14T07:00,16.7,33,10.0
2023-11-14T08:00,19.0,26,8.1
2023-11-14T09:00,23.7,19,6.9
2023-11-14T10:00,28.2,14,4.8
2023-11-14T11:00,30.8,12,5.0
2023-11-14T12:00,32.4,10,4.0
2023-11-14T13:00,33.3,11,4.9
2023-11-14T14:00,33.5,13,8.6
2023-11-14T15:00,33.1,15,14.3
2023-11-14T16:00,32.0,19,17.0
2023-11-14T17:00,29.8,27,16.8
2023-11-14T18:00,28.4,37,15.0
2023-11-14T19:00,27.7,38,13.0
2023-11-14T20:00,26.9,45,11.2
2023-11-14T21:00,25.8,49,13.2
2023-11-14T22:00,24.6,56,13.0
2023-11-14T23:00,24.1,57,11.5
2023-11-15T00:00,23.3,56,11.5
2023-11-15T01:00,23.0,51,13.2
2023-11-15T02:00,22.7,49,14.0
2023-11-15T03:00,22.4,55,15.5
2023-11-15T04:00,22.3,59,16.2
2023-11-15T05:00,22.1,59,15.8
2023-11-15T06:00,21.4,59,15.3
2023-11-15T07:00,21.6,50,14.5
2023-11-15T08:00,24.1,39,13.6
2023-11-15T09:00,27.9,31,11.5
2023-11-15T10:00,31.5,25,12.0
2023-11-15T11:00,32.1,27,24.3
2023-11-15T12:00,33.1,25,18.2
2023-11-15T13:00,33.8,23,12.3
2023-11-15T14:00,34.4,21,10.6
2023-11-15T15:00,34.2,21,10.4
2023-11-15T16:00,33.7,22,6.0
2023-11-15T17:00,33.1,23,2.9
2023-11-15T18:00,31.3,31,8.0
2023-11-15T19:00,29.6,42,12.4
2023-11-15T20:00,28.3,50,19.5
2023-11-15T21:00,27.3,54,16.9
2023-11-15T22:00,26.8,55,18.1
2023-11-15T23:00,26.3,58,18.3
2023-11-16T00:00,25.7,61,18.2
2023-11-16T01:00,25.3,61,16.9
2023-11-16T02:00,24.7,61,15.7
2023-11-16T03:00,24.3,61,14.5
2023-11-16T04:00,24.1,62,14.1
2023-11-16T05:00,24.7,57,15.0
2023-11-16T06:00,24.4,52,14.6
2023-11-16T07:00,24.3,42,16.6
2023-11-16T08:00,25.8,45,18.4
2023-11-16T09:00,26.9,50,23.6
2023-11-16T10:00,29.1,42,25.3
2023-11-16T11:00,30.2,38,23.8
2023-11-16T12:00,31.7,33,21.5
2023-11-16T13:00,32.3,31,16.6
2023-11-16T14:00,32.7,29,11.3
2023-11-16T15:00,33.0,28,8.2
2023-11-16T16:00,32.4,30,15.7
2023-11-16T17:00,27.8,67,30.5
2023-11-16T18:00,27.7,66,24.5
2023-11-16T19:00,25.3,73,28.4
2023-11-16T20:00,25.6,74,18.7
2023-11-16T21:00,25.9,74,20.5
2023-11-16T22:00,25.6,76,19.1
2023-11-16T23:00,25.0,72,16.6
2023-11-17T00:00,24.4,73,16.1
2023-11-17T01:00,24.4,72,16.3
2023-11-17T02:00,24.3,73,14.0
2023-11-17T03:00,24.2,75,16.7
2023-11-17T04:00,23.9,77,15.5
2023-11-17T05:00,22.2,79,11.4
2023-11-17T06:00,21.6,85,18.2
2023-11-17T07:00,21.6,89,10.8
2023-11-17T08:00,21.2,89,6.2
2023-11-17T09:00,21.1,88,11.6
2023-11-17T10:00,22.4,83,14.3
2023-11-17T11:00,23.9,73,12.4
2023-11-17T12:00,25.9,61,7.4
2023-11-17T13:00,26.9,56,3.7
2023-11-17T14:00,27.0,58,8.1
2023-11-17T15:00,26.1,67,14.2
2023-11-17T16:00,25.4,69,15.9
2023-11-17T17:00,26.3,58,11.0
2023-11-17T18:00,24.6,70,8.2
2023-11-17T19:00,23.8,77,7.2
2023-11-17T20:00,23.1,83,5.5
2023-11-17T21:00,22.6,84,5.8
2023-11-17T22:00,22.1,82,8.1
2023-11-17T23:00,21.5,83,9.4
2023-11-18T00:00,21.1,84,10.0
2023-11-18T01:00,20.8,86,9.1
2023-11-18T02:00,20.6,87,7.8
2023-11-18T03:00,20.2,89,6.6
2023-11-18T04:00,20.1,89,8.0
2023-11-18T05:00,20.1,89,6.8
2023-11-18T06:00,20.5,86,7.9
2023-11-18T07:00,20.0,87,10.2
2023-11-18T08:00,22.0,79,9.0
2023-11-18T09:00,24.6,68,8.1
2023-11-18T10:00,26.5,61,7.5
2023-11-18T11:00,27.4,56,10.6
2023-11-18T12:00,27.9,54,11.6
2023-11-18T13:00,28.4,51,12.0
2023-11-18T14:00,28.5,49,13.6
2023-11-18T15:00,28.5,48,14.5
2023-11-18T16:00,28.1,49,14.3
2023-11-18T17:00,27.6,51,13.2
2023-11-18T18:00,26.5,58,8.4
2023-11-18T19:00,25.4,69,6.1
2023-11-18T20:00,24.7,74,5.0
2023-11-18T21:00,25.7,62,2.0
2023-11-18T22:00,24.3,70,3.6
2023-11-18T23:00,22.3,78,9.0
2023-11-19T00:00,21.1,83,10.9
2023-11-19T01:00,20.5,85,10.1
2023-11-19T02:00,20.1,86,8.9
2023-11-19T03:00,19.6,89,8.6
2023-11-19T04:00,19.2,89,8.9
2023-11-19T05:00,19.9,84,8.6
2023-11-19T06:00,19.4,86,9.9
2023-11-19T07:00,19.2,86,9.2
2023-11-19T08:00,21.4,76,6.6
2023-11-19T09:00,24.6,64,5.9
2023-11-19T10:00,26.6,57,6.5
2023-11-19T11:00,27.7,49,4.5
2023-11-19T12:00,28.6,45,4.1
2023-11-19T13:00,29.2,42,5.1
2023-11-19T14:00,29.5,42,10.3
2023-11-19T15:00,28.8,48,17.4
2023-11-19T16:00,27.9,50,18.0
2023-11-19T17:00,27.3,51,15.3
2023-11-19T18:00,26.4,58,13.7
2023-11-19T19:00,25.6,61,10.1
2023-11-19T20:00,24.9,66,10.2
2023-11-19T21:00,24.0,72,10.9
2023-11-19T22:00,23.3,74,10.0
2023-11-19T23:00,22.7,76,10.1
2023-11-20T00:00,22.0,80,9.7
2023-11-20T01:00,21.5,84,9.0
2023-11-20T02:00,21.3,85,10.1
2023-11-20T03:00,20.9,88,9.1
2023-11-20T04:00,20.5,90,9.0
2023-11-20T05:00,20.9,89,8.8
2023-11-20T06:00,20.5,91,9.6
2023-11-20T07:00,20.3,91,9.2
2023-11-20T08:00,22.1,79,9.3
2023-11-20T09:00,25.6,60,13.9
2023-11-20T10:00,28.4,51,23.9
2023-11-20T11:00,30.0,42,25.9
2023-11-20T12:00,31.1,36,22.7
2023-11-20T13:00,32.0,32,20.7
2023-11-20T14:00,32.2,31,20.5
2023-11-20T15:00,32.1,30,18.8
2023-11-20T16:00,31.8,30,15.2
2023-11-20T17:00,30.8,32,10.2
2023-11-20T18:00,28.8,41,12.7
2023-11-20T19:00,28.1,42,8.2
2023-11-20T20:00,27.9,45,4.3
2023-11-20T21:00,26.5,50,11.2
2023-11-20T22:00,25.5,62,15.6
2023-11-20T23:00,25.5,65,14.6
2023-11-21T00:00,24.3,71,15.0
2023-11-21T01:00,24.0,72,15.3
2023-11-21T02:00,23.4,75,13.6
2023-11-21T03:00,22.7,80,14.3
2023-11-21T04:00,22.3,82,14.3
2023-11-21T05:00,23.3,74,13.3
2023-11-21T06:00,23.0,68,12.6
2023-11-21T07:00,22.8,63,12.5
2023-11-21T08:00,24.6,55,11.1
2023-11-21T09:00,27.6,45,16.5
2023-11-21T10:00,29.0,46,27.1
2023-11-21T11:00,30.4,40,27.0
2023-11-21T12:00,31.4,36,23.2
2023-11-21T13:00,32.1,34,21.1
2023-11-21T14:00,32.4,32,17.1
2023-11-21T15:00,32.5,32,14.5
2023-11-21T16:00,32.1,33,15.7
2023-11-21T17:00,29.6,51,18.5
2023-11-21T18:00,28.3,57,16.4
2023-11-21T19:00,26.8,73,15.1
2023-11-21T20:00,26.5,73,11.6
2023-11-21T21:00,25.8,77,11.6
2023-11-21T22:00,24.9,80,11.3
2023-11-21T23:00,24.2,82,8.4
2023-11-22T00:00,23.6,84,7.7
2023-11-22T01:00,23.0,86,7.9
2023-11-22T02:00,22.3,87,7.5
2023-11-22T03:00,21.5,88,6.4
2023-11-22T04:00,21.2,88,7.1
2023-11-22T05:00,21.9,80,7.3
2023-11-22T06:00,21.5,80,8.4
2023-11-22T07:00,21.4,79,7.4
2023-11-22T08:00,23.2,70,3.6
2023-11-22T09:00,26.3,57,2.8
2023-11-22T10:00,28.3,52,2.9
2023-11-22T11:00,29.4,53,9.0
2023-11-22T12:00,30.2,52,15.6
2023-11-22T13:00,29.9,48,25.8
2023-11-22T14:00,29.7,50,23.0
2023-11-22T15:00,29.6,51,22.3
2023-11-22T16:00,29.4,49,21.6
2023-11-22T17:00,28.6,55,19.5
2023-11-22T18:00,28.1,52,15.5
2023-11-22T19:00,27.6,52,16.2
2023-11-22T20:00,27.1,51,15.5
2023-11-22T21:00,26.4,58,15.6
2023-11-22T22:00,26.1,59,16.1
2023-11-22T23:00,25.6,61,15.6
2023-11-23T00:00,25.0,61,14.8
2023-11-23T01:00,24.5,63,14.6
2023-11-23T02:00,23.9,67,13.2
2023-11-23T03:00,23.2,72,11.9
2023-11-23T04:00,22.3,77,9.7
2023-11-23T05:00,23.2,70,9.4
2023-11-23T06:00,22.4,73,8.0
2023-11-23T07:00,22.5,73,6.2
2023-11-23T08:00,24.6,65,4.8
2023-11-23T09:00,26.1,58,4.2
2023-11-23T10:00,27.1,54,3.7
2023-11-23T11:00,27.8,51,4.3
2023-11-23T12:00,28.7,46,4.3
2023-11-23T13:00,29.5,41,4.4
2023-11-23T14:00,30.0,37,4.2
2023-11-23T15:00,29.8,39,10.7
2023-11-23T16:00,27.7,53,21.2
2023-11-23T17:00,27.0,53,19.2
2023-11-23T18:00,26.1,59,16.5
2023-11-23T19:00,25.7,62,11.1
2023-11-23T20:00,25.5,62,2.2
2023-11-23T21:00,24.0,69,4.4
2023-11-23T22:00,23.2,72,8.7
2023-11-23T23:00,22.0,78,8.3
2023-11-24T00:00,21.2,81,8.3
2023-11-24T01:00,20.5,84,7.6
2023-11-24T02:00,20.0,86,8.1
2023-11-24T03:00,19.3,89,9.0
2023-11-24T04:00,19.0,91,10.6
2023-11-24T05:00,19.4,85,9.4
2023-11-24T06:00,19.0,87,10.1
2023-11-24T07:00,18.6,88,10.5
2023-11-24T08:00,20.3,79,10.9
2023-11-24T09:00,23.4,64,10.2
2023-11-24T10:00,25.9,52,11.9
2023-11-24T11:00,27.5,45,10.5
2023-11-24T12:00,28.5,40,9.8
2023-11-24T13:00,29.1,37,11.6
2023-11-24T14:00,28.7,40,17.1
2023-11-24T15:00,28.0,45,17.0
2023-11-24T16:00,27.5,52,15.6
2023-11-24T17:00,27.0,56,9.2
2023-11-24T18:00,26.4,59,5.2
2023-11-24T19:00,25.6,64,4.0
2023-11-24T20:00,25.3,64,3.5
2023-11-24T21:00,24.3,68,6.5
2023-11-24T22:00,23.8,70,9.5
2023-11-24T23:00,22.9,75,8.4
2023-11-25T00:00,22.6,76,8.7
2023-11-25T01:00,23.1,73,8.9
2023-11-25T02:00,22.9,75,9.4
2023-11-25T03:00,22.2,79,6.9
2023-11-25T04:00,22.1,79,9.0
2023-11-25T05:00,22.3,80,12.3
2023-11-25T06:00,21.9,83,6.0
2023-11-25T07:00,21.5,85,3.1
2023-11-25T08:00,23.0,76,4.3
2023-11-25T09:00,24.8,68,2.3
2023-11-25T10:00,25.9,65,12.7
2023-11-25T11:00,27.0,57,16.5
2023-11-25T12:00,27.4,56,19.0
2023-11-25T13:00,27.4,56,20.9
2023-11-25T14:00,27.3,56,20.9
2023-11-25T15:00,27.4,56,18.8
2023-11-25T16:00,27.2,54,18.1
2023-11-25T17:00,26.6,56,15.8
2023-11-25T18:00,26.2,57,12.6
2023-11-25T19:00,25.9,57,10.6
2023-11-25T20:00,25.4,58,9.5
2023-11-25T21:00,24.7,61,9.0
2023-11-25T22:00,23.8,62,8.4
2023-11-25T23:00,23.1,62,6.9
2023-11-26T00:00,23.5,57,5.4
2023-11-26T01:00,24.7,52,3.4
2023-11-26T02:00,21.7,64,6.5
2023-11-26T03:00,20.1,79,12.1
2023-11-26T04:00,18.7,88,10.4
2023-11-26T05:00,19.7,85,8.6
2023-11-26T06:00,19.5,85,10.2
2023-11-26T07:00,19.2,86,9.7
2023-11-26T08:00,21.2,75,8.4
2023-11-26T09:00,24.2,62,7.8
2023-11-26T10:00,26.4,53,9.3
2023-11-26T11:00,27.5,48,7.7
2023-11-26T12:00,28.5,43,6.5
2023-11-26T13:00,29.1,41,4.4
2023-11-26T14:00,29.6,38,2.5
2023-11-26T15:00,29.1,42,14.8
2023-11-26T16:00,27.7,47,21.6
2023-11-26T17:00,27.5,48,18.2
2023-11-26T18:00,26.5,49,16.7
2023-11-26T19:00,26.4,51,12.2
2023-11-26T20:00,25.8,56,11.4
2023-11-26T21:00,24.7,61,6.6
2023-11-26T22:00,23.7,67,6.3
2023-11-26T23:00,23.0,72,9.3
2023-11-27T00:00,22.0,77,9.4
2023-11-27T01:00,21.2,81,7.6
2023-11-27T02:00,20.6,82,6.5
2023-11-27T03:00,20.1,84,6.4
2023-11-27T04:00,19.9,84,7.9
2023-11-27T05:00,20.6,80,8.1
2023-11-27T06:00,20.1,82,8.6
2023-11-27T07:00,19.6,83,8.9
2023-11-27T08:00,21.4,75,7.6
2023-11-27T09:00,24.2,63,7.9
2023-11-27T10:00,26.2,57,6.7
2023-11-27T11:00,27.3,50,4.9
2023-11-27T12:00,28.1,46,7.0
2023-11-27T13:00,28.8,43,10.4
2023-11-27T14:00,29.1,41,12.7
2023-11-27T15:00,28.8,41,14.9
2023-11-27T16:00,27.9,43,16.3
2023-11-27T17:00,26.7,50,15.5
2023-11-27T18:00,25.9,61,12.7
2023-11-27T19:00,25.6,64,11.3
2023-11-27T20:00,25.2,65,9.7
2023-11-27T21:00,24.2,70,7.2
2023-11-27T22:00,23.4,74,6.9
2023-11-27T23:00,22.5,78,7.5
2023-11-28T00:00,22.0,81,9.9
2023-11-28T01:00,21.0,86,9.5
2023-11-28T02:00,20.6,88,9.7
2023-11-28T03:00,20.1,91,9.5
2023-11-28T04:00,19.4,93,9.5
2023-11-28T05:00,20.1,85,9.3
2023-11-28T06:00,19.6,86,9.6
2023-11-28T07:00,19.3,86,9.6
2023-11-28T08:00,21.1,75,8.0
2023-11-28T09:00,24.4,60,7.6
2023-11-28T10:00,26.8,49,7.7
2023-11-28T11:00,28.3,45,6.6
2023-11-28T12:00,29.2,44,9.4
2023-11-28T13:00,29.7,44,11.8
2023-11-28T14:00,29.8,45,13.6
2023-11-28T15:00,29.5,47,14.8
2023-11-28T16:00,28.8,50,13.5
2023-11-28T17:00,27.7,56,12.0
2023-11-28T18:00,26.7,63,9.4
2023-11-28T19:00,25.9,67,6.5
2023-11-28T20:00,24.9,71,5.8
2023-11-28T21:00,24.0,75,6.1
2023-11-28T22:00,23.5,78,8.1
2023-11-28T23:00,22.8,84,8.4
2023-11-29T00:00,22.2,88,8.4
2023-11-29T01:00,21.8,88,9.0
2023-11-29T02:00,21.6,84,10.8
2023-11-29T03:00,21.3,83,12.3
2023-11-29T04:00,21.1,85,13.8
2023-11-29T05:00,21.4,86,13.7
2023-11-29T06:00,21.0,88,13.4
2023-11-29T07:00,20.5,91,13.3
2023-11-29T08:00,22.5,83,13.9
2023-11-29T09:00,24.8,72,13.4
2023-11-29T10:00,27.0,68,13.9
2023-11-29T11:00,28.6,61,14.9
2023-11-29T12:00,29.4,55,19.1
2023-11-29T13:00,29.5,55,21.7
2023-11-29T14:00,29.6,51,22.4
2023-11-29T15:00,29.3,50,23.0
2023-11-29T16:00,28.6,51,22.0
2023-11-29T17:00,27.7,55,21.1
2023-11-29T18:00,26.8,59,17.9
2023-11-29T19:00,26.2,61,15.8
2023-11-29T20:00,25.6,64,14.9
2023-11-29T21:00,25.0,67,14.2
2023-11-29T22:00,24.5,70,14.5
2023-11-29T23:00,24.1,75,14.5
2023-11-30T00:00,23.8,76,13.8
2023-11-30T01:00,23.4,77,13.4
2023-11-30T02:00,23.0,79,12.2
2023-11-30T03:00,22.6,81,11.5
2023-11-30T04:00,22.4,81,10.8
2023-11-30T05:00,22.5,81,9.4
2023-11-30T06:00,22.3,83,8.9
2023-11-30T07:00,21.6,86,11.1
2023-11-30T08:00,22.7,81,12.3
2023-11-30T09:00,24.9,69,14.5
2023-11-30T10:00,26.4,60,14.2
2023-11-30T11:00,27.3,54,15.1
2023-11-30T12:00,27.8,50,17.2
2023-11-30T13:00,27.8,48,19.4
2023-11-30T14:00,27.5,50,20.2
2023-11-30T15:00,27.2,52,18.8
2023-11-30T16:00,26.7,53,17.0
2023-11-30T17:00,26.0,51,17.3
2023-11-30T18:00,25.1,55,14.7
2023-11-30T19:00,24.4,59,13.8
2023-11-30T20:00,23.7,61,12.2
2023-11-30T21:00,22.8,64,12.0
2023-11-30T22:00,21.8,68,13.0
2023-11-30T23:00,21.1,71,13.3
2023-12-01T00:00,20.5,75,11.5
2023-12-01T01:00,20.1,77,12.7
2023-12-01T02:00,19.6,80,13.6
2023-12-01T03:00,19.0,84,14.8
2023-12-01T04:00,18.4,87,13.8
2023-12-01T05:00,18.6,83,12.9
2023-12-01T06:00,18.2,85,11.6
2023-12-01T07:00,17.7,87,11.4
2023-12-01T08:00,19.0,80,11.2
2023-12-01T09:00,22.1,66,9.1
2023-12-01T10:00,24.7,58,8.2
2023-12-01T11:00,26.1,54,4.0
2023-12-01T12:00,27.1,49,1.8
2023-12-01T13:00,27.9,45,4.7
2023-12-01T14:00,28.3,44,7.6
2023-12-01T15:00,28.2,46,11.6
2023-12-01T16:00,27.5,50,14.9
2023-12-01T17:00,26.1,57,16.4
2023-12-01T18:00,25.4,63,12.9
2023-12-01T19:00,24.8,66,9.9
2023-12-01T20:00,23.7,69,6.1
2023-12-01T21:00,23.6,68,3.7
2023-12-01T22:00,23.8,66,0.8
2023-12-01T23:00,22.3,73,4.4
2023-12-02T00:00,20.8,80,7.1
2023-12-02T01:00,20.2,83,7.4
2023-12-02T02:00,19.9,84,6.2
2023-12-02T03:00,19.6,84,6.4
2023-12-02T04:00,19.0,87,8.9
2023-12-02T05:00,19.0,85,7.8
2023-12-02T06:00,18.8,86,9.6
2023-12-02T07:00,18.5,88,9.9
2023-12-02T08:00,20.3,80,7.9
2023-12-02T09:00,23.7,64,5.9
2023-12-02T10:00,25.6,54,3.3
2023-12-02T11:00,26.7,50,2.8
2023-12-02T12:00,27.6,48,3.0
2023-12-02T13:00,28.3,45,5.4
2023-12-02T14:00,28.5,43,11.6
2023-12-02T15:00,27.6,46,17.8
2023-12-02T16:00,26.8,48,17.9
2023-12-02T17:00,26.3,60,15.7
2023-12-02T18:00,25.6,63,10.2
2023-12-02T19:00,24.9,62,6.9
2023-12-02T20:00,23.9,64,6.3
2023-12-02T21:00,24.2,62,4.0
2023-12-02T22:00,24.5,60,1.8
2023-12-02T23:00,24.1,61,2.3
2023-12-03T00:00,21.9,70,5.8
2023-12-03T01:00,20.7,75,9.4
2023-12-03T02:00,19.7,83,10.1
2023-12-03T03:00,18.6,92,8.7
2023-12-03T04:00,18.2,94,8.5
2023-12-03T05:00,18.9,92,7.2
2023-12-03T06:00,18.9,91,8.3
2023-12-03T07:00,19.0,90,8.9
2023-12-03T08:00,20.7,80,6.8
2023-12-03T09:00,23.9,65,4.5
2023-12-03T10:00,25.9,56,1.8
2023-12-03T11:00,27.2,54,7.0
2023-12-03T12:00,28.4,49,9.5
2023-12-03T13:00,29.2,44,10.9
2023-12-03T14:00,29.1,47,16.8
2023-12-03T15:00,27.7,57,22.3
2023-12-03T16:00,27.4,56,20.7
2023-12-03T17:00,27.1,61,18.8
2023-12-03T18:00,26.2,64,16.7
2023-12-03T19:00,25.8,67,12.6
2023-12-03T20:00,25.2,68,10.8
2023-12-03T21:00,24.2,72,8.9
2023-12-03T22:00,23.1,77,7.5
2023-12-03T23:00,22.2,82,7.3
2023-12-04T00:00,21.5,85,8.3
2023-12-04T01:00,20.6,89,8.6
2023-12-04T02:00,19.8,92,9.0
2023-12-04T03:00,19.0,94,8.1
2023-12-04T04:00,18.4,94,7.4
2023-12-04T05:00,18.7,92,8.1
2023-12-04T06:00,18.3,92,8.2
2023-12-04T07:00,18.2,92,9.6
2023-12-04T08:00,19.7,84,7.8
2023-12-04T09:00,23.5,67,6.7
2023-12-04T10:00,26.1,59,6.6
2023-12-04T11:00,27.9,53,9.3
2023-12-04T12:00,29.3,43,10.8
2023-12-04T13:00,30.1,39,11.4
2023-12-04T14:00,30.0,41,15.4
2023-12-04T15:00,28.6,55,22.4
2023-12-04T16:00,27.8,55,22.6
2023-12-04T17:00,27.2,59,20.7
2023-12-04T18:00,26.4,61,17.1
2023-12-04T19:00,26.2,61,15.6
2023-12-04T20:00,25.6,64,11.0
2023-12-04T21:00,24.1,72,6.4
2023-12-04T22:00,23.6,74,6.9
2023-12-04T23:00,23.2,76,5.4
2023-12-05T00:00,22.8,77,4.7
2023-12-05T01:00,22.9,76,4.0
2023-12-05T02:00,21.4,83,5.9
2023-12-05T03:00,20.9,85,8.7
2023-12-05T04:00,20.2,88,9.8
2023-12-05T05:00,20.8,86,6.3
2023-12-05T06:00,19.9,90,7.8
2023-12-05T07:00,20.0,89,10.1
2023-12-05T08:00,21.2,84,9.7
2023-12-05T09:00,24.2,71,7.7
2023-12-05T10:00,26.5,64,4.9
2023-12-05T11:00,28.1,55,5.6
2023-12-05T12:00,29.1,48,12.3
2023-12-05T13:00,29.5,44,15.6
2023-12-05T14:00,29.6,40,16.5
2023-12-05T15:00,29.3,42,16.6
2023-12-05T16:00,28.6,46,16.3
2023-12-05T17:00,27.7,48,15.1
2023-12-05T18:00,26.3,55,10.2
2023-12-05T19:00,25.7,60,12.0
2023-12-05T20:00,25.1,63,12.0
2023-12-05T21:00,24.1,67,10.2
2023-12-05T22:00,22.9,75,7.1
2023-12-05T23:00,22.7,77,6.7
2023-12-06T00:00,22.5,80,6.0
2023-12-06T01:00,23.9,74,3.1
2023-12-06T02:00,23.5,76,1.8
2023-12-06T03:00,23.3,77,1.5
2023-12-06T04:00,22.9,78,0.8
2023-12-06T05:00,20.9,84,5.2
2023-12-06T06:00,19.1,90,9.0
2023-12-06T07:00,18.8,92,12.3
2023-12-06T08:00,19.5,89,8.3
2023-12-06T09:00,23.3,71,7.4
2023-12-06T10:00,26.0,61,5.9
2023-12-06T11:00,27.4,53,6.6
2023-12-06T12:00,28.7,42,7.9
2023-12-06T13:00,29.4,38,11.0
2023-12-06T14:00,29.0,45,16.6
2023-12-06T15:00,28.1,50,21.3
2023-12-06T16:00,27.6,50,21.1
2023-12-06T17:00,27.1,52,20.2
2023-12-06T18:00,26.2,55,14.5
2023-12-06T19:00,25.6,60,14.3
2023-12-06T20:00,25.0,62,12.2
2023-12-06T21:00,24.0,64,9.4
2023-12-06T22:00,22.9,68,7.9
2023-12-06T23:00,22.4,71,6.9
2023-12-07T00:00,22.7,70,5.2
2023-12-07T01:00,23.2,68,3.6
2023-12-07T02:00,20.2,81,6.9
2023-12-07T03:00,19.6,83,9.9
2023-12-07T04:00,19.0,86,11.2
2023-12-07T05:00,18.9,88,9.8
2023-12-07T06:00,18.3,90,9.3
2023-12-07T07:00,18.1,90,10.2
2023-12-07T08:00,19.2,86,8.8
2023-12-07T09:00,22.8,70,6.2
2023-12-07T10:00,25.3,60,6.8
2023-12-07T11:00,26.7,55,5.7
2023-12-07T12:00,27.6,50,9.6
2023-12-07T13:00,27.9,50,14.3
2023-12-07T14:00,27.8,49,18.4
2023-12-07T15:00,27.3,50,17.7
2023-12-07T16:00,26.7,52,16.1
2023-12-07T17:00,26.3,50,15.3
2023-12-07T18:00,25.2,55,11.2
2023-12-07T19:00,24.2,60,8.4
2023-12-07T20:00,23.1,64,7.8
2023-12-07T21:00,22.5,66,6.2
2023-12-07T22:00,22.2,68,5.5
2023-12-07T23:00,20.9,75,6.7
2023-12-08T00:00,20.0,80,8.7
2023-12-08T01:00,19.4,82,9.3
2023-12-08T02:00,18.9,85,8.8
2023-12-08T03:00,18.5,87,8.7
2023-12-08T04:00,18.0,89,8.6
2023-12-08T05:00,18.4,88,9.0
2023-12-08T06:00,18.0,91,9.4
2023-12-08T07:00,17.4,93,10.5
2023-12-08T08:00,18.5,89,9.1
2023-12-08T09:00,22.1,72,7.6
2023-12-08T10:00,24.6,61,7.2
2023-12-08T11:00,25.7,56,2.5
2023-12-08T12:00,26.6,51,4.3
2023-12-08T13:00,27.4,46,7.0
2023-12-08T14:00,27.7,46,10.4
2023-12-08T15:00,27.5,46,12.5
2023-12-08T16:00,27.0,47,13.0
2023-12-08T17:00,26.1,48,13.8
2023-12-08T18:00,25.1,54,9.6
2023-12-08T19:00,24.0,61,7.7
2023-12-08T20:00,23.1,64,5.9
2023-12-08T21:00,23.3,61,4.9
2023-12-08T22:00,24.0,58,2.5
2023-12-08T23:00,23.4,60,2.9
2023-12-09T00:00,20.4,71,6.6
2023-12-09T01:00,19.4,76,10.8
2023-12-09T02:00,18.0,83,10.7
2023-12-09T03:00,17.3,87,10.2
2023-12-09T04:00,16.9,88,10.2
2023-12-09T05:00,16.9,88,9.9
2023-12-09T06:00,16.4,90,9.7
2023-12-09T07:00,16.0,91,9.9
2023-12-09T08:00,17.5,81,8.2
2023-12-09T09:00,20.9,63,6.5
2023-12-09T10:00,24.3,50,4.7
2023-12-09T11:00,26.3,39,7.7
2023-12-09T12:00,27.9,30,9.4
2023-12-09T13:00,29.1,26,7.9
2023-12-09T14:00,29.4,27,9.7
2023-12-09T15:00,27.7,48,19.6
2023-12-09T16:00,26.8,46,22.1
2023-12-09T17:00,25.9,58,16.9
2023-12-09T18:00,25.0,62,14.2
2023-12-09T19:00,24.5,68,12.7
2023-12-09T20:00,23.9,70,10.8
2023-12-09T21:00,22.6,73,8.2
2023-12-09T22:00,21.6,77,8.5
2023-12-09T23:00,20.6,79,7.2
2023-12-10T00:00,20.1,80,5.8
2023-12-10T01:00,19.1,83,6.9
2023-12-10T02:00,18.6,85,6.2
2023-12-10T03:00,18.0,86,6.0
2023-12-10T04:00,17.7,86,6.1
2023-12-10T05:00,18.2,84,5.8
2023-12-10T06:00,17.6,87,7.1
2023-12-10T07:00,17.2,88,7.5
2023-12-10T08:00,19.4,76,6.2
2023-12-10T09:00,22.4,63,4.8
2023-12-10T10:00,24.8,53,4.3
2023-12-10T11:00,26.2,51,2.9
2023-12-10T12:00,27.5,44,8.7
2023-12-10T13:00,28.0,40,12.8
2023-12-10T14:00,27.9,40,15.5
2023-12-10T15:00,27.6,39,16.3
2023-12-10T16:00,27.0,42,16.5
2023-12-10T17:00,26.0,44,16.6
2023-12-10T18:00,24.9,48,12.5
2023-12-10T19:00,24.0,49,10.8
2023-12-10T20:00,22.7,53,9.2
2023-12-10T21:00,21.6,60,8.0
2023-12-10T22:00,21.2,64,7.7
2023-12-10T23:00,20.5,68,8.1
2023-12-11T00:00,20.3,68,11.4
2023-12-11T01:00,19.1,72,12.6
2023-12-11T02:00,17.8,77,12.2
2023-12-11T03:00,17.3,80,11.9
2023-12-11T04:00,17.0,81,11.9
2023-12-11T05:00,17.0,77,10.8
2023-12-11T06:00,16.7,79,10.9
2023-12-11T07:00,16.2,82,10.9
2023-12-11T08:00,17.7,74,9.4
2023-12-11T09:00,21.2,60,9.4
2023-12-11T10:00,24.2,52,9.2
2023-12-11T11:00,25.8,50,6.1
2023-12-11T12:00,26.6,43,4.2
2023-12-11T13:00,27.2,41,6.6
2023-12-11T14:00,27.4,42,10.4
2023-12-11T15:00,26.9,45,14.0
2023-12-11T16:00,26.3,46,14.3
2023-12-11T17:00,26.1,41,11.8
2023-12-11T18:00,24.7,47,9.2
2023-12-11T19:00,23.6,54,7.9
2023-12-11T20:00,22.7,59,8.5
2023-12-11T21:00,21.9,62,6.7
2023-12-11T22:00,22.9,57,4.4
2023-12-11T23:00,22.9,56,0.8
2023-12-12T00:00,19.2,70,6.9
2023-12-12T01:00,18.1,72,9.9
2023-12-12T02:00,17.2,74,11.0
2023-12-12T03:00,16.4,76,10.5
2023-12-12T04:00,15.6,79,10.3
2023-12-12T05:00,15.4,76,9.8
2023-12-12T06:00,14.9,79,10.2
2023-12-12T07:00,14.4,81,10.3
2023-12-12T08:00,16.2,73,9.5
2023-12-12T09:00,20.4,56,8.1
2023-12-12T10:00,23.5,46,6.2
2023-12-12T11:00,25.1,44,2.9
2023-12-12T12:00,26.2,38,5.1
2023-12-12T13:00,26.9,36,10.1
2023-12-12T14:00,27.0,37,11.5
2023-12-12T15:00,26.7,38,12.3
2023-12-12T16:00,26.1,40,13.0
2023-12-12T17:00,25.3,45,11.8
2023-12-12T18:00,23.8,55,9.2
2023-12-12T19:00,22.9,61,8.9
2023-12-12T20:00,21.7,66,6.9
2023-12-12T21:00,23.3,58,3.3
2023-12-12T22:00,22.7,60,1.8
2023-12-12T23:00,20.2,70,5.4
2023-12-13T00:00,18.4,78,9.0
2023-12-13T01:00,17.4,84,9.5
2023-12-13T02:00,16.5,89,9.6
2023-12-13T03:00,15.9,91,9.5
2023-12-13T04:00,15.5,92,9.6
2023-12-13T05:00,15.2,91,9.9
2023-12-13T06:00,14.7,92,9.7
2023-12-13T07:00,14.4,93,10.1
2023-12-13T08:00,15.9,85,9.2
2023-12-13T09:00,19.7,68,8.2
2023-12-13T10:00,23.0,54,6.9
2023-12-13T11:00,25.0,46,5.8
2023-12-13T12:00,26.3,37,6.2
2023-12-13T13:00,27.3,29,8.9
2023-12-13T14:00,27.7,27,10.3
2023-12-13T15:00,27.9,26,11.7
2023-12-13T16:00,27.5,26,12.9
2023-12-13T17:00,25.0,38,19.3
2023-12-13T18:00,24.2,39,12.4
2023-12-13T19:00,23.4,43,12.4
2023-12-13T20:00,22.6,46,11.0
2023-12-13T21:00,21.9,50,11.4
2023-12-13T22:00,20.7,57,7.6
2023-12-13T23:00,22.6,50,2.3
2023-12-14T00:00,19.1,60,11.2
2023-12-14T01:00,17.7,63,11.9
2023-12-14T02:00,16.8,65,10.9
2023-12-14T03:00,16.1,67,11.5
2023-12-14T04:00,15.4,69,12.3
2023-12-14T05:00,15.7,69,11.3
2023-12-14T06:00,15.2,71,11.4
2023-12-14T07:00,14.7,73,11.6
2023-12-14T08:00,16.3,65,11.4
2023-12-14T09:00,20.2,50,12.2
2023-12-14T10:00,23.8,38,11.9
2023-12-14T11:00,25.8,30,13.7
2023-12-14T12:00,27.1,24,18.7
2023-12-14T13:00,27.4,26,23.1
2023-12-14T14:00,26.9,40,25.3
2023-12-14T15:00,26.1,46,26.3
2023-12-14T16:00,25.6,49,24.3
2023-12-14T17:00,24.6,54,24.3
2023-12-14T18:00,23.9,57,20.9
2023-12-14T19:00,23.7,56,21.2
2023-12-14T20:00,23.0,59,22.2
2023-12-14T21:00,22.5,59,19.8
2023-12-14T22:00,22.2,60,18.9
2023-12-14T23:00,22.1,60,20.4
2023-12-15T00:00,22.4,58,22.0
2023-12-15T01:00,22.5,56,23.4
2023-12-15T02:00,21.8,57,23.0
2023-12-15T03:00,21.8,55,22.4
2023-12-15T04:00,21.9,54,21.3
2023-12-15T05:00,22.3,50,19.8
2023-12-15T06:00,21.8,51,20.2
2023-12-15T07:00,21.8,51,21.5
2023-12-15T08:00,22.7,49,21.6
2023-12-15T09:00,23.8,44,25.8
2023-12-15T10:00,24.5,42,26.9
2023-12-15T11:00,25.0,43,28.2
2023-12-15T12:00,25.4,42,29.5
2023-12-15T13:00,25.6,42,30.1
2023-12-15T14:00,25.4,42,30.6
2023-12-15T15:00,25.1,43,29.7
2023-12-15T16:00,24.5,46,28.4
2023-12-15T17:00,24.2,46,25.7
2023-12-15T18:00,23.5,50,22.0
2023-12-15T19:00,22.8,53,19.0
2023-12-15T20:00,22.3,54,16.5
2023-12-15T21:00,21.9,58,16.3
2023-12-15T22:00,21.6,61,15.1
2023-12-15T23:00,21.2,62,13.4
2023-12-16T00:00,20.4,65,11.3
2023-12-16T01:00,19.7,68,10.1
2023-12-16T02:00,19.5,70,10.8
2023-12-16T03:00,18.3,75,9.4
2023-12-16T04:00,17.4,79,8.3
2023-12-16T05:00,17.3,73,12.2
2023-12-16T06:00,15.9,80,14.8
2023-12-16T07:00,15.5,83,13.0
2023-12-16T08:00,17.0,75,10.5
2023-12-16T09:00,19.8,63,10.5
2023-12-16T10:00,22.9,52,7.9
2023-12-16T11:00,24.7,43,6.8
2023-12-16T12:00,26.0,37,10.9
2023-12-16T13:00,26.8,35,12.9
2023-12-16T14:00,27.5,33,13.0
2023-12-16T15:00,27.6,32,12.7
2023-12-16T16:00,26.7,38,17.4
2023-12-16T17:00,24.7,52,22.1
2023-12-16T18:00,24.3,54,17.7
2023-12-16T19:00,23.9,56,19.0
2023-12-16T20:00,23.3,53,17.5
2023-12-16T21:00,21.8,50,11.7
2023-12-16T22:00,20.4,52,10.9
2023-12-16T23:00,19.3,56,11.4
2023-12-17T00:00,18.6,58,12.5
2023-12-17T01:00,18.2,59,13.2
2023-12-17T02:00,17.9,58,13.2
2023-12-17T03:00,17.5,57,13.4
2023-12-17T04:00,17.2,57,13.4
2023-12-17T05:00,17.2,53,14.1
2023-12-17T06:00,16.8,54,13.8
2023-12-17T07:00,16.6,54,13.5
2023-12-17T08:00,17.9,51,13.0
2023-12-17T09:00,21.1,43,11.9
2023-12-17T10:00,24.6,33,13.8
2023-12-17T11:00,26.6,24,19.1
2023-12-17T12:00,27.4,19,19.5
2023-12-17T13:00,28.1,15,18.5
2023-12-17T14:00,28.5,13,17.4
2023-12-17T15:00,28.7,12,17.6
2023-12-17T16:00,28.1,13,16.6
2023-12-17T17:00,25.7,32,17.0
2023-12-17T18:00,23.9,40,19.7
2023-12-17T19:00,23.3,41,17.1
2023-12-17T20:00,22.2,44,14.5
2023-12-17T21:00,20.3,39,11.6
2023-12-17T22:00,18.4,36,10.5
2023-12-17T23:00,17.0,37,10.8
2023-12-18T00:00,15.8,39,10.4
2023-12-18T01:00,15.0,39,11.3
2023-12-18T02:00,14.6,36,11.9
2023-12-18T03:00,14.4,33,12.6
2023-12-18T04:00,14.2,32,13.0
2023-12-18T05:00,14.4,38,12.6
2023-12-18T06:00,14.0,42,12.2
2023-12-18T07:00,13.5,47,12.6
2023-12-18T08:00,14.8,45,11.4
2023-12-18T09:00,18.5,36,10.0
2023-12-18T10:00,22.4,27,9.0
2023-12-18T11:00,25.2,23,10.5
2023-12-18T12:00,26.9,16,13.6
2023-12-18T13:00,27.9,13,12.1
2023-12-18T14:00,28.6,13,9.9
2023-12-18T15:00,28.9,13,7.7
2023-12-18T16:00,27.3,25,17.4
2023-12-18T17:00,25.2,31,19.4
2023-12-18T18:00,24.0,37,10.7
2023-12-18T19:00,23.0,45,11.1
2023-12-18T20:00,22.1,50,11.8
2023-12-18T21:00,21.2,53,12.2
2023-12-18T22:00,20.1,57,11.3
2023-12-18T23:00,18.9,57,10.0
2023-12-19T00:00,17.8,56,9.5
2023-12-19T01:00,17.0,59,10.1
2023-12-19T02:00,16.4,61,10.9
2023-12-19T03:00,15.6,60,11.5
2023-12-19T04:00,14.7,65,11.1
2023-12-19T05:00,14.3,66,10.3
2023-12-19T06:00,13.7,70,9.9
2023-12-19T07:00,13.2,74,9.8
2023-12-19T08:00,14.3,70,9.5
2023-12-19T09:00,17.7,57,7.6
2023-12-19T10:00,21.3,45,6.2
2023-12-19T11:00,23.7,36,5.1
2023-12-19T12:00,25.2,31,4.5
2023-12-19T13:00,26.4,26,5.7
2023-12-19T14:00,26.8,25,8.7
2023-12-19T15:00,26.4,29,11.7
2023-12-19T16:00,25.6,34,15.0
2023-12-19T17:00,23.9,48,16.7
2023-12-19T18:00,22.7,59,11.3
2023-12-19T19:00,21.7,64,10.2
2023-12-19T20:00,20.7,67,6.6
2023-12-19T21:00,22.5,53,1.9
2023-12-19T22:00,19.2,68,8.6
2023-12-19T23:00,18.4,70,10.1
2023-12-20T00:00,17.5,75,7.2
2023-12-20T01:00,17.7,74,5.6
2023-12-20T02:00,18.0,71,5.5
2023-12-20T03:00,18.8,67,4.7
2023-12-20T04:00,18.0,70,5.2
2023-12-20T05:00,16.0,78,8.3
2023-12-20T06:00,15.9,78,10.0
2023-12-20T07:00,15.1,80,9.9
2023-12-20T08:00,16.2,74,9.2
2023-12-20T09:00,19.4,61,7.4
2023-12-20T10:00,22.7,50,6.9
2023-12-20T11:00,24.7,44,6.6
2023-12-20T12:00,26.0,35,5.8
2023-12-20T13:00,26.7,30,2.0
2023-12-20T14:00,27.0,29,6.0
2023-12-20T15:00,26.8,32,13.7
2023-12-20T16:00,25.6,36,22.5
2023-12-20T17:00,24.5,42,20.2
2023-12-20T18:00,23.7,44,15.9
2023-12-20T19:00,23.1,47,13.5
2023-12-20T20:00,22.3,60,14.5
2023-12-20T21:00,21.4,63,10.3
2023-12-20T22:00,20.1,70,6.9
2023-12-20T23:00,22.0,61,2.6
2023-12-21T00:00,21.7,62,3.1
2023-12-21T01:00,20.6,66,4.6
2023-12-21T02:00,18.3,76,6.9
2023-12-21T03:00,17.4,80,9.7
2023-12-21T04:00,16.8,82,9.8
2023-12-21T05:00,16.2,81,7.9
2023-12-21T06:00,16.0,81,8.9
2023-12-21T07:00,16.0,80,10.8
2023-12-21T08:00,16.5,79,10.6
2023-12-21T09:00,19.8,64,7.5
2023-12-21T10:00,22.6,52,7.0
2023-12-21T11:00,24.5,46,11.8
2023-12-21T12:00,25.3,43,13.7
2023-12-21T13:00,25.7,40,14.9
2023-12-21T14:00,25.4,42,18.6
2023-12-21T15:00,23.6,56,23.2
2023-12-21T16:00,23.7,56,21.4
2023-12-21T17:00,23.3,56,18.2
2023-12-21T18:00,22.7,57,13.1
2023-12-21T19:00,22.3,58,10.5
2023-12-21T20:00,21.4,62,8.2
2023-12-21T21:00,20.6,66,7.6
2023-12-21T22:00,19.8,69,7.2
2023-12-21T23:00,19.2,70,9.0
2023-12-22T00:00,19.0,73,9.1
2023-12-22T01:00,19.0,73,11.2
2023-12-22T02:00,18.8,76,11.2
2023-12-22T03:00,18.0,80,10.6
2023-12-22T04:00,17.5,80,10.7
2023-12-22T05:00,17.7,78,11.3
2023-12-22T06:00,17.3,71,12.1
2023-12-22T07:00,16.7,69,13.0
2023-12-22T08:00,17.3,69,11.5
2023-12-22T09:00,19.5,61,10.1
2023-12-22T10:00,22.9,47,10.1
2023-12-22T11:00,24.6,40,7.3
2023-12-22T12:00,25.6,36,9.2
2023-12-22T13:00,26.0,35,13.4
2023-12-22T14:00,25.7,37,14.0
2023-12-22T15:00,25.5,38,14.0
2023-12-22T16:00,25.1,41,13.4
2023-12-22T17:00,24.5,41,12.7
2023-12-22T18:00,23.9,45,11.1
2023-12-22T19:00,22.3,52,10.8
2023-12-22T20:00,21.1,57,7.9
2023-12-22T21:00,21.1,57,4.7
2023-12-22T22:00,19.2,68,8.2
2023-12-22T23:00,18.5,69,9.0
2023-12-23T00:00,17.9,69,7.3
2023-12-23T01:00,17.5,70,7.9
2023-12-23T02:00,17.2,69,11.2
2023-12-23T03:00,16.2,73,12.2
2023-12-23T04:00,15.2,78,10.5
2023-12-23T05:00,15.5,76,10.1
2023-12-23T06:00,15.3,78,10.2
2023-12-23T07:00,15.0,79,10.9
2023-12-23T08:00,15.8,74,10.8
2023-12-23T09:00,19.4,59,10.3
2023-12-23T10:00,22.6,48,11.6
2023-12-23T11:00,23.9,44,9.0
2023-12-23T12:00,24.6,41,4.6
2023-12-23T13:00,25.2,39,4.4
2023-12-23T14:00,25.6,38,6.3
2023-12-23T15:00,25.7,37,7.0
2023-12-23T16:00,25.2,39,8.6
2023-12-23T17:00,23.4,52,16.1
2023-12-23T18:00,22.8,55,12.1
2023-12-23T19:00,22.1,60,11.6
2023-12-23T20:00,20.9,64,7.7
2023-12-23T21:00,21.0,63,4.2
2023-12-23T22:00,21.3,61,0.5
2023-12-23T23:00,18.5,72,9.4
2023-12-24T00:00,17.7,75,11.2
2023-12-24T01:00,16.6,81,9.4
2023-12-24T02:00,16.1,82,10.7
2023-12-24T03:00,16.1,82,12.0
2023-12-24T04:00,16.1,82,10.5
2023-12-24T05:00,15.8,85,8.3
2023-12-24T06:00,15.7,86,10.1
2023-12-24T07:00,15.4,87,10.2
2023-12-24T08:00,16.7,79,9.7
2023-12-24T09:00,19.9,63,8.6
2023-12-24T10:00,23.0,51,7.3
2023-12-24T11:00,24.9,43,5.5
2023-12-24T12:00,26.1,34,3.8
2023-12-24T13:00,26.8,30,5.7
2023-12-24T14:00,27.0,32,9.7
2023-12-24T15:00,26.5,37,12.2
2023-12-24T16:00,25.7,41,14.6
2023-12-24T17:00,25.0,43,12.6
2023-12-24T18:00,24.1,49,8.7
2023-12-24T19:00,23.3,55,9.2
2023-12-24T20:00,22.3,59,8.8
2023-12-24T21:00,21.4,60,9.5
2023-12-24T22:00,20.4,65,9.2
2023-12-24T23:00,19.5,71,9.1
2023-12-25T00:00,18.6,76,8.0
2023-12-25T01:00,17.9,81,6.8
2023-12-25T02:00,17.3,85,6.2
2023-12-25T03:00,17.2,87,5.4
2023-12-25T04:00,16.6,91,7.2
2023-12-25T05:00,16.8,92,7.1
2023-12-25T06:00,16.3,94,6.5
2023-12-25T07:00,16.0,95,6.6
2023-12-25T08:00,17.4,89,8.2
2023-12-25T09:00,20.3,74,6.8
2023-12-25T10:00,23.2,63,6.1
2023-12-25T11:00,25.3,55,4.0
2023-12-25T12:00,26.7,49,5.1
2023-12-25T13:00,27.6,45,10.0
2023-12-25T14:00,27.6,45,13.3
2023-12-25T15:00,26.9,47,15.5
2023-12-25T16:00,25.8,55,16.9
2023-12-25T17:00,24.7,68,16.0
2023-12-25T18:00,23.8,77,12.3
2023-12-25T19:00,23.4,79,8.3
2023-12-25T20:00,22.7,82,6.8
2023-12-25T21:00,21.9,85,5.8
2023-12-25T22:00,21.9,85,5.0
2023-12-25T23:00,21.1,89,6.6
2023-12-26T00:00,20.6,90,7.3
2023-12-26T01:00,20.9,87,5.6
2023-12-26T02:00,22.2,83,1.4
2023-12-26T03:00,22.0,84,3.6
2023-12-26T04:00,21.2,86,4.7
2023-12-26T05:00,20.8,81,6.1
2023-12-26T06:00,20.6,82,6.5
2023-12-26T07:00,22.0,80,4.8
2023-12-26T08:00,19.8,91,7.6
2023-12-26T09:00,22.2,78,6.5
2023-12-26T10:00,24.9,70,4.4
2023-12-26T11:00,27.0,61,12.5
2023-12-26T12:00,28.2,48,18.7
2023-12-26T13:00,28.6,44,22.5
2023-12-26T14:00,28.4,46,23.2
2023-12-26T15:00,28.0,47,21.4
2023-12-26T16:00,27.1,54,18.4
2023-12-26T17:00,26.1,61,16.2
2023-12-26T18:00,24.8,73,10.0
2023-12-26T19:00,23.9,78,8.4
2023-12-26T20:00,23.3,79,9.2
2023-12-26T21:00,22.7,81,10.1
2023-12-26T22:00,22.1,84,10.2
2023-12-26T23:00,21.4,86,10.3
2023-12-27T00:00,20.8,86,9.9
2023-12-27T01:00,20.3,87,9.4
2023-12-27T02:00,20.0,87,10.3
2023-12-27T03:00,19.8,87,10.9
2023-12-27T04:00,19.4,88,10.9
2023-12-27T05:00,18.9,90,10.8
2023-12-27T06:00,18.4,92,12.0
2023-12-27T07:00,17.8,94,12.3
2023-12-27T08:00,18.4,93,11.5
2023-12-27T09:00,21.7,81,10.3
2023-12-27T10:00,24.7,71,9.6
2023-12-27T11:00,26.2,62,9.8
2023-12-27T12:00,26.9,57,10.8
2023-12-27T13:00,27.2,52,12.4
2023-12-27T14:00,27.3,50,14.2
2023-12-27T15:00,26.8,53,15.9
2023-12-27T16:00,26.1,56,15.5
2023-12-27T17:00,25.2,64,15.1
2023-12-27T18:00,23.8,74,10.4
2023-12-27T19:00,22.6,82,7.3
2023-12-27T20:00,21.6,87,6.8
2023-12-27T21:00,20.6,91,6.7
2023-12-27T22:00,19.8,93,7.9
2023-12-27T23:00,19.2,95,9.4
2023-12-28T00:00,18.3,98,10.1
2023-12-28T01:00,17.4,100,10.7
2023-12-28T02:00,17.2,100,10.3
2023-12-28T03:00,16.9,100,10.6
2023-12-28T04:00,16.3,100,10.5
2023-12-28T05:00,16.5,100,9.5
2023-12-28T06:00,16.8,100,8.9
2023-12-28T07:00,16.9,100,10.8
2023-12-28T08:00,17.8,99,12.4
2023-12-28T09:00,18.7,98,13.5
2023-12-28T10:00,19.5,97,12.1
2023-12-28T11:00,22.3,81,8.8
2023-12-28T12:00,24.2,67,7.4
2023-12-28T13:00,25.5,52,8.1
2023-12-28T14:00,26.0,48,10.7
2023-12-28T15:00,25.5,54,13.8
2023-12-28T16:00,24.7,60,15.7
2023-12-28T17:00,24.2,62,14.6
2023-12-28T18:00,23.1,68,9.2
2023-12-28T19:00,21.8,77,5.6
2023-12-28T20:00,22.9,69,2.6
2023-12-28T21:00,20.9,80,5.2
2023-12-28T22:00,20.1,83,10.2
2023-12-28T23:00,18.9,88,11.1
2023-12-29T00:00,17.9,92,9.2
2023-12-29T01:00,17.5,92,9.2
2023-12-29T02:00,16.9,94,9.8
2023-12-29T03:00,16.1,96,8.7
2023-12-29T04:00,15.6,96,9.0
2023-12-29T05:00,16.0,96,8.6
2023-12-29T06:00,15.9,95,8.5
2023-12-29T07:00,15.9,95,8.3
2023-12-29T08:00,16.8,95,9.7
2023-12-29T09:00,19.8,82,8.3
2023-12-29T10:00,22.8,66,7.2
2023-12-29T11:00,24.5,59,2.6
2023-12-29T12:00,25.7,53,3.3
2023-12-29T13:00,26.7,48,7.8
2023-12-29T14:00,26.7,51,13.2
2023-12-29T15:00,26.1,56,16.6
2023-12-29T16:00,25.4,58,16.0
2023-12-29T17:00,24.7,65,15.9
2023-12-29T18:00,23.6,74,11.9
2023-12-29T19:00,23.0,77,12.0
2023-12-29T20:00,22.3,80,9.9
2023-12-29T21:00,21.0,86,6.9
2023-12-29T22:00,22.6,76,1.4
2023-12-29T23:00,20.6,85,5.1
2023-12-30T00:00,19.2,92,10.2
2023-12-30T01:00,18.3,96,10.7
2023-12-30T02:00,17.3,98,9.7
2023-12-30T03:00,17.0,97,9.4
2023-12-30T04:00,16.8,96,9.6
2023-12-30T05:00,17.0,95,10.3
2023-12-30T06:00,16.6,95,10.4
2023-12-30T07:00,16.1,95,10.2
2023-12-30T08:00,16.8,94,9.1
2023-12-30T09:00,19.9,81,7.3
2023-12-30T10:00,22.9,67,7.3
2023-12-30T11:00,25.1,52,5.6
2023-12-30T12:00,26.5,43,4.4
2023-12-30T13:00,27.4,39,5.5
2023-12-30T14:00,27.8,40,10.5
2023-12-30T15:00,26.9,51,16.6
2023-12-30T16:00,26.0,49,18.1
2023-12-30T17:00,24.9,62,15.5
2023-12-30T18:00,23.6,74,11.2
2023-12-30T19:00,22.7,80,9.0
2023-12-30T20:00,21.5,86,7.0
2023-12-30T21:00,21.1,87,5.9
2023-12-30T22:00,21.3,85,4.7
2023-12-30T23:00,20.4,87,4.9
2023-12-31T00:00,18.9,92,7.7
2023-12-31T01:00,18.3,94,7.1
2023-12-31T02:00,18.8,92,4.7
2023-12-31T03:00,19.7,90,3.3
2023-12-31T04:00,17.4,96,7.6
2023-12-31T05:00,18.0,94,11.2
2023-12-31T06:00,17.0,97,8.7
2023-12-31T07:00,16.1,98,7.9
2023-12-31T08:00,17.1,96,6.7
2023-12-31T09:00,19.8,83,2.5
2023-12-31T10:00,22.5,73,3.2
2023-12-31T11:00,24.1,74,10.1
2023-12-31T12:00,25.3,72,16.8
2023-12-31T13:00,26.2,63,20.9
2023-12-31T14:00,26.0,61,21.7
2023-12-31T15:00,25.6,61,23.3
2023-12-31T16:00,25.4,65,19.6
2023-12-31T17:00,24.8,70,14.3
2023-12-31T18:00,24.2,76,7.6
2023-12-31T19:00,23.8,79,7.9
2023-12-31T20:00,22.3,85,8.2
2023-12-31T21:00,22.5,86,4.3
2023-12-31T22:00,23.4,75,2.2
2023-12-31T23:00,22.6,76,4.0
2024-01-01T00:00,21.5,78,5.1
2024-01-01T01:00,21.0,79,5.8
2024-01-01T02:00,19.6,85,7.9
2024-01-01T03:00,19.2,88,8.4
2024-01-01T04:00,19.4,88,7.3
2024-01-01T05:00,20.5,81,12.3
2024-01-01T06:00,19.4,85,8.3
2024-01-01T07:00,21.9,79,1.8
2024-01-01T08:00,20.0,88,8.6
2024-01-01T09:00,22.0,78,9.1
2024-01-01T10:00,24.0,70,8.9
2024-01-01T11:00,25.5,66,9.8
2024-01-01T12:00,26.5,58,14.1
2024-01-01T13:00,26.7,56,19.0
2024-01-01T14:00,26.5,58,22.1
2024-01-01T15:00,26.2,59,23.0
2024-01-01T16:00,25.5,63,23.6
2024-01-01T17:00,24.4,67,19.9
2024-01-01T18:00,23.4,72,14.4
2024-01-01T19:00,23.2,74,15.0
2024-01-01T20:00,22.8,75,15.5
2024-01-01T21:00,22.6,76,17.2
2024-01-01T22:00,22.3,76,17.2
2024-01-01T23:00,22.0,76,16.3
2024-01-02T00:00,21.6,79,15.3
2024-01-02T01:00,21.4,80,15.5
2024-01-02T02:00,21.2,82,15.5
2024-01-02T03:00,21.1,83,15.1
2024-01-02T04:00,21.0,83,15.5
2024-01-02T05:00,21.1,82,14.8
2024-01-02T06:00,21.2,81,15.1
2024-01-02T07:00,20.9,79,14.1
2024-01-02T08:00,21.8,74,12.6
2024-01-02T09:00,23.7,65,16.4
2024-01-02T10:00,24.6,60,20.6
2024-01-02T11:00,25.2,57,20.9
2024-01-02T12:00,25.5,55,21.2
2024-01-02T13:00,25.7,53,21.4
2024-01-02T14:00,25.5,52,22.3
2024-01-02T15:00,25.3,53,21.9
2024-01-02T16:00,24.8,54,21.3
2024-01-02T17:00,24.0,54,21.4
2024-01-02T18:00,22.9,60,17.7
2024-01-02T19:00,22.2,64,15.5
2024-01-02T20:00,21.6,68,13.0
2024-01-02T21:00,20.8,73,11.1
2024-01-02T22:00,20.1,77,9.7
2024-01-02T23:00,19.3,80,9.2
2024-01-03T00:00,18.8,82,9.4
2024-01-03T01:00,18.6,83,10.0
2024-01-03T02:00,18.3,85,11.5
2024-01-03T03:00,18.1,85,12.4
2024-01-03T04:00,18.0,85,13.0
2024-01-03T05:00,17.7,81,12.9
2024-01-03T06:00,17.2,83,14.7
2024-01-03T07:00,16.8,85,15.6
2024-01-03T08:00,17.5,81,14.9
2024-01-03T09:00,20.0,70,13.3
2024-01-03T10:00,22.6,60,14.3
2024-01-03T11:00,24.7,50,15.9
2024-01-03T12:00,25.4,46,21.3
2024-01-03T13:00,25.6,45,22.4
2024-01-03T14:00,25.6,44,23.6
2024-01-03T15:00,25.1,49,21.6
2024-01-03T16:00,24.6,52,20.0
2024-01-03T17:00,23.8,56,16.3
2024-01-03T18:00,22.7,63,13.1
2024-01-03T19:00,22.1,67,11.4
2024-01-03T20:00,21.5,70,11.0
2024-01-03T21:00,20.9,74,11.8
2024-01-03T22:00,20.9,71,11.9
2024-01-03T23:00,21.1,72,15.3
2024-01-04T00:00,21.2,73,17.7
2024-01-04T01:00,21.0,73,17.2
2024-01-04T02:00,20.7,74,15.7
2024-01-04T03:00,20.6,76,15.5
2024-01-04T04:00,20.0,81,18.0
2024-01-04T05:00,21.3,71,15.9
2024-01-04T06:00,21.3,71,17.7
2024-01-04T07:00,21.2,71,17.0
2024-01-04T08:00,21.5,68,18.4
2024-01-04T09:00,23.2,58,25.6
2024-01-04T10:00,23.7,56,29.8
2024-01-04T11:00,24.1,54,31.0
2024-01-04T12:00,24.3,53,32.5
2024-01-04T13:00,24.3,52,32.8
2024-01-04T14:00,24.3,51,33.4
2024-01-04T15:00,24.0,51,33.0
2024-01-04T16:00,23.6,51,32.7
2024-01-04T17:00,23.1,52,31.6
2024-01-04T18:00,22.2,56,25.2
2024-01-04T19:00,22.0,56,22.7
2024-01-04T20:00,22.0,58,25.2
2024-01-04T21:00,21.5,61,23.5
2024-01-04T22:00,20.9,65,21.4
2024-01-04T23:00,20.6,67,19.7
2024-01-05T00:00,20.3,68,17.8
2024-01-05T01:00,19.8,71,15.0
2024-01-05T02:00,19.5,73,11.6
2024-01-05T03:00,19.2,73,11.2
2024-01-05T04:00,18.7,75,10.1
2024-01-05T05:00,17.6,82,9.7
2024-01-05T06:00,17.1,83,11.9
2024-01-05T07:00,16.1,86,14.0
2024-01-05T08:00,16.5,83,13.3
2024-01-05T09:00,19.1,70,12.0
2024-01-05T10:00,22.0,58,11.2
2024-01-05T11:00,23.6,51,6.9
2024-01-05T12:00,24.5,45,6.5
2024-01-05T13:00,25.2,42,8.0
2024-01-05T14:00,25.4,42,11.0
2024-01-05T15:00,25.2,44,14.1
2024-01-05T16:00,24.5,47,15.7
2024-01-05T17:00,23.6,55,18.0
2024-01-05T18:00,22.7,60,17.6
2024-01-05T19:00,22.2,62,13.8
2024-01-05T20:00,21.7,64,13.2
2024-01-05T21:00,20.9,67,11.9
2024-01-05T22:00,19.9,72,9.4
2024-01-05T23:00,18.8,82,7.4
2024-01-06T00:00,18.2,86,8.2
2024-01-06T01:00,17.7,86,9.7
2024-01-06T02:00,17.0,85,10.9
2024-01-06T03:00,16.1,88,11.2
2024-01-06T04:00,15.4,90,11.2
2024-01-06T05:00,15.9,88,10.6
2024-01-06T06:00,15.7,90,11.6
2024-01-06T07:00,15.4,90,12.1
2024-01-06T08:00,16.3,88,11.2
2024-01-06T09:00,19.3,75,10.1
2024-01-06T10:00,22.3,65,10.5
2024-01-06T11:00,24.1,57,12.4
2024-01-06T12:00,24.9,52,14.1
2024-01-06T13:00,25.1,49,16.1
2024-01-06T14:00,25.0,49,18.1
2024-01-06T15:00,24.5,50,19.2
2024-01-06T16:00,24.1,52,20.0
2024-01-06T17:00,23.4,54,20.5
2024-01-06T18:00,22.4,60,16.8
2024-01-06T19:00,21.7,63,13.0
2024-01-06T20:00,21.1,65,12.6
2024-01-06T21:00,20.4,66,12.0
2024-01-06T22:00,19.6,71,11.0
2024-01-06T23:00,18.9,74,10.3
2024-01-07T00:00,18.2,76,10.5
2024-01-07T01:00,17.6,79,10.9
2024-01-07T02:00,17.3,80,11.8
2024-01-07T03:00,16.8,83,12.3
2024-01-07T04:00,16.6,84,12.6
2024-01-07T05:00,16.7,81,13.7
2024-01-07T06:00,16.0,83,14.8
2024-01-07T07:00,15.4,86,15.8
2024-01-07T08:00,16.1,82,15.1
2024-01-07T09:00,18.7,71,14.4
2024-01-07T10:00,21.4,61,15.3
2024-01-07T11:00,22.9,52,12.5
2024-01-07T12:00,23.7,46,10.8
2024-01-07T13:00,24.3,42,9.5
2024-01-07T14:00,24.6,42,8.4
2024-01-07T15:00,24.5,44,8.4
2024-01-07T16:00,24.1,45,9.6
2024-01-07T17:00,23.0,52,12.8
2024-01-07T18:00,22.1,55,8.9
2024-01-07T19:00,21.0,59,6.8
2024-01-07T20:00,21.1,58,3.3
2024-01-07T21:00,20.7,59,3.6
2024-01-07T22:00,20.6,59,2.4
2024-01-07T23:00,17.7,71,8.0
2024-01-08T00:00,16.9,75,9.8
2024-01-08T01:00,15.8,81,8.5
2024-01-08T02:00,15.1,85,7.2
2024-01-08T03:00,14.8,86,6.4
2024-01-08T04:00,14.6,87,9.3
2024-01-08T05:00,14.4,86,10.4
2024-01-08T06:00,13.6,89,9.5
2024-01-08T07:00,13.2,91,9.2
2024-01-08T08:00,14.7,84,7.8
2024-01-08T09:00,18.1,69,4.5
2024-01-08T10:00,21.5,57,5.1
2024-01-08T11:00,24.1,48,11.4
2024-01-08T12:00,25.8,37,13.5
2024-01-08T13:00,27.2,29,11.6
2024-01-08T14:00,27.9,23,13.7
2024-01-08T15:00,27.6,23,12.0
2024-01-08T16:00,27.1,24,12.4
2024-01-08T17:00,25.2,47,20.0
2024-01-08T18:00,23.7,58,19.4
2024-01-08T19:00,22.8,58,16.5
2024-01-08T20:00,21.9,60,14.1
2024-01-08T21:00,20.7,60,12.9
2024-01-08T22:00,19.3,57,12.2
2024-01-08T23:00,18.0,58,10.8
2024-01-09T00:00,16.9,62,10.0
2024-01-09T01:00,16.2,62,10.4
2024-01-09T02:00,15.5,60,10.1
2024-01-09T03:00,14.7,61,9.7
2024-01-09T04:00,13.9,62,9.0
2024-01-09T05:00,13.2,70,6.6
2024-01-09T06:00,13.0,67,5.2
2024-01-09T07:00,12.2,68,7.9
2024-01-09T08:00,13.7,57,8.7
2024-01-09T09:00,16.9,46,5.5
2024-01-09T10:00,21.0,35,3.3
2024-01-09T11:00,23.5,30,1.0
2024-01-09T12:00,24.8,33,8.1
2024-01-09T13:00,25.4,32,11.9
2024-01-09T14:00,25.5,34,15.0
2024-01-09T15:00,25.1,37,17.6
2024-01-09T16:00,24.3,42,17.9
2024-01-09T17:00,23.3,52,16.4
2024-01-09T18:00,22.1,58,12.8
2024-01-09T19:00,21.3,61,12.4
2024-01-09T20:00,20.7,63,12.3
2024-01-09T21:00,20.0,66,11.8
2024-01-09T22:00,19.1,71,10.7
2024-01-09T23:00,18.2,75,9.2
2024-01-10T00:00,17.7,77,8.4
2024-01-10T01:00,18.5,72,5.8
2024-01-10T02:00,19.5,68,3.4
2024-01-10T03:00,15.4,84,8.4
2024-01-10T04:00,14.6,88,11.5
2024-01-10T05:00,13.6,91,9.7
2024-01-10T06:00,13.2,91,9.8
2024-01-10T07:00,12.6,91,9.7
2024-01-10T08:00,13.4,88,8.7
2024-01-10T09:00,16.8,72,5.2
2024-01-10T10:00,20.4,59,3.6
2024-01-10T11:00,22.3,49,4.3
2024-01-10T12:00,23.3,44,7.6
2024-01-10T13:00,23.9,42,8.7
2024-01-10T14:00,24.1,43,10.5
2024-01-10T15:00,23.9,45,13.4
2024-01-10T16:00,23.2,46,15.9
2024-01-10T17:00,22.4,48,15.8
2024-01-10T18:00,21.2,56,12.6
2024-01-10T19:00,20.2,62,10.4
2024-01-10T20:00,19.0,70,8.1
2024-01-10T21:00,18.5,74,6.4
2024-01-10T22:00,20.1,68,3.1
2024-01-10T23:00,19.5,70,1.8
2024-01-11T00:00,16.8,81,6.1
2024-01-11T01:00,15.4,86,10.3
2024-01-11T02:00,14.6,89,11.0
2024-01-11T03:00,13.6,92,10.0
2024-01-11T04:00,12.7,94,10.0
2024-01-11T05:00,13.5,92,9.9
2024-01-11T06:00,12.9,94,10.9
2024-01-11T07:00,12.8,93,12.3
2024-01-11T08:00,13.7,89,12.4
2024-01-11T09:00,16.6,74,11.3
2024-01-11T10:00,19.8,62,10.4
2024-01-11T11:00,21.4,57,8.9
2024-01-11T12:00,22.5,49,7.7
2024-01-11T13:00,23.5,43,7.9
2024-01-11T14:00,24.0,42,10.2
2024-01-11T15:00,23.3,52,14.3
2024-01-11T16:00,22.3,56,17.1
2024-01-11T17:00,21.6,58,14.2
2024-01-11T18:00,20.9,64,11.1
2024-01-11T19:00,20.0,68,8.6
2024-01-11T20:00,18.7,71,6.1
2024-01-11T21:00,19.8,65,2.7
2024-01-11T22:00,19.1,67,3.1
2024-01-11T23:00,16.0,84,8.9
2024-01-12T00:00,15.0,90,10.2
2024-01-12T01:00,13.9,94,9.0
2024-01-12T02:00,13.1,95,9.0
2024-01-12T03:00,12.2,96,9.9
2024-01-12T04:00,11.5,97,10.3
2024-01-12T05:00,12.4,94,10.6
2024-01-12T06:00,12.4,93,11.8
2024-01-12T07:00,11.8,94,11.4
2024-01-12T08:00,12.4,91,11.1
2024-01-12T09:00,15.5,76,9.0
2024-01-12T10:00,19.1,60,9.8
2024-01-12T11:00,21.6,43,11.1
2024-01-12T12:00,22.8,37,12.4
2024-01-12T13:00,23.8,33,14.2
2024-01-12T14:00,24.0,33,16.3
2024-01-12T15:00,23.7,35,16.9
2024-01-12T16:00,23.2,36,16.8
2024-01-12T17:00,22.5,39,15.4
2024-01-12T18:00,20.8,54,10.6
2024-01-12T19:00,19.5,64,8.5
2024-01-12T20:00,19.0,67,5.9
2024-01-12T21:00,20.4,59,1.3
2024-01-12T22:00,17.6,72,6.4
2024-01-12T23:00,16.2,78,10.8
2024-01-13T00:00,15.1,84,11.2
2024-01-13T01:00,14.0,88,10.9
2024-01-13T02:00,13.1,92,11.5
2024-01-13T03:00,12.4,92,11.7
2024-01-13T04:00,11.8,92,11.2
2024-01-13T05:00,13.2,85,11.5
2024-01-13T06:00,12.8,83,11.4
2024-01-13T07:00,12.3,80,11.5
2024-01-13T08:00,13.1,71,11.4
2024-01-13T09:00,16.8,53,9.3
2024-01-13T10:00,20.6,41,6.1
2024-01-13T11:00,23.1,32,5.4
2024-01-13T12:00,24.4,28,6.5
2024-01-13T13:00,25.2,27,9.4
2024-01-13T14:00,25.5,27,11.6
2024-01-13T15:00,25.2,29,13.5
2024-01-13T16:00,24.5,32,13.5
2024-01-13T17:00,23.7,36,12.8
2024-01-13T18:00,21.7,48,8.8
2024-01-13T19:00,20.4,60,7.9
2024-01-13T20:00,19.4,68,7.4
2024-01-13T21:00,19.6,67,5.2
2024-01-13T22:00,19.8,65,4.8
2024-01-13T23:00,19.3,68,4.9
2024-01-14T00:00,17.7,76,6.0
2024-01-14T01:00,15.9,81,11.5
2024-01-14T02:00,14.3,84,10.8
2024-01-14T03:00,13.4,86,9.7
2024-01-14T04:00,12.8,86,9.7
2024-01-14T05:00,13.0,86,9.9
2024-01-14T06:00,12.4,88,10.0
2024-01-14T07:00,12.2,88,10.7
2024-01-14T08:00,13.6,79,10.1
2024-01-14T09:00,17.6,60,7.9
2024-01-14T10:00,21.8,44,7.2
2024-01-14T11:00,24.5,32,7.2
2024-01-14T12:00,26.2,26,6.1
2024-01-14T13:00,27.2,23,8.3
2024-01-14T14:00,27.6,24,11.0
2024-01-14T15:00,27.2,27,12.9
2024-01-14T16:00,26.3,29,14.5
2024-01-14T17:00,25.1,35,12.5
2024-01-14T18:00,22.7,54,8.9
2024-01-14T19:00,21.2,70,8.0
2024-01-14T20:00,20.3,76,6.0
2024-01-14T21:00,21.7,68,3.2
2024-01-14T22:00,19.5,75,5.4
2024-01-14T23:00,18.6,75,5.8
2024-01-15T00:00,17.8,74,6.2
2024-01-15T01:00,16.2,76,9.1
2024-01-15T02:00,15.8,68,10.4
2024-01-15T03:00,15.1,64,11.2
2024-01-15T04:00,14.4,63,11.0
2024-01-15T05:00,13.4,69,9.9
2024-01-15T06:00,13.0,68,10.1
2024-01-15T07:00,12.8,64,11.1
2024-01-15T08:00,13.8,56,10.0
2024-01-15T09:00,17.5,44,7.1
2024-01-15T10:00,22.4,31,7.2
2024-01-15T11:00,25.9,22,6.8
2024-01-15T12:00,27.6,19,6.8
2024-01-15T13:00,28.5,18,9.0
2024-01-15T14:00,28.6,20,13.4
2024-01-15T15:00,28.1,22,16.5
2024-01-15T16:00,27.1,25,16.8
2024-01-15T17:00,25.2,40,13.5
2024-01-15T18:00,22.7,63,10.8
2024-01-15T19:00,21.4,78,8.9
2024-01-15T20:00,20.2,85,6.8
2024-01-15T21:00,20.6,82,5.2
2024-01-15T22:00,19.3,86,7.1
2024-01-15T23:00,18.0,89,9.2
2024-01-16T00:00,17.5,89,10.0
2024-01-16T01:00,16.9,88,10.3
2024-01-16T02:00,16.6,84,11.8
2024-01-16T03:00,16.1,82,12.2
2024-01-16T04:00,15.7,82,12.2
2024-01-16T05:00,16.1,85,11.6
2024-01-16T06:00,16.1,85,12.2
2024-01-16T07:00,16.0,85,13.4
2024-01-16T08:00,16.9,82,12.7
2024-01-16T09:00,20.3,69,10.8
2024-01-16T10:00,23.9,58,10.8
2024-01-16T11:00,26.3,51,15.5
2024-01-16T12:00,27.3,47,19.7
2024-01-16T13:00,27.5,46,21.3
2024-01-16T14:00,27.3,48,23.3
2024-01-16T15:00,27.1,48,23.8
2024-01-16T16:00,26.3,52,24.2
2024-01-16T17:00,25.3,59,21.8
2024-01-16T18:00,24.0,70,17.0
2024-01-16T19:00,23.2,77,16.2
2024-01-16T20:00,22.7,83,15.9
2024-01-16T21:00,22.1,91,15.0
2024-01-16T22:00,21.8,93,14.4
2024-01-16T23:00,21.6,93,15.3
2024-01-17T00:00,21.5,92,15.9
2024-01-17T01:00,21.4,91,16.6
2024-01-17T02:00,21.7,88,18.6
2024-01-17T03:00,21.9,82,21.8
2024-01-17T04:00,22.0,80,22.9
2024-01-17T05:00,21.2,84,14.9
2024-01-17T06:00,21.4,73,15.6
2024-01-17T07:00,21.4,73,16.9
2024-01-17T08:00,22.2,69,18.5
2024-01-17T09:00,24.1,56,24.3
2024-01-17T10:00,25.1,44,30.0
2024-01-17T11:00,25.7,39,32.9
2024-01-17T12:00,25.7,39,33.7
2024-01-17T13:00,25.6,40,32.5
2024-01-17T14:00,25.2,42,32.6
2024-01-17T15:00,24.7,43,33.0
2024-01-17T16:00,23.9,48,34.3
2024-01-17T17:00,23.0,55,32.5
2024-01-17T18:00,21.9,63,28.6
2024-01-17T19:00,21.5,65,25.9
2024-01-17T20:00,21.2,68,23.5
2024-01-17T21:00,20.8,70,22.2
2024-01-17T22:00,20.6,68,21.5
2024-01-17T23:00,20.2,66,19.4
2024-01-18T00:00,19.6,69,16.9
2024-01-18T01:00,19.1,72,14.2
2024-01-18T02:00,18.5,75,12.2
2024-01-18T03:00,17.8,79,11.3
2024-01-18T04:00,17.3,82,10.8
2024-01-18T05:00,17.9,78,9.9
2024-01-18T06:00,17.4,80,9.5
2024-01-18T07:00,17.1,81,11.1
2024-01-18T08:00,17.5,79,12.2
2024-01-18T09:00,19.6,71,12.2
2024-01-18T10:00,22.0,60,11.6
2024-01-18T11:00,23.4,52,8.0
2024-01-18T12:00,24.3,49,13.6
2024-01-18T13:00,24.4,49,18.0
2024-01-18T14:00,24.2,51,21.2
2024-01-18T15:00,23.9,51,19.6
2024-01-18T16:00,23.4,54,15.8
2024-01-18T17:00,23.1,58,15.4
2024-01-18T18:00,22.3,63,12.1
2024-01-18T19:00,21.8,66,13.2
2024-01-18T20:00,21.2,68,14.7
2024-01-18T21:00,20.6,72,13.1
2024-01-18T22:00,19.8,76,10.5
2024-01-18T23:00,19.3,79,10.6
2024-01-19T00:00,18.9,81,10.5
2024-01-19T01:00,18.3,84,9.0
2024-01-19T02:00,18.1,85,10.1
2024-01-19T03:00,18.0,86,10.1
2024-01-19T04:00,18.1,85,10.2
2024-01-19T05:00,18.5,83,5.8
2024-01-19T06:00,18.1,85,6.4
2024-01-19T07:00,17.4,87,7.6
2024-01-19T08:00,18.4,85,8.7
2024-01-19T09:00,20.8,73,8.2
2024-01-19T10:00,22.9,62,10.0
2024-01-19T11:00,24.1,55,18.3
2024-01-19T12:00,24.4,53,21.2
2024-01-19T13:00,24.6,50,22.1
2024-01-19T14:00,24.5,48,23.0
2024-01-19T15:00,24.1,53,23.8
2024-01-19T16:00,23.4,56,23.4
2024-01-19T17:00,22.6,60,19.9
2024-01-19T18:00,21.7,65,16.6
2024-01-19T19:00,21.1,70,14.6
2024-01-19T20:00,20.5,74,13.4
2024-01-19T21:00,19.7,78,11.2
2024-01-19T22:00,18.9,82,9.9
2024-01-19T23:00,17.9,87,8.9
2024-01-20T00:00,17.0,89,8.0
2024-01-20T01:00,16.5,90,7.1
2024-01-20T02:00,16.1,91,8.5
2024-01-20T03:00,15.7,91,9.4
2024-01-20T04:00,15.5,91,10.2
2024-01-20T05:00,16.4,87,10.1
2024-01-20T06:00,15.4,89,7.4
2024-01-20T07:00,14.9,90,9.8
2024-01-20T08:00,15.0,91,10.8
2024-01-20T09:00,18.1,77,7.2
2024-01-20T10:00,21.0,65,6.3
2024-01-20T11:00,22.5,60,0.5
2024-01-20T12:00,23.7,53,4.6
2024-01-20T13:00,24.6,50,7.9
2024-01-20T14:00,24.7,51,13.3
2024-01-20T15:00,24.1,55,17.9
2024-01-20T16:00,23.6,57,19.6
2024-01-20T17:00,23.0,62,20.4
2024-01-20T18:00,22.3,66,14.8
2024-01-20T19:00,21.9,69,12.0
2024-01-20T20:00,21.1,73,8.5
2024-01-20T21:00,20.3,77,7.9
2024-01-20T22:00,19.6,81,7.5
2024-01-20T23:00,19.6,81,4.9
2024-01-21T00:00,18.8,85,5.5
2024-01-21T01:00,17.8,90,8.9
2024-01-21T02:00,17.5,93,9.7
2024-01-21T03:00,17.4,94,10.2
2024-01-21T04:00,17.3,94,10.3
2024-01-21T05:00,17.1,93,10.2
2024-01-21T06:00,16.9,92,10.8
2024-01-21T07:00,16.5,91,11.8
2024-01-21T08:00,17.5,86,11.5
2024-01-21T09:00,20.1,74,9.2
2024-01-21T10:00,22.4,62,11.2
2024-01-21T11:00,23.4,56,13.7
2024-01-21T12:00,24.0,52,15.9
2024-01-21T13:00,24.3,50,18.8
2024-01-21T14:00,24.2,51,21.2
2024-01-21T15:00,24.2,51,20.5
2024-01-21T16:00,23.7,53,21.7
2024-01-21T17:00,23.1,54,19.9
2024-01-21T18:00,22.1,59,15.5
2024-01-21T19:00,21.4,62,12.6
2024-01-21T20:00,20.4,66,10.9
2024-01-21T21:00,19.7,70,10.0
2024-01-21T22:00,19.4,71,9.3
2024-01-21T23:00,18.8,74,8.0
2024-01-22T00:00,18.8,75,9.5
2024-01-22T01:00,18.0,78,9.8
2024-01-22T02:00,17.2,82,9.4
2024-01-22T03:00,16.7,86,10.4
2024-01-22T04:00,16.0,88,12.2
2024-01-22T05:00,15.0,89,13.0
2024-01-22T06:00,14.7,90,12.4
2024-01-22T07:00,14.6,90,13.0
2024-01-22T08:00,15.4,84,12.4
2024-01-22T09:00,18.2,71,11.3
2024-01-22T10:00,21.4,59,10.5
2024-01-22T11:00,23.3,55,9.2
2024-01-22T12:00,24.3,53,8.7
2024-01-22T13:00,25.0,51,11.6
2024-01-22T14:00,24.9,54,16.3
2024-01-22T15:00,24.4,56,19.3
2024-01-22T16:00,23.9,58,19.4
2024-01-22T17:00,23.5,63,18.9
2024-01-22T18:00,22.7,67,13.7
2024-01-22T19:00,22.0,70,11.3
2024-01-22T20:00,21.1,74,8.6
2024-01-22T21:00,20.0,79,7.2
2024-01-22T22:00,19.6,80,5.5
2024-01-22T23:00,20.0,77,4.3
2024-01-23T00:00,19.0,81,4.8
2024-01-23T01:00,17.2,88,7.2
2024-01-23T02:00,16.4,91,7.8
2024-01-23T03:00,15.8,93,7.8
2024-01-23T04:00,15.4,94,8.5
2024-01-23T05:00,15.6,92,7.2
2024-01-23T06:00,14.9,94,8.1
2024-01-23T07:00,14.5,95,8.4
2024-01-23T08:00,16.1,93,9.7
2024-01-23T09:00,18.5,81,7.7
2024-01-23T10:00,21.3,69,6.2
2024-01-23T11:00,22.9,62,1.8
2024-01-23T12:00,24.2,55,2.9
2024-01-23T13:00,25.3,49,8.1
2024-01-23T14:00,25.3,51,13.2
2024-01-23T15:00,24.7,54,17.2
2024-01-23T16:00,24.0,54,18.0
2024-01-23T17:00,22.9,64,19.0
2024-01-23T18:00,22.0,70,15.7
2024-01-23T19:00,21.3,74,11.5
2024-01-23T20:00,20.4,77,7.6
2024-01-23T21:00,19.4,81,5.6
2024-01-23T22:00,20.3,76,3.3
2024-01-23T23:00,18.6,84,4.8
2024-01-24T00:00,17.3,90,10.2
2024-01-24T01:00,16.0,96,10.3
2024-01-24T02:00,15.4,97,9.7
2024-01-24T03:00,14.8,97,8.7
2024-01-24T04:00,14.2,98,8.7
2024-01-24T05:00,14.3,98,7.6
2024-01-24T06:00,13.7,100,8.1
2024-01-24T07:00,13.1,100,8.4
2024-01-24T08:00,13.1,99,6.8
2024-01-24T09:00,14.8,97,8.0
2024-01-24T10:00,17.3,91,6.3
2024-01-24T11:00,21.2,65,7.6
2024-01-24T12:00,23.6,45,10.0
2024-01-24T13:00,25.1,33,13.0
2024-01-24T14:00,25.9,28,13.9
2024-01-24T15:00,25.5,36,16.2
2024-01-24T16:00,23.6,56,19.9
2024-01-24T17:00,22.5,45,18.2
2024-01-24T18:00,20.9,64,12.3
2024-01-24T19:00,19.5,76,8.8
2024-01-24T20:00,18.0,85,6.5
2024-01-24T21:00,19.3,78,3.2
2024-01-24T22:00,17.9,83,4.4
2024-01-24T23:00,15.5,90,9.3
2024-01-25T00:00,14.9,89,12.4
2024-01-25T01:00,13.2,90,10.7
2024-01-25T02:00,12.2,86,10.0
2024-01-25T03:00,11.6,77,10.6
2024-01-25T04:00,11.0,74,11.1
2024-01-25T05:00,11.9,72,9.8
2024-01-25T06:00,11.2,76,9.1
2024-01-25T07:00,11.1,75,9.7
2024-01-25T08:00,12.4,68,10.0
2024-01-25T09:00,16.5,52,9.2
2024-01-25T10:00,21.1,38,9.4
2024-01-25T11:00,24.5,25,13.5
2024-01-25T12:00,26.2,19,13.8
2024-01-25T13:00,27.2,18,13.3
2024-01-25T14:00,27.5,18,14.1
2024-01-25T15:00,27.2,22,14.5
2024-01-25T16:00,26.5,28,15.7
2024-01-25T17:00,24.7,36,16.8
2024-01-25T18:00,22.9,47,12.8
2024-01-25T19:00,21.7,61,11.1
2024-01-25T20:00,20.5,69,8.4
2024-01-25T21:00,19.4,76,7.2
2024-01-25T22:00,21.3,66,1.5
2024-01-25T23:00,18.0,81,7.9
2024-01-26T00:00,17.6,77,11.9
2024-01-26T01:00,16.3,80,10.5
2024-01-26T02:00,15.7,77,11.2
2024-01-26T03:00,15.1,73,11.5
2024-01-26T04:00,14.6,68,11.8
2024-01-26T05:00,14.8,67,12.0
2024-01-26T06:00,15.0,59,12.4
2024-01-26T07:00,14.9,53,13.4
2024-01-26T08:00,15.8,45,13.5
2024-01-26T09:00,19.5,34,12.9
2024-01-26T10:00,23.6,25,10.0
2024-01-26T11:00,26.7,20,13.3
2024-01-26T12:00,28.2,16,13.2
2024-01-26T13:00,29.1,14,13.4
2024-01-26T14:00,29.7,13,15.8
2024-01-26T15:00,29.8,14,17.9
2024-01-26T16:00,29.4,15,13.8
2024-01-26T17:00,26.9,31,10.3
2024-01-26T18:00,23.8,43,10.5
2024-01-26T19:00,22.1,48,9.6
2024-01-26T20:00,20.9,65,6.8
2024-01-26T21:00,20.5,65,12.4
2024-01-26T22:00,19.6,60,12.8
2024-01-26T23:00,18.8,54,13.0
2024-01-27T00:00,18.0,50,11.5
2024-01-27T01:00,17.4,54,11.6
2024-01-27T02:00,17.0,57,12.5
2024-01-27T03:00,17.1,41,14.2
2024-01-27T04:00,17.4,42,14.5
2024-01-27T05:00,18.8,50,15.9
2024-01-27T06:00,19.2,52,18.1
2024-01-27T07:00,19.4,55,19.8
2024-01-27T08:00,20.5,57,24.4
2024-01-27T09:00,21.9,56,25.8
2024-01-27T10:00,23.7,53,30.4
2024-01-27T11:00,25.7,47,33.3
2024-01-27T12:00,27.0,43,31.3
2024-01-27T13:00,27.9,41,28.8
2024-01-27T14:00,28.5,38,25.0
2024-01-27T15:00,28.8,36,21.6
2024-01-27T16:00,28.6,36,21.1
2024-01-27T17:00,28.0,37,16.9
2024-01-27T18:00,26.4,44,10.0
2024-01-27T19:00,23.9,69,8.9
2024-01-27T20:00,23.0,75,8.7
2024-01-27T21:00,23.2,72,4.8
2024-01-27T22:00,22.0,78,5.6
2024-01-27T23:00,21.9,75,9.1
2024-01-28T00:00,21.2,78,10.9
2024-01-28T01:00,20.9,77,13.1
2024-01-28T02:00,20.5,73,14.8
2024-01-28T03:00,20.3,67,7.0
2024-01-28T04:00,19.8,75,10.1
2024-01-28T05:00,19.6,77,8.0
2024-01-28T06:00,18.9,79,9.3
2024-01-28T07:00,19.0,82,10.8
2024-01-28T08:00,20.9,86,10.8
2024-01-28T09:00,23.1,73,10.0
2024-01-28T10:00,24.4,61,18.3
2024-01-28T11:00,24.8,50,19.2
2024-01-28T12:00,24.9,47,21.0
2024-01-28T13:00,25.0,44,23.3
2024-01-28T14:00,24.7,43,26.0
2024-01-28T15:00,24.3,43,25.7
2024-01-28T16:00,23.8,45,23.9
2024-01-28T17:00,23.0,49,21.5
2024-01-28T18:00,22.1,55,18.3
2024-01-28T19:00,21.6,58,14.8
2024-01-28T20:00,21.0,59,12.6
2024-01-28T21:00,20.4,59,13.0
2024-01-28T22:00,19.9,61,13.7
2024-01-28T23:00,19.5,66,14.1
2024-01-29T00:00,19.3,66,14.6
2024-01-29T01:00,19.0,67,14.9
2024-01-29T02:00,18.4,69,13.7
2024-01-29T03:00,18.0,72,13.4
2024-01-29T04:00,17.8,71,13.8
2024-01-29T05:00,18.1,75,14.5
2024-01-29T06:00,18.0,73,14.9
2024-01-29T07:00,18.0,72,15.1
2024-01-29T08:00,19.2,66,15.9
2024-01-29T09:00,21.7,50,17.9
2024-01-29T10:00,22.8,44,21.8
2024-01-29T11:00,23.4,42,22.1
2024-01-29T12:00,23.9,39,23.4
2024-01-29T13:00,24.0,39,22.4
2024-01-29T14:00,23.8,39,23.3
2024-01-29T15:00,24.0,40,26.6
2024-01-29T16:00,23.5,44,25.3
2024-01-29T17:00,22.8,50,18.8
2024-01-29T18:00,22.2,53,15.9
2024-01-29T19:00,21.6,57,12.7
2024-01-29T20:00,21.0,61,12.4
2024-01-29T21:00,20.5,64,12.5
2024-01-29T22:00,20.2,66,11.8
2024-01-29T23:00,19.7,69,11.0
2024-01-30T00:00,18.9,73,10.4
2024-01-30T01:00,18.1,77,11.5
2024-01-30T02:00,17.6,80,11.0
2024-01-30T03:00,17.1,81,11.3
2024-01-30T04:00,16.7,84,11.5
2024-01-30T05:00,16.4,81,10.1
2024-01-30T06:00,16.0,85,9.7
2024-01-30T07:00,15.7,87,10.8
2024-01-30T08:00,16.6,83,9.4
2024-01-30T09:00,19.6,70,9.0
2024-01-30T10:00,21.8,63,8.8
2024-01-30T11:00,23.6,58,6.4
2024-01-30T12:00,25.0,52,9.8
2024-01-30T13:00,25.4,51,13.8
2024-01-30T14:00,25.9,44,12.8
2024-01-30T15:00,26.7,35,11.4
2024-01-30T16:00,26.1,37,13.2
2024-01-30T17:00,25.9,42,12.6
2024-01-30T18:00,24.2,58,10.6
2024-01-30T19:00,23.1,71,6.2
2024-01-30T20:00,22.1,79,4.0
2024-01-30T21:00,22.3,78,2.0
2024-01-30T22:00,21.3,83,3.3
2024-01-30T23:00,19.8,87,5.5
2024-01-31T00:00,19.2,83,7.1
2024-01-31T01:00,18.7,76,8.9
2024-01-31T02:00,17.9,73,8.2
2024-01-31T03:00,17.4,68,9.2
2024-01-31T04:00,16.6,66,7.6
2024-01-31T05:00,17.5,65,8.8
2024-01-31T06:00,17.6,62,8.2
2024-01-31T07:00,17.8,60,8.3
2024-01-31T08:00,19.4,53,8.1
2024-01-31T09:00,21.8,46,4.5
2024-01-31T10:00,24.3,36,2.5
2024-01-31T11:00,25.3,34,3.0
2024-01-31T12:00,26.2,35,9.0
2024-01-31T13:00,26.6,40,16.4
2024-01-31T14:00,27.1,36,9.1
2024-01-31T15:00,27.3,37,5.2
2024-01-31T16:00,27.1,38,7.9
2024-01-31T17:00,27.1,43,12.9
2024-01-31T18:00,25.8,51,7.2
2024-01-31T19:00,25.3,56,5.0
2024-01-31T20:00,24.4,62,2.7
2024-01-31T21:00,24.0,66,7.2
2024-01-31T22:00,24.0,63,6.9
2024-01-31T23:00,23.2,60,13.3
2024-02-01T00:00,22.9,64,10.9
2024-02-01T01:00,22.8,69,6.1
2024-02-01T02:00,22.9,64,7.6
2024-02-01T03:00,21.3,72,13.9
2024-02-01T04:00,20.9,75,7.4
2024-02-01T05:00,20.9,77,10.4
2024-02-01T06:00,20.0,82,14.1
2024-02-01T07:00,19.8,81,16.0
2024-02-01T08:00,20.3,81,18.1
2024-02-01T09:00,22.0,69,16.7
2024-02-01T10:00,23.9,60,18.7
2024-02-01T11:00,25.0,56,21.5
2024-02-01T12:00,26.0,53,21.9
2024-02-01T13:00,26.6,50,22.4
2024-02-01T14:00,27.3,49,20.0
2024-02-01T15:00,28.6,44,13.8
2024-02-01T16:00,28.2,49,22.1
2024-02-01T17:00,27.8,49,22.7
2024-02-01T18:00,25.0,63,22.8
2024-02-01T19:00,23.6,71,27.8
2024-02-01T20:00,22.4,77,28.2
2024-02-01T21:00,21.9,78,28.2
2024-02-01T22:00,21.9,77,25.8
2024-02-01T23:00,21.8,76,23.7
2024-02-02T00:00,22.0,74,20.5
2024-02-02T01:00,21.9,71,17.0
2024-02-02T02:00,22.7,58,12.5
2024-02-02T03:00,22.8,49,13.3
2024-02-02T04:00,23.0,47,16.8
2024-02-02T05:00,22.4,65,19.4
2024-02-02T06:00,23.2,56,15.8
2024-02-02T07:00,23.3,50,17.3
2024-02-02T08:00,23.0,51,18.7
2024-02-02T09:00,24.0,53,17.1
2024-02-02T10:00,24.9,58,18.1
2024-02-02T11:00,27.0,43,17.9
2024-02-02T12:00,27.1,42,20.8
2024-02-02T13:00,24.2,60,36.1
2024-02-02T14:00,24.0,51,34.1
2024-02-02T15:00,22.7,49,32.2
2024-02-02T16:00,22.6,48,34.2
2024-02-02T17:00,22.1,47,29.1
2024-02-02T18:00,21.3,50,26.1
2024-02-02T19:00,20.2,55,24.0
2024-02-02T20:00,19.3,61,20.9
2024-02-02T21:00,19.3,63,18.4
2024-02-02T22:00,19.3,65,20.4
2024-02-02T23:00,18.8,67,20.5
2024-02-03T00:00,18.1,68,22.4
2024-02-03T01:00,17.7,70,22.7
2024-02-03T02:00,17.5,71,22.7
2024-02-03T03:00,17.5,70,22.9
2024-02-03T04:00,17.5,69,23.0
2024-02-03T05:00,18.2,64,23.0
2024-02-03T06:00,18.0,63,23.2
2024-02-03T07:00,18.0,62,23.0
2024-02-03T08:00,18.7,59,23.5
2024-02-03T09:00,19.4,57,26.9
2024-02-03T10:00,19.6,55,28.1
2024-02-03T11:00,19.7,54,28.6
2024-02-03T12:00,20.4,50,32.1
2024-02-03T13:00,20.5,48,32.0
2024-02-03T14:00,20.6,50,31.4
2024-02-03T15:00,21.1,46,31.8
2024-02-03T16:00,20.8,46,31.6
2024-02-03T17:00,20.1,52,26.1
2024-02-03T18:00,19.6,54,24.5
2024-02-03T19:00,19.6,54,23.2
2024-02-03T20:00,19.5,56,23.7
2024-02-03T21:00,19.3,57,23.2
2024-02-03T22:00,18.6,59,22.3
2024-02-03T23:00,18.3,62,21.1
2024-02-04T00:00,18.0,64,20.6
2024-02-04T01:00,17.9,65,20.3
2024-02-04T02:00,17.7,65,20.4
2024-02-04T03:00,17.6,63,20.1
2024-02-04T04:00,17.4,63,20.3
2024-02-04T05:00,18.8,60,22.2
2024-02-04T06:00,18.0,62,21.3
2024-02-04T07:00,17.9,61,21.6
2024-02-04T08:00,18.6,57,21.3
2024-02-04T09:00,20.0,49,26.1
2024-02-04T10:00,20.8,46,27.7
2024-02-04T11:00,21.2,45,28.5
2024-02-04T12:00,21.5,44,30.6
2024-02-04T13:00,21.6,43,31.4
2024-02-04T14:00,21.6,42,31.3
2024-02-04T15:00,21.4,41,31.1
2024-02-04T16:00,21.1,40,30.3
2024-02-04T17:00,20.4,43,28.0
2024-02-04T18:00,19.6,44,23.4
2024-02-04T19:00,19.0,45,20.3
2024-02-04T20:00,18.5,46,19.5
2024-02-04T21:00,18.3,50,18.7
2024-02-04T22:00,18.0,54,18.0
2024-02-04T23:00,17.9,58,18.4
2024-02-05T00:00,17.7,62,18.1
2024-02-05T01:00,17.4,65,16.6
2024-02-05T02:00,17.1,68,15.8
2024-02-05T03:00,16.9,70,15.5
2024-02-05T04:00,16.8,72,15.9
2024-02-05T05:00,16.9,67,15.0
2024-02-05T06:00,17.2,68,16.6
2024-02-05T07:00,17.4,65,16.9
2024-02-05T08:00,18.8,59,18.1
2024-02-05T09:00,21.0,49,21.5
2024-02-05T10:00,22.0,46,27.3
2024-02-05T11:00,22.7,42,29.4
2024-02-05T12:00,23.2,41,30.3
2024-02-05T13:00,23.4,40,30.9
2024-02-05T14:00,23.4,41,30.1
2024-02-05T15:00,23.1,41,29.1
2024-02-05T16:00,22.8,40,28.0
2024-02-05T17:00,21.9,49,25.7
2024-02-05T18:00,21.0,52,20.9
2024-02-05T19:00,20.4,55,19.1
2024-02-05T20:00,19.9,57,17.7
2024-02-05T21:00,19.4,59,16.2
2024-02-05T22:00,18.9,60,15.5
2024-02-05T23:00,18.6,61,15.5
2024-02-06T00:00,18.5,64,16.0
2024-02-06T01:00,18.3,67,15.5
2024-02-06T02:00,18.1,70,15.2
2024-02-06T03:00,17.9,72,14.8
2024-02-06T04:00,17.8,73,15.1
2024-02-06T05:00,18.1,70,14.8
2024-02-06T06:00,17.9,71,14.1
2024-02-06T07:00,18.0,69,14.8
2024-02-06T08:00,19.6,62,16.9
2024-02-06T09:00,21.8,52,21.9
2024-02-06T10:00,22.5,47,28.1
2024-02-06T11:00,23.2,41,30.6
2024-02-06T12:00,23.6,38,32.8
2024-02-06T13:00,23.6,36,33.7
2024-02-06T14:00,23.6,34,33.5
2024-02-06T15:00,23.3,35,33.0
2024-02-06T16:00,22.6,39,33.5
2024-02-06T17:00,22.1,43,29.3
2024-02-06T18:00,21.2,44,24.5
2024-02-06T19:00,20.5,47,22.6
2024-02-06T20:00,19.8,52,20.3
2024-02-06T21:00,19.3,56,20.6
2024-02-06T22:00,19.1,56,23.1
2024-02-06T23:00,18.9,55,23.5
2024-02-07T00:00,18.6,58,22.1
2024-02-07T01:00,18.3,59,20.4
2024-02-07T02:00,18.1,61,19.8
2024-02-07T03:00,18.1,62,20.1
2024-02-07T04:00,17.9,64,17.0
2024-02-07T05:00,17.4,65,12.7
2024-02-07T06:00,16.8,68,12.6
2024-02-07T07:00,16.6,68,12.0
2024-02-07T08:00,17.5,64,9.7
2024-02-07T09:00,20.2,53,10.4
2024-02-07T10:00,22.0,45,19.5
2024-02-07T11:00,22.4,44,23.9
2024-02-07T12:00,22.9,42,25.4
2024-02-07T13:00,22.9,42,25.5
2024-02-07T14:00,23.2,42,25.1
2024-02-07T15:00,23.0,43,25.3
2024-02-07T16:00,22.4,45,25.4
2024-02-07T17:00,22.1,48,24.1
2024-02-07T18:00,21.1,52,19.9
2024-02-07T19:00,20.4,54,17.2
2024-02-07T20:00,19.9,55,17.0
2024-02-07T21:00,19.6,53,16.7
2024-02-07T22:00,19.4,53,18.0
2024-02-07T23:00,19.0,56,17.3
2024-02-08T00:00,18.6,59,16.7
2024-02-08T01:00,18.2,61,16.5
2024-02-08T02:00,17.9,63,15.3
2024-02-08T03:00,17.7,64,14.6
2024-02-08T04:00,17.2,66,12.1
2024-02-08T05:00,15.9,71,9.2
2024-02-08T06:00,15.7,72,10.2
2024-02-08T07:00,15.3,73,12.0
2024-02-08T08:00,16.1,69,13.4
2024-02-08T09:00,18.9,58,13.4
2024-02-08T10:00,20.9,52,15.4
2024-02-08T11:00,22.4,45,17.8
2024-02-08T12:00,22.5,45,20.1
2024-02-08T13:00,22.7,45,22.3
2024-02-08T14:00,22.9,43,22.2
2024-02-08T15:00,22.7,42,21.5
2024-02-08T16:00,22.3,43,22.4
2024-02-08T17:00,21.9,45,20.5
2024-02-08T18:00,21.2,50,17.9
2024-02-08T19:00,20.4,53,12.5
2024-02-08T20:00,19.7,56,9.4
2024-02-08T21:00,19.1,59,9.1
2024-02-08T22:00,18.8,61,10.9
2024-02-08T23:00,18.4,64,11.9
2024-02-09T00:00,18.2,64,13.4
2024-02-09T01:00,18.0,66,13.0
2024-02-09T02:00,17.1,70,10.9
2024-02-09T03:00,16.5,73,10.4
2024-02-09T04:00,16.3,74,9.8
2024-02-09T05:00,15.1,80,10.1
2024-02-09T06:00,14.7,81,11.2
2024-02-09T07:00,14.3,83,12.3
2024-02-09T08:00,15.2,79,12.6
2024-02-09T09:00,17.8,67,12.4
2024-02-09T10:00,20.6,56,11.0
2024-02-09T11:00,22.2,48,10.9
2024-02-09T12:00,23.0,44,15.5
2024-02-09T13:00,23.1,44,18.7
2024-02-09T14:00,23.0,44,19.9
2024-02-09T15:00,22.7,46,20.5
2024-02-09T16:00,22.0,50,20.6
2024-02-09T17:00,21.4,52,19.5
2024-02-09T18:00,20.4,57,18.2
2024-02-09T19:00,19.6,60,13.7
2024-02-09T20:00,18.8,63,10.2
2024-02-09T21:00,17.6,69,7.6
2024-02-09T22:00,16.6,75,7.2
2024-02-09T23:00,16.0,78,8.0
2024-02-10T00:00,15.6,80,9.2
2024-02-10T01:00,15.1,83,9.3
2024-02-10T02:00,14.6,84,10.5
2024-02-10T03:00,13.8,87,11.2
2024-02-10T04:00,13.0,92,10.9
2024-02-10T05:00,12.9,92,10.0
2024-02-10T06:00,12.4,94,10.6
2024-02-10T07:00,12.0,94,10.6
2024-02-10T08:00,13.2,88,9.6
2024-02-10T09:00,16.6,73,8.6
2024-02-10T10:00,19.4,62,7.4
2024-02-10T11:00,20.7,56,1.8
2024-02-10T12:00,21.8,49,2.3
2024-02-10T13:00,22.8,44,5.6
2024-02-10T14:00,23.2,44,9.7
2024-02-10T15:00,22.8,49,14.0
2024-02-10T16:00,22.0,51,15.1
2024-02-10T17:00,21.7,51,13.5
2024-02-10T18:00,20.6,58,13.2
2024-02-10T19:00,19.8,61,8.9
2024-02-10T20:00,18.9,66,6.8
2024-02-10T21:00,17.8,72,6.0
2024-02-10T22:00,17.0,76,6.9
2024-02-10T23:00,16.6,76,8.4
2024-02-11T00:00,15.8,80,7.1
2024-02-11T01:00,15.4,83,7.4
2024-02-11T02:00,16.3,81,9.7
2024-02-11T03:00,15.3,88,8.9
2024-02-11T04:00,14.7,91,8.4
2024-02-11T05:00,16.4,83,6.9
2024-02-11T06:00,16.5,84,10.0
2024-02-11T07:00,17.4,86,11.0
2024-02-11T08:00,17.5,89,4.8
2024-02-11T09:00,17.5,87,7.6
2024-02-11T10:00,18.7,83,9.3
2024-02-11T11:00,18.6,70,16.5
2024-02-11T12:00,18.3,64,11.8
2024-02-11T13:00,18.5,66,4.0
2024-02-11T14:00,19.2,62,8.8
2024-02-11T15:00,19.6,61,9.5
2024-02-11T16:00,19.1,66,5.8
2024-02-11T17:00,19.7,71,9.0
2024-02-11T18:00,18.8,77,10.7
2024-02-11T19:00,17.8,82,12.3
2024-02-11T20:00,17.2,84,15.8
2024-02-11T21:00,16.8,87,16.3
2024-02-11T22:00,16.6,87,14.0
2024-02-11T23:00,16.6,87,14.7
2024-02-12T00:00,17.2,90,15.2
2024-02-12T01:00,17.8,92,16.4
2024-02-12T02:00,18.0,91,15.8
2024-02-12T03:00,17.9,91,16.2
2024-02-12T04:00,17.5,91,17.6
2024-02-12T05:00,18.1,90,17.0
2024-02-12T06:00,18.7,86,18.7
2024-02-12T07:00,18.5,87,17.2
2024-02-12T08:00,18.4,93,8.1
2024-02-12T09:00,18.6,91,10.5
2024-02-12T10:00,18.8,90,15.6
2024-02-12T11:00,18.8,88,24.6
2024-02-12T12:00,19.1,87,34.3
2024-02-12T13:00,21.1,80,32.5
2024-02-12T14:00,20.6,81,24.5
2024-02-12T15:00,21.1,77,27.9
2024-02-12T16:00,19.7,84,29.3
2024-02-12T17:00,20.5,82,18.3
2024-02-12T18:00,19.0,87,15.1
2024-02-12T19:00,17.6,93,6.8
2024-02-12T20:00,17.6,92,7.5
2024-02-12T21:00,17.1,93,10.6
2024-02-12T22:00,17.5,91,15.1
2024-02-12T23:00,16.8,94,4.1
2024-02-13T00:00,17.6,90,1.9
2024-02-13T01:00,16.4,95,8.7
2024-02-13T02:00,16.7,92,13.8
2024-02-13T03:00,17.0,90,19.7
2024-02-13T04:00,17.2,89,14.6
2024-02-13T05:00,17.6,91,11.9
2024-02-13T06:00,17.9,90,14.0
2024-02-13T07:00,17.8,89,12.9
2024-02-13T08:00,18.4,88,10.8
2024-02-13T09:00,19.8,82,18.5
2024-02-13T10:00,21.0,79,20.9
2024-02-13T11:00,22.5,72,24.4
2024-02-13T12:00,23.5,68,24.9
2024-02-13T13:00,24.0,66,25.5
2024-02-13T14:00,24.2,66,25.5
2024-02-13T15:00,24.3,66,25.1
2024-02-13T16:00,23.9,66,23.3
2024-02-13T17:00,23.0,74,13.0
2024-02-13T18:00,21.6,81,11.5
2024-02-13T19:00,20.4,85,11.4
2024-02-13T20:00,19.7,87,13.2
2024-02-13T21:00,19.2,88,14.6
2024-02-13T22:00,18.7,90,13.1
2024-02-13T23:00,18.4,92,12.3
2024-02-14T00:00,18.2,92,11.9
2024-02-14T01:00,17.9,93,11.2
2024-02-14T02:00,17.9,92,12.1
2024-02-14T03:00,17.9,93,12.3
2024-02-14T04:00,17.8,94,13.0
2024-02-14T05:00,18.7,93,15.4
2024-02-14T06:00,18.5,93,14.1
2024-02-14T07:00,18.3,94,12.4
2024-02-14T08:00,19.2,91,11.2
2024-02-14T09:00,21.4,83,17.9
2024-02-14T10:00,23.0,79,18.6
2024-02-14T11:00,24.4,73,20.7
2024-02-14T12:00,25.3,67,20.0
2024-02-14T13:00,25.7,65,16.3
2024-02-14T14:00,25.2,66,18.3
2024-02-14T15:00,25.0,69,16.6
2024-02-14T16:00,24.3,71,16.6
2024-02-14T17:00,24.0,73,16.2
2024-02-14T18:00,22.1,82,15.9
2024-02-14T19:00,21.4,86,16.3
2024-02-14T20:00,20.9,88,17.3
2024-02-14T21:00,20.2,90,17.0
2024-02-14T22:00,19.9,91,17.6
2024-02-14T23:00,19.8,92,17.4
2024-02-15T00:00,19.6,92,17.1
2024-02-15T01:00,19.4,92,16.1
2024-02-15T02:00,19.0,92,13.7
2024-02-15T03:00,18.5,92,11.9
2024-02-15T04:00,17.9,93,10.6
2024-02-15T05:00,18.4,93,9.6
2024-02-15T06:00,18.1,92,10.4
2024-02-15T07:00,17.7,89,10.9
2024-02-15T08:00,19.0,81,10.9
2024-02-15T09:00,21.4,75,9.4
2024-02-15T10:00,23.7,74,10.7
2024-02-15T11:00,25.6,70,15.2
2024-02-15T12:00,26.7,64,16.8
2024-02-15T13:00,27.4,57,14.7
2024-02-15T14:00,27.9,52,10.9
2024-02-15T15:00,27.9,50,6.8
2024-02-15T16:00,27.6,50,2.9
2024-02-15T17:00,25.9,73,10.3
2024-02-15T18:00,23.1,88,15.1
2024-02-15T19:00,21.9,87,13.8
2024-02-15T20:00,21.5,89,14.5
2024-02-15T21:00,21.1,90,13.3
2024-02-15T22:00,20.6,91,13.3
2024-02-15T23:00,20.3,92,14.8
2024-02-16T00:00,20.0,93,16.1
2024-02-16T01:00,19.9,93,16.2
2024-02-16T02:00,19.6,92,15.6
2024-02-16T03:00,19.3,92,16.2
2024-02-16T04:00,19.0,92,15.4
2024-02-16T05:00,19.8,92,14.2
2024-02-16T06:00,19.7,92,14.2
2024-02-16T07:00,19.4,90,14.0
2024-02-16T08:00,20.5,83,13.0
2024-02-16T09:00,22.2,77,12.0
2024-02-16T10:00,24.1,72,17.8
2024-02-16T11:00,25.5,71,20.8
2024-02-16T12:00,26.8,66,21.6
2024-02-16T13:00,27.6,62,20.9
2024-02-16T14:00,28.2,58,17.1
2024-02-16T15:00,28.5,56,13.6
2024-02-16T16:00,28.4,56,8.0
2024-02-16T17:00,25.7,79,13.2
2024-02-16T18:00,23.5,86,11.5
2024-02-16T19:00,22.5,89,8.7
2024-02-16T20:00,22.1,90,11.5
2024-02-16T21:00,21.9,88,13.3
2024-02-16T22:00,21.6,88,13.8
2024-02-16T23:00,21.4,88,14.1
2024-02-17T00:00,21.3,88,13.7
2024-02-17T01:00,21.1,88,13.8
2024-02-17T02:00,20.7,88,13.5
2024-02-17T03:00,20.4,89,13.6
2024-02-17T04:00,20.1,90,13.2
2024-02-17T05:00,21.2,88,13.4
2024-02-17T06:00,20.9,89,13.7
2024-02-17T07:00,20.8,86,18.0
2024-02-17T08:00,21.5,74,23.4
2024-02-17T09:00,22.5,69,21.4
2024-02-17T10:00,23.9,63,24.5
2024-02-17T11:00,25.2,59,25.9
2024-02-17T12:00,26.3,57,25.3
2024-02-17T13:00,27.2,55,23.9
2024-02-17T14:00,27.8,54,22.3
2024-02-17T15:00,28.1,53,19.8
2024-02-17T16:00,28.0,55,17.1
2024-02-17T17:00,27.4,57,10.7
2024-02-17T18:00,24.9,71,9.7
2024-02-17T19:00,23.2,77,9.7
2024-02-17T20:00,22.3,79,10.9
2024-02-17T21:00,21.1,82,11.3
2024-02-17T22:00,20.5,83,11.8
2024-02-17T23:00,20.1,82,13.4
2024-02-18T00:00,19.9,79,14.3
2024-02-18T01:00,19.7,77,14.8
2024-02-18T02:00,19.5,77,15.2
2024-02-18T03:00,19.3,76,14.1
2024-02-18T04:00,18.9,77,14.0
2024-02-18T05:00,19.7,75,13.2
2024-02-18T06:00,19.1,80,14.1
2024-02-18T07:00,19.0,84,13.5
2024-02-18T08:00,20.3,84,12.2
2024-02-18T09:00,22.8,87,11.5
2024-02-18T10:00,24.1,77,24.5
2024-02-18T11:00,24.3,66,29.0
2024-02-18T12:00,24.6,53,31.9
2024-02-18T13:00,24.3,52,32.6
2024-02-18T14:00,23.7,51,32.2
2024-02-18T15:00,23.0,50,30.7
2024-02-18T16:00,22.5,49,30.3
2024-02-18T17:00,22.0,50,29.2
2024-02-18T18:00,20.8,56,24.1
2024-02-18T19:00,19.9,61,24.1
2024-02-18T20:00,19.6,64,24.8
2024-02-18T21:00,19.3,67,25.3
2024-02-18T22:00,18.9,69,25.9
2024-02-18T23:00,18.7,71,26.6
2024-02-19T00:00,18.5,71,27.0
2024-02-19T01:00,18.5,70,26.3
2024-02-19T02:00,18.3,70,26.6
2024-02-19T03:00,18.2,71,25.9
2024-02-19T04:00,18.0,71,24.9
2024-02-19T05:00,18.3,73,23.4
2024-02-19T06:00,18.1,75,21.7
2024-02-19T07:00,18.1,75,21.3
2024-02-19T08:00,19.1,73,18.9
2024-02-19T09:00,20.7,65,22.8
2024-02-19T10:00,21.6,62,24.5
2024-02-19T11:00,22.2,60,27.4
2024-02-19T12:00,22.6,58,28.2
2024-02-19T13:00,22.8,56,28.9
2024-02-19T14:00,22.8,56,29.0
2024-02-19T15:00,22.6,55,28.7
2024-02-19T16:00,22.2,57,27.6
2024-02-19T17:00,21.5,62,25.1
2024-02-19T18:00,20.5,67,22.4
2024-02-19T19:00,19.8,70,19.9
2024-02-19T20:00,19.3,71,17.3
2024-02-19T21:00,18.6,74,14.8
2024-02-19T22:00,18.0,78,13.4
2024-02-19T23:00,17.5,81,13.0
2024-02-20T00:00,16.9,84,12.2
2024-02-20T01:00,16.5,87,13.0
2024-02-20T02:00,16.0,88,14.2
2024-02-20T03:00,15.7,88,14.7
2024-02-20T04:00,15.6,89,14.1
2024-02-20T05:00,15.6,89,14.1
2024-02-20T06:00,15.4,90,14.0
2024-02-20T07:00,15.1,91,13.4
2024-02-20T08:00,16.2,88,12.6
2024-02-20T09:00,18.9,79,12.2
2024-02-20T10:00,21.4,70,13.6
2024-02-20T11:00,23.0,62,18.4
2024-02-20T12:00,23.6,59,19.6
2024-02-20T13:00,24.0,55,20.7
2024-02-20T14:00,24.1,55,22.7
2024-02-20T15:00,24.0,54,23.3
2024-02-20T16:00,23.7,53,22.3
2024-02-20T17:00,22.8,58,19.1
2024-02-20T18:00,21.5,67,15.5
2024-02-20T19:00,20.5,74,14.7
2024-02-20T20:00,20.0,78,14.4
2024-02-20T21:00,19.5,82,13.7
2024-02-20T22:00,19.0,84,13.6
2024-02-20T23:00,18.8,84,14.6
2024-02-21T00:00,18.7,83,15.7
2024-02-21T01:00,18.8,82,16.9
2024-02-21T02:00,18.8,82,18.1
2024-02-21T03:00,18.8,80,19.2
2024-02-21T04:00,18.8,81,21.4
2024-02-21T05:00,19.1,80,21.8
2024-02-21T06:00,18.9,81,21.6
2024-02-21T07:00,18.6,76,20.4
2024-02-21T08:00,19.6,70,19.9
2024-02-21T09:00,21.2,62,25.0
2024-02-21T10:00,22.1,58,27.2
2024-02-21T11:00,22.9,53,28.9
2024-02-21T12:00,23.4,51,28.7
2024-02-21T13:00,23.6,50,28.7
2024-02-21T14:00,23.6,50,28.7
2024-02-21T15:00,23.4,51,29.2
2024-02-21T16:00,23.1,50,29.1
2024-02-21T17:00,22.7,52,26.8
2024-02-21T18:00,21.6,58,25.0
2024-02-21T19:00,20.7,64,20.4
2024-02-21T20:00,20.1,69,16.8
2024-02-21T21:00,19.8,72,16.3
2024-02-21T22:00,19.5,74,15.0
2024-02-21T23:00,18.9,77,12.8
2024-02-22T00:00,18.0,83,10.8
2024-02-22T01:00,17.4,87,10.3
2024-02-22T02:00,17.0,89,10.4
2024-02-22T03:00,16.7,92,10.1
2024-02-22T04:00,16.1,92,9.0
2024-02-22T05:00,16.2,91,10.7
2024-02-22T06:00,16.2,91,10.6
2024-02-22T07:00,15.9,91,9.8
2024-02-22T08:00,18.1,82,8.1
2024-02-22T09:00,20.7,69,5.4
2024-02-22T10:00,22.6,58,5.9
2024-02-22T11:00,23.5,54,8.8
2024-02-22T12:00,24.1,52,11.1
2024-02-22T13:00,24.4,50,14.0
2024-02-22T14:00,24.3,48,15.7
2024-02-22T15:00,24.1,48,17.4
2024-02-22T16:00,23.3,51,18.6
2024-02-22T17:00,22.5,58,19.9
2024-02-22T18:00,21.4,64,19.5
2024-02-22T19:00,20.7,65,16.6
2024-02-22T20:00,20.1,67,14.9
2024-02-22T21:00,19.2,72,12.0
2024-02-22T22:00,18.0,79,9.1
2024-02-22T23:00,17.1,84,7.0
2024-02-23T00:00,16.4,87,8.0
2024-02-23T01:00,16.0,87,10.3
2024-02-23T02:00,15.0,90,11.9
2024-02-23T03:00,14.0,94,13.0
2024-02-23T04:00,13.7,95,12.6
2024-02-23T05:00,14.1,95,10.4
2024-02-23T06:00,13.7,96,10.0
2024-02-23T07:00,13.5,95,10.7
2024-02-23T08:00,15.4,86,10.5
2024-02-23T09:00,18.6,73,10.9
2024-02-23T10:00,20.9,68,10.5
2024-02-23T11:00,22.4,64,7.4
2024-02-23T12:00,23.9,57,9.4
2024-02-23T13:00,24.8,52,13.6
2024-02-23T14:00,25.1,51,14.8
2024-02-23T15:00,24.8,53,17.3
2024-02-23T16:00,24.1,55,15.6
2024-02-23T17:00,23.2,62,16.5
2024-02-23T18:00,21.9,72,13.4
2024-02-23T19:00,20.9,80,9.0
2024-02-23T20:00,20.0,86,8.1
2024-02-23T21:00,19.1,92,7.8
2024-02-23T22:00,18.3,94,7.9
2024-02-23T23:00,17.8,96,8.7
2024-02-24T00:00,17.3,97,9.4
2024-02-24T01:00,16.7,98,10.7
2024-02-24T02:00,16.3,99,11.5
2024-02-24T03:00,16.0,100,12.0
2024-02-24T04:00,15.9,100,13.2
2024-02-24T05:00,16.1,99,11.9
2024-02-24T06:00,15.6,99,11.5
2024-02-24T07:00,15.5,99,11.2
2024-02-24T08:00,16.2,99,11.5
2024-02-24T09:00,17.8,93,12.3
2024-02-24T10:00,21.8,68,13.6
2024-02-24T11:00,24.8,51,12.7
2024-02-24T12:00,26.8,41,13.1
2024-02-24T13:00,28.0,34,15.2
2024-02-24T14:00,28.1,33,15.7
2024-02-24T15:00,27.7,33,16.3
2024-02-24T16:00,26.8,39,18.2
2024-02-24T17:00,25.6,49,16.3
2024-02-24T18:00,24.0,57,13.1
2024-02-24T19:00,22.6,64,11.9
2024-02-24T20:00,21.6,68,10.0
2024-02-24T21:00,20.6,72,9.0
2024-02-24T22:00,19.7,77,8.2
2024-02-24T23:00,19.0,80,8.7
2024-02-25T00:00,18.1,85,8.1
2024-02-25T01:00,18.0,86,9.8
2024-02-25T02:00,17.6,86,9.5
2024-02-25T03:00,17.3,84,9.8
2024-02-25T04:00,16.7,83,10.1
2024-02-25T05:00,17.1,86,5.9
2024-02-25T06:00,17.1,83,6.6
2024-02-25T07:00,16.9,81,7.4
2024-02-25T08:00,18.5,71,6.9
2024-02-25T09:00,20.7,61,5.8
2024-02-25T10:00,22.9,50,7.2
2024-02-25T11:00,25.4,37,8.8
2024-02-25T12:00,27.4,31,4.7
2024-02-25T13:00,27.5,32,3.9
2024-02-25T14:00,28.4,30,8.0
2024-02-25T15:00,29.2,29,7.9
2024-02-25T16:00,30.0,29,12.6
2024-02-25T17:00,27.1,34,17.9
2024-02-25T18:00,25.6,39,22.7
2024-02-25T19:00,23.6,67,25.9
2024-02-25T20:00,22.7,72,20.0
2024-02-25T21:00,22.2,77,24.5
2024-02-25T22:00,22.1,75,10.1
2024-02-25T23:00,21.7,71,10.0
2024-02-26T00:00,21.0,84,14.1
2024-02-26T01:00,20.8,85,15.2
2024-02-26T02:00,20.5,82,18.4
2024-02-26T03:00,20.1,91,19.1
2024-02-26T04:00,20.0,91,18.7
2024-02-26T05:00,20.6,90,16.2
2024-02-26T06:00,20.3,89,18.0
2024-02-26T07:00,19.8,90,17.3
2024-02-26T08:00,20.7,82,19.9
2024-02-26T09:00,21.7,72,20.7
2024-02-26T10:00,22.5,66,20.5
2024-02-26T11:00,23.1,61,23.0
2024-02-26T12:00,23.4,59,25.6
2024-02-26T13:00,23.5,56,26.6
2024-02-26T14:00,23.3,54,28.1
2024-02-26T15:00,22.6,56,30.6
2024-02-26T16:00,22.0,59,30.1
2024-02-26T17:00,22.0,57,28.7
2024-02-26T18:00,21.0,59,23.3
2024-02-26T19:00,20.3,62,18.1
2024-02-26T20:00,20.2,62,17.3
2024-02-26T21:00,20.2,62,15.8
2024-02-26T22:00,19.9,64,14.8
2024-02-26T23:00,19.6,65,14.3
2024-02-27T00:00,19.1,68,13.2
2024-02-27T01:00,18.9,69,12.6
2024-02-27T02:00,18.4,71,11.2
2024-02-27T03:00,17.7,75,9.8
2024-02-27T04:00,17.3,78,8.3
2024-02-27T05:00,17.6,76,6.3
2024-02-27T06:00,17.1,78,7.8
2024-02-27T07:00,16.6,81,8.4
2024-02-27T08:00,18.5,72,6.0
2024-02-27T09:00,20.7,62,3.9
2024-02-27T10:00,22.2,52,8.9
2024-02-27T11:00,22.9,49,12.1
2024-02-27T12:00,23.4,47,14.5
2024-02-27T13:00,23.7,46,17.2
2024-02-27T14:00,23.8,45,18.2
2024-02-27T15:00,23.5,43,18.4
2024-02-27T16:00,23.0,45,17.1
2024-02-27T17:00,22.4,50,15.8
2024-02-27T18:00,21.5,54,12.5
2024-02-27T19:00,20.4,60,8.5
2024-02-27T20:00,19.4,65,7.7
2024-02-27T21:00,18.5,67,8.7
2024-02-27T22:00,17.5,72,7.2
2024-02-27T23:00,17.9,69,5.2
2024-02-28T00:00,17.9,68,4.4
2024-02-28T01:00,18.3,65,2.6
2024-02-28T02:00,17.6,68,3.4
2024-02-28T03:00,15.3,78,5.4
2024-02-28T04:00,14.1,84,7.1
2024-02-28T05:00,15.3,77,9.4
2024-02-28T06:00,14.7,82,10.1
2024-02-28T07:00,14.6,84,9.2
2024-02-28T08:00,16.1,78,4.4
2024-02-28T09:00,18.5,68,1.1
2024-02-28T10:00,20.7,61,3.4
2024-02-28T11:00,22.5,56,9.2
2024-02-28T12:00,23.5,55,14.6
2024-02-28T13:00,24.0,52,17.3
2024-02-28T14:00,23.9,52,19.9
2024-02-28T15:00,23.7,51,18.2
2024-02-28T16:00,23.6,54,15.3
2024-02-28T17:00,23.4,55,14.8
2024-02-28T18:00,22.5,59,13.3
2024-02-28T19:00,22.1,61,12.8
2024-02-28T20:00,21.0,69,9.5
2024-02-28T21:00,20.3,76,8.2
2024-02-28T22:00,19.8,80,7.8
2024-02-28T23:00,20.2,79,6.6
2024-02-29T00:00,19.0,87,5.1
2024-02-29T01:00,18.7,88,5.2
2024-02-29T02:00,18.5,90,6.4
2024-02-29T03:00,19.5,85,9.9
2024-02-29T04:00,19.7,83,13.4
2024-02-29T05:00,20.2,83,14.8
2024-02-29T06:00,19.0,87,5.4
2024-02-29T07:00,19.6,81,9.3
2024-02-29T08:00,21.4,65,9.7
2024-02-29T09:00,22.9,54,19.1
2024-02-29T10:00,22.9,55,22.5
2024-02-29T11:00,23.7,50,24.1
2024-02-29T12:00,24.1,47,27.4
2024-02-29T13:00,24.2,44,30.8
2024-02-29T14:00,23.8,45,33.5
2024-02-29T15:00,23.1,45,35.9
2024-02-29T16:00,22.5,45,34.9
2024-02-29T17:00,21.8,45,32.4
2024-02-29T18:00,20.6,51,31.2
2024-02-29T19:00,19.8,55,28.2
2024-02-29T20:00,19.3,59,26.7
2024-02-29T21:00,18.8,57,27.3
2024-02-29T22:00,18.3,59,28.4
2024-02-29T23:00,18.0,62,27.6
2024-03-01T00:00,17.9,61,27.8
2024-03-01T01:00,17.6,64,27.7
2024-03-01T02:00,17.4,65,27.9
2024-03-01T03:00,17.4,64,28.3
2024-03-01T04:00,17.3,63,27.8
2024-03-01T05:00,17.6,59,24.6
2024-03-01T06:00,17.3,59,22.7
2024-03-01T07:00,17.1,60,20.4
2024-03-01T08:00,18.6,52,21.6
2024-03-01T09:00,19.7,46,24.1
2024-03-01T10:00,20.5,44,24.3
2024-03-01T11:00,21.3,43,25.2
2024-03-01T12:00,21.8,41,21.9
2024-03-01T13:00,22.2,36,22.6
2024-03-01T14:00,22.4,35,14.0
2024-03-01T15:00,22.1,40,22.0
2024-03-01T16:00,21.3,40,28.1
2024-03-01T17:00,21.2,35,22.4
2024-03-01T18:00,20.1,38,21.4
2024-03-01T19:00,19.1,41,15.5
2024-03-01T20:00,18.3,43,9.2
2024-03-01T21:00,17.1,47,7.7
2024-03-01T22:00,16.1,51,6.7
2024-03-01T23:00,15.3,52,7.2
2024-03-02T00:00,14.7,51,10.0
2024-03-02T01:00,14.0,51,11.4
2024-03-02T02:00,13.4,51,9.2
2024-03-02T03:00,13.6,53,5.8
2024-03-02T04:00,13.0,52,11.4
2024-03-02T05:00,13.9,55,9.7
2024-03-02T06:00,13.3,56,9.5
2024-03-02T07:00,12.5,52,13.9
2024-03-02T08:00,14.8,41,11.4
2024-03-02T09:00,18.2,34,9.9
2024-03-02T10:00,20.6,38,14.8
2024-03-02T11:00,21.8,34,13.2
2024-03-02T12:00,22.6,31,9.4
2024-03-02T13:00,23.1,29,5.5
2024-03-02T14:00,23.5,27,0.4
2024-03-02T15:00,23.9,26,8.2
2024-03-02T16:00,22.3,39,23.2
2024-03-02T17:00,21.5,37,24.7
2024-03-02T18:00,20.6,38,20.0
2024-03-02T19:00,20.0,42,16.2
2024-03-02T20:00,19.4,42,14.5
2024-03-02T21:00,18.4,43,12.8
2024-03-02T22:00,17.2,43,13.2
2024-03-02T23:00,16.3,47,12.1
2024-03-03T00:00,15.6,59,12.6
2024-03-03T01:00,14.8,63,11.4
2024-03-03T02:00,14.1,66,10.8
2024-03-03T03:00,13.3,69,10.4
2024-03-03T04:00,12.5,72,9.5
2024-03-03T05:00,12.1,73,8.7
2024-03-03T06:00,11.9,73,9.8
2024-03-03T07:00,11.8,73,11.2
2024-03-03T08:00,14.1,61,9.4
2024-03-03T09:00,17.6,49,8.3
2024-03-03T10:00,20.2,36,12.8
2024-03-03T11:00,21.9,27,10.7
2024-03-03T12:00,23.0,23,3.7
2024-03-03T13:00,23.8,20,1.1
2024-03-03T14:00,24.4,18,1.8
2024-03-03T15:00,24.4,21,9.7
2024-03-03T16:00,23.2,35,18.0
2024-03-03T17:00,22.2,36,18.5
2024-03-03T18:00,21.0,44,19.3
2024-03-03T19:00,19.9,46,14.1
2024-03-03T20:00,19.0,50,9.7
2024-03-03T21:00,18.0,54,9.9
2024-03-03T22:00,17.0,56,10.3
2024-03-03T23:00,16.3,57,9.4
2024-03-04T00:00,15.9,57,11.5
2024-03-04T01:00,15.2,62,11.8
2024-03-04T02:00,14.6,70,11.9
2024-03-04T03:00,14.4,75,12.9
2024-03-04T04:00,14.2,74,13.7
2024-03-04T05:00,14.9,74,14.0
2024-03-04T06:00,15.1,74,14.0
2024-03-04T07:00,15.8,70,12.3
2024-03-04T08:00,17.2,58,11.7
2024-03-04T09:00,20.6,37,14.1
2024-03-04T10:00,23.3,53,22.3
2024-03-04T11:00,25.6,43,25.8
2024-03-04T12:00,27.2,36,24.5
2024-03-04T13:00,28.2,33,21.2
2024-03-04T14:00,28.8,31,19.1
2024-03-04T15:00,29.0,27,15.5
2024-03-04T16:00,27.3,40,12.1
2024-03-04T17:00,26.8,38,3.8
2024-03-04T18:00,25.4,46,15.0
2024-03-04T19:00,24.0,50,21.3
2024-03-04T20:00,23.1,57,22.0
2024-03-04T21:00,22.5,61,18.5
2024-03-04T22:00,21.7,63,20.2
2024-03-04T23:00,21.1,67,22.6
2024-03-05T00:00,20.5,69,23.1
2024-03-05T01:00,20.6,70,23.2
2024-03-05T02:00,19.9,72,21.7
2024-03-05T03:00,19.6,77,20.9
2024-03-05T04:00,19.3,79,19.0
2024-03-05T05:00,19.9,82,15.1
2024-03-05T06:00,19.9,80,11.7
2024-03-05T07:00,20.2,80,14.3
2024-03-05T08:00,20.9,77,20.9
2024-03-05T09:00,22.9,71,22.0
2024-03-05T10:00,22.6,74,15.5
2024-03-05T11:00,23.4,70,22.9
2024-03-05T12:00,22.5,74,22.6
2024-03-05T13:00,23.2,73,18.0
2024-03-05T14:00,23.2,73,15.3
2024-03-05T15:00,24.3,70,14.3
2024-03-05T16:00,24.7,70,15.5
2024-03-05T17:00,21.6,79,21.6
2024-03-05T18:00,20.7,83,21.3
2024-03-05T19:00,20.0,86,9.5
2024-03-05T20:00,19.5,90,8.7
2024-03-05T21:00,19.0,92,10.0
2024-03-05T22:00,18.7,94,9.7
2024-03-05T23:00,18.6,96,10.4
2024-03-06T00:00,18.6,95,10.6
2024-03-06T01:00,17.7,96,7.9
2024-03-06T02:00,17.2,96,7.6
2024-03-06T03:00,17.1,96,9.9
2024-03-06T04:00,16.7,97,10.3
2024-03-06T05:00,17.4,88,6.4
2024-03-06T06:00,17.4,88,5.6
2024-03-06T07:00,16.8,90,9.9
2024-03-06T08:00,17.6,92,10.0
2024-03-06T09:00,20.1,83,9.8
2024-03-06T10:00,22.1,62,12.9
2024-03-06T11:00,23.0,54,16.2
2024-03-06T12:00,23.2,53,18.5
2024-03-06T13:00,22.9,57,19.4
2024-03-06T14:00,22.8,57,19.1
2024-03-06T15:00,22.5,58,18.4
2024-03-06T16:00,22.1,58,16.9
2024-03-06T17:00,21.8,57,14.5
2024-03-06T18:00,20.5,70,9.6
2024-03-06T19:00,19.0,79,9.0
2024-03-06T20:00,18.5,83,8.7
2024-03-06T21:00,17.7,87,7.0
2024-03-06T22:00,18.3,86,6.8
2024-03-06T23:00,17.0,89,9.4
2024-03-07T00:00,15.8,93,10.4
2024-03-07T01:00,15.1,95,10.8
2024-03-07T02:00,14.6,96,9.9
2024-03-07T03:00,14.7,95,9.9
2024-03-07T04:00,16.0,91,8.8
2024-03-07T05:00,16.9,87,7.3
2024-03-07T06:00,15.9,91,7.6
2024-03-07T07:00,15.9,91,8.3
2024-03-07T08:00,17.7,84,7.6
2024-03-07T09:00,19.9,76,7.5
2024-03-07T10:00,21.6,66,6.0
2024-03-07T11:00,22.8,59,4.9
2024-03-07T12:00,23.8,55,7.9
2024-03-07T13:00,24.1,56,10.6
2024-03-07T14:00,23.9,58,13.2
2024-03-07T15:00,23.7,56,13.1
2024-03-07T16:00,23.0,56,12.0
2024-03-07T17:00,22.7,63,10.2
2024-03-07T18:00,21.5,75,10.7
2024-03-07T19:00,19.9,86,7.3
2024-03-07T20:00,19.0,89,5.4
2024-03-07T21:00,18.4,90,8.2
2024-03-07T22:00,17.8,91,9.7
2024-03-07T23:00,17.0,92,9.4
2024-03-08T00:00,16.6,91,10.5
2024-03-08T01:00,16.3,92,7.3
2024-03-08T02:00,15.6,94,6.7
2024-03-08T03:00,15.9,93,6.2
2024-03-08T04:00,16.2,91,9.8
2024-03-08T05:00,18.1,81,9.3
2024-03-08T06:00,18.6,81,5.1
2024-03-08T07:00,18.6,77,8.6
2024-03-08T08:00,19.0,75,10.5
2024-03-08T09:00,20.9,79,13.2
2024-03-08T10:00,22.6,70,14.3
2024-03-08T11:00,25.8,57,19.1
2024-03-08T12:00,28.7,57,21.3
2024-03-08T13:00,30.5,45,18.4
2024-03-08T14:00,31.3,40,13.1
2024-03-08T15:00,31.2,38,5.0
2024-03-08T16:00,30.4,40,3.8
2024-03-08T17:00,28.1,53,16.5
2024-03-08T18:00,26.8,59,9.7
2024-03-08T19:00,25.0,71,12.3
2024-03-08T20:00,24.0,78,18.1
2024-03-08T21:00,23.1,81,22.9
2024-03-08T22:00,23.0,78,17.6
2024-03-08T23:00,22.2,82,17.1
2024-03-09T00:00,21.4,87,14.9
2024-03-09T01:00,21.1,87,13.1
2024-03-09T02:00,21.2,85,9.5
2024-03-09T03:00,21.5,82,0.7
2024-03-09T04:00,20.8,84,10.4
2024-03-09T05:00,19.8,88,11.7
2024-03-09T06:00,19.9,90,14.5
2024-03-09T07:00,20.0,90,12.7
2024-03-09T08:00,20.0,92,14.8
2024-03-09T09:00,20.1,90,18.1
2024-03-09T10:00,20.6,89,14.6
2024-03-09T11:00,21.2,89,22.9
2024-03-09T12:00,21.2,86,15.0
2024-03-09T13:00,22.4,84,18.4
2024-03-09T14:00,24.3,77,18.3
2024-03-09T15:00,23.6,78,18.1
2024-03-09T16:00,24.2,77,15.6
2024-03-09T17:00,20.4,80,20.9
2024-03-09T18:00,19.8,83,17.4
2024-03-09T19:00,19.7,85,16.9
2024-03-09T20:00,19.7,87,15.6
2024-03-09T21:00,19.6,84,18.0
2024-03-09T22:00,18.9,85,12.6
2024-03-09T23:00,18.4,87,11.0
2024-03-10T00:00,18.2,89,10.5
2024-03-10T01:00,17.9,91,9.4
2024-03-10T02:00,17.6,92,8.8
2024-03-10T03:00,17.2,92,8.9
2024-03-10T04:00,17.1,90,10.6
2024-03-10T05:00,16.8,93,7.6
2024-03-10T06:00,16.3,94,7.6
2024-03-10T07:00,16.3,93,9.4
2024-03-10T08:00,18.1,88,8.8
2024-03-10T09:00,20.0,84,6.4
2024-03-10T10:00,21.7,81,7.4
2024-03-10T11:00,22.8,75,8.6
2024-03-10T12:00,23.5,73,9.4
2024-03-10T13:00,23.8,74,12.3
2024-03-10T14:00,23.5,74,15.1
2024-03-10T15:00,23.3,72,15.5
2024-03-10T16:00,22.9,74,13.7
2024-03-10T17:00,22.3,77,12.4
2024-03-10T18:00,21.0,87,6.8
2024-03-10T19:00,19.6,90,4.6
2024-03-10T20:00,19.9,89,1.8
2024-03-10T21:00,18.4,94,4.3
2024-03-10T22:00,16.8,98,7.2
2024-03-10T23:00,16.6,98,9.0
2024-03-11T00:00,15.7,100,9.2
2024-03-11T01:00,14.9,100,8.4
2024-03-11T02:00,14.1,100,5.8
2024-03-11T03:00,13.4,100,6.1
2024-03-11T04:00,12.6,100,5.6
2024-03-11T05:00,14.0,99,5.6
2024-03-11T06:00,14.5,100,5.9
2024-03-11T07:00,14.5,98,6.1
2024-03-11T08:00,15.4,98,6.3
2024-03-11T09:00,17.6,98,6.8
2024-03-11T10:00,20.7,89,5.6
2024-03-11T11:00,24.3,62,4.3
2024-03-11T12:00,26.5,45,5.5
2024-03-11T13:00,27.8,33,6.1
2024-03-11T14:00,28.4,29,5.1
2024-03-11T15:00,27.8,38,6.4
2024-03-11T16:00,26.2,60,8.2
2024-03-11T17:00,24.3,65,8.5
2024-03-11T18:00,21.9,83,7.6
2024-03-11T19:00,19.7,89,8.4
2024-03-11T20:00,18.9,88,9.2
2024-03-11T21:00,18.5,88,11.5
2024-03-11T22:00,18.2,87,13.2
2024-03-11T23:00,18.0,87,15.3
2024-03-12T00:00,18.0,80,16.9
2024-03-12T01:00,17.9,72,17.3
2024-03-12T02:00,18.3,68,19.1
2024-03-12T03:00,19.1,67,22.7
2024-03-12T04:00,19.0,69,22.1
2024-03-12T05:00,20.4,67,21.5
2024-03-12T06:00,20.2,75,22.9
2024-03-12T07:00,22.1,69,22.7
2024-03-12T08:00,22.0,77,20.4
2024-03-12T09:00,23.2,78,17.1
2024-03-12T10:00,24.0,59,24.0
2024-03-12T11:00,23.8,69,25.3
2024-03-12T12:00,23.9,63,28.4
2024-03-12T13:00,23.9,64,28.9
2024-03-12T14:00,23.9,60,27.7
2024-03-12T15:00,23.5,62,25.6
2024-03-12T16:00,22.7,66,26.0
2024-03-12T17:00,22.2,69,23.5
2024-03-12T18:00,20.7,73,21.8
2024-03-12T19:00,19.6,72,21.5
2024-03-12T20:00,19.2,73,19.3
2024-03-12T21:00,18.6,79,14.7
2024-03-12T22:00,17.3,87,9.1
2024-03-12T23:00,16.7,88,8.7
2024-03-13T00:00,16.6,89,11.1
2024-03-13T01:00,15.6,91,12.7
2024-03-13T02:00,14.8,94,13.0
2024-03-13T03:00,14.8,95,11.7
2024-03-13T04:00,14.6,95,9.6
2024-03-13T05:00,15.7,93,8.7
2024-03-13T06:00,15.1,96,10.9
2024-03-13T07:00,15.5,94,10.5
2024-03-13T08:00,17.3,89,7.7
2024-03-13T09:00,19.7,84,5.4
2024-03-13T10:00,21.4,78,2.3
2024-03-13T11:00,23.3,71,7.6
2024-03-13T12:00,24.5,68,9.9
2024-03-13T13:00,26.8,51,12.3
2024-03-13T14:00,27.3,46,19.1
2024-03-13T15:00,27.1,44,20.7
2024-03-13T16:00,26.6,45,20.3
2024-03-13T17:00,25.2,65,11.4
2024-03-13T18:00,23.0,79,9.2
2024-03-13T19:00,20.6,87,9.2
2024-03-13T20:00,19.4,91,8.8
2024-03-13T21:00,18.7,94,9.4
2024-03-13T22:00,18.5,97,9.8
2024-03-13T23:00,17.9,96,9.5
2024-03-14T00:00,16.8,93,8.6
2024-03-14T01:00,16.0,87,10.1
2024-03-14T02:00,15.1,86,9.4
2024-03-14T03:00,15.1,85,11.4
2024-03-14T04:00,14.9,84,12.6
2024-03-14T05:00,18.1,99,13.1
2024-03-14T06:00,17.3,92,10.9
2024-03-14T07:00,16.7,94,11.6
2024-03-14T08:00,18.8,90,10.1
2024-03-14T09:00,21.1,84,8.9
2024-03-14T10:00,23.6,74,9.8
2024-03-14T11:00,26.2,49,13.0
2024-03-14T12:00,27.7,40,15.2
2024-03-14T13:00,28.1,40,12.7
2024-03-14T14:00,28.2,40,11.6
2024-03-14T15:00,28.3,39,8.4
2024-03-14T16:00,27.6,41,6.7
2024-03-14T17:00,25.5,67,10.2
2024-03-14T18:00,22.7,81,10.0
2024-03-14T19:00,21.1,89,10.7
2024-03-14T20:00,20.1,93,8.0
2024-03-14T21:00,21.2,91,1.8
2024-03-14T22:00,20.6,94,2.5
2024-03-14T23:00,18.0,98,7.2
2024-03-15T00:00,17.9,99,10.1
2024-03-15T01:00,17.3,98,10.2
2024-03-15T02:00,17.0,94,10.1
2024-03-15T03:00,16.6,92,10.1
2024-03-15T04:00,16.4,91,10.7
2024-03-15T05:00,17.2,92,10.8
2024-03-15T06:00,17.2,87,11.6
2024-03-15T07:00,17.4,81,11.2
2024-03-15T08:00,19.5,74,9.0
2024-03-15T09:00,22.3,67,8.0
2024-03-15T10:00,25.0,60,7.1
2024-03-15T11:00,27.2,55,9.6
2024-03-15T12:00,28.1,53,13.1
2024-03-15T13:00,28.0,58,17.2
2024-03-15T14:00,26.2,61,25.8
2024-03-15T15:00,25.0,67,19.7
2024-03-15T16:00,24.4,68,14.9
2024-03-15T17:00,24.2,68,13.2
2024-03-15T18:00,23.0,78,6.4
2024-03-15T19:00,23.0,72,2.9
2024-03-15T20:00,21.4,80,4.5
2024-03-15T21:00,19.7,86,8.6
2024-03-15T22:00,19.5,85,10.8
2024-03-15T23:00,18.6,88,8.6
2024-03-16T00:00,17.9,90,5.4
2024-03-16T01:00,17.6,90,9.4
2024-03-16T02:00,17.4,90,9.5
2024-03-16T03:00,17.3,89,10.1
2024-03-16T04:00,16.9,90,8.0
2024-03-16T05:00,17.7,90,7.6
2024-03-16T06:00,17.8,88,8.7
2024-03-16T07:00,18.3,84,10.0
2024-03-16T08:00,20.6,75,13.2
2024-03-16T09:00,23.7,70,10.3
2024-03-16T10:00,25.9,59,10.7
2024-03-16T11:00,28.0,57,11.7
2024-03-16T12:00,29.7,52,12.7
2024-03-16T13:00,30.6,50,11.9
2024-03-16T14:00,30.8,52,10.6
2024-03-16T15:00,29.7,62,13.9
2024-03-16T16:00,28.0,66,14.0
2024-03-16T17:00,27.2,67,12.9
2024-03-16T18:00,25.1,75,11.9
2024-03-16T19:00,23.3,81,9.2
2024-03-16T20:00,22.4,82,8.9
2024-03-16T21:00,21.9,81,10.9
2024-03-16T22:00,21.5,82,11.9
2024-03-16T23:00,21.1,81,13.5
2024-03-17T00:00,21.3,77,14.0
2024-03-17T01:00,20.9,78,12.3
2024-03-17T02:00,20.4,80,11.6
2024-03-17T03:00,20.2,79,11.8
2024-03-17T04:00,19.9,78,11.6
2024-03-17T05:00,19.8,82,10.0
2024-03-17T06:00,19.6,82,10.7
2024-03-17T07:00,19.8,82,9.9
2024-03-17T08:00,22.3,76,6.9
2024-03-17T09:00,26.0,66,6.8
2024-03-17T10:00,28.1,54,13.8
2024-03-17T11:00,30.0,46,13.4
2024-03-17T12:00,31.2,43,15.3
2024-03-17T13:00,31.6,42,12.3
2024-03-17T14:00,31.3,49,9.4
2024-03-17T15:00,30.3,57,11.1
2024-03-17T16:00,29.1,59,11.4
2024-03-17T17:00,27.9,60,10.2
2024-03-17T18:00,25.9,72,6.4
2024-03-17T19:00,24.1,80,7.0
2024-03-17T20:00,23.8,80,9.4
2024-03-17T21:00,23.5,82,11.1
2024-03-17T22:00,23.3,83,12.0
2024-03-17T23:00,22.4,86,8.0
2024-03-18T00:00,22.1,87,6.2
2024-03-18T01:00,22.5,82,4.3
2024-03-18T02:00,23.3,75,2.3
2024-03-18T03:00,21.5,82,5.3
2024-03-18T04:00,20.3,87,9.0
2024-03-18T05:00,20.3,89,9.2
2024-03-18T06:00,19.5,92,9.2
2024-03-18T07:00,19.3,93,8.4
2024-03-18T08:00,21.4,85,6.8
2024-03-18T09:00,24.7,71,6.0
2024-03-18T10:00,27.0,56,6.4
2024-03-18T11:00,28.7,50,8.2
2024-03-18T12:00,29.7,47,6.9
2024-03-18T13:00,30.0,48,10.9
2024-03-18T14:00,28.9,52,18.2
2024-03-18T15:00,27.9,49,18.2
2024-03-18T16:00,26.6,60,18.9
2024-03-18T17:00,25.0,68,20.2
2024-03-18T18:00,23.7,79,13.0
2024-03-18T19:00,22.2,87,7.0
2024-03-18T20:00,21.7,88,4.0
2024-03-18T21:00,22.2,84,1.6
2024-03-18T22:00,20.8,90,4.5
2024-03-18T23:00,19.6,93,9.1
2024-03-19T00:00,19.2,93,10.3
2024-03-19T01:00,18.4,94,8.3
2024-03-19T02:00,19.3,88,3.7
2024-03-19T03:00,19.4,86,1.5
2024-03-19T04:00,19.7,84,1.8
2024-03-19T05:00,19.0,82,4.0
2024-03-19T06:00,18.5,86,4.3
2024-03-19T07:00,18.5,89,5.0
2024-03-19T08:00,20.8,77,6.6
2024-03-19T09:00,23.0,69,4.8
2024-03-19T10:00,25.6,61,5.6
2024-03-19T11:00,28.1,51,3.3
2024-03-19T12:00,29.7,46,2.3
2024-03-19T13:00,31.1,42,3.2
2024-03-19T14:00,31.6,44,7.4
2024-03-19T15:00,31.5,47,11.0
2024-03-19T16:00,31.2,47,12.0
2024-03-19T17:00,28.5,56,16.3
2024-03-19T18:00,26.7,69,12.3
2024-03-19T19:00,24.9,77,14.4
2024-03-19T20:00,24.5,79,13.0
2024-03-19T21:00,24.4,76,12.0
2024-03-19T22:00,24.1,76,11.2
2024-03-19T23:00,23.7,77,10.4
2024-03-20T00:00,23.4,79,9.8
2024-03-20T01:00,23.2,79,9.3
2024-03-20T02:00,23.1,76,11.4
2024-03-20T03:00,23.1,75,10.8
2024-03-20T04:00,22.3,80,8.6
2024-03-20T05:00,23.6,71,16.2
2024-03-20T06:00,24.1,68,20.2
2024-03-20T07:00,25.1,55,29.4
2024-03-20T08:00,26.7,40,32.0
2024-03-20T09:00,28.9,36,30.7
2024-03-20T10:00,30.9,34,30.8
2024-03-20T11:00,32.0,34,30.7
2024-03-20T12:00,32.7,34,27.1
2024-03-20T13:00,29.4,53,23.1
2024-03-20T14:00,29.7,49,22.4
2024-03-20T15:00,29.4,49,19.6
2024-03-20T16:00,28.8,52,12.9
2024-03-20T17:00,28.9,52,9.5
2024-03-20T18:00,27.1,64,9.8
2024-03-20T19:00,25.0,78,6.0
2024-03-20T20:00,24.1,85,3.9
2024-03-20T21:00,23.2,89,5.4
2024-03-20T22:00,22.7,92,6.8
2024-03-20T23:00,22.5,92,8.8
2024-03-21T00:00,22.3,90,9.8
2024-03-21T01:00,22.2,90,10.7
2024-03-21T02:00,22.0,91,9.9
2024-03-21T03:00,21.3,92,8.4
2024-03-21T04:00,21.2,93,9.0
2024-03-21T05:00,21.6,94,7.9
2024-03-21T06:00,21.3,94,8.2
2024-03-21T07:00,21.8,94,8.7
2024-03-21T08:00,23.6,87,8.9
2024-03-21T09:00,24.8,77,12.3
2024-03-21T10:00,25.8,65,15.5
2024-03-21T11:00,26.4,60,18.7
2024-03-21T12:00,26.7,58,18.0
2024-03-21T13:00,27.0,54,20.1
2024-03-21T14:00,26.9,51,21.1
2024-03-21T15:00,26.6,53,21.0
2024-03-21T16:00,26.0,55,20.0
2024-03-21T17:00,24.7,62,18.3
2024-03-21T18:00,23.3,73,15.9
2024-03-21T19:00,22.3,80,12.3
2024-03-21T20:00,21.4,83,11.0
2024-03-21T21:00,20.5,87,10.3
2024-03-21T22:00,19.5,91,8.6
2024-03-21T23:00,18.6,94,6.9
2024-03-22T00:00,18.1,95,7.3
2024-03-22T01:00,17.8,95,9.4
2024-03-22T02:00,17.1,97,10.2
2024-03-22T03:00,16.6,99,9.3
2024-03-22T04:00,16.5,98,9.9
2024-03-22T05:00,17.5,97,10.3
2024-03-22T06:00,17.3,97,11.6
2024-03-22T07:00,17.4,96,10.7
2024-03-22T08:00,19.6,84,9.5
2024-03-22T09:00,22.4,71,9.3
2024-03-22T10:00,24.6,60,10.8
2024-03-22T11:00,25.9,58,15.5
2024-03-22T12:00,26.3,60,20.5
2024-03-22T13:00,26.2,63,19.5
2024-03-22T14:00,26.4,61,17.1
2024-03-22T15:00,26.7,58,12.9
2024-03-22T16:00,26.4,61,12.7
2024-03-22T17:00,25.7,66,8.9
2024-03-22T18:00,24.7,70,7.4
2024-03-22T19:00,23.2,85,4.3
2024-03-22T20:00,22.4,88,3.7
2024-03-22T21:00,21.9,88,4.8
2024-03-22T22:00,21.1,88,6.2
2024-03-22T23:00,20.9,87,6.2
2024-03-23T00:00,20.8,86,4.7
2024-03-23T01:00,20.4,88,4.7
2024-03-23T02:00,21.3,91,12.0
2024-03-23T03:00,21.3,93,9.0
2024-03-23T04:00,20.8,94,8.8
2024-03-23T05:00,22.7,93,9.4
2024-03-23T06:00,22.8,92,14.4
2024-03-23T07:00,23.3,88,10.4
2024-03-23T08:00,24.5,79,5.6
2024-03-23T09:00,24.0,78,15.1
2024-03-23T10:00,25.7,60,8.4
2024-03-23T11:00,27.3,55,8.1
2024-03-23T12:00,29.2,48,11.8
2024-03-23T13:00,30.7,40,14.0
2024-03-23T14:00,31.4,34,13.7
2024-03-23T15:00,31.8,33,9.8
2024-03-23T16:00,32.2,32,7.6
2024-03-23T17:00,32.0,32,4.2
2024-03-23T18:00,28.1,58,13.4
2024-03-23T19:00,25.3,65,13.0
2024-03-23T20:00,24.7,70,12.2
2024-03-23T21:00,24.1,73,10.4
2024-03-23T22:00,23.8,75,9.7
2024-03-23T23:00,23.5,77,8.3
2024-03-24T00:00,23.5,77,9.2
2024-03-24T01:00,23.4,76,11.2
2024-03-24T02:00,22.7,78,11.8
2024-03-24T03:00,22.3,80,11.2
2024-03-24T04:00,21.9,80,11.7
2024-03-24T05:00,23.7,77,2.9
2024-03-24T06:00,23.5,84,15.5
2024-03-24T07:00,23.7,81,14.5
2024-03-24T08:00,25.4,71,10.9
2024-03-24T09:00,27.3,56,16.1
2024-03-24T10:00,28.3,48,16.1
2024-03-24T11:00,30.7,39,17.8
2024-03-24T12:00,31.5,38,18.1
2024-03-24T13:00,31.9,38,12.3
2024-03-24T14:00,33.4,32,8.6
2024-03-24T15:00,33.7,31,10.4
2024-03-24T16:00,32.7,36,11.2
2024-03-24T17:00,30.4,49,13.7
2024-03-24T18:00,27.6,56,21.3
2024-03-24T19:00,26.9,60,20.8
2024-03-24T20:00,26.4,59,17.7
2024-03-24T21:00,26.0,55,22.4
2024-03-24T22:00,25.7,56,22.8
2024-03-24T23:00,25.4,55,21.3
2024-03-25T00:00,26.2,52,23.8
2024-03-25T01:00,26.3,53,22.7
2024-03-25T02:00,26.2,54,26.8
2024-03-25T03:00,25.8,58,24.6
2024-03-25T04:00,25.9,55,22.0
2024-03-25T05:00,26.8,45,23.5
2024-03-25T06:00,26.8,40,25.3
2024-03-25T07:00,26.6,41,27.7
2024-03-25T08:00,27.3,43,28.5
2024-03-25T09:00,28.7,42,28.6
2024-03-25T10:00,29.2,41,30.9
2024-03-25T11:00,28.5,49,26.1
2024-03-25T12:00,30.2,48,27.8
2024-03-25T13:00,30.3,48,27.7
2024-03-25T14:00,31.7,44,23.8
2024-03-25T15:00,32.1,41,22.3
2024-03-25T16:00,33.2,36,19.3
2024-03-25T17:00,28.4,58,8.1
2024-03-25T18:00,28.0,60,7.2
2024-03-25T19:00,27.1,65,8.4
2024-03-25T20:00,27.3,66,2.1
2024-03-25T21:00,26.6,68,7.6
2024-03-25T22:00,25.5,79,3.3
2024-03-25T23:00,26.9,63,0.8
2024-03-26T00:00,25.1,72,19.2
2024-03-26T01:00,24.1,84,25.0
2024-03-26T02:00,23.1,82,29.6
2024-03-26T03:00,22.5,84,24.9
2024-03-26T04:00,22.4,84,19.4
2024-03-26T05:00,23.2,75,19.3
2024-03-26T06:00,22.7,76,21.5
2024-03-26T07:00,22.5,76,18.3
2024-03-26T08:00,23.3,76,19.3
2024-03-26T09:00,24.0,69,20.4
2024-03-26T10:00,24.0,66,23.2
2024-03-26T11:00,24.6,60,24.1
2024-03-26T12:00,25.8,49,26.5
2024-03-26T13:00,25.9,48,27.8
2024-03-26T14:00,25.7,47,28.3
2024-03-26T15:00,25.0,54,27.7
2024-03-26T16:00,24.5,55,28.7
2024-03-26T17:00,23.3,59,29.2
2024-03-26T18:00,22.3,65,30.4
2024-03-26T19:00,21.7,71,27.8
2024-03-26T20:00,21.5,73,25.1
2024-03-26T21:00,21.3,72,23.4
2024-03-26T22:00,21.1,74,24.8
2024-03-26T23:00,20.9,75,24.6
2024-03-27T00:00,20.6,75,24.5
2024-03-27T01:00,20.4,73,23.8
2024-03-27T02:00,20.3,70,24.6
2024-03-27T03:00,20.0,69,24.9
2024-03-27T04:00,19.8,72,24.4
2024-03-27T05:00,20.2,70,20.7
2024-03-27T06:00,19.8,69,19.8
2024-03-27T07:00,20.1,67,18.4
2024-03-27T08:00,20.9,65,22.3
2024-03-27T09:00,22.1,61,24.5
2024-03-27T10:00,22.7,60,23.1
2024-03-27T11:00,23.3,58,22.7
2024-03-27T12:00,24.1,55,26.3
2024-03-27T13:00,24.4,50,29.4
2024-03-27T14:00,24.3,50,30.8
2024-03-27T15:00,24.2,49,31.4
2024-03-27T16:00,23.5,55,31.3
2024-03-27T17:00,22.9,56,25.7
2024-03-27T18:00,22.0,61,22.8
2024-03-27T19:00,21.0,67,18.0
2024-03-27T20:00,20.6,68,16.6
2024-03-27T21:00,19.9,70,14.8
2024-03-27T22:00,19.4,75,13.9
2024-03-27T23:00,19.3,79,14.1
2024-03-28T00:00,19.1,81,14.1
2024-03-28T01:00,19.2,81,12.6
2024-03-28T02:00,18.8,84,12.0
2024-03-28T03:00,18.2,87,12.2
2024-03-28T04:00,18.0,88,12.6
2024-03-28T05:00,17.5,87,12.8
2024-03-28T06:00,16.8,89,15.1
2024-03-28T07:00,17.2,86,16.6
2024-03-28T08:00,19.5,76,15.5
2024-03-28T09:00,22.7,63,19.1
2024-03-28T10:00,25.0,54,24.1
2024-03-28T11:00,25.7,51,27.4
2024-03-28T12:00,26.2,48,29.6
2024-03-28T13:00,26.4,48,32.0
2024-03-28T14:00,26.3,47,32.6
2024-03-28T15:00,26.0,47,33.9
2024-03-28T16:00,25.5,48,35.5
2024-03-28T17:00,24.4,52,31.8
2024-03-28T18:00,23.5,58,27.0
2024-03-28T19:00,22.7,60,23.8
2024-03-28T20:00,22.3,60,22.5
2024-03-28T21:00,22.0,59,22.2
2024-03-28T22:00,21.8,59,22.6
2024-03-28T23:00,21.6,61,22.6
2024-03-29T00:00,21.3,64,21.7
2024-03-29T01:00,21.0,69,20.8
2024-03-29T02:00,20.9,70,20.6
2024-03-29T03:00,20.8,70,21.7
2024-03-29T04:00,20.7,70,23.1
2024-03-29T05:00,20.4,75,17.6
2024-03-29T06:00,20.5,74,19.7
2024-03-29T07:00,21.2,71,19.6
2024-03-29T08:00,23.2,58,22.1
2024-03-29T09:00,24.3,53,28.1
2024-03-29T10:00,25.1,52,27.6
2024-03-29T11:00,25.8,47,28.6
2024-03-29T12:00,26.1,46,28.6
2024-03-29T13:00,26.3,47,28.8
2024-03-29T14:00,26.1,50,29.2
2024-03-29T15:00,25.7,52,28.0
2024-03-29T16:00,25.0,55,26.9
2024-03-29T17:00,24.3,59,24.6
2024-03-29T18:00,23.2,65,23.8
2024-03-29T19:00,22.4,70,18.6
2024-03-29T20:00,21.9,73,15.5
2024-03-29T21:00,21.3,76,12.4
2024-03-29T22:00,20.5,79,11.0
2024-03-29T23:00,19.7,83,11.0
2024-03-30T00:00,19.0,87,11.2
2024-03-30T01:00,18.2,90,10.5
2024-03-30T02:00,17.5,92,11.3
2024-03-30T03:00,16.9,95,12.0
2024-03-30T04:00,16.8,95,11.4
2024-03-30T05:00,17.6,91,9.7
2024-03-30T06:00,17.2,93,8.4
2024-03-30T07:00,17.5,90,7.7
2024-03-30T08:00,20.1,76,7.2
2024-03-30T09:00,22.5,67,6.3
2024-03-30T10:00,24.2,59,2.6
2024-03-30T11:00,26.0,51,1.5
2024-03-30T12:00,27.8,44,6.2
2024-03-30T13:00,28.7,42,7.9
2024-03-30T14:00,28.0,52,23.4
2024-03-30T15:00,26.2,57,26.1
2024-03-30T16:00,25.8,62,22.7
2024-03-30T17:00,25.9,56,13.6
2024-03-30T18:00,25.2,64,12.8
2024-03-30T19:00,24.2,73,12.2
2024-03-30T20:00,23.3,80,12.5
2024-03-30T21:00,22.7,81,11.0
2024-03-30T22:00,22.0,87,9.8
2024-03-30T23:00,21.7,94,12.3
2024-03-31T00:00,21.6,95,12.1
2024-03-31T01:00,21.4,95,11.1
2024-03-31T02:00,21.3,95,11.1
2024-03-31T03:00,21.1,96,6.8
2024-03-31T04:00,21.4,96,3.1
2024-03-31T05:00,21.2,96,3.2
2024-03-31T06:00,21.0,98,3.3
2024-03-31T07:00,21.1,97,7.2
2024-03-31T08:00,22.5,90,7.9
2024-03-31T09:00,23.0,85,7.9
2024-03-31T10:00,24.1,73,11.7
2024-03-31T11:00,26.4,54,12.7
2024-03-31T12:00,28.0,45,14.5
2024-03-31T13:00,28.7,42,17.4
2024-03-31T14:00,27.9,53,19.9
2024-03-31T15:00,26.9,57,21.5
2024-03-31T16:00,26.2,53,24.4
2024-03-31T17:00,24.6,63,20.5
2024-03-31T18:00,23.8,62,15.3
2024-03-31T19:00,22.8,70,10.5
2024-03-31T20:00,22.4,72,8.0
2024-03-31T21:00,21.9,74,7.8
2024-03-31T22:00,20.8,79,7.8
2024-03-31T23:00,20.3,82,8.4
2024-04-01T00:00,19.2,88,8.8
2024-04-01T01:00,18.5,89,9.0
2024-04-01T02:00,17.9,90,10.5
2024-04-01T03:00,17.7,90,11.4
2024-04-01T04:00,17.4,91,12.1
2024-04-01T05:00,17.6,92,11.0
2024-04-01T06:00,17.5,92,11.3
2024-04-01T07:00,18.3,90,12.0
2024-04-01T08:00,20.4,81,10.5
2024-04-01T09:00,22.5,73,15.5
2024-04-01T10:00,24.8,62,17.1
2024-04-01T11:00,26.1,53,18.3
2024-04-01T12:00,27.0,42,20.6
2024-04-01T13:00,27.2,38,24.0
2024-04-01T14:00,27.5,37,24.9
2024-04-01T15:00,27.1,40,23.7
2024-04-01T16:00,26.5,43,21.0
2024-04-01T17:00,25.6,45,17.9
2024-04-01T18:00,24.6,52,14.8
2024-04-01T19:00,23.5,59,10.2
2024-04-01T20:00,22.8,64,10.4
2024-04-01T21:00,22.3,67,9.9
2024-04-01T22:00,21.2,70,10.0
2024-04-01T23:00,20.5,70,11.9
2024-04-02T00:00,19.8,71,11.5
2024-04-02T01:00,19.2,73,11.7
2024-04-02T02:00,18.8,75,12.1
2024-04-02T03:00,18.4,79,12.2
2024-04-02T04:00,18.1,82,12.2
2024-04-02T05:00,18.9,77,12.7
2024-04-02T06:00,18.5,78,13.2
2024-04-02T07:00,19.5,73,12.8
2024-04-02T08:00,21.6,65,10.9
2024-04-02T09:00,24.6,53,12.6
2024-04-02T10:00,26.9,44,16.5
2024-04-02T11:00,27.9,35,22.8
2024-04-02T12:00,27.8,34,23.1
2024-04-02T13:00,28.5,31,22.7
2024-04-02T14:00,28.7,29,23.1
2024-04-02T15:00,28.2,31,23.5
2024-04-02T16:00,27.3,35,22.3
2024-04-02T17:00,26.2,38,20.3
2024-04-02T18:00,25.1,45,17.2
2024-04-02T19:00,23.9,53,11.9
2024-04-02T20:00,23.2,57,10.4
2024-04-02T21:00,22.3,62,9.2
2024-04-02T22:00,21.5,66,9.2
2024-04-02T23:00,20.8,69,11.3
2024-04-03T00:00,19.9,71,11.0
2024-04-03T01:00,19.2,69,10.0
2024-04-03T02:00,18.5,70,9.7
2024-04-03T03:00,18.0,73,9.5
2024-04-03T04:00,17.2,78,7.6
2024-04-03T05:00,18.5,67,8.7
2024-04-03T06:00,18.3,65,9.8
2024-04-03T07:00,18.9,59,9.9
2024-04-03T08:00,22.2,44,9.4
2024-04-03T09:00,25.1,35,10.9
2024-04-03T10:00,27.6,28,11.2
2024-04-03T11:00,29.5,22,11.2
2024-04-03T12:00,30.6,19,14.9
2024-04-03T13:00,31.0,19,18.3
2024-04-03T14:00,31.0,18,19.9
2024-04-03T15:00,30.0,21,21.3
2024-04-03T16:00,28.5,31,21.7
2024-04-03T17:00,27.5,34,18.3
2024-04-03T18:00,25.9,41,17.2
2024-04-03T19:00,24.5,51,13.1
2024-04-03T20:00,23.9,61,12.7
2024-04-03T21:00,23.4,62,11.8
2024-04-03T22:00,23.1,64,9.7
2024-04-03T23:00,21.7,66,8.9
2024-04-04T00:00,20.6,66,9.3
2024-04-04T01:00,20.0,64,9.2
2024-04-04T02:00,20.1,57,11.8
2024-04-04T03:00,19.0,56,10.1
2024-04-04T04:00,18.3,59,7.4
2024-04-04T05:00,20.0,58,4.2
2024-04-04T06:00,19.6,54,11.9
2024-04-04T07:00,19.9,50,11.0
2024-04-04T08:00,23.0,38,8.2
2024-04-04T09:00,26.6,25,14.4
2024-04-04T10:00,28.7,20,20.3
2024-04-04T11:00,29.9,18,21.0
2024-04-04T12:00,30.4,17,23.5
2024-04-04T13:00,30.4,17,25.0
2024-04-04T14:00,30.4,18,25.1
2024-04-04T15:00,30.1,17,24.7
2024-04-04T16:00,29.4,20,24.1
2024-04-04T17:00,27.8,32,19.6
2024-04-04T18:00,25.7,47,17.2
2024-04-04T19:00,23.7,64,11.9
2024-04-04T20:00,22.7,71,10.0
2024-04-04T21:00,21.3,76,7.9
2024-04-04T22:00,20.3,79,6.6
2024-04-04T23:00,19.5,81,7.5
2024-04-05T00:00,18.6,85,7.8
2024-04-05T01:00,18.2,85,8.8
2024-04-05T02:00,18.3,81,12.3
2024-04-05T03:00,17.4,81,11.9
2024-04-05T04:00,16.8,82,11.5
2024-04-05T05:00,17.2,81,10.8
2024-04-05T06:00,16.8,82,11.5
2024-04-05T07:00,17.7,76,10.5
2024-04-05T08:00,21.1,59,8.0
2024-04-05T09:00,24.5,46,8.2
2024-04-05T10:00,26.8,38,9.1
2024-04-05T11:00,28.6,31,14.1
2024-04-05T12:00,29.3,28,19.7
2024-04-05T13:00,29.3,28,23.0
2024-04-05T14:00,29.1,27,24.8
2024-04-05T15:00,28.7,30,24.1
2024-04-05T16:00,28.0,34,22.9
2024-04-05T17:00,26.4,47,17.9
2024-04-05T18:00,24.8,57,15.4
2024-04-05T19:00,23.3,68,10.4
2024-04-05T20:00,22.3,74,8.4
2024-04-05T21:00,21.4,78,8.7
2024-04-05T22:00,20.6,81,9.8
2024-04-05T23:00,19.8,83,10.2
2024-04-06T00:00,19.0,83,10.1
2024-04-06T01:00,18.3,82,11.2
2024-04-06T02:00,17.8,84,11.5
2024-04-06T03:00,17.5,83,12.6
2024-04-06T04:00,17.1,80,13.4
2024-04-06T05:00,17.9,76,11.5
2024-04-06T06:00,17.6,73,11.9
2024-04-06T07:00,18.4,65,12.3
2024-04-06T08:00,21.3,54,11.2
2024-04-06T09:00,24.7,46,12.2
2024-04-06T10:00,27.2,39,15.0
2024-04-06T11:00,29.0,36,16.3
2024-04-06T12:00,29.6,34,20.7
2024-04-06T13:00,29.5,32,22.2
2024-04-06T14:00,29.4,30,22.6
2024-04-06T15:00,28.9,31,21.5
2024-04-06T16:00,28.3,35,19.0
2024-04-06T17:00,26.7,43,17.9
2024-04-06T18:00,25.4,53,16.3
2024-04-06T19:00,23.8,65,11.7
2024-04-06T20:00,22.7,73,8.0
2024-04-06T21:00,21.5,80,6.1
2024-04-06T22:00,20.9,78,6.3
2024-04-06T23:00,20.1,77,7.8
2024-04-07T00:00,19.6,75,9.4
2024-04-07T01:00,19.0,75,10.8
2024-04-07T02:00,17.9,78,9.5
2024-04-07T03:00,17.3,77,10.2
2024-04-07T04:00,16.9,73,11.1
2024-04-07T05:00,17.9,72,9.7
2024-04-07T06:00,17.4,70,10.7
2024-04-07T07:00,18.3,63,9.7
2024-04-07T08:00,22.1,48,7.7
2024-04-07T09:00,26.1,34,6.4
2024-04-07T10:00,28.7,25,2.1
2024-04-07T11:00,30.3,24,7.0
2024-04-07T12:00,30.9,27,13.5
2024-04-07T13:00,30.7,24,20.1
2024-04-07T14:00,30.3,24,21.1
2024-04-07T15:00,29.9,25,21.4
2024-04-07T16:00,28.8,29,19.4
2024-04-07T17:00,27.2,40,18.9
2024-04-07T18:00,25.2,58,13.8
2024-04-07T19:00,23.9,70,7.6
2024-04-07T20:00,22.6,82,4.0
2024-04-07T21:00,21.9,84,4.7
2024-04-07T22:00,21.2,86,5.4
2024-04-07T23:00,20.4,87,6.5
2024-04-08T00:00,21.2,80,4.0
2024-04-08T01:00,19.7,89,8.2
2024-04-08T02:00,19.1,97,7.4
2024-04-08T03:00,20.9,94,3.5
2024-04-08T04:00,20.5,96,1.8
2024-04-08T05:00,20.3,94,3.0
2024-04-08T06:00,18.3,95,6.8
2024-04-08T07:00,19.5,84,9.8
2024-04-08T08:00,22.8,61,6.8
2024-04-08T09:00,26.0,44,4.0
2024-04-08T10:00,28.5,33,4.0
2024-04-08T11:00,30.6,28,11.5
2024-04-08T12:00,31.3,25,11.6
2024-04-08T13:00,33.1,20,12.1
2024-04-08T14:00,32.7,20,5.2
2024-04-08T15:00,33.2,19,19.2
2024-04-08T16:00,32.8,17,13.8
2024-04-08T17:00,31.2,18,14.0
2024-04-08T18:00,29.7,26,10.5
2024-04-08T19:00,27.9,37,8.1
2024-04-08T20:00,26.5,48,6.6
2024-04-08T21:00,25.8,53,8.0
2024-04-08T22:00,25.4,54,8.7
2024-04-08T23:00,24.6,58,7.3
2024-04-09T00:00,23.8,63,7.2
2024-04-09T01:00,23.7,66,4.7
2024-04-09T02:00,25.1,56,1.6
2024-04-09T03:00,24.8,58,3.1
2024-04-09T04:00,24.2,64,2.7
2024-04-09T05:00,22.9,71,6.0
2024-04-09T06:00,23.5,71,8.6
2024-04-09T07:00,24.3,69,7.7
2024-04-09T08:00,26.2,60,7.1
2024-04-09T09:00,27.5,53,9.3
2024-04-09T10:00,29.1,45,11.9
2024-04-09T11:00,29.7,42,11.4
2024-04-09T12:00,29.7,42,10.0
2024-04-09T13:00,30.9,38,11.5
2024-04-09T14:00,30.7,38,14.0
2024-04-09T15:00,31.0,36,13.2
2024-04-09T16:00,30.8,35,13.9
2024-04-09T17:00,29.0,43,13.6
2024-04-09T18:00,28.1,48,10.5
2024-04-09T19:00,28.0,46,9.9
2024-04-09T20:00,27.2,48,7.2
2024-04-09T21:00,26.6,51,8.9
2024-04-09T22:00,26.3,52,8.2
2024-04-09T23:00,25.8,56,6.9
2024-04-10T00:00,25.9,56,8.9
2024-04-10T01:00,25.7,58,11.5
2024-04-10T02:00,25.4,57,10.7
2024-04-10T03:00,24.7,60,7.3
2024-04-10T04:00,24.0,71,7.3
2024-04-10T05:00,24.2,61,8.2
2024-04-10T06:00,24.3,64,8.4
2024-04-10T07:00,25.0,64,6.4
2024-04-10T08:00,26.2,60,5.2
2024-04-10T09:00,28.5,49,8.0
2024-04-10T10:00,31.1,36,16.0
2024-04-10T11:00,32.6,30,19.5
2024-04-10T12:00,32.8,30,20.9
2024-04-10T13:00,32.7,32,20.5
2024-04-10T14:00,32.5,32,20.9
2024-04-10T15:00,31.8,34,20.9
2024-04-10T16:00,31.2,35,18.9
2024-04-10T17:00,30.1,38,19.8
2024-04-10T18:00,29.0,44,17.3
2024-04-10T19:00,28.1,49,14.6
2024-04-10T20:00,27.7,52,14.8
2024-04-10T21:00,26.9,57,12.0
2024-04-10T22:00,26.4,61,10.0
2024-04-10T23:00,25.2,68,9.7
2024-04-11T00:00,24.8,74,6.8
2024-04-11T01:00,24.8,73,9.6
2024-04-11T02:00,24.4,73,8.2
2024-04-11T03:00,24.5,73,8.7
2024-04-11T04:00,23.8,79,5.6
2024-04-11T05:00,23.0,68,10.4
2024-04-11T06:00,23.0,67,13.0
2024-04-11T07:00,24.1,61,13.1
2024-04-11T08:00,26.9,51,13.0
2024-04-11T09:00,29.6,42,15.0
2024-04-11T10:00,32.2,34,14.8
2024-04-11T11:00,33.7,31,18.7
2024-04-11T12:00,34.3,31,23.8
2024-04-11T13:00,32.8,38,28.4
2024-04-11T14:00,31.0,50,27.9
2024-04-11T15:00,30.6,52,20.2
2024-04-11T16:00,30.3,52,16.3
2024-04-11T17:00,30.3,51,14.7
2024-04-11T18:00,29.0,57,15.7
2024-04-11T19:00,27.5,66,12.7
2024-04-11T20:00,26.8,71,8.8
2024-04-11T21:00,26.4,74,6.8
2024-04-11T22:00,26.0,72,8.4
2024-04-11T23:00,25.9,71,6.0
2024-04-12T00:00,25.9,69,8.8
2024-04-12T01:00,25.7,69,10.2
2024-04-12T02:00,25.3,72,10.8
2024-04-12T03:00,24.9,73,5.8
2024-04-12T04:00,24.9,72,5.6
2024-04-12T05:00,24.2,75,4.7
2024-04-12T06:00,24.2,74,12.5
2024-04-12T07:00,24.9,71,3.8
2024-04-12T08:00,26.8,64,8.9
2024-04-12T09:00,28.3,56,6.3
2024-04-12T10:00,28.8,54,4.7
2024-04-12T11:00,30.0,46,17.7
2024-04-12T12:00,31.5,38,16.3
2024-04-12T13:00,30.3,45,21.9
2024-04-12T14:00,31.6,38,18.9
2024-04-12T15:00,31.7,35,17.0
2024-04-12T16:00,31.8,33,14.6
2024-04-12T17:00,30.5,41,20.9
2024-04-12T18:00,28.2,55,17.8
2024-04-12T19:00,27.2,60,17.3
2024-04-12T20:00,26.7,59,11.7
2024-04-12T21:00,26.4,60,5.8
2024-04-12T22:00,25.8,60,8.0
2024-04-12T23:00,25.5,60,8.8
2024-04-13T00:00,25.2,62,8.7
2024-04-13T01:00,24.6,64,9.0
2024-04-13T02:00,24.3,65,9.3
2024-04-13T03:00,24.1,67,10.9
2024-04-13T04:00,23.9,67,11.4
2024-04-13T05:00,24.3,67,12.0
2024-04-13T06:00,23.7,68,11.6
2024-04-13T07:00,24.6,62,10.8
2024-04-13T08:00,26.9,49,12.1
2024-04-13T09:00,28.8,36,16.2
2024-04-13T10:00,30.3,27,17.9
2024-04-13T11:00,31.3,23,22.1
2024-04-13T12:00,31.8,22,24.8
2024-04-13T13:00,30.4,27,24.6
2024-04-13T14:00,29.4,31,23.1
2024-04-13T15:00,30.0,27,24.3
2024-04-13T16:00,30.1,26,26.2
2024-04-13T17:00,28.4,39,26.4
2024-04-13T18:00,26.4,48,23.6
2024-04-13T19:00,24.8,63,8.9
2024-04-13T20:00,25.6,58,15.3
2024-04-13T21:00,23.7,64,7.1
2024-04-13T22:00,23.5,68,9.2
2024-04-13T23:00,23.6,67,10.1
2024-04-14T00:00,23.3,71,5.5
2024-04-14T01:00,23.0,70,10.1
2024-04-14T02:00,22.8,72,11.7
2024-04-14T03:00,22.5,73,12.0
2024-04-14T04:00,22.2,75,10.0
2024-04-14T05:00,23.5,72,10.1
2024-04-14T06:00,22.6,72,10.5
2024-04-14T07:00,23.6,66,11.2
2024-04-14T08:00,25.8,53,12.5
2024-04-14T09:00,27.3,41,16.7
2024-04-14T10:00,28.4,35,20.9
2024-04-14T11:00,28.8,36,24.3
2024-04-14T12:00,29.4,31,24.6
2024-04-14T13:00,29.4,31,24.4
2024-04-14T14:00,29.0,35,22.8
2024-04-14T15:00,28.8,36,21.8
2024-04-14T16:00,28.3,37,20.5
2024-04-14T17:00,27.7,33,17.3
2024-04-14T18:00,26.6,40,13.3
2024-04-14T19:00,24.7,55,9.4
2024-04-14T20:00,23.6,62,9.1
2024-04-14T21:00,22.7,64,10.2
2024-04-14T22:00,21.8,70,8.7
2024-04-14T23:00,20.9,73,7.7
2024-04-15T00:00,20.3,70,8.4
2024-04-15T01:00,19.6,71,7.6
2024-04-15T02:00,19.1,70,7.3
2024-04-15T03:00,18.7,70,8.0
2024-04-15T04:00,18.7,67,10.0
2024-04-15T05:00,20.2,67,8.9
2024-04-15T06:00,19.7,66,12.1
2024-04-15T07:00,20.5,62,9.7
2024-04-15T08:00,23.6,50,11.2
2024-04-15T09:00,27.4,32,10.0
2024-04-15T10:00,29.7,24,8.5
2024-04-15T11:00,31.0,41,10.1
2024-04-15T12:00,33.0,42,13.1
2024-04-15T13:00,34.1,34,8.8
2024-04-15T14:00,33.8,32,8.4
2024-04-15T15:00,32.6,32,14.6
2024-04-15T16:00,32.0,36,21.0
2024-04-15T17:00,26.2,65,18.0
2024-04-15T18:00,27.3,63,12.6
2024-04-15T19:00,26.5,66,13.6
2024-04-15T20:00,26.2,68,13.5
2024-04-15T21:00,26.2,70,12.2
2024-04-15T22:00,26.2,70,13.1
2024-04-15T23:00,25.9,70,14.8
2024-04-16T00:00,26.0,75,18.0
2024-04-16T01:00,24.4,84,18.5
2024-04-16T02:00,23.3,88,23.2
2024-04-16T03:00,22.8,89,23.8
2024-04-16T04:00,22.7,88,28.0
2024-04-16T05:00,23.1,86,5.8
2024-04-16T06:00,21.0,91,14.8
2024-04-16T07:00,21.9,87,14.7
2024-04-16T08:00,23.3,83,17.2
2024-04-16T09:00,25.8,73,18.1
2024-04-16T10:00,26.2,70,19.1
2024-04-16T11:00,23.8,76,18.2
2024-04-16T12:00,25.2,74,23.1
2024-04-16T13:00,24.4,74,27.0
2024-04-16T14:00,23.6,80,21.1
2024-04-16T15:00,23.6,81,23.7
2024-04-16T16:00,23.2,86,21.3
2024-04-16T17:00,22.9,83,35.4
2024-04-16T18:00,22.6,79,35.8
2024-04-16T19:00,22.4,86,21.3
2024-04-16T20:00,22.6,86,23.2
2024-04-16T21:00,22.7,83,23.8
2024-04-16T22:00,22.9,84,18.3
2024-04-16T23:00,22.6,86,17.1
2024-04-17T00:00,22.2,90,23.0
2024-04-17T01:00,21.6,95,19.3
2024-04-17T02:00,21.8,95,17.9
2024-04-17T03:00,22.6,92,21.7
2024-04-17T04:00,22.4,89,24.2
2024-04-17T05:00,20.7,93,12.8
2024-04-17T06:00,21.1,90,13.1
2024-04-17T07:00,21.7,88,13.7
2024-04-17T08:00,22.6,83,14.5
2024-04-17T09:00,23.3,80,16.6
2024-04-17T10:00,24.0,78,17.2
2024-04-17T11:00,24.6,73,20.5
2024-04-17T12:00,25.0,71,21.1
2024-04-17T13:00,25.1,69,22.3
2024-04-17T14:00,25.3,68,23.6
2024-04-17T15:00,25.2,69,24.0
2024-04-17T16:00,25.0,70,24.5
2024-04-17T17:00,24.5,69,20.6
2024-04-17T18:00,23.7,76,16.6
2024-04-17T19:00,22.5,82,16.0
2024-04-17T20:00,22.1,84,14.3
2024-04-17T21:00,21.7,86,13.4
2024-04-17T22:00,21.4,86,12.8
2024-04-17T23:00,21.0,86,12.2
2024-04-18T00:00,20.7,87,13.6
2024-04-18T01:00,20.2,88,14.2
2024-04-18T02:00,19.7,89,15.3
2024-04-18T03:00,19.2,90,15.9
2024-04-18T04:00,19.0,91,14.7
2024-04-18T05:00,19.7,89,14.7
2024-04-18T06:00,19.5,88,14.3
2024-04-18T07:00,20.1,86,14.6
2024-04-18T08:00,21.7,83,13.0
2024-04-18T09:00,23.7,73,15.6
2024-04-18T10:00,25.5,63,16.3
2024-04-18T11:00,26.8,57,16.6
2024-04-18T12:00,27.6,53,17.4
2024-04-18T13:00,28.0,49,18.0
2024-04-18T14:00,27.9,50,18.0
2024-04-18T15:00,27.5,53,17.0
2024-04-18T16:00,26.9,58,15.1
2024-04-18T17:00,26.5,58,9.3
2024-04-18T18:00,24.9,78,5.0
2024-04-18T19:00,23.7,78,4.3
2024-04-18T20:00,23.8,76,2.9
2024-04-18T21:00,22.0,83,4.7
2024-04-18T22:00,20.7,87,9.8
2024-04-18T23:00,19.9,87,8.9
2024-04-19T00:00,19.4,86,10.3
2024-04-19T01:00,18.7,88,10.8
2024-04-19T02:00,18.5,88,10.2
2024-04-19T03:00,18.0,90,8.4
2024-04-19T04:00,17.6,91,7.5
2024-04-19T05:00,18.8,89,7.1
2024-04-19T06:00,18.7,87,8.4
2024-04-19T07:00,20.0,84,7.7
2024-04-19T08:00,22.7,77,6.8
2024-04-19T09:00,25.2,62,7.9
2024-04-19T10:00,26.8,54,8.6
2024-04-19T11:00,28.0,49,7.5
2024-04-19T12:00,28.8,47,8.0
2024-04-19T13:00,29.2,45,8.0
2024-04-19T14:00,29.1,49,10.8
2024-04-19T15:00,28.1,57,16.2
2024-04-19T16:00,26.8,56,18.1
2024-04-19T17:00,25.8,67,18.8
2024-04-19T18:00,24.5,79,14.0
2024-04-19T19:00,23.0,87,10.2
2024-04-19T20:00,21.9,90,6.3
2024-04-19T21:00,23.0,84,2.7
2024-04-19T22:00,20.6,93,9.7
2024-04-19T23:00,19.6,97,10.5
2024-04-20T00:00,18.7,98,9.2
2024-04-20T01:00,18.2,98,8.2
2024-04-20T02:00,17.7,98,7.6
2024-04-20T03:00,17.4,97,8.0
2024-04-20T04:00,17.4,94,9.0
2024-04-20T05:00,18.7,89,6.6
2024-04-20T06:00,18.6,85,7.0
2024-04-20T07:00,20.3,77,6.6
2024-04-20T08:00,22.5,74,4.2
2024-04-20T09:00,25.0,62,3.4
2024-04-20T10:00,26.9,55,0.8
2024-04-20T11:00,28.3,51,3.8
2024-04-20T12:00,29.0,51,8.7
2024-04-20T13:00,28.3,56,15.4
2024-04-20T14:00,27.6,54,14.5
2024-04-20T15:00,27.1,59,15.0
2024-04-20T16:00,26.3,66,16.0
2024-04-20T17:00,25.9,72,16.2
2024-04-20T18:00,24.8,81,12.6
2024-04-20T19:00,23.3,87,10.7
2024-04-20T20:00,22.4,90,9.0
2024-04-20T21:00,21.6,91,6.2
2024-04-20T22:00,20.8,94,8.7
2024-04-20T23:00,20.1,97,10.0
2024-04-21T00:00,19.3,98,8.4
2024-04-21T01:00,18.8,98,8.0
2024-04-21T02:00,18.6,97,8.5
2024-04-21T03:00,18.3,98,9.5
2024-04-21T04:00,17.8,98,7.8
2024-04-21T05:00,19.5,94,7.3
2024-04-21T06:00,19.2,93,7.2
2024-04-21T07:00,20.7,87,4.8
2024-04-21T08:00,22.6,82,3.7
2024-04-21T09:00,25.2,72,3.1
2024-04-21T10:00,27.4,63,4.8
2024-04-21T11:00,29.1,55,5.5
2024-04-21T12:00,30.0,53,8.3
2024-04-21T13:00,30.1,57,11.1
2024-04-21T14:00,29.9,59,14.0
2024-04-21T15:00,29.3,54,15.3
2024-04-21T16:00,28.3,57,14.8
2024-04-21T17:00,27.4,63,11.8
2024-04-21T18:00,25.7,76,9.7
2024-04-21T19:00,23.6,87,8.7
2024-04-21T20:00,22.5,92,6.6
2024-04-21T21:00,22.1,92,8.7
2024-04-21T22:00,21.5,93,10.1
2024-04-21T23:00,20.8,92,8.7
2024-04-22T00:00,20.3,92,8.1
2024-04-22T01:00,20.0,91,8.6
2024-04-22T02:00,19.4,90,7.3
2024-04-22T03:00,19.3,88,8.8
2024-04-22T04:00,18.9,88,8.6
2024-04-22T05:00,20.1,87,8.6
2024-04-22T06:00,20.0,85,8.8
2024-04-22T07:00,21.2,80,6.3
2024-04-22T08:00,23.6,74,5.6
2024-04-22T09:00,26.6,64,7.6
2024-04-22T10:00,29.4,52,7.4
2024-04-22T11:00,30.9,45,5.2
2024-04-22T12:00,32.2,40,4.6
2024-04-22T13:00,32.9,38,6.6
2024-04-22T14:00,33.4,36,6.4
2024-04-22T15:00,33.9,34,8.4
2024-04-22T16:00,34.1,31,7.4
2024-04-22T17:00,31.5,50,11.9
2024-04-22T18:00,28.8,67,8.8
2024-04-22T19:00,26.3,76,9.7
2024-04-22T20:00,25.3,76,11.4
2024-04-22T21:00,24.3,74,12.2
2024-04-22T22:00,23.8,74,13.0
2024-04-22T23:00,23.3,73,14.6
2024-04-23T00:00,23.1,67,18.3
2024-04-23T01:00,22.9,67,17.9
2024-04-23T02:00,22.4,74,15.9
2024-04-23T03:00,22.2,75,15.9
2024-04-23T04:00,21.6,78,13.7
2024-04-23T05:00,23.4,73,10.5
2024-04-23T06:00,22.8,74,19.0
2024-04-23T07:00,24.3,56,18.9
2024-04-23T08:00,26.3,54,17.9
2024-04-23T09:00,28.7,51,19.7
2024-04-23T10:00,30.8,47,16.6
2024-04-23T11:00,33.3,41,14.5
2024-04-23T12:00,34.4,41,12.1
2024-04-23T13:00,36.3,34,7.8
2024-04-23T14:00,37.4,27,13.7
2024-04-23T15:00,36.0,39,11.9
2024-04-23T16:00,34.6,48,13.0
2024-04-23T17:00,33.7,47,12.4
2024-04-23T18:00,27.8,66,20.3
2024-04-23T19:00,26.1,75,15.0
2024-04-23T20:00,25.4,81,12.4
2024-04-23T21:00,24.9,86,12.7
2024-04-23T22:00,24.5,87,12.3
2024-04-23T23:00,24.1,90,12.0
2024-04-24T00:00,23.6,90,13.3
2024-04-24T01:00,23.2,92,14.2
2024-04-24T02:00,23.0,91,14.3
2024-04-24T03:00,22.5,89,13.6
2024-04-24T04:00,21.7,89,13.5
2024-04-24T05:00,21.9,91,14.2
2024-04-24T06:00,21.4,90,15.6
2024-04-24T07:00,22.2,86,15.8
2024-04-24T08:00,24.1,79,15.6
2024-04-24T09:00,26.4,68,17.9
2024-04-24T10:00,28.4,53,19.2
2024-04-24T11:00,29.5,43,20.9
2024-04-24T12:00,29.8,43,23.1
2024-04-24T13:00,29.9,41,24.4
2024-04-24T14:00,29.8,42,23.6
2024-04-24T15:00,29.6,45,22.8
2024-04-24T16:00,28.9,49,23.4
2024-04-24T17:00,28.0,52,19.8
2024-04-24T18:00,26.7,58,14.3
2024-04-24T19:00,24.7,70,12.6
2024-04-24T20:00,23.6,78,11.1
2024-04-24T21:00,22.7,80,11.2
2024-04-24T22:00,21.8,80,10.8
2024-04-24T23:00,20.9,81,10.6
2024-04-25T00:00,20.0,83,11.2
2024-04-25T01:00,19.1,86,10.5
2024-04-25T02:00,18.6,86,10.8
2024-04-25T03:00,18.2,82,11.8
2024-04-25T04:00,18.1,73,14.5
2024-04-25T05:00,20.6,56,15.2
2024-04-25T06:00,20.6,51,14.7
2024-04-25T07:00,21.7,48,13.7
2024-04-25T08:00,24.2,43,13.1
2024-04-25T09:00,27.6,38,10.6
2024-04-25T10:00,31.3,23,12.7
2024-04-25T11:00,32.9,17,7.9
2024-04-25T12:00,32.5,21,14.5
2024-04-25T13:00,30.7,30,25.2
2024-04-25T14:00,32.3,24,20.0
2024-04-25T15:00,31.5,27,23.8
2024-04-25T16:00,31.4,28,19.9
2024-04-25T17:00,31.7,25,17.6
2024-04-25T18:00,29.8,31,16.4
2024-04-25T19:00,27.0,48,16.0
2024-04-25T20:00,25.6,49,15.8
2024-04-25T21:00,24.6,52,14.3
2024-04-25T22:00,23.9,51,14.1
2024-04-25T23:00,22.9,48,12.3
2024-04-26T00:00,22.7,58,11.9
2024-04-26T01:00,22.8,63,13.2
2024-04-26T02:00,22.1,64,12.6
2024-04-26T03:00,21.2,65,11.6
2024-04-26T04:00,20.8,64,11.9
2024-04-26T05:00,21.7,59,11.9
2024-04-26T06:00,20.8,62,9.2
2024-04-26T07:00,22.7,56,7.4
2024-04-26T08:00,25.5,45,9.3
2024-04-26T09:00,28.9,35,15.1
2024-04-26T10:00,30.5,40,20.2
2024-04-26T11:00,31.5,41,22.4
2024-04-26T12:00,32.3,39,25.2
2024-04-26T13:00,32.2,39,29.2
2024-04-26T14:00,31.7,39,29.8
2024-04-26T15:00,31.2,41,28.1
2024-04-26T16:00,30.9,39,24.6
2024-04-26T17:00,30.7,40,19.8
2024-04-26T18:00,29.7,44,15.5
2024-04-26T19:00,27.8,51,10.9
2024-04-26T20:00,26.5,55,9.0
2024-04-26T21:00,25.4,59,8.3
2024-04-26T22:00,25.0,59,5.2
2024-04-26T23:00,26.0,50,2.9
2024-04-27T00:00,23.5,69,5.9
2024-04-27T01:00,22.3,89,9.4
2024-04-27T02:00,21.9,88,6.9
2024-04-27T03:00,21.3,89,7.5
2024-04-27T04:00,20.9,91,8.5
2024-04-27T05:00,21.9,92,7.7
2024-04-27T06:00,21.7,93,9.4
2024-04-27T07:00,22.8,88,6.8
2024-04-27T08:00,25.7,70,6.5
2024-04-27T09:00,29.1,49,7.9
2024-04-27T10:00,32.3,29,11.4
2024-04-27T11:00,34.5,19,13.4
2024-04-27T12:00,35.7,17,14.6
2024-04-27T13:00,35.7,22,20.4
2024-04-27T14:00,34.0,27,30.4
2024-04-27T15:00,33.3,33,27.1
2024-04-27T16:00,32.5,34,26.8
2024-04-27T17:00,31.8,39,19.4
2024-04-27T18:00,30.3,45,19.7
2024-04-27T19:00,28.5,58,14.0
2024-04-27T20:00,27.7,61,11.0
2024-04-27T21:00,27.0,60,11.6
2024-04-27T22:00,26.5,58,11.3
2024-04-27T23:00,25.7,57,9.6
2024-04-28T00:00,24.9,56,8.8
2024-04-28T01:00,24.3,57,10.2
2024-04-28T02:00,23.2,65,9.0
2024-04-28T03:00,22.4,71,8.0
2024-04-28T04:00,21.9,78,7.2
2024-04-28T05:00,22.9,70,7.6
2024-04-28T06:00,22.7,75,8.7
2024-04-28T07:00,24.8,64,12.3
2024-04-28T08:00,28.3,52,16.7
2024-04-28T09:00,30.9,51,26.0
2024-04-28T10:00,33.2,43,21.7
2024-04-28T11:00,34.6,38,22.4
2024-04-28T12:00,34.8,33,23.0
2024-04-28T13:00,35.2,30,22.9
2024-04-28T14:00,36.4,25,19.1
2024-04-28T15:00,36.0,26,23.5
2024-04-28T16:00,36.2,23,23.0
2024-04-28T17:00,35.6,24,27.8
2024-04-28T18:00,34.5,25,21.7
2024-04-28T19:00,32.7,27,25.2
2024-04-28T20:00,30.9,33,16.2
2024-04-28T21:00,29.9,36,15.9
2024-04-28T22:00,28.7,39,14.3
2024-04-28T23:00,28.0,41,14.5
2024-04-29T00:00,27.1,44,13.9
2024-04-29T01:00,26.2,49,13.5
2024-04-29T02:00,25.4,54,12.8
2024-04-29T03:00,24.7,57,13.2
2024-04-29T04:00,24.4,56,14.8
2024-04-29T05:00,25.7,50,6.5
2024-04-29T06:00,25.5,49,8.4
2024-04-29T07:00,28.2,46,11.4
2024-04-29T08:00,30.8,42,8.0
2024-04-29T09:00,33.3,37,11.4
2024-04-29T10:00,35.2,36,22.8
2024-04-29T11:00,36.5,32,21.7
2024-04-29T12:00,38.1,25,18.8
2024-04-29T13:00,39.3,21,14.2
2024-04-29T14:00,38.7,22,10.5
2024-04-29T15:00,37.8,27,18.8
2024-04-29T16:00,37.4,28,16.4
2024-04-29T17:00,35.5,27,26.5
2024-04-29T18:00,34.2,31,19.9
2024-04-29T19:00,32.8,44,8.1
2024-04-29T20:00,32.1,42,19.1
2024-04-29T21:00,30.5,47,21.0
2024-04-29T22:00,29.5,52,18.1
2024-04-29T23:00,28.7,54,16.8
2024-04-30T00:00,28.1,57,15.6
2024-04-30T01:00,27.5,60,13.4
2024-04-30T02:00,26.7,64,12.2
2024-04-30T03:00,25.9,67,11.5
2024-04-30T04:00,25.5,68,11.0
2024-04-30T05:00,26.3,63,9.7
2024-04-30T06:00,26.3,59,15.5
2024-04-30T07:00,28.9,51,12.9
2024-04-30T08:00,31.1,53,10.8
2024-04-30T09:00,33.4,47,22.6
2024-04-30T10:00,35.2,41,26.3
2024-04-30T11:00,37.1,34,25.2
2024-04-30T12:00,38.9,27,20.9
2024-04-30T13:00,39.1,25,14.3
2024-04-30T14:00,38.4,31,15.5
2024-04-30T15:00,36.9,37,22.5
2024-04-30T16:00,36.0,37,21.7
2024-04-30T17:00,34.5,42,20.8
2024-04-30T18:00,33.3,45,16.1
2024-04-30T19:00,32.4,47,12.9
2024-04-30T20:00,31.4,50,11.9
2024-04-30T21:00,30.6,53,10.5
2024-04-30T22:00,30.2,54,10.2
2024-04-30T23:00,29.7,54,10.9
2024-05-01T00:00,29.3,54,10.4
2024-05-01T01:00,28.4,59,8.6
2024-05-01T02:00,27.6,70,8.0
2024-05-01T03:00,27.1,76,7.9
2024-05-01T04:00,26.5,80,5.0
2024-05-01T05:00,28.1,63,13.5
2024-05-01T06:00,27.7,61,10.6
2024-05-01T07:00,29.6,49,16.0
2024-05-01T08:00,33.0,36,23.3
2024-05-01T09:00,34.8,34,31.8
2024-05-01T10:00,36.6,34,33.7
2024-05-01T11:00,36.9,34,30.8
2024-05-01T12:00,28.3,62,37.5
2024-05-01T13:00,30.7,54,22.6
2024-05-01T14:00,32.0,48,19.7
2024-05-01T15:00,32.2,47,21.3
2024-05-01T16:00,32.9,45,17.2
2024-05-01T17:00,34.0,40,19.8
2024-05-01T18:00,34.3,39,15.8
2024-05-01T19:00,33.3,41,13.2
2024-05-01T20:00,32.2,45,12.9
2024-05-01T21:00,31.7,46,15.6
2024-05-01T22:00,31.6,46,18.4
2024-05-01T23:00,31.6,47,27.8
2024-05-02T00:00,30.6,52,21.9
2024-05-02T01:00,31.6,42,21.4
2024-05-02T02:00,31.4,41,19.4
2024-05-02T03:00,31.1,42,25.2
2024-05-02T04:00,25.0,84,29.2
2024-05-02T05:00,24.9,81,22.4
2024-05-02T06:00,24.8,83,19.2
2024-05-02T07:00,24.9,82,10.2
2024-05-02T08:00,24.5,80,10.7
2024-05-02T09:00,24.2,81,6.8
2024-05-02T10:00,24.0,81,4.4
2024-05-02T11:00,24.2,80,15.8
2024-05-02T12:00,24.8,73,19.7
2024-05-02T13:00,24.7,73,17.6
2024-05-02T14:00,24.7,79,14.6
2024-05-02T15:00,25.4,77,13.6
2024-05-02T16:00,25.5,74,11.5
2024-05-02T17:00,26.5,70,9.3
2024-05-02T18:00,26.2,74,7.9
2024-05-02T19:00,24.9,82,8.7
2024-05-02T20:00,24.2,85,9.7
2024-05-02T21:00,23.8,88,10.7
2024-05-02T22:00,23.3,88,12.3
2024-05-02T23:00,22.9,89,11.6
2024-05-03T00:00,22.7,89,12.0
2024-05-03T01:00,22.5,90,12.0
2024-05-03T02:00,22.3,92,11.7
2024-05-03T03:00,22.2,92,12.0
2024-05-03T04:00,22.2,90,12.8
2024-05-03T05:00,22.7,91,12.2
2024-05-03T06:00,22.5,90,13.0
2024-05-03T07:00,23.3,88,11.2
2024-05-03T08:00,25.0,82,13.4
2024-05-03T09:00,26.7,73,14.2
2024-05-03T10:00,28.1,66,14.2
2024-05-03T11:00,29.3,59,13.6
2024-05-03T12:00,30.3,53,13.5
2024-05-03T13:00,30.9,50,13.1
2024-05-03T14:00,31.0,50,14.6
2024-05-03T15:00,30.6,53,16.0
2024-05-03T16:00,29.6,59,16.6
2024-05-03T17:00,28.3,61,17.1
2024-05-03T18:00,27.2,71,11.2
2024-05-03T19:00,25.6,84,6.2
2024-05-03T20:00,24.6,89,4.7
2024-05-03T21:00,24.2,87,8.3
2024-05-03T22:00,23.3,90,10.2
2024-05-03T23:00,22.8,90,10.4
2024-05-04T00:00,22.5,90,10.4
2024-05-04T01:00,22.0,90,9.7
2024-05-04T02:00,21.7,89,10.2
2024-05-04T03:00,21.5,88,9.9
2024-05-04T04:00,21.3,88,10.2
2024-05-04T05:00,23.0,83,10.8
2024-05-04T06:00,23.1,82,12.2
2024-05-04T07:00,24.4,76,14.0
2024-05-04T08:00,26.9,69,11.6
2024-05-04T09:00,29.8,57,11.4
2024-05-04T10:00,32.1,44,10.2
2024-05-04T11:00,33.7,37,9.2
2024-05-04T12:00,34.8,32,5.6
2024-05-04T13:00,35.4,30,1.0
2024-05-04T14:00,31.3,52,32.4
2024-05-04T15:00,32.9,40,17.1
2024-05-04T16:00,33.2,40,14.3
2024-05-04T17:00,33.0,40,11.5
2024-05-04T18:00,31.9,48,9.2
2024-05-04T19:00,29.1,63,8.0
2024-05-04T20:00,27.7,71,7.5
2024-05-04T21:00,26.7,74,9.0
2024-05-04T22:00,25.8,75,11.2
2024-05-04T23:00,24.9,79,10.8
2024-05-05T00:00,24.3,81,10.7
2024-05-05T01:00,24.1,79,12.3
2024-05-05T02:00,23.7,77,11.4
2024-05-05T03:00,23.1,79,10.3
2024-05-05T04:00,22.6,80,11.3
2024-05-05T05:00,25.0,68,11.7
2024-05-05T06:00,25.0,66,12.3
2024-05-05T07:00,27.0,58,9.3
2024-05-05T08:00,28.9,59,10.7
2024-05-05T09:00,30.8,55,7.1
2024-05-05T10:00,33.2,47,10.9
2024-05-05T11:00,34.0,41,12.7
2024-05-05T12:00,35.0,35,9.4
2024-05-05T13:00,35.8,33,13.0
2024-05-05T14:00,36.1,31,17.1
2024-05-05T15:00,35.8,29,17.1
2024-05-05T16:00,35.2,30,14.2
2024-05-05T17:00,34.8,27,11.9
2024-05-05T18:00,33.0,32,11.9
2024-05-05T19:00,30.4,46,11.5
2024-05-05T20:00,29.2,53,7.9
2024-05-05T21:00,28.0,62,5.4
2024-05-05T22:00,27.6,66,3.1
2024-05-05T23:00,26.8,68,4.0
2024-05-06T00:00,25.3,70,6.5
2024-05-06T01:00,24.7,70,4.7
2024-05-06T02:00,23.8,72,6.1
2024-05-06T03:00,23.2,71,7.1
2024-05-06T04:00,22.9,67,7.9
2024-05-06T05:00,23.8,62,6.6
2024-05-06T06:00,23.7,63,7.2
2024-05-06T07:00,25.7,56,4.6
2024-05-06T08:00,28.7,46,1.5
2024-05-06T09:00,31.3,37,0.7
2024-05-06T10:00,34.4,25,4.7
2024-05-06T11:00,37.3,16,10.1
2024-05-06T12:00,38.6,16,7.4
2024-05-06T13:00,38.2,21,14.0
2024-05-06T14:00,37.7,21,18.9
2024-05-06T15:00,37.0,21,19.8
2024-05-06T16:00,35.8,25,20.6
2024-05-06T17:00,33.7,30,18.2
2024-05-06T18:00,31.6,45,16.7
2024-05-06T19:00,29.5,63,11.3
2024-05-06T20:00,28.5,68,9.7
2024-05-06T21:00,28.0,68,10.0
2024-05-06T22:00,27.4,69,9.2
2024-05-06T23:00,26.5,72,7.4
2024-05-07T00:00,25.9,70,8.2
2024-05-07T01:00,25.0,69,7.1
2024-05-07T02:00,24.7,64,8.8
2024-05-07T03:00,24.0,61,7.9
2024-05-07T04:00,23.7,57,8.3
2024-05-07T05:00,24.6,49,8.3
2024-05-07T06:00,25.2,42,14.1
2024-05-07T07:00,27.9,36,15.6
2024-05-07T08:00,31.8,41,14.8
2024-05-07T09:00,35.2,40,22.4
2024-05-07T10:00,38.2,30,24.4
2024-05-07T11:00,40.2,23,19.3
2024-05-07T12:00,41.3,19,14.2
2024-05-07T13:00,39.2,29,25.1
2024-05-07T14:00,37.5,28,27.2
2024-05-07T15:00,37.2,25,27.0
2024-05-07T16:00,36.5,28,22.7
2024-05-07T17:00,33.4,45,19.7
2024-05-07T18:00,31.9,49,15.6
2024-05-07T19:00,30.4,57,14.1
2024-05-07T20:00,29.9,57,11.8
2024-05-07T21:00,29.4,56,11.0
2024-05-07T22:00,29.0,52,10.9
2024-05-07T23:00,28.4,47,10.8
2024-05-08T00:00,27.5,45,9.3
2024-05-08T01:00,26.6,47,7.9
2024-05-08T02:00,26.1,46,8.4
2024-05-08T03:00,25.9,47,6.4
2024-05-08T04:00,25.2,47,7.7
2024-05-08T05:00,28.6,32,1.9
2024-05-08T06:00,27.2,37,4.0
2024-05-08T07:00,28.0,34,3.7
2024-05-08T08:00,30.5,30,4.1
2024-05-08T09:00,32.9,31,1.0
2024-05-08T10:00,36.0,25,3.1
2024-05-08T11:00,38.4,21,1.6
2024-05-08T12:00,39.8,20,12.0
2024-05-08T13:00,38.0,24,26.6
2024-05-08T14:00,37.1,29,24.2
2024-05-08T15:00,36.3,32,22.2
2024-05-08T16:00,35.4,36,22.3
2024-05-08T17:00,34.3,39,20.5
2024-05-08T18:00,33.3,43,11.5
2024-05-08T19:00,32.1,48,9.9
2024-05-08T20:00,31.2,54,4.4
2024-05-08T21:00,30.5,57,7.7
2024-05-08T22:00,29.2,65,5.6
2024-05-08T23:00,28.2,73,6.5
2024-05-09T00:00,27.1,81,5.8
2024-05-09T01:00,26.5,85,6.4
2024-05-09T02:00,26.2,86,7.6
2024-05-09T03:00,26.2,85,8.4
2024-05-09T04:00,25.8,86,8.4
2024-05-09T05:00,26.4,78,9.1
2024-05-09T06:00,26.1,79,8.7
2024-05-09T07:00,27.8,70,6.9
2024-05-09T08:00,30.6,58,5.2
2024-05-09T09:00,32.8,49,2.6
2024-05-09T10:00,35.4,36,8.8
2024-05-09T11:00,37.1,26,15.9
2024-05-09T12:00,37.2,25,20.0
2024-05-09T13:00,36.9,27,24.0
2024-05-09T14:00,35.9,30,28.7
2024-05-09T15:00,36.2,28,26.8
2024-05-09T16:00,35.5,29,24.8
2024-05-09T17:00,33.7,36,23.3
2024-05-09T18:00,31.5,46,23.3
2024-05-09T19:00,29.9,53,20.0
2024-05-09T20:00,29.6,49,19.2
2024-05-09T21:00,28.8,51,20.2
2024-05-09T22:00,28.0,57,21.0
2024-05-09T23:00,27.2,64,19.8
2024-05-10T00:00,26.8,64,20.5
2024-05-10T01:00,26.3,66,20.2
2024-05-10T02:00,25.6,71,18.7
2024-05-10T03:00,25.1,75,16.6
2024-05-10T04:00,24.5,79,15.8
2024-05-10T05:00,24.7,78,15.3
2024-05-10T06:00,24.5,76,15.1
2024-05-10T07:00,25.9,67,13.6
2024-05-10T08:00,27.6,57,17.2
2024-05-10T09:00,29.1,50,16.9
2024-05-10T10:00,30.3,46,17.6
2024-05-10T11:00,31.1,43,18.8
2024-05-10T12:00,31.8,39,18.8
2024-05-10T13:00,32.3,36,20.7
2024-05-10T14:00,32.4,36,22.7
2024-05-10T15:00,31.7,39,26.6
2024-05-10T16:00,30.9,44,25.9
2024-05-10T17:00,30.2,46,24.8
2024-05-10T18:00,29.0,52,21.1
2024-05-10T19:00,28.0,57,16.9
2024-05-10T20:00,27.4,60,11.6
2024-05-10T21:00,26.6,66,8.6
2024-05-10T22:00,25.7,73,7.6
2024-05-10T23:00,25.1,77,8.3
2024-05-11T00:00,24.3,82,7.7
2024-05-11T01:00,23.4,87,6.9
2024-05-11T02:00,22.7,90,11.3
2024-05-11T03:00,21.6,95,10.1
2024-05-11T04:00,21.4,94,10.7
2024-05-11T05:00,21.7,93,9.4
2024-05-11T06:00,21.3,94,10.1
2024-05-11T07:00,22.8,85,10.9
2024-05-11T08:00,25.9,70,10.1
2024-05-11T09:00,28.6,56,9.2
2024-05-11T10:00,31.0,46,7.4
2024-05-11T11:00,33.0,40,8.0
2024-05-11T12:00,34.4,37,11.0
2024-05-11T13:00,34.5,40,16.9
2024-05-11T14:00,34.4,35,19.6
2024-05-11T15:00,33.9,39,18.6
2024-05-11T16:00,33.4,43,19.2
2024-05-11T17:00,31.9,49,18.2
2024-05-11T18:00,30.1,59,17.0
2024-05-11T19:00,28.3,71,12.3
2024-05-11T20:00,27.8,79,9.7
2024-05-11T21:00,27.3,83,6.6
2024-05-11T22:00,26.2,90,4.4
2024-05-11T23:00,25.6,93,4.0
2024-05-12T00:00,25.8,92,1.3
2024-05-12T01:00,25.1,95,1.1
2024-05-12T02:00,24.0,98,3.6
2024-05-12T03:00,23.0,98,4.7
2024-05-12T04:00,22.2,97,7.4
2024-05-12T05:00,22.1,100,7.4
2024-05-12T06:00,21.3,99,4.9
2024-05-12T07:00,21.2,99,3.3
2024-05-12T08:00,24.6,82,4.2
2024-05-12T09:00,30.6,46,0.0
2024-05-12T10:00,35.3,26,3.1
2024-05-12T11:00,38.0,16,3.7
2024-05-12T12:00,39.5,14,5.8
2024-05-12T13:00,40.3,15,7.5
2024-05-12T14:00,40.6,15,12.3
2024-05-12T15:00,38.1,26,24.4
2024-05-12T16:00,36.9,23,26.6
2024-05-12T17:00,34.5,35,22.7
2024-05-12T18:00,32.9,44,16.1
2024-05-12T19:00,31.1,56,11.0
2024-05-12T20:00,30.1,63,6.2
2024-05-12T21:00,29.6,62,7.2
2024-05-12T22:00,30.1,53,2.4
2024-05-12T23:00,28.7,54,5.1
2024-05-13T00:00,27.6,51,6.4
2024-05-13T01:00,26.8,46,8.2
2024-05-13T02:00,26.6,48,4.3
2024-05-13T03:00,25.8,53,4.5
2024-05-13T04:00,24.7,56,10.0
2024-05-13T05:00,25.4,53,11.4
2024-05-13T06:00,26.4,45,15.6
2024-05-13T07:00,29.4,36,18.7
2024-05-13T08:00,32.1,40,21.1
2024-05-13T09:00,34.6,39,27.4
2024-05-13T10:00,37.2,31,28.5
2024-05-13T11:00,39.4,23,26.2
2024-05-13T12:00,41.0,18,21.7
2024-05-13T13:00,42.0,15,15.3
2024-05-13T14:00,42.5,13,11.6
2024-05-13T15:00,41.2,20,15.1
2024-05-13T16:00,39.0,28,20.2
2024-05-13T17:00,35.7,38,21.7
2024-05-13T18:00,34.3,43,14.4
2024-05-13T19:00,32.6,54,17.1
2024-05-13T20:00,32.3,48,9.8
2024-05-13T21:00,31.7,47,9.4
2024-05-13T22:00,31.1,46,8.6
2024-05-13T23:00,30.2,45,8.4
2024-05-14T00:00,29.6,43,10.5
2024-05-14T01:00,29.0,39,10.0
2024-05-14T02:00,28.5,37,10.5
2024-05-14T03:00,28.0,37,11.4
2024-05-14T04:00,27.9,41,13.7
2024-05-14T05:00,28.3,43,11.8
2024-05-14T06:00,28.8,39,19.4
2024-05-14T07:00,31.1,27,19.8
2024-05-14T08:00,33.5,29,21.6
2024-05-14T09:00,35.4,31,29.6
2024-05-14T10:00,37.7,28,29.9
2024-05-14T11:00,39.6,21,28.5
2024-05-14T12:00,40.7,18,25.3
2024-05-14T13:00,41.5,16,23.9
2024-05-14T14:00,42.3,15,21.7
2024-05-14T15:00,42.5,14,15.4
2024-05-14T16:00,40.1,21,12.4
2024-05-14T17:00,39.9,17,10.5
2024-05-14T18:00,35.3,42,15.1
2024-05-14T19:00,32.6,47,22.9
2024-05-14T20:00,34.0,37,13.0
2024-05-14T21:00,33.0,37,14.7
2024-05-14T22:00,32.0,40,13.6
2024-05-14T23:00,31.4,41,11.4
2024-05-15T00:00,30.9,39,12.8
2024-05-15T01:00,30.5,37,13.2
2024-05-15T02:00,29.9,37,12.6
2024-05-15T03:00,29.2,38,11.7
2024-05-15T04:00,28.6,42,11.4
2024-05-15T05:00,28.8,44,11.5
2024-05-15T06:00,28.5,40,10.2
2024-05-15T07:00,31.7,25,19.1
2024-05-15T08:00,34.0,25,25.8
2024-05-15T09:00,35.8,25,29.9
2024-05-15T10:00,37.7,23,28.8
2024-05-15T11:00,39.4,20,26.1
2024-05-15T12:00,40.6,18,21.7
2024-05-15T13:00,41.5,17,16.3
2024-05-15T14:00,40.7,20,14.0
2024-05-15T15:00,39.5,23,23.1
2024-05-15T16:00,38.2,25,25.6
2024-05-15T17:00,37.2,25,19.5
2024-05-15T18:00,35.5,34,16.6
2024-05-15T19:00,33.4,42,12.7
2024-05-15T20:00,32.3,48,15.8
2024-05-15T21:00,32.3,44,12.1
2024-05-15T22:00,31.7,44,14.1
2024-05-15T23:00,31.0,42,11.9
2024-05-16T00:00,30.3,42,11.7
2024-05-16T01:00,29.8,40,11.3
2024-05-16T02:00,29.3,40,11.0
2024-05-16T03:00,28.6,39,9.7
2024-05-16T04:00,28.3,37,11.9
2024-05-16T05:00,28.5,38,10.0
2024-05-16T06:00,28.6,35,11.6
2024-05-16T07:00,30.8,30,9.4
2024-05-16T08:00,34.3,26,10.6
2024-05-16T09:00,37.7,22,15.2
2024-05-16T10:00,38.8,17,27.6
2024-05-16T11:00,40.1,15,23.6
2024-05-16T12:00,41.2,14,17.4
2024-05-16T13:00,41.5,14,13.5
2024-05-16T14:00,40.6,19,22.8
2024-05-16T15:00,39.4,19,30.9
2024-05-16T16:00,38.3,23,27.4
2024-05-16T17:00,36.7,24,26.2
2024-05-16T18:00,34.1,35,22.7
2024-05-16T19:00,32.4,44,14.2
2024-05-16T20:00,31.6,50,11.6
2024-05-16T21:00,31.0,52,12.7
2024-05-16T22:00,30.7,47,10.2
2024-05-16T23:00,30.2,44,10.8
2024-05-17T00:00,29.6,42,9.3
2024-05-17T01:00,29.4,39,11.3
2024-05-17T02:00,28.2,42,7.4
2024-05-17T03:00,27.7,43,7.7
2024-05-17T04:00,27.2,45,8.1
2024-05-17T05:00,27.3,48,8.0
2024-05-17T06:00,27.5,47,10.3
2024-05-17T07:00,29.6,40,6.5
2024-05-17T08:00,33.5,30,6.5
2024-05-17T09:00,37.0,20,7.7
2024-05-17T10:00,39.5,17,11.3
2024-05-17T11:00,40.8,16,12.2
2024-05-17T12:00,41.6,15,12.6
2024-05-17T13:00,41.3,17,20.3
2024-05-17T14:00,39.8,21,29.3
2024-05-17T15:00,38.4,25,28.9
2024-05-17T16:00,36.6,32,28.5
2024-05-17T17:00,35.8,33,22.9
2024-05-17T18:00,34.3,40,19.8
2024-05-17T19:00,32.2,52,13.6
2024-05-17T20:00,31.8,56,7.9
2024-05-17T21:00,31.4,54,6.8
2024-05-17T22:00,30.5,56,7.4
2024-05-17T23:00,30.0,56,9.8
2024-05-18T00:00,29.4,54,10.6
2024-05-18T01:00,28.9,50,9.4
2024-05-18T02:00,28.5,47,9.7
2024-05-18T03:00,28.0,45,9.9
2024-05-18T04:00,27.6,44,10.6
2024-05-18T05:00,27.7,45,7.9
2024-05-18T06:00,27.6,44,8.4
2024-05-18T07:00,29.4,38,5.4
2024-05-18T08:00,33.2,29,4.6
2024-05-18T09:00,36.3,22,4.5
2024-05-18T10:00,38.2,19,6.2
2024-05-18T11:00,39.2,19,15.9
2024-05-18T12:00,39.2,19,19.6
2024-05-18T13:00,38.9,20,21.9
2024-05-18T14:00,38.4,22,23.1
2024-05-18T15:00,37.7,24,23.1
2024-05-18T16:00,37.2,25,22.5
2024-05-18T17:00,36.1,26,22.7
2024-05-18T18:00,34.6,31,19.1
2024-05-18T19:00,32.7,41,13.4
2024-05-18T20:00,31.7,49,10.1
2024-05-18T21:00,31.1,52,10.5
2024-05-18T22:00,30.3,58,10.8
2024-05-18T23:00,29.4,69,12.8
2024-05-19T00:00,29.0,71,11.1
2024-05-19T01:00,28.5,72,9.6
2024-05-19T02:00,27.8,71,7.9
2024-05-19T03:00,27.2,72,7.2
2024-05-19T04:00,26.7,75,6.7
2024-05-19T05:00,27.9,74,8.5
2024-05-19T06:00,28.1,70,9.7
2024-05-19T07:00,29.6,61,8.9
2024-05-19T08:00,31.1,54,12.2
2024-05-19T09:00,32.2,51,14.3
2024-05-19T10:00,33.5,43,14.8
2024-05-19T11:00,34.6,36,17.7
2024-05-19T12:00,35.0,33,22.1
2024-05-19T13:00,35.0,31,25.4
2024-05-19T14:00,34.9,30,26.4
2024-05-19T15:00,34.4,32,26.0
2024-05-19T16:00,33.5,36,24.5
2024-05-19T17:00,32.1,48,24.1
2024-05-19T18:00,30.6,58,22.1
2024-05-19T19:00,29.6,64,20.0
2024-05-19T20:00,29.0,65,17.8
2024-05-19T21:00,28.5,67,13.2
2024-05-19T22:00,27.7,72,11.8
2024-05-19T23:00,27.0,75,11.8
2024-05-20T00:00,26.3,75,13.0
2024-05-20T01:00,25.7,76,14.1
2024-05-20T02:00,25.3,76,15.0
2024-05-20T03:00,24.8,79,14.9
2024-05-20T04:00,24.3,82,15.2
2024-05-20T05:00,24.8,81,15.7
2024-05-20T06:00,24.8,81,16.0
2024-05-20T07:00,26.1,75,13.4
2024-05-20T08:00,28.8,62,17.1
2024-05-20T09:00,31.4,48,17.9
2024-05-20T10:00,33.3,41,16.5
2024-05-20T11:00,35.2,35,15.9
2024-05-20T12:00,36.7,29,16.9
2024-05-20T13:00,36.9,30,20.9
2024-05-20T14:00,35.5,40,27.8
2024-05-20T15:00,34.6,44,27.8
2024-05-20T16:00,33.7,49,27.4
2024-05-20T17:00,32.6,52,26.3
2024-05-20T18:00,30.8,66,23.8
2024-05-20T19:00,29.5,74,20.2
2024-05-20T20:00,29.0,75,17.4
2024-05-20T21:00,28.5,79,12.4
2024-05-20T22:00,27.8,83,8.2
2024-05-20T23:00,27.1,86,7.9
2024-05-21T00:00,26.3,89,8.6
2024-05-21T01:00,25.6,88,11.5
2024-05-21T02:00,25.0,88,12.3
2024-05-21T03:00,24.5,89,11.9
2024-05-21T04:00,24.0,90,12.3
2024-05-21T05:00,24.3,91,11.9
2024-05-21T06:00,24.1,89,12.6
2024-05-21T07:00,25.5,80,9.7
2024-05-21T08:00,28.0,68,12.1
2024-05-21T09:00,30.3,59,11.2
2024-05-21T10:00,32.7,47,10.6
2024-05-21T11:00,34.3,43,14.1
2024-05-21T12:00,34.3,47,19.1
2024-05-21T13:00,34.4,41,20.9
2024-05-21T14:00,34.8,38,20.0
2024-05-21T15:00,34.6,36,19.7
2024-05-21T16:00,33.7,41,18.5
2024-05-21T17:00,32.7,48,16.7
2024-05-21T18:00,31.5,56,13.5
2024-05-21T19:00,30.1,65,11.1
2024-05-21T20:00,29.3,71,8.7
2024-05-21T21:00,28.5,76,4.5
2024-05-21T22:00,27.5,82,4.2
2024-05-21T23:00,26.8,86,4.0
2024-05-22T00:00,26.3,85,8.9
2024-05-22T01:00,25.4,88,8.2
2024-05-22T02:00,25.0,89,9.1
2024-05-22T03:00,24.5,89,9.4
2024-05-22T04:00,24.1,89,10.4
2024-05-22T05:00,24.3,86,8.7
2024-05-22T06:00,24.2,83,9.1
2024-05-22T07:00,26.1,70,8.3
2024-05-22T08:00,29.4,54,7.2
2024-05-22T09:00,32.8,37,7.2
2024-05-22T10:00,35.5,27,7.9
2024-05-22T11:00,37.3,22,10.6
2024-05-22T12:00,38.2,21,15.9
2024-05-22T13:00,38.2,21,20.3
2024-05-22T14:00,37.4,23,22.0
2024-05-22T15:00,36.4,28,20.2
2024-05-22T16:00,35.9,29,18.8
2024-05-22T17:00,34.9,32,17.1
2024-05-22T18:00,33.6,37,12.9
2024-05-22T19:00,32.4,39,6.2
2024-05-22T20:00,31.2,46,2.2
2024-05-22T21:00,30.9,45,2.9
2024-05-22T22:00,29.3,48,7.2
2024-05-22T23:00,28.7,49,6.2
2024-05-23T00:00,28.0,48,6.3
2024-05-23T01:00,27.3,46,6.7
2024-05-23T02:00,27.0,42,6.6
2024-05-23T03:00,26.3,40,10.1
2024-05-23T04:00,26.3,36,12.0
2024-05-23T05:00,25.9,38,11.3
2024-05-23T06:00,26.0,38,11.3
2024-05-23T07:00,28.4,31,8.1
2024-05-23T08:00,32.7,23,8.9
2024-05-23T09:00,35.9,17,7.7
2024-05-23T10:00,38.4,14,6.7
2024-05-23T11:00,40.5,13,11.5
2024-05-23T12:00,40.7,14,18.7
2024-05-23T13:00,40.1,17,24.7
2024-05-23T14:00,38.2,25,29.1
2024-05-23T15:00,37.3,27,29.0
2024-05-23T16:00,36.5,32,24.5
2024-05-23T17:00,35.4,34,22.1
2024-05-23T18:00,33.5,43,20.0
2024-05-23T19:00,31.8,53,14.6
2024-05-23T20:00,31.5,51,17.1
2024-05-23T21:00,30.9,56,15.2
2024-05-23T22:00,30.6,59,13.4
2024-05-23T23:00,30.2,58,12.9
2024-05-24T00:00,29.6,62,13.4
2024-05-24T01:00,29.1,65,13.0
2024-05-24T02:00,28.3,68,10.9
2024-05-24T03:00,27.8,69,10.8
2024-05-24T04:00,27.7,69,11.5
2024-05-24T05:00,28.6,63,12.6
2024-05-24T06:00,27.8,65,9.7
2024-05-24T07:00,30.7,53,10.3
2024-05-24T08:00,33.1,45,11.5
2024-05-24T09:00,35.2,35,21.5
2024-05-24T10:00,36.1,34,27.4
2024-05-24T11:00,36.8,32,32.0
2024-05-24T12:00,37.2,31,33.0
2024-05-24T13:00,37.0,33,32.3
2024-05-24T14:00,36.5,35,30.8
2024-05-24T15:00,36.0,38,28.2
2024-05-24T16:00,35.2,40,25.5
2024-05-24T17:00,34.2,44,23.1
2024-05-24T18:00,32.9,50,21.3
2024-05-24T19:00,31.6,58,14.4
2024-05-24T20:00,31.1,58,10.4
2024-05-24T21:00,30.3,62,9.0
2024-05-24T22:00,29.7,64,9.7
2024-05-24T23:00,29.4,66,12.2
2024-05-25T00:00,29.0,68,13.7
2024-05-25T01:00,28.5,68,11.4
2024-05-25T02:00,28.0,68,12.2
2024-05-25T03:00,27.5,69,14.6
2024-05-25T04:00,27.1,69,14.2
2024-05-25T05:00,27.0,72,12.9
2024-05-25T06:00,26.7,71,12.9
2024-05-25T07:00,28.5,63,11.6
2024-05-25T08:00,31.8,50,12.2
2024-05-25T09:00,34.4,42,12.3
2024-05-25T10:00,36.2,34,13.2
2024-05-25T11:00,37.3,31,14.8
2024-05-25T12:00,38.1,27,16.8
2024-05-25T13:00,38.4,26,19.1
2024-05-25T14:00,37.9,30,21.4
2024-05-25T15:00,37.0,35,21.5
2024-05-25T16:00,35.9,42,19.5
2024-05-25T17:00,34.6,47,17.2
2024-05-25T18:00,32.9,59,15.0
2024-05-25T19:00,31.1,73,12.1
2024-05-25T20:00,30.3,78,10.4
2024-05-25T21:00,29.9,75,8.9
2024-05-25T22:00,28.9,78,4.3
2024-05-25T23:00,29.4,75,2.1
2024-05-26T00:00,27.8,82,4.3
2024-05-26T01:00,26.7,85,7.3
2024-05-26T02:00,26.3,86,8.7
2024-05-26T03:00,25.7,89,9.7
2024-05-26T04:00,24.7,93,10.2
2024-05-26T05:00,24.6,94,10.3
2024-05-26T06:00,24.4,90,9.8
2024-05-26T07:00,26.7,73,6.5
2024-05-26T08:00,30.5,55,7.7
2024-05-26T09:00,34.5,38,10.7
2024-05-26T10:00,37.5,29,11.1
2024-05-26T11:00,39.7,25,10.5
2024-05-26T12:00,40.8,26,12.6
2024-05-26T13:00,40.4,31,16.0
2024-05-26T14:00,41.0,23,16.0
2024-05-26T15:00,41.0,21,18.4
2024-05-26T16:00,38.4,34,21.7
2024-05-26T17:00,37.0,36,17.6
2024-05-26T18:00,34.9,48,13.0
2024-05-26T19:00,32.9,61,9.8
2024-05-26T20:00,31.5,71,8.2
2024-05-26T21:00,30.7,78,11.5
2024-05-26T22:00,30.2,79,7.9
2024-05-26T23:00,29.2,81,5.0
2024-05-27T00:00,28.7,79,5.8
2024-05-27T01:00,29.8,71,3.1
2024-05-27T02:00,27.7,77,6.4
2024-05-27T03:00,27.3,75,6.8
2024-05-27T04:00,26.8,73,8.0
2024-05-27T05:00,28.2,62,6.0
2024-05-27T06:00,28.0,51,18.6
2024-05-27T07:00,29.7,42,12.3
2024-05-27T08:00,33.3,32,10.1
2024-05-27T09:00,37.7,21,10.4
2024-05-27T10:00,40.2,18,12.4
2024-05-27T11:00,41.5,19,14.6
2024-05-27T12:00,41.6,23,18.3
2024-05-27T13:00,41.9,23,18.8
2024-05-27T14:00,41.6,23,18.7
2024-05-27T15:00,41.2,25,16.3
2024-05-27T16:00,39.6,30,18.0
2024-05-27T17:00,37.0,38,16.9
2024-05-27T18:00,35.9,41,11.8
2024-05-27T19:00,34.5,48,8.7
2024-05-27T20:00,33.2,54,4.7
2024-05-27T21:00,32.6,56,3.5
2024-05-27T22:00,32.0,56,4.3
2024-05-27T23:00,31.2,54,5.5
2024-05-28T00:00,30.3,54,8.9
2024-05-28T01:00,29.8,54,11.8
2024-05-28T02:00,28.7,56,11.6
2024-05-28T03:00,28.0,56,13.0
2024-05-28T04:00,27.5,58,13.8
2024-05-28T05:00,28.0,59,13.7
2024-05-28T06:00,27.6,59,13.8
2024-05-28T07:00,29.2,55,15.0
2024-05-28T08:00,32.3,45,18.9
2024-05-28T09:00,34.8,36,22.4
2024-05-28T10:00,36.8,32,22.9
2024-05-28T11:00,38.7,29,23.9
2024-05-28T12:00,40.1,27,23.3
2024-05-28T13:00,40.8,26,21.3
2024-05-28T14:00,40.6,28,20.3
2024-05-28T15:00,39.3,35,20.9
2024-05-28T16:00,38.4,36,20.2
2024-05-28T17:00,36.2,39,18.1
2024-05-28T18:00,34.3,48,14.8
2024-05-28T19:00,32.0,62,11.4
2024-05-28T20:00,30.8,70,5.4
2024-05-28T21:00,30.0,75,2.2
2024-05-28T22:00,28.6,82,4.8
2024-05-28T23:00,27.9,89,9.2
2024-05-29T00:00,27.1,86,10.2
2024-05-29T01:00,26.4,81,10.4
2024-05-29T02:00,25.6,87,11.7
2024-05-29T03:00,24.9,93,12.8
2024-05-29T04:00,24.3,95,12.7
2024-05-29T05:00,24.3,100,11.7
2024-05-29T06:00,24.2,100,13.2
2024-05-29T07:00,24.9,98,13.0
2024-05-29T08:00,27.2,86,13.0
2024-05-29T09:00,30.9,66,12.6
2024-05-29T10:00,34.3,49,12.5
2024-05-29T11:00,37.3,37,12.9
2024-05-29T12:00,39.6,31,12.1
2024-05-29T13:00,40.6,30,13.4
2024-05-29T14:00,40.4,33,16.6
2024-05-29T15:00,40.3,30,17.0
2024-05-29T16:00,39.7,28,15.5
2024-05-29T17:00,37.6,34,16.1
2024-05-29T18:00,35.4,48,13.7
2024-05-29T19:00,33.1,63,9.7
2024-05-29T20:00,31.8,74,7.8
2024-05-29T21:00,30.7,83,7.3
2024-05-29T22:00,29.9,88,7.8
2024-05-29T23:00,29.2,90,7.9
2024-05-30T00:00,28.5,88,9.8
2024-05-30T01:00,27.8,86,11.1
2024-05-30T02:00,27.1,89,11.4
2024-05-30T03:00,26.5,93,10.0
2024-05-30T04:00,25.9,94,11.3
2024-05-30T05:00,25.8,95,9.6
2024-05-30T06:00,25.5,96,10.5
2024-05-30T07:00,27.3,85,10.1
2024-05-30T08:00,30.0,70,12.4
2024-05-30T09:00,33.0,55,12.4
2024-05-30T10:00,36.0,43,7.7
2024-05-30T11:00,38.7,31,5.8
2024-05-30T12:00,40.3,29,10.3
2024-05-30T13:00,39.7,39,14.3
2024-05-30T14:00,39.6,34,18.1
2024-05-30T15:00,39.7,29,15.5
2024-05-30T16:00,39.5,30,13.0
2024-05-30T17:00,38.6,31,14.0
2024-05-30T18:00,36.8,35,13.2
2024-05-30T19:00,33.5,60,11.5
2024-05-30T20:00,32.0,73,9.4
2024-05-30T21:00,31.0,83,1.8
2024-05-30T22:00,31.2,75,8.9
2024-05-30T23:00,31.1,65,8.6
2024-05-31T00:00,30.0,66,6.6
2024-05-31T01:00,29.4,69,8.8
2024-05-31T02:00,28.5,79,8.7
2024-05-31T03:00,27.3,87,6.6
2024-05-31T04:00,26.6,84,6.5
2024-05-31T05:00,28.6,83,0.5
2024-05-31T06:00,28.5,85,2.2
2024-05-31T07:00,28.9,81,4.8
2024-05-31T08:00,31.0,75,3.9
2024-05-31T09:00,33.3,65,2.4
2024-05-31T10:00,36.0,52,2.2
2024-05-31T11:00,38.5,42,4.7
2024-05-31T12:00,40.3,38,8.6
2024-05-31T13:00,41.5,34,12.1
2024-05-31T14:00,42.6,23,17.9
2024-05-31T15:00,41.2,20,21.4
2024-05-31T16:00,39.6,27,17.6
2024-05-31T17:00,39.0,22,15.9
2024-05-31T18:00,37.0,32,14.0
2024-05-31T19:00,34.4,51,11.6
2024-05-31T20:00,32.9,64,8.3
2024-05-31T21:00,32.4,63,8.3
2024-05-31T22:00,31.2,65,5.4
2024-05-31T23:00,30.5,63,7.2
2024-06-01T00:00,29.7,64,7.2
2024-06-01T01:00,28.9,66,7.0
2024-06-01T02:00,28.6,64,9.0
2024-06-01T03:00,28.2,56,9.2
2024-06-01T04:00,27.9,51,9.4
2024-06-01T05:00,29.8,52,4.2
2024-06-01T06:00,30.4,49,3.6
2024-06-01T07:00,31.0,46,4.4
2024-06-01T08:00,34.1,38,3.7
2024-06-01T09:00,37.0,30,4.4
2024-06-01T10:00,40.0,21,3.6
2024-06-01T11:00,42.9,14,6.9
2024-06-01T12:00,45.1,9,11.5
2024-06-01T13:00,45.8,7,14.3
2024-06-01T14:00,45.8,6,15.1
2024-06-01T15:00,45.0,6,15.1
2024-06-01T16:00,42.8,12,17.0
2024-06-01T17:00,40.6,16,13.0
2024-06-01T18:00,37.8,30,12.2
2024-06-01T19:00,35.5,43,10.5
2024-06-01T20:00,33.9,54,10.2
2024-06-01T21:00,32.9,60,7.6
2024-06-01T22:00,31.7,65,4.9
2024-06-01T23:00,31.2,69,3.1
2024-06-02T00:00,29.9,73,5.5
2024-06-02T01:00,29.4,72,8.4
2024-06-02T02:00,28.7,73,9.4
2024-06-02T03:00,28.0,74,10.4
2024-06-02T04:00,27.6,70,11.9
2024-06-02T05:00,28.7,57,11.6
2024-06-02T06:00,28.8,52,12.5
2024-06-02T07:00,31.2,42,12.4
2024-06-02T08:00,34.5,35,11.1
2024-06-02T09:00,36.9,33,11.7
2024-06-02T10:00,38.8,30,13.6
2024-06-02T11:00,40.3,28,15.9
2024-06-02T12:00,40.9,28,17.8
2024-06-02T13:00,40.5,29,20.3
2024-06-02T14:00,39.7,33,21.2
2024-06-02T15:00,38.6,39,20.1
2024-06-02T16:00,37.9,41,18.1
2024-06-02T17:00,36.7,45,14.8
2024-06-02T18:00,35.3,51,12.8
2024-06-02T19:00,33.5,62,12.2
2024-06-02T20:00,32.6,67,10.5
2024-06-02T21:00,32.0,70,9.0
2024-06-02T22:00,31.3,72,10.1
2024-06-02T23:00,30.7,74,10.7
2024-06-03T00:00,30.1,75,11.4
2024-06-03T01:00,29.6,74,11.9
2024-06-03T02:00,29.2,72,12.6
2024-06-03T03:00,28.8,72,11.5
2024-06-03T04:00,28.2,74,10.3
2024-06-03T05:00,28.3,82,7.8
2024-06-03T06:00,28.3,79,10.3
2024-06-03T07:00,29.8,70,10.2
2024-06-03T08:00,32.7,52,13.2
2024-06-03T09:00,34.9,41,13.0
2024-06-03T10:00,37.0,33,12.7
2024-06-03T11:00,39.0,27,12.3
2024-06-03T12:00,40.7,23,12.1
2024-06-03T13:00,41.6,23,12.7
2024-06-03T14:00,40.6,32,17.9
2024-06-03T15:00,39.1,40,23.1
2024-06-03T16:00,38.0,40,23.7
2024-06-03T17:00,36.2,42,18.8
2024-06-03T18:00,34.7,49,13.9
2024-06-03T19:00,33.2,57,9.6
2024-06-03T20:00,32.3,62,6.9
2024-06-03T21:00,31.6,67,5.4
2024-06-03T22:00,31.0,72,5.8
2024-06-03T23:00,30.4,75,7.9
2024-06-04T00:00,29.6,77,7.1
2024-06-04T01:00,28.7,83,5.4
2024-06-04T02:00,28.1,85,7.6
2024-06-04T03:00,27.6,87,9.0
2024-06-04T04:00,27.3,87,8.6
2024-06-04T05:00,28.0,80,11.6
2024-06-04T06:00,27.9,79,14.4
2024-06-04T07:00,29.1,73,10.5
2024-06-04T08:00,31.2,63,12.3
2024-06-04T09:00,34.1,50,11.6
2024-06-04T10:00,36.5,41,11.7
2024-06-04T11:00,38.4,35,11.1
2024-06-04T12:00,39.4,33,12.2
2024-06-04T13:00,38.2,46,16.9
2024-06-04T14:00,37.0,49,21.2
2024-06-04T15:00,37.2,47,19.4
2024-06-04T16:00,37.3,48,18.4
2024-06-04T17:00,36.1,49,16.1
2024-06-04T18:00,35.0,52,14.5
2024-06-04T19:00,33.9,54,6.8
2024-06-04T20:00,33.4,55,1.1
2024-06-04T21:00,33.1,54,6.9
2024-06-04T22:00,32.5,55,8.0
2024-06-04T23:00,31.4,64,6.8
2024-06-05T00:00,30.3,72,5.8
2024-06-05T01:00,29.6,78,7.2
2024-06-05T02:00,28.8,84,8.0
2024-06-05T03:00,28.0,91,7.3
2024-06-05T04:00,27.3,93,6.9
2024-06-05T05:00,27.7,93,7.4
2024-06-05T06:00,27.4,93,7.1
2024-06-05T07:00,28.8,84,6.5
2024-06-05T08:00,31.3,62,11.9
2024-06-05T09:00,34.1,47,11.9
2024-06-05T10:00,36.4,38,14.5
2024-06-05T11:00,38.0,33,15.9
2024-06-05T12:00,38.7,34,16.6
2024-06-05T13:00,38.7,38,19.8
2024-06-05T14:00,38.5,30,24.0
2024-06-05T15:00,37.6,32,23.3
2024-06-05T16:00,36.5,37,22.0
2024-06-05T17:00,35.3,37,18.1
2024-06-05T18:00,33.7,47,14.0
2024-06-05T19:00,31.8,60,9.9
2024-06-05T20:00,30.6,71,8.8
2024-06-05T21:00,29.8,77,8.7
2024-06-05T22:00,29.5,75,8.4
2024-06-05T23:00,29.0,75,3.6
2024-06-06T00:00,27.8,78,8.3
2024-06-06T01:00,26.7,80,10.2
2024-06-06T02:00,26.3,76,10.0
2024-06-06T03:00,25.9,72,9.1
2024-06-06T04:00,25.3,70,8.9
2024-06-06T05:00,25.6,66,9.7
2024-06-06T06:00,25.4,63,10.0
2024-06-06T07:00,27.5,52,8.8
2024-06-06T08:00,31.0,39,7.7
2024-06-06T09:00,34.4,28,8.4
2024-06-06T10:00,37.0,21,6.9
2024-06-06T11:00,38.3,21,9.9
2024-06-06T12:00,37.8,33,15.1
2024-06-06T13:00,37.8,32,17.4
2024-06-06T14:00,38.1,30,18.0
2024-06-06T15:00,38.0,31,20.4
2024-06-06T16:00,37.5,29,20.5
2024-06-06T17:00,36.1,32,18.1
2024-06-06T18:00,34.8,41,13.0
2024-06-06T19:00,32.8,54,11.8
2024-06-06T20:00,31.2,68,10.2
2024-06-06T21:00,30.3,77,5.9
2024-06-06T22:00,29.6,79,7.8
2024-06-06T23:00,28.6,81,6.8
2024-06-07T00:00,27.6,82,6.6
2024-06-07T01:00,27.0,79,9.0
2024-06-07T02:00,26.3,75,9.0
2024-06-07T03:00,25.5,67,10.7
2024-06-07T04:00,24.7,61,9.7
2024-06-07T05:00,25.4,56,9.3
2024-06-07T06:00,25.7,53,9.7
2024-06-07T07:00,28.4,46,8.9
2024-06-07T08:00,32.9,42,9.4
2024-06-07T09:00,37.2,37,9.2
2024-06-07T10:00,40.6,24,10.8
2024-06-07T11:00,41.1,21,11.7
2024-06-07T12:00,38.2,35,26.9
2024-06-07T13:00,38.0,40,22.5
2024-06-07T14:00,37.5,37,27.7
2024-06-07T15:00,36.6,41,26.2
2024-06-07T16:00,35.5,44,25.0
2024-06-07T17:00,35.0,46,15.9
2024-06-07T18:00,34.1,40,12.6
2024-06-07T19:00,33.0,43,7.2
2024-06-07T20:00,31.6,49,2.9
2024-06-07T21:00,31.1,48,3.2
2024-06-07T22:00,31.2,45,3.1
2024-06-07T23:00,30.8,46,3.1
2024-06-08T00:00,30.3,51,2.2
2024-06-08T01:00,28.8,55,4.5
2024-06-08T02:00,26.6,57,8.0
2024-06-08T03:00,25.6,57,6.6
2024-06-08T04:00,26.0,55,4.7
2024-06-08T05:00,25.5,55,6.6
2024-06-08T06:00,27.3,48,2.5
2024-06-08T07:00,28.1,48,8.9
2024-06-08T08:00,31.6,45,7.3
2024-06-08T09:00,35.1,39,8.4
2024-06-08T10:00,38.4,34,13.5
2024-06-08T11:00,41.0,25,15.3
2024-06-08T12:00,42.3,18,12.2
2024-06-08T13:00,41.7,23,14.7
2024-06-08T14:00,40.1,29,24.6
2024-06-08T15:00,39.6,26,25.6
2024-06-08T16:00,39.0,27,21.8
2024-06-08T17:00,38.6,38,23.2
2024-06-08T18:00,38.3,41,22.0
2024-06-08T19:00,37.0,47,18.1
2024-06-08T20:00,36.6,45,16.6
2024-06-08T21:00,34.9,57,28.7
2024-06-08T22:00,34.1,61,26.8
2024-06-08T23:00,33.6,61,22.1
2024-06-09T00:00,33.3,57,18.4
2024-06-09T01:00,33.0,53,16.3
2024-06-09T02:00,31.4,56,5.5
2024-06-09T03:00,32.1,52,1.6
2024-06-09T04:00,31.7,53,2.3
2024-06-09T05:00,30.8,63,9.5
2024-06-09T06:00,30.4,65,9.4
2024-06-09T07:00,32.2,60,9.4
2024-06-09T08:00,34.6,52,12.1
2024-06-09T09:00,36.8,41,17.2
2024-06-09T10:00,39.3,31,21.2
2024-06-09T11:00,41.4,23,19.6
2024-06-09T12:00,42.7,20,15.6
2024-06-09T13:00,44.0,18,10.8
2024-06-09T14:00,43.3,19,9.8
2024-06-09T15:00,41.0,35,26.2
2024-06-09T16:00,40.0,37,28.8
2024-06-09T17:00,39.3,34,28.2
2024-06-09T18:00,37.9,36,27.4
2024-06-09T19:00,36.4,42,21.9
2024-06-09T20:00,36.0,45,16.2
2024-06-09T21:00,35.7,41,14.1
2024-06-09T22:00,35.5,36,14.3
2024-06-09T23:00,34.7,37,9.9
2024-06-10T00:00,34.1,42,11.5
2024-06-10T01:00,33.3,49,10.9
2024-06-10T02:00,32.4,51,11.0
2024-06-10T03:00,31.8,52,10.7
2024-06-10T04:00,31.3,50,13.0
2024-06-10T05:00,31.7,52,13.5
2024-06-10T06:00,31.5,47,12.8
2024-06-10T07:00,33.1,40,12.0
2024-06-10T08:00,35.3,34,15.8
2024-06-10T09:00,37.4,31,19.2
2024-06-10T10:00,39.5,27,16.5
2024-06-10T11:00,41.3,23,12.8
2024-06-10T12:00,42.5,20,10.1
2024-06-10T13:00,42.7,22,17.8
2024-06-10T14:00,42.1,23,21.5
2024-06-10T15:00,41.3,24,23.5
2024-06-10T16:00,39.9,28,22.9
2024-06-10T17:00,38.8,31,22.1
2024-06-10T18:00,36.8,40,22.1
2024-06-10T19:00,35.0,47,18.3
2024-06-10T20:00,33.9,57,10.5
2024-06-10T21:00,33.4,56,2.3
2024-06-10T22:00,33.0,52,8.1
2024-06-10T23:00,32.0,50,7.8
2024-06-11T00:00,30.9,50,6.2
2024-06-11T01:00,30.6,48,8.1
2024-06-11T02:00,30.0,47,7.4
2024-06-11T03:00,29.8,46,10.4
2024-06-11T04:00,28.9,47,9.2
2024-06-11T05:00,29.9,41,8.6
2024-06-11T06:00,30.0,40,9.9
2024-06-11T07:00,32.0,34,11.6
2024-06-11T08:00,35.1,25,15.5
2024-06-11T09:00,38.2,21,20.5
2024-06-11T10:00,40.9,20,25.0
2024-06-11T11:00,42.8,17,24.4
2024-06-11T12:00,44.0,15,24.6
2024-06-11T13:00,43.4,18,28.5
2024-06-11T14:00,42.6,19,29.9
2024-06-11T15:00,41.4,21,27.6
2024-06-11T16:00,39.1,31,24.7
2024-06-11T17:00,39.3,24,21.7
2024-06-11T18:00,36.7,37,18.9
2024-06-11T19:00,34.9,48,14.6
2024-06-11T20:00,33.8,56,8.1
2024-06-11T21:00,32.9,60,6.6
2024-06-11T22:00,31.8,67,5.4
2024-06-11T23:00,31.3,70,3.3
2024-06-12T00:00,30.1,72,5.9
2024-06-12T01:00,29.3,74,5.8
2024-06-12T02:00,29.1,70,9.0
2024-06-12T03:00,28.4,68,9.0
2024-06-12T04:00,27.8,63,12.3
2024-06-12T05:00,29.3,51,14.2
2024-06-12T06:00,29.6,47,15.8
2024-06-12T07:00,31.7,38,17.2
2024-06-12T08:00,34.4,31,17.2
2024-06-12T09:00,38.1,24,19.2
2024-06-12T10:00,41.3,17,22.7
2024-06-12T11:00,42.8,13,24.7
2024-06-12T12:00,42.4,17,28.8
2024-06-12T13:00,42.0,17,30.8
2024-06-12T14:00,41.0,21,30.2
2024-06-12T15:00,39.8,27,27.2
2024-06-12T16:00,38.7,32,21.7
2024-06-12T17:00,38.2,28,14.6
2024-06-12T18:00,37.2,30,12.8
2024-06-12T19:00,35.7,34,9.7
2024-06-12T20:00,34.2,42,5.7
2024-06-12T21:00,32.9,46,5.6
2024-06-12T22:00,32.3,47,8.3
2024-06-12T23:00,31.4,50,8.8
2024-06-13T00:00,30.7,52,10.2
2024-06-13T01:00,30.4,50,12.4
2024-06-13T02:00,30.0,47,13.1
2024-06-13T03:00,29.8,44,15.1
2024-06-13T04:00,29.5,42,13.9
2024-06-13T05:00,29.9,35,13.4
2024-06-13T06:00,29.8,34,12.6
2024-06-13T07:00,31.6,30,10.4
2024-06-13T08:00,34.7,26,8.9
2024-06-13T09:00,37.7,24,13.0
2024-06-13T10:00,39.4,26,17.0
2024-06-13T11:00,40.4,30,19.2
2024-06-13T12:00,40.6,32,23.8
2024-06-13T13:00,40.1,34,23.9
2024-06-13T14:00,40.7,31,19.0
2024-06-13T15:00,40.2,34,18.7
2024-06-13T16:00,40.1,34,18.8
2024-06-13T17:00,38.6,34,20.6
2024-06-13T18:00,37.9,35,18.3
2024-06-13T19:00,37.4,32,15.6
2024-06-13T20:00,36.3,33,16.4
2024-06-13T21:00,34.6,44,14.5
2024-06-13T22:00,33.7,50,14.0
2024-06-13T23:00,33.3,50,14.1
2024-06-14T00:00,32.0,54,10.4
2024-06-14T01:00,31.2,57,11.4
2024-06-14T02:00,30.6,57,12.0
2024-06-14T03:00,29.8,54,13.4
2024-06-14T04:00,29.0,52,15.0
2024-06-14T05:00,29.9,56,14.5
2024-06-14T06:00,30.0,59,16.0
2024-06-14T07:00,32.3,54,15.3
2024-06-14T08:00,35.1,46,15.0
2024-06-14T09:00,37.1,32,23.3
2024-06-14T10:00,37.9,30,25.9
2024-06-14T11:00,38.1,31,28.6
2024-06-14T12:00,38.4,31,29.5
2024-06-14T13:00,38.6,32,30.2
2024-06-14T14:00,38.7,31,30.3
2024-06-14T15:00,38.2,33,29.9
2024-06-14T16:00,37.6,34,28.5
2024-06-14T17:00,36.3,40,22.6
2024-06-14T18:00,35.4,43,17.6
2024-06-14T19:00,33.8,50,13.8
2024-06-14T20:00,32.8,56,9.9
2024-06-14T21:00,32.0,61,9.3
2024-06-14T22:00,30.8,64,10.0
2024-06-14T23:00,29.8,61,10.9
2024-06-15T00:00,29.1,59,10.5
2024-06-15T01:00,28.1,58,10.5
2024-06-15T02:00,26.7,55,10.3
2024-06-15T03:00,26.3,47,10.3
2024-06-15T04:00,26.1,42,11.7
2024-06-15T05:00,26.7,39,10.0
2024-06-15T06:00,26.7,36,10.3
2024-06-15T07:00,29.1,29,8.3
2024-06-15T08:00,33.3,21,8.3
2024-06-15T09:00,37.7,15,7.4
2024-06-15T10:00,40.0,11,5.7
2024-06-15T11:00,41.3,10,9.8
2024-06-15T12:00,41.7,12,14.6
2024-06-15T13:00,41.8,11,15.9
2024-06-15T14:00,41.4,12,16.3
2024-06-15T15:00,40.8,16,16.1
2024-06-15T16:00,39.7,21,16.9
2024-06-15T17:00,39.3,19,12.9
2024-06-15T18:00,38.1,23,9.2
2024-06-15T19:00,36.1,34,9.0
2024-06-15T20:00,34.4,42,9.0
2024-06-15T21:00,33.1,46,10.0
2024-06-15T22:00,32.0,43,10.7
2024-06-15T23:00,31.0,35,10.7
2024-06-16T00:00,30.1,32,10.8
2024-06-16T01:00,29.5,30,11.6
2024-06-16T02:00,28.6,26,11.6
2024-06-16T03:00,28.5,22,12.1
2024-06-16T04:00,28.0,20,11.9
2024-06-16T05:00,28.8,19,14.1
2024-06-16T06:00,29.2,17,14.8
2024-06-16T07:00,30.7,18,9.0
2024-06-16T08:00,33.1,24,3.1
2024-06-16T09:00,36.9,28,4.4
2024-06-16T10:00,41.5,18,8.4
2024-06-16T11:00,43.9,9,11.0
2024-06-16T12:00,44.8,8,7.6
2024-06-16T13:00,44.9,10,12.2
2024-06-16T14:00,44.0,15,22.0
2024-06-16T15:00,42.1,22,27.3
2024-06-16T16:00,41.3,22,25.8
2024-06-16T17:00,39.7,28,23.5
2024-06-16T18:00,37.9,35,23.9
2024-06-16T19:00,35.8,46,19.1
2024-06-16T20:00,34.1,60,13.1
2024-06-16T21:00,34.1,48,9.6
2024-06-16T22:00,33.0,48,8.5
2024-06-16T23:00,32.2,42,9.2
2024-06-17T00:00,32.1,40,4.4
2024-06-17T01:00,30.2,46,6.8
2024-06-17T02:00,29.4,56,8.4
2024-06-17T03:00,28.8,58,5.8
2024-06-17T04:00,28.2,62,10.0
2024-06-17T05:00,28.3,73,7.1
2024-06-17T06:00,28.4,68,7.6
2024-06-17T07:00,30.1,54,7.2
2024-06-17T08:00,33.8,42,7.9
2024-06-17T09:00,37.9,29,10.9
2024-06-17T10:00,40.8,22,15.0
2024-06-17T11:00,42.8,19,14.1
2024-06-17T12:00,44.7,14,11.7
2024-06-17T13:00,45.4,13,11.6
2024-06-17T14:00,45.1,15,18.1
2024-06-17T15:00,44.2,15,25.0
2024-06-17T16:00,42.0,21,26.1
2024-06-17T17:00,38.3,40,25.4
2024-06-17T18:00,36.3,51,23.0
2024-06-17T19:00,34.3,65,18.1
2024-06-17T20:00,33.7,70,12.1
2024-06-17T21:00,33.7,64,8.4
2024-06-17T22:00,33.0,64,6.3
2024-06-17T23:00,32.2,67,4.0
2024-06-18T00:00,31.3,67,6.2
2024-06-18T01:00,30.9,66,5.1
2024-06-18T02:00,30.4,66,9.5
2024-06-18T03:00,29.4,70,7.7
2024-06-18T04:00,28.8,70,6.6
2024-06-18T05:00,29.9,54,9.2
2024-06-18T06:00,29.8,47,7.9
2024-06-18T07:00,32.3,37,6.3
2024-06-18T08:00,36.0,26,3.8
2024-06-18T09:00,39.3,18,4.1
2024-06-18T10:00,41.6,14,4.9
2024-06-18T11:00,43.2,14,10.5
2024-06-18T12:00,43.6,17,11.8
2024-06-18T13:00,43.9,17,17.3
2024-06-18T14:00,42.8,19,22.1
2024-06-18T15:00,40.3,30,23.2
2024-06-18T16:00,39.5,33,23.6
2024-06-18T17:00,38.7,33,18.9
2024-06-18T18:00,36.8,43,18.8
2024-06-18T19:00,35.1,53,14.5
2024-06-18T20:00,34.1,60,2.6
2024-06-18T21:00,33.4,62,3.4
2024-06-18T22:00,32.8,63,7.1
2024-06-18T23:00,32.1,66,8.9
2024-06-19T00:00,31.3,71,8.4
2024-06-19T01:00,30.2,77,5.9
2024-06-19T02:00,29.7,80,6.5
2024-06-19T03:00,29.2,81,6.0
2024-06-19T04:00,29.3,79,9.4
2024-06-19T05:00,30.0,71,8.8
2024-06-19T06:00,31.1,63,8.4
2024-06-19T07:00,33.0,50,11.3
2024-06-19T08:00,36.1,34,10.8
2024-06-19T09:00,39.6,24,12.0
2024-06-19T10:00,41.9,21,13.8
2024-06-19T11:00,43.1,20,15.1
2024-06-19T12:00,42.1,28,18.7
2024-06-19T13:00,41.8,29,23.0
2024-06-19T14:00,41.4,30,27.4
2024-06-19T15:00,39.9,36,29.2
2024-06-19T16:00,39.1,40,27.1
2024-06-19T17:00,37.7,44,25.8
2024-06-19T18:00,36.7,48,18.9
2024-06-19T19:00,35.7,49,14.9
2024-06-19T20:00,35.2,49,13.1
2024-06-19T21:00,34.6,53,9.3
2024-06-19T22:00,33.8,56,9.4
2024-06-19T23:00,33.1,56,10.1
2024-06-20T00:00,32.5,57,10.4
2024-06-20T01:00,32.4,59,10.8
2024-06-20T02:00,31.7,64,9.2
2024-06-20T03:00,31.0,66,10.2
2024-06-20T04:00,30.4,64,12.3
2024-06-20T05:00,30.9,54,11.5
2024-06-20T06:00,31.3,50,11.3
2024-06-20T07:00,32.9,42,11.3
2024-06-20T08:00,35.6,33,11.9
2024-06-20T09:00,38.8,25,13.8
2024-06-20T10:00,40.8,19,15.3
2024-06-20T11:00,41.9,18,15.2
2024-06-20T12:00,41.6,23,16.9
2024-06-20T13:00,41.5,26,18.4
2024-06-20T14:00,41.6,26,18.1
2024-06-20T15:00,41.4,27,17.3
2024-06-20T16:00,41.1,27,16.9
2024-06-20T17:00,39.5,27,19.1
2024-06-20T18:00,37.5,38,18.6
2024-06-20T19:00,35.7,49,12.6
2024-06-20T20:00,35.2,46,7.0
2024-06-20T21:00,34.5,43,7.3
2024-06-20T22:00,34.2,39,10.9
2024-06-20T23:00,33.8,40,12.7
2024-06-21T00:00,33.3,35,13.0
2024-06-21T01:00,32.5,31,7.6
2024-06-21T02:00,33.0,45,0.7
2024-06-21T03:00,32.0,44,7.2
2024-06-21T04:00,31.8,41,8.6
2024-06-21T05:00,29.9,62,6.5
2024-06-21T06:00,30.6,44,8.7
2024-06-21T07:00,31.9,35,6.1
2024-06-21T08:00,35.4,26,5.5
2024-06-21T09:00,38.5,18,5.8
2024-06-21T10:00,40.3,16,1.5
2024-06-21T11:00,42.1,14,3.1
2024-06-21T12:00,43.1,15,9.6
2024-06-21T13:00,42.0,25,18.3
2024-06-21T14:00,41.2,29,19.9
2024-06-21T15:00,40.0,37,19.2
2024-06-21T16:00,38.7,43,18.4
2024-06-21T17:00,37.8,47,19.1
2024-06-21T18:00,37.4,43,14.8
2024-06-21T19:00,37.0,40,9.0
2024-06-21T20:00,35.9,46,5.2
2024-06-21T21:00,34.8,51,6.9
2024-06-21T22:00,33.7,56,8.2
2024-06-21T23:00,32.7,67,8.2
2024-06-22T00:00,31.7,76,8.2
2024-06-22T01:00,30.7,80,7.8
2024-06-22T02:00,29.8,84,5.6
2024-06-22T03:00,29.1,88,5.5
2024-06-22T04:00,29.8,86,0.8
2024-06-22T05:00,29.5,95,10.0
2024-06-22T06:00,29.5,87,8.2
2024-06-22T07:00,31.1,72,4.7
2024-06-22T08:00,33.9,57,3.7
2024-06-22T09:00,37.6,41,9.7
2024-06-22T10:00,41.2,27,8.0
2024-06-22T11:00,44.0,18,3.4
2024-06-22T12:00,45.9,14,5.0
2024-06-22T13:00,45.9,19,14.8
2024-06-22T14:00,43.7,28,24.9
2024-06-22T15:00,41.0,37,24.8
2024-06-22T16:00,40.0,38,24.8
2024-06-22T17:00,38.0,47,17.5
2024-06-22T18:00,36.8,51,15.5
2024-06-22T19:00,35.4,58,9.4
2024-06-22T20:00,34.5,64,4.5
2024-06-22T21:00,33.6,68,3.3
2024-06-22T22:00,32.9,71,2.4
2024-06-22T23:00,33.0,67,1.1
2024-06-23T00:00,32.5,68,2.1
2024-06-23T01:00,30.5,75,5.5
2024-06-23T02:00,30.0,76,7.6
2024-06-23T03:00,29.2,78,6.0
2024-06-23T04:00,28.9,75,5.2
2024-06-23T05:00,28.9,79,6.8
2024-06-23T06:00,29.4,70,8.8
2024-06-23T07:00,31.2,55,7.0
2024-06-23T08:00,34.9,37,8.9
2024-06-23T09:00,38.1,30,8.3
2024-06-23T10:00,41.4,22,6.2
2024-06-23T11:00,43.7,18,1.6
2024-06-23T12:00,45.4,15,2.9
2024-06-23T13:00,46.6,14,9.3
2024-06-23T14:00,47.0,15,14.4
2024-06-23T15:00,46.6,16,17.9
2024-06-23T16:00,45.7,16,20.8
2024-06-23T17:00,42.8,24,18.0
2024-06-23T18:00,40.3,33,15.2
2024-06-23T19:00,38.0,44,13.6
2024-06-23T20:00,36.1,55,8.4
2024-06-23T21:00,34.7,67,5.5
2024-06-23T22:00,33.7,73,2.5
2024-06-23T23:00,32.8,73,5.1
2024-06-24T00:00,31.8,82,5.6
2024-06-24T01:00,31.1,91,6.9
2024-06-24T02:00,31.2,87,10.2
2024-06-24T03:00,30.5,81,8.9
2024-06-24T04:00,29.6,82,6.1
2024-06-24T05:00,29.9,65,5.5
2024-06-24T06:00,30.5,56,5.7
2024-06-24T07:00,32.6,44,5.7
2024-06-24T08:00,35.9,30,5.9
2024-06-24T09:00,39.3,20,6.9
2024-06-24T10:00,42.7,13,6.6
2024-06-24T11:00,45.3,9,3.4
2024-06-24T12:00,47.1,7,4.7
2024-06-24T13:00,47.9,8,13.6
2024-06-24T14:00,45.9,14,22.7
2024-06-24T15:00,43.2,20,23.7
2024-06-24T16:00,41.9,22,24.5
2024-06-24T17:00,40.7,26,20.3
2024-06-24T18:00,38.5,37,17.9
2024-06-24T19:00,36.2,53,15.0
2024-06-24T20:00,35.0,63,12.7
2024-06-24T21:00,34.3,67,9.7
2024-06-24T22:00,33.7,69,10.2
2024-06-24T23:00,32.8,72,7.0
2024-06-25T00:00,31.8,76,5.0
2024-06-25T01:00,32.6,72,2.2
2024-06-25T02:00,32.2,72,1.6
2024-06-25T03:00,30.7,75,4.8
2024-06-25T04:00,29.7,75,7.4
2024-06-25T05:00,29.9,69,9.7
2024-06-25T06:00,29.4,67,10.0
2024-06-25T07:00,31.3,56,6.7
2024-06-25T08:00,35.6,41,5.0
2024-06-25T09:00,38.6,28,2.9
2024-06-25T10:00,41.1,20,2.6
2024-06-25T11:00,43.2,15,8.0
2024-06-25T12:00,43.6,15,18.2
2024-06-25T13:00,42.7,17,22.2
2024-06-25T14:00,42.5,18,21.4
2024-06-25T15:00,41.8,21,22.7
2024-06-25T16:00,40.7,28,21.6
2024-06-25T17:00,39.7,27,18.6
2024-06-25T18:00,38.4,33,16.2
2024-06-25T19:00,36.6,44,12.6
2024-06-25T20:00,35.3,54,9.4
2024-06-25T21:00,34.5,59,7.0
2024-06-25T22:00,33.6,64,9.1
2024-06-25T23:00,32.7,69,10.2
2024-06-26T00:00,32.3,67,12.4
2024-06-26T01:00,31.7,68,13.5
2024-06-26T02:00,31.1,75,13.1
2024-06-26T03:00,30.6,80,12.2
2024-06-26T04:00,30.3,81,13.2
2024-06-26T05:00,29.6,86,10.5
2024-06-26T06:00,29.4,84,11.5
2024-06-26T07:00,31.1,74,11.3
2024-06-26T08:00,33.8,61,12.2
2024-06-26T09:00,36.4,48,12.2
2024-06-26T10:00,38.6,40,10.6
2024-06-26T11:00,41.1,32,10.0
2024-06-26T12:00,42.9,26,16.9
2024-06-26T13:00,42.5,26,20.9
2024-06-26T14:00,42.7,23,19.7
2024-06-26T15:00,42.3,24,19.6
2024-06-26T16:00,41.9,24,16.1
2024-06-26T17:00,40.1,32,18.8
2024-06-26T18:00,37.0,51,22.3
2024-06-26T19:00,35.6,56,15.6
2024-06-26T20:00,34.8,60,9.4
2024-06-26T21:00,34.1,62,5.9
2024-06-26T22:00,33.2,62,7.4
2024-06-26T23:00,32.3,61,9.3
2024-06-27T00:00,31.4,61,10.0
2024-06-27T01:00,30.8,60,12.1
2024-06-27T02:00,30.5,57,13.4
2024-06-27T03:00,30.1,54,13.6
2024-06-27T04:00,29.5,53,14.1
2024-06-27T05:00,29.5,53,13.0
2024-06-27T06:00,29.6,48,14.8
2024-06-27T07:00,31.9,36,13.8
2024-06-27T08:00,34.8,29,7.6
2024-06-27T09:00,36.9,25,10.1
2024-06-27T10:00,39.0,22,11.4
2024-06-27T11:00,40.1,23,14.4
2024-06-27T12:00,40.4,25,17.8
2024-06-27T13:00,40.7,24,18.0
2024-06-27T14:00,40.9,22,16.6
2024-06-27T15:00,40.6,24,16.9
2024-06-27T16:00,39.7,27,18.1
2024-06-27T17:00,38.3,34,16.2
2024-06-27T18:00,37.1,41,13.5
2024-06-27T19:00,35.7,50,10.8
2024-06-27T20:00,34.5,61,8.5
2024-06-27T21:00,33.7,66,5.4
2024-06-27T22:00,33.0,70,3.1
2024-06-27T23:00,32.1,72,4.0
2024-06-28T00:00,31.5,71,6.8
2024-06-28T01:00,30.9,71,2.6
2024-06-28T02:00,30.2,73,3.1
2024-06-28T03:00,29.2,75,5.8
2024-06-28T04:00,28.7,74,6.6
2024-06-28T05:00,28.8,76,7.2
2024-06-28T06:00,28.5,73,8.1
2024-06-28T07:00,30.4,59,7.8
2024-06-28T08:00,33.4,47,5.8
2024-06-28T09:00,35.9,40,3.4
2024-06-28T10:00,36.9,41,14.8
2024-06-28T11:00,38.2,37,13.7
2024-06-28T12:00,39.3,33,15.3
2024-06-28T13:00,38.7,37,19.9
2024-06-28T14:00,38.5,40,18.1
2024-06-28T15:00,38.6,39,19.6
2024-06-28T16:00,37.9,42,18.2
2024-06-28T17:00,37.7,37,14.5
2024-06-28T18:00,36.8,42,13.9
2024-06-28T19:00,34.8,54,12.5
2024-06-28T20:00,33.6,65,10.2
2024-06-28T21:00,33.2,69,8.7
2024-06-28T22:00,32.8,72,9.9
2024-06-28T23:00,32.3,76,7.0
2024-06-29T00:00,31.7,80,7.9
2024-06-29T01:00,31.3,84,7.7
2024-06-29T02:00,31.0,88,6.3
2024-06-29T03:00,30.5,90,3.8
2024-06-29T04:00,30.2,91,2.9
2024-06-29T05:00,30.5,88,7.4
2024-06-29T06:00,30.6,87,7.7
2024-06-29T07:00,31.6,80,6.6
2024-06-29T08:00,33.5,65,5.4
2024-06-29T09:00,35.8,47,2.5
2024-06-29T10:00,38.4,36,0.7
2024-06-29T11:00,40.7,28,2.5
2024-06-29T12:00,41.2,32,13.4
2024-06-29T13:00,39.4,39,25.4
2024-06-29T14:00,38.9,45,25.3
2024-06-29T15:00,38.2,45,26.2
2024-06-29T16:00,37.6,53,21.6
2024-06-29T17:00,36.0,52,18.6
2024-06-29T18:00,35.0,56,14.8
2024-06-29T19:00,33.9,61,10.9
2024-06-29T20:00,32.9,72,8.1
2024-06-29T21:00,32.5,75,6.3
2024-06-29T22:00,32.2,76,5.6
2024-06-29T23:00,31.5,77,6.1
2024-06-30T00:00,30.7,79,7.5
2024-06-30T01:00,30.0,82,6.8
2024-06-30T02:00,29.2,86,6.0
2024-06-30T03:00,28.6,89,4.8
2024-06-30T04:00,28.3,89,6.8
2024-06-30T05:00,28.8,83,6.5
2024-06-30T06:00,28.6,81,6.8
2024-06-30T07:00,30.1,70,6.2
2024-06-30T08:00,32.5,57,5.1
2024-06-30T09:00,35.0,44,7.2
2024-06-30T10:00,37.2,35,8.4
2024-06-30T11:00,39.2,27,11.6
2024-06-30T12:00,40.3,24,16.7
2024-06-30T13:00,40.7,23,20.3
2024-06-30T14:00,40.0,26,25.4
2024-06-30T15:00,39.0,30,25.6
2024-06-30T16:00,38.1,35,23.2
2024-06-30T17:00,37.0,36,17.9
2024-06-30T18:00,35.7,42,14.8
2024-06-30T19:00,34.7,48,12.3
2024-06-30T20:00,33.8,53,10.9
2024-06-30T21:00,33.0,57,7.6
2024-06-30T22:00,32.2,62,6.4
2024-06-30T23:00,31.5,65,7.0
2024-07-01T00:00,30.8,65,7.1
2024-07-01T01:00,30.4,64,9.3
2024-07-01T02:00,29.9,63,10.8
2024-07-01T03:00,29.5,66,10.3
2024-07-01T04:00,29.1,68,10.2
2024-07-01T05:00,29.0,65,10.1
2024-07-01T06:00,29.0,61,10.5
2024-07-01T07:00,30.6,50,10.1
2024-07-01T08:00,33.1,42,12.9
2024-07-01T09:00,35.3,41,17.1
2024-07-01T10:00,37.6,31,17.7
2024-07-01T11:00,39.2,27,17.9
2024-07-01T12:00,39.9,28,18.4
2024-07-01T13:00,40.0,29,21.1
2024-07-01T14:00,39.5,31,24.3
2024-07-01T15:00,38.6,38,25.7
2024-07-01T16:00,38.2,38,24.8
2024-07-01T17:00,37.3,36,23.1
2024-07-01T18:00,36.5,39,19.5
2024-07-01T19:00,35.1,50,16.8
2024-07-01T20:00,34.4,51,11.4
2024-07-01T21:00,33.7,53,8.7
2024-07-01T22:00,33.0,55,8.6
2024-07-01T23:00,32.4,53,10.6
2024-07-02T00:00,32.0,47,11.8
2024-07-02T01:00,31.4,44,12.1
2024-07-02T02:00,30.9,42,12.3
2024-07-02T03:00,30.3,40,11.7
2024-07-02T04:00,30.0,36,10.1
2024-07-02T05:00,29.2,42,9.5
2024-07-02T06:00,29.0,37,11.5
2024-07-02T07:00,31.5,28,12.0
2024-07-02T08:00,34.2,21,10.5
2024-07-02T09:00,37.4,16,15.8
2024-07-02T10:00,39.5,15,17.8
2024-07-02T11:00,41.3,14,16.8
2024-07-02T12:00,42.7,15,17.1
2024-07-02T13:00,43.1,19,17.6
2024-07-02T14:00,42.3,27,18.0
2024-07-02T15:00,41.4,33,19.3
2024-07-02T16:00,41.0,28,21.0
2024-07-02T17:00,39.6,32,18.4
2024-07-02T18:00,38.4,39,12.5
2024-07-02T19:00,36.6,47,14.1
2024-07-02T20:00,34.6,59,9.2
2024-07-02T21:00,33.6,73,8.0
2024-07-02T22:00,33.1,74,9.2
2024-07-02T23:00,32.2,76,8.2
2024-07-03T00:00,31.3,76,6.3
2024-07-03T01:00,30.5,76,5.9
2024-07-03T02:00,29.8,78,6.3
2024-07-03T03:00,29.4,83,9.2
2024-07-03T04:00,28.8,90,8.7
2024-07-03T05:00,28.7,92,9.2
2024-07-03T06:00,28.7,92,10.9
2024-07-03T07:00,29.8,86,10.1
2024-07-03T08:00,31.9,75,13.5
2024-07-03T09:00,35.1,53,14.1
2024-07-03T10:00,38.5,34,13.8
2024-07-03T11:00,40.8,27,13.2
2024-07-03T12:00,42.5,23,11.3
2024-07-03T13:00,43.8,20,8.7
2024-07-03T14:00,43.2,28,12.4
2024-07-03T15:00,41.6,40,20.0
2024-07-03T16:00,40.2,40,24.9
2024-07-03T17:00,38.7,47,24.3
2024-07-03T18:00,36.6,55,28.2
2024-07-03T19:00,35.8,55,28.1
2024-07-03T20:00,35.1,60,23.1
2024-07-03T21:00,34.9,59,19.1
2024-07-03T22:00,34.6,59,16.6
2024-07-03T23:00,34.1,60,14.0
2024-07-04T00:00,33.7,60,13.7
2024-07-04T01:00,33.2,61,14.1
2024-07-04T02:00,32.7,63,14.1
2024-07-04T03:00,32.2,63,14.3
2024-07-04T04:00,32.1,62,14.2
2024-07-04T05:00,31.7,60,13.2
2024-07-04T06:00,31.3,61,17.2
2024-07-04T07:00,32.5,59,16.6
2024-07-04T08:00,35.2,50,20.5
2024-07-04T09:00,37.7,43,26.7
2024-07-04T10:00,38.6,40,30.1
2024-07-04T11:00,38.9,41,30.3
2024-07-04T12:00,39.4,38,29.9
2024-07-04T13:00,39.5,39,30.1
2024-07-04T14:00,39.5,38,30.8
2024-07-04T15:00,38.9,40,31.1
2024-07-04T16:00,38.2,43,30.4
2024-07-04T17:00,37.2,44,32.3
2024-07-04T18:00,36.3,47,32.3
2024-07-04T19:00,35.4,49,28.9
2024-07-04T20:00,34.9,52,23.5
2024-07-04T21:00,34.4,54,19.5
2024-07-04T22:00,34.0,55,17.4
2024-07-04T23:00,33.4,56,14.5
2024-07-05T00:00,32.6,58,12.2
2024-07-05T01:00,31.8,58,12.2
2024-07-05T02:00,31.2,57,14.5
2024-07-05T03:00,30.7,56,15.8
2024-07-05T04:00,30.3,58,16.3
2024-07-05T05:00,30.2,53,16.8
2024-07-05T06:00,30.1,52,16.6
2024-07-05T07:00,31.2,45,14.8
2024-07-05T08:00,33.6,38,18.4
2024-07-05T09:00,35.9,38,20.3
2024-07-05T10:00,37.7,36,19.6
2024-07-05T11:00,39.4,31,18.6
2024-07-05T12:00,40.2,30,19.4
2024-07-05T13:00,40.1,34,20.6
2024-07-05T14:00,39.7,37,20.9
2024-07-05T15:00,39.1,42,20.9
2024-07-05T16:00,38.3,47,21.0
2024-07-05T17:00,37.4,47,19.8
2024-07-05T18:00,36.2,51,20.1
2024-07-05T19:00,34.7,59,20.4
2024-07-05T20:00,33.9,66,20.5
2024-07-05T21:00,33.5,67,18.8
2024-07-05T22:00,33.0,70,16.1
2024-07-05T23:00,32.6,71,14.0
2024-07-06T00:00,32.1,72,13.0
2024-07-06T01:00,31.5,74,12.0
2024-07-06T02:00,31.0,73,12.2
2024-07-06T03:00,30.7,73,13.4
2024-07-06T04:00,30.3,72,14.1
2024-07-06T05:00,30.2,73,11.9
2024-07-06T06:00,30.0,73,13.3
2024-07-06T07:00,30.9,68,13.7
2024-07-06T08:00,32.7,60,17.0
2024-07-06T09:00,34.3,54,16.3
2024-07-06T10:00,36.1,47,14.1
2024-07-06T11:00,37.9,40,13.0
2024-07-06T12:00,39.5,35,13.7
2024-07-06T13:00,40.5,32,15.9
2024-07-06T14:00,40.3,32,18.9
2024-07-06T15:00,39.5,32,20.8
2024-07-06T16:00,38.9,34,18.3
2024-07-06T17:00,38.7,33,14.7
2024-07-06T18:00,37.7,36,13.7
2024-07-06T19:00,36.7,37,11.2
2024-07-06T20:00,35.7,41,4.7
2024-07-06T21:00,34.6,47,2.9
2024-07-06T22:00,33.7,47,7.8
2024-07-06T23:00,32.4,56,4.7
2024-07-07T00:00,32.2,61,2.9
2024-07-07T01:00,30.5,66,5.4
2024-07-07T02:00,30.1,64,7.0
2024-07-07T03:00,29.4,64,7.9
2024-07-07T04:00,29.0,64,8.6
2024-07-07T05:00,29.7,59,7.3
2024-07-07T06:00,29.8,56,8.7
2024-07-07T07:00,31.2,47,6.6
2024-07-07T08:00,34.7,35,5.5
2024-07-07T09:00,37.9,26,6.2
2024-07-07T10:00,40.7,17,6.6
2024-07-07T11:00,43.1,10,10.8
2024-07-07T12:00,44.3,9,15.3
2024-07-07T13:00,44.1,12,18.3
2024-07-07T14:00,43.0,14,21.9
2024-07-07T15:00,40.7,26,21.9
2024-07-07T16:00,40.0,30,21.7
2024-07-07T17:00,39.7,23,19.1
2024-07-07T18:00,38.0,32,15.0
2024-07-07T19:00,36.2,45,10.0
2024-07-07T20:00,34.8,57,7.3
2024-07-07T21:00,34.1,60,0.8
2024-07-07T22:00,33.2,57,5.4
2024-07-07T23:00,32.8,53,7.8
2024-07-08T00:00,31.8,51,6.6
2024-07-08T01:00,32.4,44,3.9
2024-07-08T02:00,32.8,40,1.1
2024-07-08T03:00,32.2,40,2.1
2024-07-08T04:00,29.8,40,8.4
2024-07-08T05:00,30.3,46,8.0
2024-07-08T06:00,30.4,56,9.2
2024-07-08T07:00,31.7,56,8.0
2024-07-08T08:00,34.2,42,6.8
2024-07-08T09:00,37.7,28,5.8
2024-07-08T10:00,41.0,18,4.3
2024-07-08T11:00,43.4,14,5.1
2024-07-08T12:00,44.0,19,13.5
2024-07-08T13:00,43.0,23,20.9
2024-07-08T14:00,42.7,20,22.9
2024-07-08T15:00,41.8,24,23.4
2024-07-08T16:00,40.2,31,22.2
2024-07-08T17:00,39.4,34,18.1
2024-07-08T18:00,38.4,35,17.0
2024-07-08T19:00,36.2,49,12.1
2024-07-08T20:00,35.1,62,10.1
2024-07-08T21:00,34.7,64,9.1
2024-07-08T22:00,34.2,66,4.1
2024-07-08T23:00,33.3,73,4.6
2024-07-09T00:00,32.7,80,6.8
2024-07-09T01:00,32.4,81,10.7
2024-07-09T02:00,32.1,76,12.8
2024-07-09T03:00,31.9,69,15.8
2024-07-09T04:00,31.9,67,16.9
2024-07-09T05:00,32.2,65,14.8
2024-07-09T06:00,32.2,62,16.2
2024-07-09T07:00,33.3,55,19.4
2024-07-09T08:00,35.7,50,28.1
2024-07-09T09:00,38.0,47,27.1
2024-07-09T10:00,41.3,33,27.3
2024-07-09T11:00,44.0,23,22.9
2024-07-09T12:00,45.8,19,16.5
2024-07-09T13:00,47.0,16,15.5
2024-07-09T14:00,47.6,16,18.7
2024-07-09T15:00,47.8,17,20.9
2024-07-09T16:00,47.1,19,23.1
2024-07-09T17:00,44.6,27,23.3
2024-07-09T18:00,43.2,30,21.1
2024-07-09T19:00,41.6,32,18.7
2024-07-09T20:00,40.3,33,15.1
2024-07-09T21:00,38.7,37,15.9
2024-07-09T22:00,36.7,45,14.4
2024-07-09T23:00,35.7,50,14.5
2024-07-10T00:00,34.9,54,13.0
2024-07-10T01:00,34.4,56,8.8
2024-07-10T02:00,33.9,54,14.0
2024-07-10T03:00,33.5,52,13.6
2024-07-10T04:00,32.5,60,17.6
2024-07-10T05:00,32.9,53,10.1
2024-07-10T06:00,33.6,40,11.7
2024-07-10T07:00,35.0,35,11.0
2024-07-10T08:00,36.6,35,13.1
2024-07-10T09:00,38.4,32,12.2
2024-07-10T10:00,40.5,28,9.6
2024-07-10T11:00,42.8,23,10.1
2024-07-10T12:00,44.5,18,7.0
2024-07-10T13:00,44.9,19,10.2
2024-07-10T14:00,44.5,22,18.6
2024-07-10T15:00,43.6,24,23.2
2024-07-10T16:00,42.7,27,23.2
2024-07-10T17:00,39.6,37,25.7
2024-07-10T18:00,39.2,34,19.1
2024-07-10T19:00,38.6,35,13.9
2024-07-10T20:00,38.7,34,11.2
2024-07-10T21:00,38.6,35,11.3
2024-07-10T22:00,38.2,42,11.7
2024-07-10T23:00,37.1,51,10.1
2024-07-11T00:00,36.4,53,8.2
2024-07-11T01:00,35.7,55,6.6
2024-07-11T02:00,35.0,58,5.9
2024-07-11T03:00,34.4,61,7.4
2024-07-11T04:00,33.8,64,10.9
2024-07-11T05:00,34.0,61,8.7
2024-07-11T06:00,34.3,59,7.9
2024-07-11T07:00,36.8,37,18.0
2024-07-11T08:00,37.3,43,22.0
2024-07-11T09:00,38.9,38,24.6
2024-07-11T10:00,40.6,33,24.4
2024-07-11T11:00,42.2,29,20.8
2024-07-11T12:00,43.6,26,18.2
2024-07-11T13:00,44.6,24,16.3
2024-07-11T14:00,43.6,30,21.9
2024-07-11T15:00,42.2,32,28.1
2024-07-11T16:00,41.1,36,24.5
2024-07-11T17:00,39.6,40,20.5
2024-07-11T18:00,37.8,45,19.1
2024-07-11T19:00,36.4,55,14.7
2024-07-11T20:00,35.7,63,10.1
2024-07-11T21:00,35.0,66,8.0
2024-07-11T22:00,34.5,71,1.9
2024-07-11T23:00,34.2,73,1.3
2024-07-12T00:00,33.8,73,0.7
2024-07-12T01:00,32.9,78,3.2
2024-07-12T02:00,32.5,80,5.4
2024-07-12T03:00,32.1,79,5.4
2024-07-12T04:00,31.7,77,4.8
2024-07-12T05:00,33.0,64,8.5
2024-07-12T06:00,33.2,57,9.7
2024-07-12T07:00,34.8,47,13.7
2024-07-12T08:00,36.1,43,28.0
2024-07-12T09:00,37.8,39,30.4
2024-07-12T10:00,39.7,35,28.5
2024-07-12T11:00,41.4,31,26.4
2024-07-12T12:00,43.0,28,24.5
2024-07-12T13:00,44.0,25,22.4
2024-07-12T14:00,42.2,37,24.8
2024-07-12T15:00,41.0,34,28.9
2024-07-12T16:00,39.9,39,27.0
2024-07-12T17:00,39.1,38,19.9
2024-07-12T18:00,37.2,48,18.0
2024-07-12T19:00,35.7,61,14.4
2024-07-12T20:00,34.8,66,10.8
2024-07-12T21:00,34.2,69,8.0
2024-07-12T22:00,33.7,72,6.3
2024-07-12T23:00,33.0,74,6.9
2024-07-13T00:00,32.2,76,8.4
2024-07-13T01:00,31.6,76,9.3
2024-07-13T02:00,30.9,75,11.2
2024-07-13T03:00,30.3,77,11.5
2024-07-13T04:00,30.0,73,12.6
2024-07-13T05:00,30.0,73,11.0
2024-07-13T06:00,29.7,70,9.8
2024-07-13T07:00,31.0,63,9.6
2024-07-13T08:00,33.8,51,11.6
2024-07-13T09:00,37.3,36,14.3
2024-07-13T10:00,40.2,26,12.7
2024-07-13T11:00,42.2,21,14.6
2024-07-13T12:00,43.7,17,17.2
2024-07-13T13:00,44.5,16,20.2
2024-07-13T14:00,43.7,18,24.9
2024-07-13T15:00,43.1,17,22.4
2024-07-13T16:00,41.9,22,19.7
2024-07-13T17:00,41.6,20,14.1
2024-07-13T18:00,40.2,26,12.4
2024-07-13T19:00,38.1,35,9.5
2024-07-13T20:00,36.3,47,7.4
2024-07-13T21:00,35.1,54,5.1
2024-07-13T22:00,34.0,56,5.5
2024-07-13T23:00,33.1,57,5.2
2024-07-14T00:00,32.4,57,4.7
2024-07-14T01:00,31.7,58,7.6
2024-07-14T02:00,31.2,59,9.7
2024-07-14T03:00,30.3,57,9.4
2024-07-14T04:00,29.8,52,9.8
2024-07-14T05:00,29.9,49,7.2
2024-07-14T06:00,29.7,45,9.0
2024-07-14T07:00,31.1,35,6.9
2024-07-14T08:00,33.9,32,5.4
2024-07-14T09:00,35.4,41,2.5
2024-07-14T10:00,37.5,37,3.8
2024-07-14T11:00,40.4,25,9.0
2024-07-14T12:00,42.8,20,11.2
2024-07-14T13:00,43.8,19,11.1
2024-07-14T14:00,41.5,39,17.0
2024-07-14T15:00,40.1,43,20.6
2024-07-14T16:00,39.6,45,16.6
2024-07-14T17:00,39.4,40,16.4
2024-07-14T18:00,38.0,42,15.8
2024-07-14T19:00,36.6,48,10.8
2024-07-14T20:00,35.3,57,10.2
2024-07-14T21:00,34.6,63,7.6
2024-07-14T22:00,34.0,68,7.2
2024-07-14T23:00,33.2,74,8.2
2024-07-15T00:00,32.5,79,6.3
2024-07-15T01:00,32.0,82,5.8
2024-07-15T02:00,31.5,85,6.8
2024-07-15T03:00,30.9,89,7.1
2024-07-15T04:00,30.4,92,8.8
2024-07-15T05:00,30.5,94,7.1
2024-07-15T06:00,30.1,96,6.3
2024-07-15T07:00,30.9,89,8.6
2024-07-15T08:00,32.6,76,8.6
2024-07-15T09:00,34.8,61,7.4
2024-07-15T10:00,37.0,48,3.4
2024-07-15T11:00,39.2,39,3.2
2024-07-15T12:00,40.9,34,4.3
2024-07-15T13:00,41.7,34,8.8
2024-07-15T14:00,41.3,42,14.7
2024-07-15T15:00,40.3,44,20.9
2024-07-15T16:00,38.9,48,21.6
2024-07-15T17:00,37.4,51,20.3
2024-07-15T18:00,36.8,56,15.1
2024-07-15T19:00,35.5,66,11.9
2024-07-15T20:00,35.1,67,10.5
2024-07-15T21:00,34.7,68,8.0
2024-07-15T22:00,34.2,72,6.6
2024-07-15T23:00,33.8,76,7.1
2024-07-16T00:00,33.5,78,7.3
2024-07-16T01:00,33.2,79,7.1
2024-07-16T02:00,32.8,81,5.7
2024-07-16T03:00,32.4,84,2.6
2024-07-16T04:00,32.2,85,7.9
2024-07-16T05:00,32.5,82,9.4
2024-07-16T06:00,32.6,76,11.9
2024-07-16T07:00,34.1,64,20.2
2024-07-16T08:00,36.0,54,25.6
2024-07-16T09:00,38.4,46,25.8
2024-07-16T10:00,41.6,34,19.9
2024-07-16T11:00,43.9,27,13.4
2024-07-16T12:00,45.5,22,7.9
2024-07-16T13:00,46.8,19,7.7
2024-07-16T14:00,46.9,20,20.3
2024-07-16T15:00,45.0,31,30.1
2024-07-16T16:00,43.8,35,24.6
2024-07-16T17:00,43.1,34,26.2
2024-07-16T18:00,42.3,33,21.8
2024-07-16T19:00,40.7,36,16.8
2024-07-16T20:00,39.1,42,13.3
2024-07-16T21:00,38.7,40,12.8
2024-07-16T22:00,38.0,41,9.9
2024-07-16T23:00,37.0,43,8.3
2024-07-17T00:00,35.7,47,7.0
2024-07-17T01:00,34.3,70,13.2
2024-07-17T02:00,33.5,84,13.7
2024-07-17T03:00,33.3,83,12.8
2024-07-17T04:00,32.9,81,10.2
2024-07-17T05:00,33.0,84,8.0
2024-07-17T06:00,32.9,81,8.9
2024-07-17T07:00,34.0,67,6.1
2024-07-17T08:00,36.7,45,10.8
2024-07-17T09:00,39.1,31,21.4
2024-07-17T10:00,40.9,28,19.7
2024-07-17T11:00,42.8,24,17.7
2024-07-17T12:00,44.4,21,16.0
2024-07-17T13:00,44.8,22,18.9
2024-07-17T14:00,42.5,31,27.3
2024-07-17T15:00,40.7,39,27.2
2024-07-17T16:00,39.4,46,23.7
2024-07-17T17:00,38.1,52,19.2
2024-07-17T18:00,36.9,58,16.6
2024-07-17T19:00,35.9,62,13.2
2024-07-17T20:00,35.3,66,10.6
2024-07-17T21:00,34.7,69,7.0
2024-07-17T22:00,34.2,71,6.3
2024-07-17T23:00,33.9,74,7.1
2024-07-18T00:00,33.7,78,8.1
2024-07-18T01:00,33.4,80,10.4
2024-07-18T02:00,33.4,80,11.8
2024-07-18T03:00,33.2,78,13.0
2024-07-18T04:00,33.0,75,13.8
2024-07-18T05:00,33.0,66,13.2
2024-07-18T06:00,33.1,59,13.9
2024-07-18T07:00,34.4,43,18.8
2024-07-18T08:00,36.0,35,20.6
2024-07-18T09:00,37.8,33,22.3
2024-07-18T10:00,39.9,28,22.6
2024-07-18T11:00,41.4,24,23.7
2024-07-18T12:00,41.7,24,19.3
2024-07-18T13:00,42.2,26,18.7
2024-07-18T14:00,41.5,33,19.7
2024-07-18T15:00,40.6,36,19.5
2024-07-18T16:00,39.6,40,17.7
2024-07-18T17:00,38.0,50,19.1
2024-07-18T18:00,36.3,62,18.1
2024-07-18T19:00,35.6,63,14.1
2024-07-18T20:00,34.9,64,12.2
2024-07-18T21:00,34.5,67,9.5
2024-07-18T22:00,34.1,72,7.9
2024-07-18T23:00,33.6,76,5.3
2024-07-19T00:00,33.1,79,3.9
2024-07-19T01:00,32.8,79,6.5
2024-07-19T02:00,32.4,77,8.3
2024-07-19T03:00,32.0,77,8.7
2024-07-19T04:00,31.7,79,7.9
2024-07-19T05:00,32.5,76,8.4
2024-07-19T06:00,32.2,77,9.8
2024-07-19T07:00,32.8,76,10.4
2024-07-19T08:00,34.0,71,10.1
2024-07-19T09:00,35.8,62,9.1
2024-07-19T10:00,37.7,52,7.9
2024-07-19T11:00,39.2,47,7.2
2024-07-19T12:00,39.8,49,12.4
2024-07-19T13:00,39.1,58,18.7
2024-07-19T14:00,39.1,53,21.1
2024-07-19T15:00,39.1,52,20.4
2024-07-19T16:00,38.6,53,19.5
2024-07-19T17:00,38.1,53,18.6
2024-07-19T18:00,36.5,60,15.6
2024-07-19T19:00,34.9,71,12.8
2024-07-19T20:00,34.1,76,10.6
2024-07-19T21:00,33.7,76,10.2
2024-07-19T22:00,33.3,79,3.3
2024-07-19T23:00,33.0,81,2.9
2024-07-20T00:00,32.6,85,4.8
2024-07-20T01:00,32.1,89,5.4
2024-07-20T02:00,31.5,93,5.8
2024-07-20T03:00,30.9,96,4.0
2024-07-20T04:00,30.5,98,0.7
2024-07-20T05:00,30.3,94,4.8
2024-07-20T06:00,29.9,96,5.1
2024-07-20T07:00,30.8,91,6.6
2024-07-20T08:00,32.5,75,1.3
2024-07-20T09:00,35.1,60,5.8
2024-07-20T10:00,37.4,56,9.5
2024-07-20T11:00,39.3,51,12.0
2024-07-20T12:00,39.4,52,18.2
2024-07-20T13:00,39.7,51,17.8
2024-07-20T14:00,39.2,56,20.1
2024-07-20T15:00,38.8,59,22.4
2024-07-20T16:00,38.3,58,24.4
2024-07-20T17:00,37.2,59,19.6
2024-07-20T18:00,36.4,64,17.2
2024-07-20T19:00,35.3,69,13.6
2024-07-20T20:00,34.8,72,11.5
2024-07-20T21:00,34.5,74,9.2
2024-07-20T22:00,34.3,75,8.1
2024-07-20T23:00,34.1,77,8.2
2024-07-21T00:00,33.8,77,9.3
2024-07-21T01:00,33.4,79,9.6
2024-07-21T02:00,33.0,81,7.6
2024-07-21T03:00,32.8,81,6.5
2024-07-21T04:00,32.6,81,5.2
2024-07-21T05:00,32.6,83,1.9
2024-07-21T06:00,32.6,83,2.4
2024-07-21T07:00,33.4,78,3.7
2024-07-21T08:00,34.7,71,9.3
2024-07-21T09:00,36.3,65,12.6
2024-07-21T10:00,38.8,53,12.6
2024-07-21T11:00,41.2,43,5.4
2024-07-21T12:00,42.4,38,11.0
2024-07-21T13:00,40.4,54,23.1
2024-07-21T14:00,40.1,52,21.9
2024-07-21T15:00,40.0,54,20.4
2024-07-21T16:00,38.8,56,24.9
2024-07-21T17:00,37.9,59,19.9
2024-07-21T18:00,36.6,65,19.0
2024-07-21T19:00,35.5,69,14.6
2024-07-21T20:00,34.9,74,11.8
2024-07-21T21:00,34.4,76,9.3
2024-07-21T22:00,34.0,80,10.5
2024-07-21T23:00,33.7,81,9.8
2024-07-22T00:00,33.4,82,5.8
2024-07-22T01:00,32.9,86,4.0
2024-07-22T02:00,32.4,88,5.1
2024-07-22T03:00,32.0,90,6.7
2024-07-22T04:00,31.3,92,7.3
2024-07-22T05:00,31.8,88,4.8
2024-07-22T06:00,31.4,90,3.8
2024-07-22T07:00,32.0,86,3.1
2024-07-22T08:00,33.4,78,3.2
2024-07-22T09:00,35.3,69,3.3
2024-07-22T10:00,37.5,60,1.5
2024-07-22T11:00,39.2,53,6.9
2024-07-22T12:00,40.6,47,8.0
2024-07-22T13:00,41.6,44,11.6
2024-07-22T14:00,41.5,47,17.1
2024-07-22T15:00,40.3,47,23.9
2024-07-22T16:00,39.1,52,21.1
2024-07-22T17:00,37.9,53,20.3
2024-07-22T18:00,36.8,54,15.9
2024-07-22T19:00,35.8,62,11.8
2024-07-22T20:00,34.6,73,10.7
2024-07-22T21:00,34.0,79,10.5
2024-07-22T22:00,33.5,81,9.3
2024-07-22T23:00,33.1,83,9.7
2024-07-23T00:00,32.8,85,7.1
2024-07-23T01:00,32.5,87,4.6
2024-07-23T02:00,32.1,88,4.1
2024-07-23T03:00,31.8,89,5.9
2024-07-23T04:00,31.4,91,6.6
2024-07-23T05:00,31.7,86,6.6
2024-07-23T06:00,31.3,87,7.9
2024-07-23T07:00,32.2,82,7.6
2024-07-23T08:00,33.9,71,6.5
2024-07-23T09:00,35.5,62,12.0
2024-07-23T10:00,37.5,48,15.4
2024-07-23T11:00,38.9,44,15.5
2024-07-23T12:00,39.8,41,17.8
2024-07-23T13:00,40.0,41,20.4
2024-07-23T14:00,39.8,42,21.2
2024-07-23T15:00,39.7,41,20.1
2024-07-23T16:00,38.9,45,19.4
2024-07-23T17:00,37.0,52,20.7
2024-07-23T18:00,35.5,62,20.4
2024-07-23T19:00,34.5,66,18.7
2024-07-23T20:00,34.1,69,16.0
2024-07-23T21:00,33.9,71,12.3
2024-07-23T22:00,33.7,73,10.9
2024-07-23T23:00,33.5,76,10.2
2024-07-24T00:00,33.0,80,9.9
2024-07-24T01:00,32.3,83,8.4
2024-07-24T02:00,31.7,84,10.4
2024-07-24T03:00,31.0,85,10.9
2024-07-24T04:00,30.5,87,11.8
2024-07-24T05:00,30.7,85,10.7
2024-07-24T06:00,30.4,83,11.4
2024-07-24T07:00,31.3,77,11.6
2024-07-24T08:00,33.5,65,14.5
2024-07-24T09:00,36.0,53,16.9
2024-07-24T10:00,38.5,40,17.6
2024-07-24T11:00,40.6,26,21.6
2024-07-24T12:00,41.1,24,24.5
2024-07-24T13:00,41.1,26,25.1
2024-07-24T14:00,40.9,26,25.8
2024-07-24T15:00,40.7,27,25.9
2024-07-24T16:00,40.0,29,26.5
2024-07-24T17:00,38.7,30,22.1
2024-07-24T18:00,37.6,35,18.4
2024-07-24T19:00,36.3,43,14.1
2024-07-24T20:00,35.2,51,9.8
2024-07-24T21:00,34.3,53,9.9
2024-07-24T22:00,33.6,53,10.2
2024-07-24T23:00,32.7,53,10.0
2024-07-25T00:00,31.8,56,9.7
2024-07-25T01:00,31.1,58,11.5
2024-07-25T02:00,30.7,60,11.8
2024-07-25T03:00,30.1,62,12.7
2024-07-25T04:00,29.8,57,12.7
2024-07-25T05:00,30.0,59,12.3
2024-07-25T06:00,29.9,52,12.1
2024-07-25T07:00,31.4,43,10.6
2024-07-25T08:00,34.3,33,8.2
2024-07-25T09:00,37.0,32,11.1
2024-07-25T10:00,39.2,33,14.4
2024-07-25T11:00,41.1,25,20.9
2024-07-25T12:00,41.3,25,23.3
2024-07-25T13:00,41.3,27,23.1
2024-07-25T14:00,41.2,27,23.9
2024-07-25T15:00,41.3,25,23.2
2024-07-25T16:00,40.8,26,21.1
2024-07-25T17:00,40.1,26,16.7
2024-07-25T18:00,38.9,33,14.0
2024-07-25T19:00,37.3,42,12.7
2024-07-25T20:00,35.7,53,11.0
2024-07-25T21:00,34.6,60,11.3
2024-07-25T22:00,33.9,65,9.1
2024-07-25T23:00,33.2,68,10.7
2024-07-26T00:00,32.7,68,12.8
2024-07-26T01:00,32.2,70,12.3
2024-07-26T02:00,31.7,72,11.0
2024-07-26T03:00,31.5,74,11.0
2024-07-26T04:00,30.9,72,11.0
2024-07-26T05:00,30.6,78,7.7
2024-07-26T06:00,30.7,73,11.2
2024-07-26T07:00,31.7,62,11.5
2024-07-26T08:00,34.5,51,9.9
2024-07-26T09:00,37.3,45,10.8
2024-07-26T10:00,39.8,34,13.0
2024-07-26T11:00,41.5,25,16.9
2024-07-26T12:00,42.0,23,18.2
2024-07-26T13:00,42.2,23,20.4
2024-07-26T14:00,42.0,24,22.7
2024-07-26T15:00,41.8,24,21.7
2024-07-26T16:00,41.3,24,20.1
2024-07-26T17:00,39.7,31,19.2
2024-07-26T18:00,38.4,37,16.6
2024-07-26T19:00,37.1,44,13.2
2024-07-26T20:00,36.2,47,8.2
2024-07-26T21:00,35.4,47,9.8
2024-07-26T22:00,34.6,49,10.1
2024-07-26T23:00,33.8,50,11.1
2024-07-27T00:00,33.2,48,13.0
2024-07-27T01:00,32.8,47,13.1
2024-07-27T02:00,32.1,51,12.2
2024-07-27T03:00,31.7,52,12.5
2024-07-27T04:00,31.1,51,10.3
2024-07-27T05:00,30.5,53,9.9
2024-07-27T06:00,30.1,53,10.5
2024-07-27T07:00,31.7,46,10.8
2024-07-27T08:00,34.8,36,10.4
2024-07-27T09:00,37.5,33,14.0
2024-07-27T10:00,39.5,35,18.1
2024-07-27T11:00,41.0,31,24.1
2024-07-27T12:00,40.8,33,27.2
2024-07-27T13:00,40.9,31,26.7
2024-07-27T14:00,41.2,28,26.1
2024-07-27T15:00,41.1,28,26.2
2024-07-27T16:00,40.6,31,24.7
2024-07-27T17:00,39.4,31,20.4
2024-07-27T18:00,38.0,37,17.7
2024-07-27T19:00,36.6,47,16.4
2024-07-27T20:00,35.5,57,18.0
2024-07-27T21:00,34.9,59,19.8
2024-07-27T22:00,34.6,61,20.8
2024-07-27T23:00,34.2,63,18.3
2024-07-28T00:00,34.0,63,17.7
2024-07-28T01:00,33.8,63,17.1
2024-07-28T02:00,33.4,64,16.4
2024-07-28T03:00,32.9,64,15.4
2024-07-28T04:00,32.5,64,15.1
2024-07-28T05:00,32.2,64,14.9
2024-07-28T06:00,32.2,67,15.6
2024-07-28T07:00,33.5,65,15.6
2024-07-28T08:00,35.8,58,15.8
2024-07-28T09:00,38.2,42,22.1
2024-07-28T10:00,38.9,41,25.2
2024-07-28T11:00,39.5,40,26.3
2024-07-28T12:00,39.8,41,27.1
2024-07-28T13:00,39.8,43,27.8
2024-07-28T14:00,39.7,43,30.3
2024-07-28T15:00,39.3,43,31.5
2024-07-28T16:00,38.9,43,31.0
2024-07-28T17:00,37.7,44,30.7
2024-07-28T18:00,36.8,50,29.2
2024-07-28T19:00,35.7,56,27.4
2024-07-28T20:00,35.2,58,21.4
2024-07-28T21:00,34.8,61,17.3
2024-07-28T22:00,34.4,62,15.9
2024-07-28T23:00,33.7,63,12.4
2024-07-29T00:00,33.1,64,13.5
2024-07-29T01:00,32.6,65,11.9
2024-07-29T02:00,32.0,66,13.2
2024-07-29T03:00,31.6,64,15.4
2024-07-29T04:00,31.2,64,16.3
2024-07-29T05:00,31.2,63,16.5
2024-07-29T06:00,30.9,63,15.7
2024-07-29T07:00,31.8,59,14.3
2024-07-29T08:00,34.0,51,15.9
2024-07-29T09:00,36.2,47,16.8
2024-07-29T10:00,38.1,41,15.1
2024-07-29T11:00,39.7,38,13.5
2024-07-29T12:00,40.8,37,13.1
2024-07-29T13:00,40.6,41,18.1
2024-07-29T14:00,40.1,44,21.0
2024-07-29T15:00,39.9,45,20.9
2024-07-29T16:00,39.4,46,20.2
2024-07-29T17:00,38.2,49,19.5
2024-07-29T18:00,36.6,59,19.9
2024-07-29T19:00,35.3,67,18.9
2024-07-29T20:00,34.6,72,16.8
2024-07-29T21:00,34.3,73,14.5
2024-07-29T22:00,34.0,73,11.7
2024-07-29T23:00,33.6,74,10.9
2024-07-30T00:00,33.1,75,10.5
2024-07-30T01:00,32.6,76,7.9
2024-07-30T02:00,32.1,78,7.3
2024-07-30T03:00,31.7,79,7.7
2024-07-30T04:00,31.3,81,8.2
2024-07-30T05:00,31.3,77,6.3
2024-07-30T06:00,31.0,77,9.5
2024-07-30T07:00,32.8,71,10.9
2024-07-30T08:00,35.1,61,20.6
2024-07-30T09:00,37.6,51,26.3
2024-07-30T10:00,40.1,41,25.7
2024-07-30T11:00,42.4,32,21.3
2024-07-30T12:00,44.3,26,18.4
2024-07-30T13:00,45.2,25,17.5
2024-07-30T14:00,45.9,26,23.0
2024-07-30T15:00,46.2,27,24.4
2024-07-30T16:00,45.1,29,26.8
2024-07-30T17:00,43.9,30,27.4
2024-07-30T18:00,42.1,33,28.1
2024-07-30T19:00,39.3,43,27.4
2024-07-30T20:00,36.4,56,23.4
2024-07-30T21:00,35.9,57,16.3
2024-07-30T22:00,35.7,58,16.8
2024-07-30T23:00,35.5,58,11.3
2024-07-31T00:00,35.4,59,6.1
2024-07-31T01:00,34.9,60,7.6
2024-07-31T02:00,34.5,65,8.1
2024-07-31T03:00,34.4,71,6.7
2024-07-31T04:00,33.9,75,4.7
2024-07-31T05:00,33.7,61,19.2
2024-07-31T06:00,34.9,52,18.2
2024-07-31T07:00,36.9,32,19.0
2024-07-31T08:00,38.4,32,22.3
2024-07-31T09:00,40.2,29,26.3
2024-07-31T10:00,42.0,25,26.3
2024-07-31T11:00,43.7,21,21.7
2024-07-31T12:00,45.0,18,14.9
2024-07-31T13:00,44.6,20,13.7
2024-07-31T14:00,43.3,28,24.4
2024-07-31T15:00,42.7,29,23.2
2024-07-31T16:00,42.0,31,20.1
2024-07-31T17:00,40.9,33,15.8
2024-07-31T18:00,40.0,36,15.9
2024-07-31T19:00,38.4,43,14.8
2024-07-31T20:00,38.2,41,13.2
2024-07-31T21:00,37.8,40,9.8
2024-07-31T22:00,37.5,38,9.0
2024-07-31T23:00,37.3,41,9.9
2024-08-01T00:00,36.6,51,10.2
2024-08-01T01:00,35.8,58,10.7
2024-08-01T02:00,35.5,60,9.1
2024-08-01T03:00,34.5,64,5.2
2024-08-01T04:00,34.7,63,5.2
2024-08-01T05:00,34.9,62,6.4
2024-08-01T06:00,35.1,50,7.6
2024-08-01T07:00,37.3,28,12.1
2024-08-01T08:00,38.9,26,15.3
2024-08-01T09:00,40.8,24,15.1
2024-08-01T10:00,42.7,21,17.9
2024-08-01T11:00,43.9,19,18.5
2024-08-01T12:00,44.7,18,16.9
2024-08-01T13:00,44.8,20,17.3
2024-08-01T14:00,44.0,24,23.5
2024-08-01T15:00,42.9,25,28.3
2024-08-01T16:00,41.4,31,27.7
2024-08-01T17:00,39.5,38,24.7
2024-08-01T18:00,37.3,54,21.3
2024-08-01T19:00,36.2,59,17.9
2024-08-01T20:00,35.4,67,14.3
2024-08-01T21:00,34.9,69,11.5
2024-08-01T22:00,34.5,74,7.9
2024-08-01T23:00,34.3,74,6.0
2024-08-02T00:00,34.0,75,5.0
2024-08-02T01:00,33.6,76,7.4
2024-08-02T02:00,33.2,77,10.0
2024-08-02T03:00,32.7,77,10.2
2024-08-02T04:00,32.3,79,8.9
2024-08-02T05:00,32.6,79,8.8
2024-08-02T06:00,32.3,78,9.8
2024-08-02T07:00,33.0,73,10.2
2024-08-02T08:00,34.7,62,13.2
2024-08-02T09:00,36.6,52,12.7
2024-08-02T10:00,38.5,46,15.1
2024-08-02T11:00,40.4,40,17.3
2024-08-02T12:00,41.7,38,18.3
2024-08-02T13:00,41.6,39,19.9
2024-08-02T14:00,40.9,41,22.1
2024-08-02T15:00,40.7,41,21.4
2024-08-02T16:00,39.8,45,19.8
2024-08-02T17:00,38.5,47,16.5
2024-08-02T18:00,37.0,56,16.2
2024-08-02T19:00,35.9,63,14.8
2024-08-02T20:00,35.1,68,12.2
2024-08-02T21:00,34.5,74,12.6
2024-08-02T22:00,34.1,76,12.2
2024-08-02T23:00,33.8,79,12.7
2024-08-03T00:00,33.5,81,13.5
2024-08-03T01:00,33.2,81,10.5
2024-08-03T02:00,32.8,80,7.1
2024-08-03T03:00,32.5,80,7.4
2024-08-03T04:00,32.3,79,9.1
2024-08-03T05:00,33.0,73,11.2
2024-08-03T06:00,32.6,78,7.8
2024-08-03T07:00,33.0,76,6.2
2024-08-03T08:00,34.2,69,5.2
2024-08-03T09:00,36.0,59,5.9
2024-08-03T10:00,38.1,49,8.3
2024-08-03T11:00,40.2,41,11.6
2024-08-03T12:00,41.8,36,12.2
2024-08-03T13:00,42.1,38,16.6
2024-08-03T14:00,41.0,42,21.0
2024-08-03T15:00,40.7,37,21.2
2024-08-03T16:00,39.4,43,21.4
2024-08-03T17:00,37.3,55,18.1
2024-08-03T18:00,36.5,59,15.6
2024-08-03T19:00,35.1,70,13.4
2024-08-03T20:00,34.5,74,8.6
2024-08-03T21:00,34.2,75,12.4
2024-08-03T22:00,33.9,74,14.0
2024-08-03T23:00,33.5,75,11.0
2024-08-04T00:00,33.1,77,10.9
2024-08-04T01:00,32.7,78,13.0
2024-08-04T02:00,32.5,78,12.5
2024-08-04T03:00,32.1,81,9.7
2024-08-04T04:00,31.9,83,8.2
2024-08-04T05:00,32.4,75,8.9
2024-08-04T06:00,31.8,77,10.9
2024-08-04T07:00,32.5,74,12.9
2024-08-04T08:00,33.6,76,13.3
2024-08-04T09:00,34.8,71,9.4
2024-08-04T10:00,36.3,64,9.3
2024-08-04T11:00,37.3,57,12.6
2024-08-04T12:00,38.8,45,16.7
2024-08-04T13:00,39.0,40,19.1
2024-08-04T14:00,39.1,41,19.2
2024-08-04T15:00,38.8,45,19.2
2024-08-04T16:00,37.9,50,19.2
2024-08-04T17:00,35.9,61,20.9
2024-08-04T18:00,34.9,66,19.4
2024-08-04T19:00,33.9,72,17.1
2024-08-04T20:00,33.6,72,13.1
2024-08-04T21:00,33.5,72,13.8
2024-08-04T22:00,33.4,72,8.8
2024-08-04T23:00,33.0,74,5.0
2024-08-05T00:00,32.8,74,6.5
2024-08-05T01:00,32.6,73,5.9
2024-08-05T02:00,32.6,70,4.5
2024-08-05T03:00,31.8,72,4.7
2024-08-05T04:00,31.4,72,9.9
2024-08-05T05:00,31.1,77,10.5
2024-08-05T06:00,31.5,75,13.3
2024-08-05T07:00,32.7,73,20.4
2024-08-05T08:00,34.1,66,20.3
2024-08-05T09:00,36.4,56,16.7
2024-08-05T10:00,38.3,49,12.2
2024-08-05T11:00,39.7,44,7.5
2024-08-05T12:00,41.4,38,4.9
2024-08-05T13:00,42.1,35,6.1
2024-08-05T14:00,39.5,53,25.0
2024-08-05T15:00,40.1,43,24.8
2024-08-05T16:00,37.5,51,32.6
2024-08-05T17:00,37.9,49,27.4
2024-08-05T18:00,37.4,51,23.0
2024-08-05T19:00,36.6,54,22.4
2024-08-05T20:00,35.9,57,20.4
2024-08-05T21:00,34.9,61,22.2
2024-08-05T22:00,34.7,62,21.7
2024-08-05T23:00,35.0,61,20.3
2024-08-06T00:00,34.7,61,21.6
2024-08-06T01:00,33.5,64,19.0
2024-08-06T02:00,33.7,63,10.5
2024-08-06T03:00,34.1,61,3.3
2024-08-06T04:00,34.1,62,10.4
2024-08-06T05:00,31.1,61,22.6
2024-08-06T06:00,31.3,59,20.9
2024-08-06T07:00,32.0,52,22.3
2024-08-06T08:00,33.5,40,14.0
2024-08-06T09:00,34.4,39,19.1
2024-08-06T10:00,34.8,41,23.4
2024-08-06T11:00,35.6,40,20.8
2024-08-06T12:00,36.2,40,20.1
2024-08-06T13:00,37.0,38,15.9
2024-08-06T14:00,37.7,35,11.3
2024-08-06T15:00,37.8,37,15.5
2024-08-06T16:00,36.5,43,20.3
2024-08-06T17:00,36.5,51,22.9
2024-08-06T18:00,35.9,54,23.3
2024-08-06T19:00,35.3,54,20.4
2024-08-06T20:00,35.4,49,17.1
2024-08-06T21:00,35.1,50,14.8
2024-08-06T22:00,34.6,55,10.4
2024-08-06T23:00,34.3,58,7.0
2024-08-07T00:00,34.2,60,3.4
2024-08-07T01:00,33.9,61,2.2
2024-08-07T02:00,33.6,60,4.8
2024-08-07T03:00,33.4,58,6.6
2024-08-07T04:00,33.1,57,7.4
2024-08-07T05:00,33.2,59,11.8
2024-08-07T06:00,32.8,64,14.5
2024-08-07T07:00,33.1,65,16.8
2024-08-07T08:00,34.7,58,20.5
2024-08-07T09:00,36.8,48,20.2
2024-08-07T10:00,38.5,41,13.7
2024-08-07T11:00,39.6,38,6.2
2024-08-07T12:00,40.1,36,1.8
2024-08-07T13:00,41.0,34,4.5
2024-08-07T14:00,42.0,32,10.3
2024-08-07T15:00,41.5,36,21.6
2024-08-07T16:00,40.0,39,27.0
2024-08-07T17:00,37.4,46,22.1
2024-08-07T18:00,36.4,49,18.7
2024-08-07T19:00,35.5,54,15.4
2024-08-07T20:00,35.0,58,10.1
2024-08-07T21:00,34.7,60,7.3
2024-08-07T22:00,34.4,63,5.3
2024-08-07T23:00,34.2,66,10.5
2024-08-08T00:00,34.1,65,9.4
2024-08-08T01:00,33.9,66,8.8
2024-08-08T02:00,33.5,65,9.7
2024-08-08T03:00,32.9,65,14.4
2024-08-08T04:00,32.8,65,17.2
2024-08-08T05:00,32.4,66,20.4
2024-08-08T06:00,32.2,65,23.3
2024-08-08T07:00,33.0,62,25.7
2024-08-08T08:00,34.5,58,23.4
2024-08-08T09:00,36.9,49,22.0
2024-08-08T10:00,39.1,40,15.4
2024-08-08T11:00,40.6,34,7.9
2024-08-08T12:00,41.7,31,2.2
2024-08-08T13:00,42.7,29,7.6
2024-08-08T14:00,42.2,34,21.6
2024-08-08T15:00,40.3,45,27.0
2024-08-08T16:00,39.0,50,30.7
2024-08-08T17:00,39.2,51,21.3
2024-08-08T18:00,39.3,42,15.8
2024-08-08T19:00,37.8,45,26.4
2024-08-08T20:00,35.5,54,27.3
2024-08-08T21:00,34.2,59,26.0
2024-08-08T22:00,33.6,61,23.4
2024-08-08T23:00,33.5,61,22.3
2024-08-09T00:00,32.8,64,18.9
2024-08-09T01:00,32.4,64,22.1
2024-08-09T02:00,32.4,63,27.0
2024-08-09T03:00,32.1,65,26.0
2024-08-09T04:00,31.6,68,27.8
2024-08-09T05:00,31.4,69,27.9
2024-08-09T06:00,31.5,67,28.1
2024-08-09T07:00,32.5,62,29.5
2024-08-09T08:00,33.9,58,27.5
2024-08-09T09:00,36.4,48,28.5
2024-08-09T10:00,38.6,41,27.0
2024-08-09T11:00,40.4,36,22.8
2024-08-09T12:00,42.0,33,18.4
2024-08-09T13:00,42.9,30,16.3
2024-08-09T14:00,43.6,29,17.8
2024-08-09T15:00,43.7,28,19.3
2024-08-09T16:00,43.6,29,20.7
2024-08-09T17:00,40.5,36,28.5
2024-08-09T18:00,38.5,40,28.6
2024-08-09T19:00,36.3,47,28.5
2024-08-09T20:00,34.7,52,26.7
2024-08-09T21:00,33.5,57,23.0
2024-08-09T22:00,32.8,60,22.0
2024-08-09T23:00,32.5,59,20.9
2024-08-10T00:00,32.3,59,21.3
2024-08-10T01:00,31.4,64,23.8
2024-08-10T02:00,31.0,66,22.0
2024-08-10T03:00,30.9,67,23.8
2024-08-10T04:00,30.4,69,25.5
2024-08-10T05:00,30.3,69,24.6
2024-08-10T06:00,30.1,71,23.8
2024-08-10T07:00,31.2,65,26.5
2024-08-10T08:00,33.1,56,23.5
2024-08-10T09:00,35.3,50,24.1
2024-08-10T10:00,37.7,41,19.8
2024-08-10T11:00,39.3,36,13.7
2024-08-10T12:00,40.6,33,9.4
2024-08-10T13:00,41.7,30,6.9
2024-08-10T14:00,42.6,27,7.9
2024-08-10T15:00,43.1,26,10.5
2024-08-10T16:00,42.7,28,12.2
2024-08-10T17:00,42.0,29,18.4
2024-08-10T18:00,40.7,32,22.3
2024-08-10T19:00,38.8,37,23.8
2024-08-10T20:00,36.4,46,23.5
2024-08-10T21:00,34.8,53,18.8
2024-08-10T22:00,33.8,58,17.9
2024-08-10T23:00,33.1,58,16.4
2024-08-11T00:00,32.3,61,19.2
2024-08-11T01:00,31.8,62,20.0
2024-08-11T02:00,31.5,62,19.1
2024-08-11T03:00,31.1,64,17.9
2024-08-11T04:00,30.8,66,17.4
2024-08-11T05:00,30.9,67,17.8
2024-08-11T06:00,30.4,70,17.4
2024-08-11T07:00,31.2,67,16.0
2024-08-11T08:00,34.9,49,11.0
2024-08-11T09:00,37.7,37,15.7
2024-08-11T10:00,39.5,33,16.6
2024-08-11T11:00,41.0,30,13.6
2024-08-11T12:00,42.2,28,9.8
2024-08-11T13:00,42.7,27,5.9
2024-08-11T14:00,42.3,29,13.3
2024-08-11T15:00,42.1,31,17.9
2024-08-11T16:00,41.5,34,20.8
2024-08-11T17:00,39.6,39,20.2
2024-08-11T18:00,38.3,44,16.9
2024-08-11T19:00,36.8,52,15.3
2024-08-11T20:00,36.1,57,12.6
2024-08-11T21:00,35.6,60,10.3
2024-08-11T22:00,35.4,58,10.5
2024-08-11T23:00,35.2,55,8.7
2024-08-12T00:00,34.4,58,7.6
2024-08-12T01:00,33.7,61,7.9
2024-08-12T02:00,33.2,64,7.8
2024-08-12T03:00,32.7,66,10.3
2024-08-12T04:00,32.2,70,9.9
2024-08-12T05:00,32.6,67,9.3
2024-08-12T06:00,32.4,63,8.0
2024-08-12T07:00,33.5,55,5.8
2024-08-12T08:00,35.9,45,7.3
2024-08-12T09:00,39.1,35,9.7
2024-08-12T10:00,41.5,29,15.5
2024-08-12T11:00,43.2,25,12.9
2024-08-12T12:00,44.1,23,9.1
2024-08-12T13:00,43.3,30,16.9
2024-08-12T14:00,42.1,34,24.8
2024-08-12T15:00,41.4,36,24.2
2024-08-12T16:00,40.7,38,23.5
2024-08-12T17:00,38.9,42,19.8
2024-08-12T18:00,38.0,47,16.1
2024-08-12T19:00,36.3,55,13.6
2024-08-12T20:00,35.6,62,12.8
2024-08-12T21:00,35.6,57,8.6
2024-08-12T22:00,35.4,57,8.3
2024-08-12T23:00,34.7,59,5.9
2024-08-13T00:00,34.0,61,6.2
2024-08-13T01:00,33.1,66,4.7
2024-08-13T02:00,32.7,64,6.9
2024-08-13T03:00,32.4,65,10.0
2024-08-13T04:00,32.0,71,11.2
2024-08-13T05:00,33.0,59,10.9
2024-08-13T06:00,32.5,67,13.6
2024-08-13T07:00,33.5,64,16.7
2024-08-13T08:00,37.4,39,16.0
2024-08-13T09:00,39.0,33,19.5
2024-08-13T10:00,40.8,30,18.4
2024-08-13T11:00,42.5,27,17.2
2024-08-13T12:00,43.9,24,14.8
2024-08-13T13:00,44.9,23,11.7
2024-08-13T14:00,44.6,26,16.2
2024-08-13T15:00,43.2,30,25.2
2024-08-13T16:00,41.7,34,25.8
2024-08-13T17:00,40.2,36,21.6
2024-08-13T18:00,38.2,48,18.3
2024-08-13T19:00,36.9,54,13.7
2024-08-13T20:00,36.6,54,12.7
2024-08-13T21:00,37.3,44,8.8
2024-08-13T22:00,37.0,45,7.0
2024-08-13T23:00,36.1,50,7.9
2024-08-14T00:00,35.0,57,11.2
2024-08-14T01:00,34.3,60,13.5
2024-08-14T02:00,33.6,64,12.6
2024-08-14T03:00,33.2,67,13.3
2024-08-14T04:00,32.3,71,15.1
2024-08-14T05:00,31.8,73,18.9
2024-08-14T06:00,31.9,73,17.1
2024-08-14T07:00,34.6,56,14.6
2024-08-14T08:00,37.0,39,18.1
2024-08-14T09:00,38.5,36,21.3
2024-08-14T10:00,40.2,32,21.9
2024-08-14T11:00,41.9,29,19.8
2024-08-14T12:00,43.3,26,15.2
2024-08-14T13:00,44.4,23,10.9
2024-08-14T14:00,43.9,26,14.3
2024-08-14T15:00,42.5,31,25.5
2024-08-14T16:00,41.4,35,24.6
2024-08-14T17:00,40.4,39,18.8
2024-08-14T18:00,39.1,43,17.7
2024-08-14T19:00,38.2,46,11.7
2024-08-14T20:00,37.9,49,11.2
2024-08-14T21:00,37.5,53,6.0
2024-08-14T22:00,36.9,53,5.8
2024-08-14T23:00,36.3,52,12.7
2024-08-15T00:00,35.6,55,13.9
2024-08-15T01:00,35.0,58,12.5
2024-08-15T02:00,34.2,61,12.8
2024-08-15T03:00,33.6,63,11.8
2024-08-15T04:00,33.4,64,8.0
2024-08-15T05:00,33.6,62,9.6
2024-08-15T06:00,33.2,63,8.8
2024-08-15T07:00,34.4,57,7.3
2024-08-15T08:00,37.4,38,9.0
2024-08-15T09:00,39.2,32,12.9
2024-08-15T10:00,40.9,29,15.8
2024-08-15T11:00,42.6,26,15.6
2024-08-15T12:00,44.1,23,14.3
2024-08-15T13:00,44.5,24,17.2
2024-08-15T14:00,42.6,33,26.0
2024-08-15T15:00,41.2,37,25.5
2024-08-15T16:00,40.6,38,24.5
2024-08-15T17:00,39.5,39,19.4
2024-08-15T18:00,38.6,42,16.9
2024-08-15T19:00,37.4,44,12.3
2024-08-15T20:00,35.4,62,13.8
2024-08-15T21:00,34.5,71,9.9
2024-08-15T22:00,34.1,75,7.6
2024-08-15T23:00,33.6,77,5.1
2024-08-16T00:00,33.1,80,3.2
2024-08-16T01:00,32.5,82,4.6
2024-08-16T02:00,31.9,84,4.2
2024-08-16T03:00,31.4,86,4.1
2024-08-16T04:00,30.9,87,6.3
2024-08-16T05:00,31.1,85,3.1
2024-08-16T06:00,30.7,85,4.9
2024-08-16T07:00,31.4,77,3.2
2024-08-16T08:00,33.3,61,4.5
2024-08-16T09:00,35.8,47,3.6
2024-08-16T10:00,38.2,38,3.6
2024-08-16T11:00,40.0,32,9.4
2024-08-16T12:00,40.4,35,14.1
2024-08-16T13:00,40.5,36,17.3
2024-08-16T14:00,40.1,36,19.1
2024-08-16T15:00,39.7,37,17.3
2024-08-16T16:00,38.8,40,17.4
2024-08-16T17:00,37.9,40,15.9
2024-08-16T18:00,36.8,45,14.0
2024-08-16T19:00,35.2,54,13.1
2024-08-16T20:00,34.2,63,10.6
2024-08-16T21:00,33.5,70,8.8
2024-08-16T22:00,33.0,74,9.1
2024-08-16T23:00,32.8,75,8.2
2024-08-17T00:00,32.6,76,7.2
2024-08-17T01:00,32.3,78,6.0
2024-08-17T02:00,31.9,80,6.1
2024-08-17T03:00,31.7,77,8.2
2024-08-17T04:00,31.3,74,13.3
2024-08-17T05:00,30.6,77,23.8
2024-08-17T06:00,30.3,76,25.0
2024-08-17T07:00,31.2,72,27.8
2024-08-17T08:00,33.4,63,24.1
2024-08-17T09:00,36.3,53,25.3
2024-08-17T10:00,39.3,41,23.5
2024-08-17T11:00,41.0,37,19.5
2024-08-17T12:00,42.3,35,19.4
2024-08-17T13:00,43.1,33,21.3
2024-08-17T14:00,43.5,32,19.5
2024-08-17T15:00,44.4,29,15.9
2024-08-17T16:00,43.9,31,23.4
2024-08-17T17:00,39.8,41,30.3
2024-08-17T18:00,38.2,43,30.7
2024-08-17T19:00,36.3,48,27.4
2024-08-17T20:00,35.0,55,24.9
2024-08-17T21:00,33.8,59,27.1
2024-08-17T22:00,32.8,64,28.5
2024-08-17T23:00,32.2,66,26.3
2024-08-18T00:00,31.9,66,22.8
2024-08-18T01:00,31.7,66,20.5
2024-08-18T02:00,31.2,68,22.6
2024-08-18T03:00,31.1,66,24.6
2024-08-18T04:00,30.8,70,25.3
2024-08-18T05:00,31.1,69,25.2
2024-08-18T06:00,30.7,70,26.9
2024-08-18T07:00,31.4,67,35.7
2024-08-18T08:00,32.9,62,27.4
2024-08-18T09:00,35.3,53,28.6
2024-08-18T10:00,37.3,46,27.1
2024-08-18T11:00,38.8,42,25.8
2024-08-18T12:00,40.2,38,22.0
2024-08-18T13:00,41.3,36,18.6
2024-08-18T14:00,42.0,34,16.7
2024-08-18T15:00,42.5,32,14.1
2024-08-18T16:00,42.8,32,13.8
2024-08-18T17:00,40.2,39,28.4
2024-08-18T18:00,38.3,43,29.5
2024-08-18T19:00,36.6,47,28.8
2024-08-18T20:00,34.3,58,28.0
2024-08-18T21:00,32.9,63,26.7
2024-08-18T22:00,33.2,60,24.9
2024-08-18T23:00,32.4,62,23.8
2024-08-19T00:00,32.4,62,21.6
2024-08-19T01:00,32.0,65,19.8
2024-08-19T02:00,32.0,65,22.4
2024-08-19T03:00,31.8,67,24.5
2024-08-19T04:00,31.7,67,23.3
2024-08-19T05:00,31.8,63,19.2
2024-08-19T06:00,31.4,64,17.1
2024-08-19T07:00,32.0,61,16.4
2024-08-19T08:00,33.5,55,14.6
2024-08-19T09:00,35.7,48,13.8
2024-08-19T10:00,37.3,43,13.4
2024-08-19T11:00,38.7,40,11.5
2024-08-19T12:00,39.8,37,9.5
2024-08-19T13:00,40.8,35,8.0
2024-08-19T14:00,41.6,33,6.3
2024-08-19T15:00,41.8,34,8.0
2024-08-19T16:00,41.7,35,14.5
2024-08-19T17:00,40.2,40,14.0
2024-08-19T18:00,39.1,43,14.1
2024-08-19T19:00,38.3,44,14.0
2024-08-19T20:00,37.1,46,18.6
2024-08-19T21:00,35.9,49,17.5
2024-08-19T22:00,35.2,51,13.0
2024-08-19T23:00,34.8,53,9.4
2024-08-20T00:00,34.3,54,9.4
2024-08-20T01:00,32.9,59,16.9
2024-08-20T02:00,31.5,67,21.0
2024-08-20T03:00,31.7,65,20.2
2024-08-20T04:00,31.2,68,20.5
2024-08-20T05:00,32.0,66,11.2
2024-08-20T06:00,32.3,65,5.6
2024-08-20T07:00,33.5,60,2.8
2024-08-20T08:00,36.0,45,10.1
2024-08-20T09:00,37.4,38,16.3
2024-08-20T10:00,38.4,37,15.0
2024-08-20T11:00,39.5,35,11.4
2024-08-20T12:00,40.5,33,7.6
2024-08-20T13:00,41.1,32,4.7
2024-08-20T14:00,40.8,35,13.8
2024-08-20T15:00,40.2,37,18.6
2024-08-20T16:00,39.1,41,22.2
2024-08-20T17:00,38.1,44,21.0
2024-08-20T18:00,37.2,48,20.2
2024-08-20T19:00,36.0,55,18.4
2024-08-20T20:00,35.8,50,17.3
2024-08-20T21:00,34.0,56,21.3
2024-08-20T22:00,32.7,62,23.4
2024-08-20T23:00,32.2,61,25.5
2024-08-21T00:00,32.3,59,23.7
2024-08-21T01:00,31.9,60,19.9
2024-08-21T02:00,31.7,60,17.1
2024-08-21T03:00,31.4,62,17.6
2024-08-21T04:00,31.4,62,14.8
2024-08-21T05:00,32.2,53,15.1
2024-08-21T06:00,31.4,57,15.4
2024-08-21T07:00,31.2,60,18.8
2024-08-21T08:00,32.1,57,18.6
2024-08-21T09:00,33.5,53,16.8
2024-08-21T10:00,35.2,48,15.4
2024-08-21T11:00,37.0,44,14.2
2024-08-21T12:00,38.6,39,14.8
2024-08-21T13:00,39.9,36,16.6
2024-08-21T14:00,40.5,34,13.7
2024-08-21T15:00,40.1,33,10.1
2024-08-21T16:00,39.8,34,12.3
2024-08-21T17:00,39.0,36,12.5
2024-08-21T18:00,37.9,37,16.4
2024-08-21T19:00,36.7,41,17.5
2024-08-21T20:00,35.7,44,18.6
2024-08-21T21:00,34.6,46,19.7
2024-08-21T22:00,33.6,50,18.1
2024-08-21T23:00,32.7,52,18.3
2024-08-22T00:00,31.9,56,17.5
2024-08-22T01:00,31.2,60,17.0
2024-08-22T02:00,30.6,62,17.6
2024-08-22T03:00,31.3,59,12.5
2024-08-22T04:00,32.8,49,18.0
2024-08-22T05:00,32.2,53,15.9
2024-08-22T06:00,32.3,52,17.7
2024-08-22T07:00,32.5,53,16.8
2024-08-22T08:00,33.3,52,19.4
2024-08-22T09:00,34.7,48,17.8
2024-08-22T10:00,36.1,44,13.1
2024-08-22T11:00,37.5,40,9.4
2024-08-22T12:00,38.8,36,8.9
2024-08-22T13:00,39.8,34,8.7
2024-08-22T14:00,39.0,40,18.8
2024-08-22T15:00,37.8,44,22.3
2024-08-22T16:00,37.6,45,19.3
2024-08-22T17:00,36.6,46,17.0
2024-08-22T18:00,35.9,50,16.6
2024-08-22T19:00,34.7,56,12.2
2024-08-22T20:00,34.4,58,9.4
2024-08-22T21:00,34.1,59,8.3
2024-08-22T22:00,33.9,59,7.1
2024-08-22T23:00,33.5,61,7.4
2024-08-23T00:00,32.9,66,8.3
2024-08-23T01:00,32.3,74,10.6
2024-08-23T02:00,31.9,75,12.2
2024-08-23T03:00,31.6,72,10.2
2024-08-23T04:00,31.3,71,9.0
2024-08-23T05:00,31.1,72,7.4
2024-08-23T06:00,31.0,68,7.9
2024-08-23T07:00,31.8,61,7.5
2024-08-23T08:00,33.9,52,8.1
2024-08-23T09:00,36.6,41,7.6
2024-08-23T10:00,38.2,36,6.5
2024-08-23T11:00,39.6,33,5.2
2024-08-23T12:00,40.8,30,8.2
2024-08-23T13:00,41.2,31,15.3
2024-08-23T14:00,40.9,32,20.6
2024-08-23T15:00,40.2,32,21.7
2024-08-23T16:00,39.3,36,20.3
2024-08-23T17:00,37.4,45,22.7
2024-08-23T18:00,35.8,52,19.8
2024-08-23T19:00,34.4,63,18.2
2024-08-23T20:00,33.7,71,17.8
2024-08-23T21:00,33.6,69,7.9
2024-08-23T22:00,33.2,69,3.7
2024-08-23T23:00,32.8,71,3.3
2024-08-24T00:00,32.4,73,3.0
2024-08-24T01:00,31.8,78,7.1
2024-08-24T02:00,31.4,83,8.7
2024-08-24T03:00,31.0,86,9.0
2024-08-24T04:00,30.7,87,8.2
2024-08-24T05:00,30.9,80,6.4
2024-08-24T06:00,30.7,79,7.0
2024-08-24T07:00,31.4,74,6.8
2024-08-24T08:00,34.1,57,5.9
2024-08-24T09:00,37.6,34,19.1
2024-08-24T10:00,39.6,30,20.4
2024-08-24T11:00,41.2,27,17.6
2024-08-24T12:00,42.2,25,11.5
2024-08-24T13:00,42.0,29,12.2
2024-08-24T14:00,41.4,32,20.6
2024-08-24T15:00,40.7,34,22.1
2024-08-24T16:00,39.9,36,19.1
2024-08-24T17:00,39.0,38,16.2
2024-08-24T18:00,37.8,41,11.8
2024-08-24T19:00,37.0,42,11.1
2024-08-24T20:00,35.7,51,11.9
2024-08-24T21:00,35.2,53,7.7
2024-08-24T22:00,35.2,52,0.4
2024-08-24T23:00,34.7,53,2.5
2024-08-25T00:00,34.1,52,7.3
2024-08-25T01:00,33.6,53,6.3
2024-08-25T02:00,33.0,55,6.1
2024-08-25T03:00,32.1,79,14.8
2024-08-25T04:00,31.7,84,10.8
2024-08-25T05:00,31.9,82,7.4
2024-08-25T06:00,31.5,84,7.4
2024-08-25T07:00,31.9,81,8.2
2024-08-25T08:00,33.8,68,8.3
2024-08-25T09:00,36.8,44,12.4
2024-08-25T10:00,39.8,26,17.6
2024-08-25T11:00,41.7,23,16.7
2024-08-25T12:00,43.3,20,15.7
2024-08-25T13:00,44.0,19,15.9
2024-08-25T14:00,42.3,25,25.5
2024-08-25T15:00,40.9,29,26.6
2024-08-25T16:00,39.3,35,25.9
2024-08-25T17:00,37.3,45,18.5
2024-08-25T18:00,35.2,58,19.0
2024-08-25T19:00,34.2,66,13.2
2024-08-25T20:00,33.7,70,8.8
2024-08-25T21:00,33.3,73,5.5
2024-08-25T22:00,32.6,76,5.9
2024-08-25T23:00,31.8,78,5.1
2024-08-26T00:00,31.2,81,2.3
2024-08-26T01:00,30.5,85,4.0
2024-08-26T02:00,30.5,84,6.5
2024-08-26T03:00,30.0,85,7.7
2024-08-26T04:00,29.5,87,8.7
2024-08-26T05:00,30.7,71,13.0
2024-08-26T06:00,30.5,68,13.0
2024-08-26T07:00,31.6,59,13.3
2024-08-26T08:00,33.7,50,7.4
2024-08-26T09:00,35.5,44,7.8
2024-08-26T10:00,38.1,35,11.8
2024-08-26T11:00,39.0,37,16.7
2024-08-26T12:00,39.3,37,19.3
2024-08-26T13:00,38.9,42,20.4
2024-08-26T14:00,38.6,44,20.1
2024-08-26T15:00,38.0,49,19.6
2024-08-26T16:00,37.2,54,17.6
2024-08-26T17:00,36.4,55,15.6
2024-08-26T18:00,35.2,61,11.8
2024-08-26T19:00,34.2,67,9.3
2024-08-26T20:00,33.7,70,9.2
2024-08-26T21:00,33.2,73,9.2
2024-08-26T22:00,32.8,76,6.2
2024-08-26T23:00,32.2,79,6.1
2024-08-27T00:00,31.4,82,7.4
2024-08-27T01:00,30.8,85,5.4
2024-08-27T02:00,30.8,85,6.1
2024-08-27T03:00,30.7,87,7.9
2024-08-27T04:00,30.2,89,8.4
2024-08-27T05:00,30.0,85,9.0
2024-08-27T06:00,29.7,84,9.0
2024-08-27T07:00,30.6,78,8.1
2024-08-27T08:00,33.2,64,7.5
2024-08-27T09:00,36.5,48,7.0
2024-08-27T10:00,39.7,33,9.4
2024-08-27T11:00,42.2,25,7.0
2024-08-27T12:00,42.0,31,17.1
2024-08-27T13:00,38.9,45,25.1
2024-08-27T14:00,38.5,53,21.6
2024-08-27T15:00,38.2,51,21.7
2024-08-27T16:00,37.6,56,19.0
2024-08-27T17:00,37.1,52,18.6
2024-08-27T18:00,35.1,66,15.6
2024-08-27T19:00,33.8,77,13.2
2024-08-27T20:00,33.0,84,6.3
2024-08-27T21:00,32.5,88,1.6
2024-08-27T22:00,32.1,88,5.4
2024-08-27T23:00,31.3,92,1.8
2024-08-28T00:00,30.5,94,4.7
2024-08-28T01:00,29.9,97,7.7
2024-08-28T02:00,29.3,99,5.9
2024-08-28T03:00,29.2,100,9.4
2024-08-28T04:00,29.4,99,8.4
2024-08-28T05:00,30.1,99,9.8
2024-08-28T06:00,29.9,99,9.9
2024-08-28T07:00,29.5,98,11.9
2024-08-28T08:00,30.7,87,12.0
2024-08-28T09:00,35.1,57,12.0
2024-08-28T10:00,40.0,28,10.5
2024-08-28T11:00,42.8,17,4.7
2024-08-28T12:00,44.6,13,3.3
2024-08-28T13:00,46.0,11,8.9
2024-08-28T14:00,45.0,16,21.4
2024-08-28T15:00,41.4,29,25.1
2024-08-28T16:00,40.2,34,22.9
2024-08-28T17:00,39.1,37,19.4
2024-08-28T18:00,36.3,56,19.9
2024-08-28T19:00,34.4,73,14.8
2024-08-28T20:00,33.5,80,7.1
2024-08-28T21:00,32.8,84,1.9
2024-08-28T22:00,32.2,86,1.3
2024-08-28T23:00,31.2,90,4.6
2024-08-29T00:00,31.7,85,3.1
2024-08-29T01:00,30.7,89,4.7
2024-08-29T02:00,29.8,94,11.5
2024-08-29T03:00,29.1,94,9.0
2024-08-29T04:00,28.6,91,8.8
2024-08-29T05:00,28.9,94,9.0
2024-08-29T06:00,28.6,87,9.4
2024-08-29T07:00,29.6,71,9.4
2024-08-29T08:00,33.4,48,7.7
2024-08-29T09:00,37.4,32,6.4
2024-08-29T10:00,40.3,23,3.4
2024-08-29T11:00,42.5,18,1.8
2024-08-29T12:00,43.9,17,11.2
2024-08-29T13:00,42.6,24,20.1
2024-08-29T14:00,41.8,26,19.6
2024-08-29T15:00,40.5,35,18.1
2024-08-29T16:00,39.6,41,14.3
2024-08-29T17:00,38.1,46,14.5
2024-08-29T18:00,36.4,57,14.8
2024-08-29T19:00,34.8,68,10.6
2024-08-29T20:00,34.2,70,7.6
2024-08-29T21:00,33.5,75,11.0
2024-08-29T22:00,32.7,80,12.6
2024-08-29T23:00,32.1,82,11.8
2024-08-30T00:00,31.5,83,9.2
2024-08-30T01:00,30.6,88,3.9
2024-08-30T02:00,30.2,89,5.2
2024-08-30T03:00,30.1,88,8.9
2024-08-30T04:00,29.2,91,9.8
2024-08-30T05:00,29.8,93,8.8
2024-08-30T06:00,30.2,93,9.0
2024-08-30T07:00,30.3,95,8.1
2024-08-30T08:00,32.0,88,7.9
2024-08-30T09:00,33.6,81,2.9
2024-08-30T10:00,35.4,71,2.2
2024-08-30T11:00,37.2,62,1.1
2024-08-30T12:00,39.1,52,1.9
2024-08-30T13:00,40.7,43,5.9
2024-08-30T14:00,41.1,43,14.0
2024-08-30T15:00,41.0,39,16.4
2024-08-30T16:00,40.7,34,16.2
2024-08-30T17:00,36.8,52,16.6
2024-08-30T18:00,35.0,65,17.9
2024-08-30T19:00,34.0,74,11.1
2024-08-30T20:00,33.5,79,4.8
2024-08-30T21:00,33.4,79,7.7
2024-08-30T22:00,32.7,79,14.3
2024-08-30T23:00,32.1,85,8.4
2024-08-31T00:00,32.3,88,4.6
2024-08-31T01:00,32.0,90,4.0
2024-08-31T02:00,31.7,90,7.3
2024-08-31T03:00,31.3,92,5.8
2024-08-31T04:00,30.6,94,9.7
2024-08-31T05:00,30.7,97,9.1
2024-08-31T06:00,30.4,99,9.7
2024-08-31T07:00,30.9,91,10.1
2024-08-31T08:00,34.7,51,19.7
2024-08-31T09:00,38.5,28,23.8
2024-08-31T10:00,40.5,23,27.8
2024-08-31T11:00,42.5,15,34.5
2024-08-31T12:00,43.4,13,33.2
2024-08-31T13:00,43.9,14,30.4
2024-08-31T14:00,44.1,15,27.6
2024-08-31T15:00,44.1,14,24.5
2024-08-31T16:00,43.6,15,24.5
2024-08-31T17:00,43.4,14,25.9
2024-08-31T18:00,40.1,21,32.9
2024-08-31T19:00,38.9,23,25.0
2024-08-31T20:00,37.1,26,20.6
2024-08-31T21:00,35.4,30,14.8
2024-08-31T22:00,34.0,37,15.3
2024-08-31T23:00,33.1,42,13.8
2024-09-01T00:00,32.1,49,16.2
2024-09-01T01:00,31.5,53,17.4
2024-09-01T02:00,31.4,51,20.3
2024-09-01T03:00,30.6,55,18.7
2024-09-01T04:00,30.4,46,14.1
2024-09-01T05:00,30.2,61,16.2
2024-09-01T06:00,29.6,67,16.6
2024-09-01T07:00,29.7,72,18.6
2024-09-01T08:00,32.1,61,19.7
2024-09-01T09:00,35.0,47,17.1
2024-09-01T10:00,37.9,31,12.6
2024-09-01T11:00,39.7,23,8.4
2024-09-01T12:00,41.2,21,8.1
2024-09-01T13:00,42.5,20,8.2
2024-09-01T14:00,43.1,18,7.6
2024-09-01T15:00,40.7,30,25.3
2024-09-01T16:00,38.7,43,28.6
2024-09-01T17:00,37.0,46,25.8
2024-09-01T18:00,35.7,50,22.3
2024-09-01T19:00,34.7,56,17.2
2024-09-01T20:00,34.3,58,13.4
2024-09-01T21:00,33.9,59,12.5
2024-09-01T22:00,33.3,58,10.0
2024-09-01T23:00,32.2,56,10.4
2024-09-02T00:00,31.0,58,10.2
2024-09-02T01:00,30.1,61,12.5
2024-09-02T02:00,29.4,60,11.8
2024-09-02T03:00,29.2,59,16.9
2024-09-02T04:00,29.2,58,16.8
2024-09-02T05:00,29.0,62,17.6
2024-09-02T06:00,28.9,70,17.8
2024-09-02T07:00,29.8,63,15.4
2024-09-02T08:00,32.3,52,12.9
2024-09-02T09:00,35.7,38,12.0
2024-09-02T10:00,38.4,26,7.7
2024-09-02T11:00,40.1,21,4.2
2024-09-02T12:00,41.9,18,5.1
2024-09-02T13:00,42.6,19,14.0
2024-09-02T14:00,41.7,26,22.1
2024-09-02T15:00,40.0,33,27.6
2024-09-02T16:00,38.9,37,28.4
2024-09-02T17:00,37.6,38,23.9
2024-09-02T18:00,36.4,42,21.8
2024-09-02T19:00,34.9,53,17.6
2024-09-02T20:00,34.1,59,11.3
2024-09-02T21:00,33.6,61,9.5
2024-09-02T22:00,32.9,63,9.2
2024-09-02T23:00,32.1,66,8.1
2024-09-03T00:00,31.2,69,6.9
2024-09-03T01:00,30.7,72,9.2
2024-09-03T02:00,30.4,77,10.5
2024-09-03T03:00,30.0,83,12.7
2024-09-03T04:00,29.6,82,13.1
2024-09-03T05:00,29.9,74,14.1
2024-09-03T06:00,29.6,68,13.7
2024-09-03T07:00,30.2,60,15.0
2024-09-03T08:00,32.7,56,17.3
2024-09-03T09:00,36.7,28,23.6
2024-09-03T10:00,38.3,30,21.4
2024-09-03T11:00,40.1,27,15.9
2024-09-03T12:00,41.5,23,10.2
2024-09-03T13:00,42.9,18,9.4
2024-09-03T14:00,44.0,14,10.5
2024-09-03T15:00,42.3,23,15.5
2024-09-03T16:00,38.7,41,29.0
2024-09-03T17:00,37.8,43,25.5
2024-09-03T18:00,36.2,46,20.8
2024-09-03T19:00,35.1,52,16.6
2024-09-03T20:00,34.7,55,14.7
2024-09-03T21:00,34.4,53,9.8
2024-09-03T22:00,33.7,47,9.4
2024-09-03T23:00,32.6,47,11.5
2024-09-04T00:00,31.6,48,13.7
2024-09-04T01:00,30.8,52,14.2
2024-09-04T02:00,29.8,57,12.6
2024-09-04T03:00,29.0,59,13.6
2024-09-04T04:00,29.0,57,14.1
2024-09-04T05:00,29.3,54,15.5
2024-09-04T06:00,28.9,64,16.5
2024-09-04T07:00,30.2,54,12.5
2024-09-04T08:00,32.6,50,14.0
2024-09-04T09:00,34.3,49,20.3
2024-09-04T10:00,36.4,41,23.2
2024-09-04T11:00,38.2,35,22.0
2024-09-04T12:00,39.8,30,18.0
2024-09-04T13:00,41.0,26,13.8
2024-09-04T14:00,42.0,23,8.7
2024-09-04T15:00,42.3,20,7.7
2024-09-04T16:00,39.4,37,26.0
2024-09-04T17:00,37.6,41,25.0
2024-09-04T18:00,36.0,50,19.5
2024-09-04T19:00,34.6,56,14.8
2024-09-04T20:00,34.4,55,14.2
2024-09-04T21:00,34.1,54,12.0
2024-09-04T22:00,33.4,57,8.4
2024-09-04T23:00,32.7,60,5.7
2024-09-05T00:00,31.9,63,6.5
2024-09-05T01:00,30.9,67,5.0
2024-09-05T02:00,30.3,69,6.1
2024-09-05T03:00,29.7,71,6.6
2024-09-05T04:00,29.0,74,6.6
2024-09-05T05:00,29.1,75,7.1
2024-09-05T06:00,28.6,74,8.5
2024-09-05T07:00,29.9,64,16.6
2024-09-05T08:00,32.5,50,20.6
2024-09-05T09:00,34.8,45,24.9
2024-09-05T10:00,37.3,37,26.1
2024-09-05T11:00,39.2,31,23.6
2024-09-05T12:00,40.8,25,20.1
2024-09-05T13:00,42.0,20,17.4
2024-09-05T14:00,39.8,36,28.6
2024-09-05T15:00,38.1,41,30.2
2024-09-05T16:00,37.0,41,28.6
2024-09-05T17:00,35.5,53,21.4
2024-09-05T18:00,33.8,59,17.8
2024-09-05T19:00,32.7,70,12.9
2024-09-05T20:00,32.4,71,8.2
2024-09-05T21:00,31.6,75,5.1
2024-09-05T22:00,31.1,78,1.8
2024-09-05T23:00,29.7,85,4.5
2024-09-06T00:00,28.9,87,6.4
2024-09-06T01:00,28.2,90,7.4
2024-09-06T02:00,27.4,93,6.9
2024-09-06T03:00,26.7,93,6.4
2024-09-06T04:00,26.4,91,7.2
2024-09-06T05:00,26.8,83,7.7
2024-09-06T06:00,26.3,80,7.8
2024-09-06T07:00,26.9,73,6.9
2024-09-06T08:00,29.8,56,6.1
2024-09-06T09:00,33.3,41,5.6
2024-09-06T10:00,36.0,32,6.3
2024-09-06T11:00,37.6,29,9.4
2024-09-06T12:00,37.4,38,16.3
2024-09-06T13:00,37.2,40,19.3
2024-09-06T14:00,36.9,45,19.4
2024-09-06T15:00,36.9,44,17.3
2024-09-06T16:00,36.5,45,16.3
2024-09-06T17:00,35.4,50,15.3
2024-09-06T18:00,33.8,62,13.4
2024-09-06T19:00,32.8,68,8.5
2024-09-06T20:00,32.2,72,6.6
2024-09-06T21:00,31.3,78,3.0
2024-09-06T22:00,30.4,83,3.6
2024-09-06T23:00,29.4,85,4.4
2024-09-07T00:00,28.6,88,5.2
2024-09-07T01:00,28.1,89,8.4
2024-09-07T02:00,27.5,90,7.6
2024-09-07T03:00,27.3,88,8.4
2024-09-07T04:00,26.9,90,9.0
2024-09-07T05:00,27.3,90,8.3
2024-09-07T06:00,26.8,90,9.5
2024-09-07T07:00,27.4,81,5.4
2024-09-07T08:00,30.0,64,5.1
2024-09-07T09:00,33.7,46,4.6
2024-09-07T10:00,36.8,36,2.1
2024-09-07T11:00,38.9,30,4.0
2024-09-07T12:00,39.8,29,10.3
2024-09-07T13:00,39.6,35,14.8
2024-09-07T14:00,39.7,33,18.7
2024-09-07T15:00,39.1,36,20.9
2024-09-07T16:00,38.3,39,20.2
2024-09-07T17:00,36.7,46,20.0
2024-09-07T18:00,35.1,59,15.3
2024-09-07T19:00,34.1,64,14.3
2024-09-07T20:00,33.5,67,10.2
2024-09-07T21:00,32.9,69,6.0
2024-09-07T22:00,32.0,76,7.5
2024-09-07T23:00,31.0,83,4.5
2024-09-08T00:00,30.3,87,4.5
2024-09-08T01:00,29.8,88,7.2
2024-09-08T02:00,29.5,91,8.7
2024-09-08T03:00,29.2,93,9.7
2024-09-08T04:00,28.5,95,11.5
2024-09-08T05:00,28.7,81,10.6
2024-09-08T06:00,28.4,74,9.6
2024-09-08T07:00,29.4,64,12.5
2024-09-08T08:00,32.4,51,15.8
2024-09-08T09:00,35.7,33,24.7
2024-09-08T10:00,37.7,32,23.2
2024-09-08T11:00,39.7,28,21.3
2024-09-08T12:00,41.3,24,17.4
2024-09-08T13:00,42.6,20,13.2
2024-09-08T14:00,43.3,18,8.9
2024-09-08T15:00,40.7,31,21.1
2024-09-08T16:00,38.8,38,21.3
2024-09-08T17:00,37.1,44,19.8
2024-09-08T18:00,35.1,56,18.5
2024-09-08T19:00,34.0,65,14.7
2024-09-08T20:00,33.5,68,14.4
2024-09-08T21:00,32.8,70,8.7
2024-09-08T22:00,31.9,73,4.5
2024-09-08T23:00,31.1,75,5.2
2024-09-09T00:00,30.4,78,7.3
2024-09-09T01:00,30.2,77,11.2
2024-09-09T02:00,29.8,78,10.1
2024-09-09T03:00,29.1,84,9.9
2024-09-09T04:00,28.1,85,10.9
2024-09-09T05:00,27.4,81,6.6
2024-09-09T06:00,27.2,77,9.6
2024-09-09T07:00,28.1,70,7.2
2024-09-09T08:00,31.0,58,11.6
2024-09-09T09:00,34.9,42,11.2
2024-09-09T10:00,38.1,29,10.8
2024-09-09T11:00,40.2,22,9.7
2024-09-09T12:00,41.2,20,11.0
2024-09-09T13:00,40.8,24,17.1
2024-09-09T14:00,40.5,21,19.1
2024-09-09T15:00,39.2,29,19.7
2024-09-09T16:00,37.7,35,19.9
2024-09-09T17:00,36.3,45,16.8
2024-09-09T18:00,34.5,59,14.1
2024-09-09T19:00,33.2,72,11.7
2024-09-09T20:00,32.6,77,10.0
2024-09-09T21:00,32.0,81,8.5
2024-09-09T22:00,31.1,87,6.2
2024-09-09T23:00,30.1,93,4.3
2024-09-10T00:00,30.0,93,2.9
2024-09-10T01:00,29.8,94,3.0
2024-09-10T02:00,28.8,98,8.0
2024-09-10T03:00,28.0,99,6.4
2024-09-10T04:00,27.5,99,6.5
2024-09-10T05:00,28.0,100,9.4
2024-09-10T06:00,28.2,100,12.3
2024-09-10T07:00,28.7,99,12.3
2024-09-10T08:00,29.3,97,12.7
2024-09-10T09:00,31.9,79,13.1
2024-09-10T10:00,34.7,62,10.0
2024-09-10T11:00,37.1,51,8.2
2024-09-10T12:00,38.6,43,15.6
2024-09-10T13:00,38.8,38,18.9
2024-09-10T14:00,38.2,42,19.3
2024-09-10T15:00,37.6,48,20.3
2024-09-10T16:00,36.9,53,18.5
2024-09-10T17:00,35.6,59,16.6
2024-09-10T18:00,34.6,64,13.8
2024-09-10T19:00,33.9,67,11.9
2024-09-10T20:00,33.3,69,9.3
2024-09-10T21:00,32.5,74,8.4
2024-09-10T22:00,31.6,78,10.9
2024-09-10T23:00,30.9,81,12.7
2024-09-11T00:00,29.8,86,4.2
2024-09-11T01:00,29.1,88,8.6
2024-09-11T02:00,28.3,91,10.0
2024-09-11T03:00,28.5,89,11.6
2024-09-11T04:00,28.1,89,13.8
2024-09-11T05:00,28.4,90,11.7
2024-09-11T06:00,28.1,89,10.2
2024-09-11T07:00,28.5,84,5.9
2024-09-11T08:00,30.8,71,5.6
2024-09-11T09:00,33.9,52,6.8
2024-09-11T10:00,36.9,39,8.9
2024-09-11T11:00,39.6,30,10.2
2024-09-11T12:00,43.6,12,11.8
2024-09-11T13:00,41.9,23,17.6
2024-09-11T14:00,40.7,33,20.5
2024-09-11T15:00,41.6,27,14.4
2024-09-11T16:00,40.2,33,11.7
2024-09-11T17:00,35.3,58,26.1
2024-09-11T18:00,34.2,61,22.4
2024-09-11T19:00,33.1,72,16.1
2024-09-11T20:00,32.6,77,11.3
2024-09-11T21:00,32.1,73,6.2
2024-09-11T22:00,31.6,44,7.6
2024-09-11T23:00,31.0,28,7.2
2024-09-12T00:00,29.7,28,7.8
2024-09-12T01:00,28.6,28,8.8
2024-09-12T02:00,28.2,25,11.2
2024-09-12T03:00,27.4,27,11.0
2024-09-12T04:00,26.8,35,14.2
2024-09-12T05:00,29.1,30,16.6
2024-09-12T06:00,28.6,41,16.6
2024-09-12T07:00,29.3,46,17.3
2024-09-12T08:00,31.6,52,18.3
2024-09-12T09:00,34.7,45,18.8
2024-09-12T10:00,38.7,25,16.0
2024-09-12T11:00,40.9,16,10.8
2024-09-12T12:00,42.0,14,9.4
2024-09-12T13:00,43.0,12,7.6
2024-09-12T14:00,43.9,10,6.0
2024-09-12T15:00,43.6,11,10.8
2024-09-12T16:00,40.0,31,22.6
2024-09-12T17:00,38.7,31,18.8
2024-09-12T18:00,37.3,35,15.6
2024-09-12T19:00,34.9,54,9.0
2024-09-12T20:00,34.9,48,9.5
2024-09-12T21:00,34.5,38,10.2
2024-09-12T22:00,33.0,38,8.1
2024-09-12T23:00,32.0,32,9.0
2024-09-13T00:00,31.1,39,11.4
2024-09-13T01:00,29.9,52,11.5
2024-09-13T02:00,30.1,51,0.4
2024-09-13T03:00,28.3,58,9.9
2024-09-13T04:00,27.7,66,9.2
2024-09-13T05:00,27.6,53,13.6
2024-09-13T06:00,28.3,36,12.7
2024-09-13T07:00,30.1,35,15.9
2024-09-13T08:00,32.1,42,18.7
2024-09-13T09:00,34.4,39,25.5
2024-09-13T10:00,37.4,28,25.9
2024-09-13T11:00,40.0,20,25.7
2024-09-13T12:00,41.5,18,23.0
2024-09-13T13:00,42.3,17,19.3
2024-09-13T14:00,41.6,23,18.4
2024-09-13T15:00,39.3,37,22.6
2024-09-13T16:00,37.6,40,22.7
2024-09-13T17:00,36.5,42,18.8
2024-09-13T18:00,34.6,49,15.1
2024-09-13T19:00,33.4,61,11.8
2024-09-13T20:00,32.8,66,8.0
2024-09-13T21:00,32.0,68,7.0
2024-09-13T22:00,31.1,67,6.4
2024-09-13T23:00,31.4,62,2.1
2024-09-14T00:00,29.6,71,9.0
2024-09-14T01:00,28.6,81,8.6
2024-09-14T02:00,27.8,85,7.6
2024-09-14T03:00,27.5,88,8.4
2024-09-14T04:00,27.0,94,7.2
2024-09-14T05:00,28.9,77,3.1
2024-09-14T06:00,27.0,72,16.4
2024-09-14T07:00,28.3,53,10.2
2024-09-14T08:00,31.6,34,12.8
2024-09-14T09:00,34.3,34,19.8
2024-09-14T10:00,37.4,28,24.3
2024-09-14T11:00,39.6,23,22.9
2024-09-14T12:00,41.1,20,19.6
2024-09-14T13:00,42.1,18,17.7
2024-09-14T14:00,39.4,33,26.3
2024-09-14T15:00,38.4,34,25.6
2024-09-14T16:00,36.8,46,24.6
2024-09-14T17:00,34.7,65,17.8
2024-09-14T18:00,33.3,69,13.0
2024-09-14T19:00,32.8,75,11.4
2024-09-14T20:00,31.9,81,9.8
2024-09-14T21:00,31.2,85,10.4
2024-09-14T22:00,30.9,88,13.2
2024-09-14T23:00,30.4,92,8.8
2024-09-15T00:00,29.7,95,5.6
2024-09-15T01:00,29.2,97,9.2
2024-09-15T02:00,28.6,99,9.9
2024-09-15T03:00,28.3,98,9.6
2024-09-15T04:00,27.9,98,7.6
2024-09-15T05:00,28.1,97,7.9
2024-09-15T06:00,28.1,94,10.9
2024-09-15T07:00,29.2,82,12.0
2024-09-15T08:00,31.8,66,10.9
2024-09-15T09:00,34.6,49,15.5
2024-09-15T10:00,37.1,36,16.5
2024-09-15T11:00,39.2,24,13.3
2024-09-15T12:00,40.4,18,12.0
2024-09-15T13:00,41.0,15,16.3
2024-09-15T14:00,40.7,15,19.7
2024-09-15T15:00,40.0,15,18.6
2024-09-15T16:00,38.9,19,17.4
2024-09-15T17:00,36.6,36,19.6
2024-09-15T18:00,34.7,49,18.5
2024-09-15T19:00,33.5,58,14.5
2024-09-15T20:00,32.7,64,10.6
2024-09-15T21:00,31.9,69,9.5
2024-09-15T22:00,31.2,74,9.9
2024-09-15T23:00,30.4,78,7.9
2024-09-16T00:00,30.8,75,1.8
2024-09-16T01:00,28.7,83,14.6
2024-09-16T02:00,28.2,81,10.5
2024-09-16T03:00,27.7,81,8.4
2024-09-16T04:00,27.4,78,9.9
2024-09-16T05:00,27.1,81,11.2
2024-09-16T06:00,26.5,81,10.0
2024-09-16T07:00,27.3,73,9.7
2024-09-16T08:00,30.4,53,8.9
2024-09-16T09:00,34.0,37,6.4
2024-09-16T10:00,36.7,26,5.8
2024-09-16T11:00,38.4,20,1.6
2024-09-16T12:00,39.5,19,10.9
2024-09-16T13:00,38.5,29,18.8
2024-09-16T14:00,38.3,24,20.1
2024-09-16T15:00,37.5,29,20.6
2024-09-16T16:00,36.3,36,21.5
2024-09-16T17:00,35.3,39,16.9
2024-09-16T18:00,34.0,44,14.5
2024-09-16T19:00,32.7,55,10.8
2024-09-16T20:00,31.7,63,10.1
2024-09-16T21:00,30.9,69,9.1
2024-09-16T22:00,30.1,73,8.4
2024-09-16T23:00,29.3,77,10.3
2024-09-17T00:00,28.3,82,10.4
2024-09-17T01:00,27.6,85,9.2
2024-09-17T02:00,27.0,87,6.8
2024-09-17T03:00,26.6,87,7.3
2024-09-17T04:00,26.0,87,7.3
2024-09-17T05:00,25.9,90,6.2
2024-09-17T06:00,25.4,87,7.5
2024-09-17T07:00,26.1,73,7.7
2024-09-17T08:00,29.3,53,6.2
2024-09-17T09:00,32.8,38,7.9
2024-09-17T10:00,35.3,28,5.5
2024-09-17T11:00,37.4,25,8.9
2024-09-17T12:00,38.8,21,12.4
2024-09-17T13:00,38.7,26,18.2
2024-09-17T14:00,38.0,27,23.9
2024-09-17T15:00,37.1,34,23.3
2024-09-17T16:00,36.2,41,23.5
2024-09-17T17:00,34.7,45,20.0
2024-09-17T18:00,33.4,56,17.1
2024-09-17T19:00,32.3,65,12.0
2024-09-17T20:00,31.7,71,9.7
2024-09-17T21:00,31.2,72,8.4
2024-09-17T22:00,30.4,73,6.7
2024-09-17T23:00,29.3,76,5.6
2024-09-18T00:00,28.6,78,3.9
2024-09-18T01:00,27.5,82,5.8
2024-09-18T02:00,27.6,81,3.6
2024-09-18T03:00,27.5,83,3.9
2024-09-18T04:00,26.3,89,6.5
2024-09-18T05:00,26.7,86,7.0
2024-09-18T06:00,26.4,90,7.9
2024-09-18T07:00,27.0,89,6.9
2024-09-18T08:00,29.7,77,7.8
2024-09-18T09:00,32.2,63,8.7
2024-09-18T10:00,34.6,43,8.4
2024-09-18T11:00,36.5,36,6.6
2024-09-18T12:00,38.2,30,8.0
2024-09-18T13:00,39.0,27,12.5
2024-09-18T14:00,38.1,34,19.5
2024-09-18T15:00,37.5,31,22.9
2024-09-18T16:00,36.7,35,22.4
2024-09-18T17:00,35.7,35,21.4
2024-09-18T18:00,34.0,49,18.7
2024-09-18T19:00,33.1,59,17.6
2024-09-18T20:00,32.8,59,11.2
2024-09-18T21:00,32.2,65,8.7
2024-09-18T22:00,31.2,71,4.3
2024-09-18T23:00,30.5,74,5.1
2024-09-19T00:00,30.0,76,7.2
2024-09-19T01:00,29.2,77,7.9
2024-09-19T02:00,28.7,78,6.8
2024-09-19T03:00,28.3,78,7.0
2024-09-19T04:00,27.8,77,7.5
2024-09-19T05:00,28.6,74,5.2
2024-09-19T06:00,28.3,76,5.5
2024-09-19T07:00,29.4,72,5.4
2024-09-19T08:00,31.5,67,5.1
2024-09-19T09:00,32.9,63,5.0
2024-09-19T10:00,34.8,52,6.3
2024-09-19T11:00,36.6,43,6.7
2024-09-19T12:00,37.8,39,10.5
2024-09-19T13:00,37.2,49,19.5
2024-09-19T14:00,36.8,45,23.9
2024-09-19T15:00,36.5,46,23.6
2024-09-19T16:00,35.6,52,24.8
2024-09-19T17:00,34.7,55,21.1
2024-09-19T18:00,33.2,61,20.7
2024-09-19T19:00,33.0,64,13.1
2024-09-19T20:00,32.6,66,9.3
2024-09-19T21:00,31.9,70,4.8
2024-09-19T22:00,31.4,71,8.3
2024-09-19T23:00,30.8,72,6.6
2024-09-20T00:00,30.1,74,6.6
2024-09-20T01:00,29.7,76,6.4
2024-09-20T02:00,28.9,80,4.6
2024-09-20T03:00,28.7,80,4.3
2024-09-20T04:00,28.6,80,7.1
2024-09-20T05:00,29.0,78,7.7
2024-09-20T06:00,28.3,82,6.5
2024-09-20T07:00,29.0,78,4.3
2024-09-20T08:00,30.9,69,4.0
2024-09-20T09:00,32.5,64,1.8
2024-09-20T10:00,34.1,54,1.4
2024-09-20T11:00,35.8,45,3.1
2024-09-20T12:00,37.2,40,4.4
2024-09-20T13:00,37.9,39,11.5
2024-09-20T14:00,37.0,43,21.4
2024-09-20T15:00,36.1,47,22.5
2024-09-20T16:00,35.5,46,23.9
2024-09-20T17:00,34.3,53,23.4
2024-09-20T18:00,33.2,56,23.3
2024-09-20T19:00,33.1,58,16.0
2024-09-20T20:00,32.5,61,12.7
2024-09-20T21:00,32.2,62,7.1
2024-09-20T22:00,31.6,64,4.5
2024-09-20T23:00,30.9,67,3.9
2024-09-21T00:00,30.4,69,3.4
2024-09-21T01:00,30.0,71,3.5
2024-09-21T02:00,30.1,70,1.9
2024-09-21T03:00,28.7,76,5.2
2024-09-21T04:00,28.2,79,5.8
2024-09-21T05:00,28.1,83,5.4
2024-09-21T06:00,27.7,86,6.6
2024-09-21T07:00,28.3,83,5.4
2024-09-21T08:00,30.6,73,5.9
2024-09-21T09:00,32.8,62,6.9
2024-09-21T10:00,34.9,51,6.8
2024-09-21T11:00,36.5,45,10.4
2024-09-21T12:00,36.8,48,16.0
2024-09-21T13:00,37.1,44,18.7
2024-09-21T14:00,37.2,43,18.4
2024-09-21T15:00,37.1,43,17.9
2024-09-21T16:00,36.4,43,18.9
2024-09-21T17:00,35.8,42,17.4
2024-09-21T18:00,34.2,51,18.6
2024-09-21T19:00,33.2,60,13.0
2024-09-21T20:00,32.8,63,7.0
2024-09-21T21:00,32.3,65,7.3
2024-09-21T22:00,31.3,70,5.1
2024-09-21T23:00,30.7,74,3.2
2024-09-22T00:00,30.0,76,3.5
2024-09-22T01:00,29.2,78,5.4
2024-09-22T02:00,28.8,78,7.3
2024-09-22T03:00,28.1,81,8.4
2024-09-22T04:00,27.5,84,8.0
2024-09-22T05:00,27.7,83,7.6
2024-09-22T06:00,27.2,84,9.2
2024-09-22T07:00,27.7,80,9.7
2024-09-22T08:00,30.7,65,10.1
2024-09-22T09:00,34.1,48,9.8
2024-09-22T10:00,37.1,35,9.0
2024-09-22T11:00,39.3,28,12.6
2024-09-22T12:00,40.0,29,17.9
2024-09-22T13:00,39.9,28,19.9
2024-09-22T14:00,39.8,29,19.7
2024-09-22T15:00,38.9,34,18.7
2024-09-22T16:00,37.9,38,16.4
2024-09-22T17:00,36.7,42,16.9
2024-09-22T18:00,35.2,49,15.1
2024-09-22T19:00,34.0,58,10.0
2024-09-22T20:00,33.0,65,6.9
2024-09-22T21:00,31.8,71,5.3
2024-09-22T22:00,31.2,72,3.6
2024-09-22T23:00,30.5,74,4.5
2024-09-23T00:00,29.8,74,9.3
2024-09-23T01:00,29.0,72,10.1
2024-09-23T02:00,28.4,69,9.4
2024-09-23T03:00,28.0,66,9.4
2024-09-23T04:00,27.6,64,9.8
2024-09-23T05:00,27.8,59,11.5
2024-09-23T06:00,27.5,56,11.7
2024-09-23T07:00,28.3,46,11.8
2024-09-23T08:00,31.4,33,9.5
2024-09-23T09:00,35.7,23,10.2
2024-09-23T10:00,38.3,19,9.9
2024-09-23T11:00,39.8,16,5.3
2024-09-23T12:00,41.1,14,8.7
2024-09-23T13:00,41.5,15,14.9
2024-09-23T14:00,40.8,19,19.1
2024-09-23T15:00,39.6,23,20.6
2024-09-23T16:00,38.0,32,19.9
2024-09-23T17:00,36.6,38,16.6
2024-09-23T18:00,34.8,49,13.6
2024-09-23T19:00,33.7,59,10.3
2024-09-23T20:00,32.9,68,7.1
2024-09-23T21:00,31.9,76,4.9
2024-09-23T22:00,31.2,81,4.1
2024-09-23T23:00,30.5,83,4.3
2024-09-24T00:00,29.7,86,6.2
2024-09-24T01:00,29.1,87,7.9
2024-09-24T02:00,28.6,89,8.9
2024-09-24T03:00,28.0,91,9.6
2024-09-24T04:00,27.6,92,10.1
2024-09-24T05:00,28.1,86,13.0
2024-09-24T06:00,28.0,82,14.4
2024-09-24T07:00,28.8,73,15.2
2024-09-24T08:00,31.5,59,12.6
2024-09-24T09:00,34.9,46,16.5
2024-09-24T10:00,37.0,38,14.0
2024-09-24T11:00,38.5,35,14.2
2024-09-24T12:00,39.5,33,15.7
2024-09-24T13:00,39.6,35,19.4
2024-09-24T14:00,38.3,43,21.4
2024-09-24T15:00,37.6,48,20.4
2024-09-24T16:00,36.6,53,19.2
2024-09-24T17:00,35.3,60,17.7
2024-09-24T18:00,33.9,70,15.2
2024-09-24T19:00,33.1,76,12.7
2024-09-24T20:00,32.8,76,9.7
2024-09-24T21:00,32.2,76,8.7
2024-09-24T22:00,31.2,77,6.5
2024-09-24T23:00,31.9,72,2.5
2024-09-25T00:00,30.9,75,3.7
2024-09-25T01:00,29.1,82,7.2
2024-09-25T02:00,28.6,83,8.7
2024-09-25T03:00,28.0,85,10.0
2024-09-25T04:00,27.4,87,10.1
2024-09-25T05:00,27.8,86,9.4
2024-09-25T06:00,27.3,87,10.0
2024-09-25T07:00,28.0,83,10.6
2024-09-25T08:00,31.1,69,10.8
2024-09-25T09:00,33.9,58,12.3
2024-09-25T10:00,36.0,48,10.2
2024-09-25T11:00,37.9,41,10.8
2024-09-25T12:00,39.4,35,13.2
2024-09-25T13:00,39.5,35,18.0
2024-09-25T14:00,38.4,44,22.1
2024-09-25T15:00,37.4,51,22.7
2024-09-25T16:00,36.2,58,20.9
2024-09-25T17:00,34.8,63,20.6
2024-09-25T18:00,33.2,77,17.4
2024-09-25T19:00,32.4,84,13.5
2024-09-25T20:00,32.1,87,10.9
2024-09-25T21:00,31.6,90,9.1
2024-09-25T22:00,30.9,95,7.4
2024-09-25T23:00,30.3,98,6.2
2024-09-26T00:00,29.8,99,4.3
2024-09-26T01:00,29.9,99,3.3
2024-09-26T02:00,30.1,99,1.5
2024-09-26T03:00,29.0,100,5.1
2024-09-26T04:00,29.7,100,8.5
2024-09-26T05:00,29.2,97,9.6
2024-09-26T06:00,28.6,98,8.4
2024-09-26T07:00,28.5,95,10.9
2024-09-26T08:00,30.3,79,12.5
2024-09-26T09:00,33.4,58,9.2
2024-09-26T10:00,36.1,43,7.7
2024-09-26T11:00,38.2,34,6.1
2024-09-26T12:00,38.8,36,11.5
2024-09-26T13:00,37.4,50,19.6
2024-09-26T14:00,37.4,42,20.9
2024-09-26T15:00,36.2,53,21.8
2024-09-26T16:00,35.4,53,20.1
2024-09-26T17:00,34.4,60,17.0
2024-09-26T18:00,32.8,74,12.1
2024-09-26T19:00,32.0,81,9.3
2024-09-26T20:00,31.5,85,6.0
2024-09-26T21:00,30.7,90,2.3
2024-09-26T22:00,30.0,93,4.9
2024-09-26T23:00,29.3,95,5.8
2024-09-27T00:00,28.5,98,5.2
2024-09-27T01:00,28.2,99,6.1
2024-09-27T02:00,27.9,100,6.9
2024-09-27T03:00,28.1,99,5.9
2024-09-27T04:00,28.4,97,6.1
2024-09-27T05:00,27.2,99,6.8
2024-09-27T06:00,27.1,99,7.4
2024-09-27T07:00,26.9,99,5.8
2024-09-27T08:00,27.8,94,6.4
2024-09-27T09:00,30.2,81,7.8
2024-09-27T10:00,32.5,66,4.3
2024-09-27T11:00,34.7,52,1.7
2024-09-27T12:00,36.7,41,1.7
2024-09-27T13:00,38.1,37,6.3
2024-09-27T14:00,38.1,42,12.5
2024-09-27T15:00,37.4,45,15.8
2024-09-27T16:00,36.8,43,16.1
2024-09-27T17:00,35.0,52,17.3
2024-09-27T18:00,33.2,63,16.0
2024-09-27T19:00,32.1,70,13.3
2024-09-27T20:00,31.6,74,10.1
2024-09-27T21:00,31.0,80,7.2
2024-09-27T22:00,30.2,87,4.3
2024-09-27T23:00,30.2,88,2.1
2024-09-28T00:00,29.2,94,3.7
2024-09-28T01:00,29.0,95,3.8
2024-09-28T02:00,29.2,93,3.3
2024-09-28T03:00,29.4,93,2.6
2024-09-28T04:00,29.2,94,2.1
2024-09-28T05:00,29.8,91,4.0
2024-09-28T06:00,29.5,91,6.2
2024-09-28T07:00,29.2,90,7.9
2024-09-28T08:00,29.9,84,6.0
2024-09-28T09:00,31.7,72,6.9
2024-09-28T10:00,33.6,59,6.0
2024-09-28T11:00,35.6,49,5.6
2024-09-28T12:00,37.4,40,5.5
2024-09-28T13:00,38.6,35,8.2
2024-09-28T14:00,37.3,50,17.0
2024-09-28T15:00,36.9,48,20.4
2024-09-28T16:00,36.0,52,19.0
2024-09-28T17:00,34.3,59,18.2
2024-09-28T18:00,32.9,70,15.3
2024-09-28T19:00,32.1,76,12.9
2024-09-28T20:00,32.0,78,10.0
2024-09-28T21:00,31.7,79,6.7
2024-09-28T22:00,31.2,81,6.1
2024-09-28T23:00,30.4,84,4.5
2024-09-29T00:00,29.4,90,2.8
2024-09-29T01:00,29.4,90,0.9
2024-09-29T02:00,28.6,94,2.7
2024-09-29T03:00,28.2,97,6.1
2024-09-29T04:00,28.3,97,6.6
2024-09-29T05:00,28.6,95,8.0
2024-09-29T06:00,28.3,94,8.3
2024-09-29T07:00,28.8,88,8.2
2024-09-29T08:00,30.8,77,12.7
2024-09-29T09:00,33.5,46,26.9
2024-09-29T10:00,35.3,39,23.9
2024-09-29T11:00,37.1,35,21.1
2024-09-29T12:00,38.5,32,17.4
2024-09-29T13:00,39.4,30,14.3
2024-09-29T14:00,40.0,27,11.5
2024-09-29T15:00,37.4,42,15.4
2024-09-29T16:00,35.7,47,22.2
2024-09-29T17:00,35.1,52,23.8
2024-09-29T18:00,35.6,44,17.1
2024-09-29T19:00,35.1,47,13.5
2024-09-29T20:00,34.6,48,10.0
2024-09-29T21:00,33.5,56,16.1
2024-09-29T22:00,32.4,63,16.7
2024-09-29T23:00,31.5,66,20.8
2024-09-30T00:00,31.0,68,20.9
2024-09-30T01:00,30.4,71,19.8
2024-09-30T02:00,29.8,74,20.0
2024-09-30T03:00,29.3,76,20.1
2024-09-30T04:00,29.1,78,19.6
2024-09-30T05:00,29.6,75,14.8
2024-09-30T06:00,29.7,71,13.9
2024-09-30T07:00,30.8,53,17.4
2024-09-30T08:00,31.5,51,23.9
2024-09-30T09:00,33.0,47,24.8
2024-09-30T10:00,34.5,43,24.6
2024-09-30T11:00,35.8,39,22.2
2024-09-30T12:00,36.7,37,18.4
2024-09-30T13:00,37.6,35,12.9
2024-09-30T14:00,37.6,33,7.5
2024-09-30T15:00,37.7,32,16.4
2024-09-30T16:00,34.3,42,20.1
2024-09-30T17:00,33.7,48,16.4
2024-09-30T18:00,34.3,46,14.8
2024-09-30T19:00,34.3,44,11.4
2024-09-30T20:00,33.6,47,14.1
2024-09-30T21:00,32.7,54,13.5
2024-09-30T22:00,31.9,57,12.1
2024-09-30T23:00,31.2,58,10.9
2024-10-01T00:00,30.6,61,10.7
2024-10-01T01:00,29.9,65,11.3
2024-10-01T02:00,29.4,68,13.4
2024-10-01T03:00,29.2,67,14.3
2024-10-01T04:00,28.9,68,13.7
2024-10-01T05:00,28.8,68,12.1
2024-10-01T06:00,28.6,68,10.4
2024-10-01T07:00,29.1,65,7.6
2024-10-01T08:00,30.8,57,6.7
2024-10-01T09:00,33.2,45,7.4
2024-10-01T10:00,34.9,38,6.0
2024-10-01T11:00,36.0,36,5.6
2024-10-01T12:00,36.8,34,4.4
2024-10-01T13:00,37.4,32,7.8
2024-10-01T14:00,37.2,35,17.3
2024-10-01T15:00,36.1,39,20.7
2024-10-01T16:00,35.2,43,20.2
2024-10-01T17:00,35.0,47,15.5
2024-10-01T18:00,33.8,53,17.1
2024-10-01T19:00,33.2,56,16.3
2024-10-01T20:00,32.9,60,15.9
2024-10-01T21:00,32.5,63,14.1
2024-10-01T22:00,32.2,65,9.4
2024-10-01T23:00,31.7,68,7.2
2024-10-02T00:00,31.3,71,6.8
2024-10-02T01:00,30.7,73,7.2
2024-10-02T02:00,30.1,76,7.1
2024-10-02T03:00,29.5,78,7.7
2024-10-02T04:00,29.0,80,9.2
2024-10-02T05:00,28.9,80,9.0
2024-10-02T06:00,28.7,81,9.9
2024-10-02T07:00,29.2,79,10.1
2024-10-02T08:00,31.2,69,11.7
2024-10-02T09:00,33.2,55,14.1
2024-10-02T10:00,35.2,40,13.3
2024-10-02T11:00,36.4,35,10.3
2024-10-02T12:00,37.2,33,6.5
2024-10-02T13:00,38.0,30,4.4
2024-10-02T14:00,38.5,29,5.5
2024-10-02T15:00,38.5,30,11.7
2024-10-02T16:00,37.6,33,18.7
2024-10-02T17:00,35.8,38,21.5
2024-10-02T18:00,34.6,44,20.9
2024-10-02T19:00,33.7,49,19.7
2024-10-02T20:00,33.0,55,17.6
2024-10-02T21:00,32.6,62,12.0
2024-10-02T22:00,32.2,66,8.7
2024-10-02T23:00,31.6,71,7.8
2024-10-03T00:00,30.9,75,4.9
2024-10-03T01:00,30.7,76,2.7
2024-10-03T02:00,30.4,78,2.7
2024-10-03T03:00,30.4,78,2.1
2024-10-03T04:00,29.1,83,4.2
2024-10-03T05:00,28.5,81,7.8
2024-10-03T06:00,28.1,82,8.4
2024-10-03T07:00,28.8,79,8.5
2024-10-03T08:00,31.2,69,11.0
2024-10-03T09:00,33.3,59,9.8
2024-10-03T10:00,35.7,41,8.8
2024-10-03T11:00,37.7,30,12.1
2024-10-03T12:00,38.6,27,16.1
2024-10-03T13:00,38.3,28,19.2
2024-10-03T14:00,37.4,33,20.4
2024-10-03T15:00,36.2,44,22.9
2024-10-03T16:00,35.2,51,22.9
2024-10-03T17:00,34.1,53,22.6
2024-10-03T18:00,33.3,56,21.0
2024-10-03T19:00,32.7,59,18.3
2024-10-03T20:00,32.3,61,13.6
2024-10-03T21:00,31.8,64,11.4
2024-10-03T22:00,31.1,67,8.9
2024-10-03T23:00,30.3,71,7.2
2024-10-04T00:00,29.7,74,7.6
2024-10-04T01:00,29.2,77,8.0
2024-10-04T02:00,28.6,80,8.3
2024-10-04T03:00,28.0,83,11.1
2024-10-04T04:00,27.5,84,13.7
2024-10-04T05:00,27.8,83,13.8
2024-10-04T06:00,27.6,84,14.1
2024-10-04T07:00,28.0,83,14.4
2024-10-04T08:00,30.0,73,14.7
2024-10-04T09:00,32.8,62,17.5
2024-10-04T10:00,35.1,53,19.5
2024-10-04T11:00,37.2,42,21.2
2024-10-04T12:00,38.1,36,25.1
2024-10-04T13:00,37.7,40,28.1
2024-10-04T14:00,37.0,48,29.7
2024-10-04T15:00,36.4,52,29.5
2024-10-04T16:00,35.7,55,28.5
2024-10-04T17:00,34.8,52,24.3
2024-10-04T18:00,33.3,61,21.7
2024-10-04T19:00,32.5,66,18.2
2024-10-04T20:00,32.0,68,15.7
2024-10-04T21:00,31.8,64,14.7
2024-10-04T22:00,31.3,65,14.7
2024-10-04T23:00,30.6,73,14.4
2024-10-05T00:00,30.1,74,14.0
2024-10-05T01:00,29.9,76,14.3
2024-10-05T02:00,30.0,75,15.0
2024-10-05T03:00,29.7,80,14.6
2024-10-05T04:00,29.4,78,13.2
2024-10-05T05:00,29.1,71,11.7
2024-10-05T06:00,28.4,72,10.1
2024-10-05T07:00,28.7,69,8.9
2024-10-05T08:00,30.6,61,10.2
2024-10-05T09:00,32.1,53,13.7
2024-10-05T10:00,33.3,48,15.1
2024-10-05T11:00,34.4,43,16.1
2024-10-05T12:00,35.4,39,17.8
2024-10-05T13:00,36.0,38,20.6
2024-10-05T14:00,36.0,36,22.1
2024-10-05T15:00,35.7,37,22.5
2024-10-05T16:00,34.9,42,22.4
2024-10-05T17:00,33.9,48,22.1
2024-10-05T18:00,33.0,50,19.6
2024-10-05T19:00,32.5,51,14.5
2024-10-05T20:00,31.8,53,12.6
2024-10-05T21:00,31.0,57,11.7
2024-10-05T22:00,30.1,61,10.9
2024-10-05T23:00,29.3,64,10.2
2024-10-06T00:00,28.6,69,8.9
2024-10-06T01:00,27.7,73,7.6
2024-10-06T02:00,27.2,73,7.9
2024-10-06T03:00,26.5,74,9.4
2024-10-06T04:00,26.0,77,8.9
2024-10-06T05:00,25.8,79,8.4
2024-10-06T06:00,25.5,81,9.0
2024-10-06T07:00,26.1,78,9.0
2024-10-06T08:00,28.7,67,8.6
2024-10-06T09:00,30.7,59,7.0
2024-10-06T10:00,32.3,49,6.4
2024-10-06T11:00,33.8,43,4.3
2024-10-06T12:00,35.1,38,5.1
2024-10-06T13:00,35.9,35,10.4
2024-10-06T14:00,34.7,46,20.5
2024-10-06T15:00,34.0,44,22.8
2024-10-06T16:00,33.7,51,20.2
2024-10-06T17:00,32.1,50,21.0
2024-10-06T18:00,32.0,54,14.1
2024-10-06T19:00,31.1,56,13.1
2024-10-06T20:00,30.8,58,8.1
2024-10-06T21:00,30.2,62,5.2
2024-10-06T22:00,29.6,66,6.3
2024-10-06T23:00,29.1,68,8.3
2024-10-07T00:00,28.5,71,7.0
2024-10-07T01:00,27.9,74,6.1
2024-10-07T02:00,27.3,76,5.4
2024-10-07T03:00,27.1,76,8.0
2024-10-07T04:00,26.8,77,10.4
2024-10-07T05:00,27.5,75,9.5
2024-10-07T06:00,27.2,78,9.9
2024-10-07T07:00,27.7,69,7.1
2024-10-07T08:00,30.3,41,6.9
2024-10-07T09:00,32.2,32,9.0
2024-10-07T10:00,34.3,33,14.1
2024-10-07T11:00,36.1,29,15.5
2024-10-07T12:00,37.6,24,14.5
2024-10-07T13:00,38.2,23,7.5
2024-10-07T14:00,38.7,22,4.5
2024-10-07T15:00,38.6,21,13.2
2024-10-07T16:00,37.5,27,27.5
2024-10-07T17:00,36.2,32,24.4
2024-10-07T18:00,34.1,40,27.3
2024-10-07T19:00,33.5,44,15.7
2024-10-07T20:00,32.5,49,11.0
2024-10-07T21:00,31.8,54,11.2
2024-10-07T22:00,31.0,58,11.5
2024-10-07T23:00,29.9,64,10.4
2024-10-08T00:00,29.1,68,11.2
2024-10-08T01:00,28.9,63,13.0
2024-10-08T02:00,28.5,63,12.5
2024-10-08T03:00,27.9,69,11.4
2024-10-08T04:00,27.0,74,8.8
2024-10-08T05:00,27.0,73,13.7
2024-10-08T06:00,26.8,69,16.3
2024-10-08T07:00,27.4,68,18.5
2024-10-08T08:00,29.5,68,22.7
2024-10-08T09:00,32.0,59,25.4
2024-10-08T10:00,34.5,44,22.3
2024-10-08T11:00,36.5,31,16.7
2024-10-08T12:00,37.8,25,12.2
2024-10-08T13:00,38.7,20,10.1
2024-10-08T14:00,39.1,18,9.1
2024-10-08T15:00,38.3,23,19.9
2024-10-08T16:00,37.3,22,23.8
2024-10-08T17:00,36.7,22,19.4
2024-10-08T18:00,33.7,47,19.3
2024-10-08T19:00,32.8,53,14.1
2024-10-08T20:00,31.7,64,14.9
2024-10-08T21:00,31.1,68,12.3
2024-10-08T22:00,30.3,67,9.0
2024-10-08T23:00,29.3,65,8.1
2024-10-09T00:00,28.5,65,8.4
2024-10-09T01:00,27.6,69,7.5
2024-10-09T02:00,26.7,71,6.4
2024-10-09T03:00,26.9,67,3.7
2024-10-09T04:00,26.1,70,4.1
2024-10-09T05:00,26.5,68,9.3
2024-10-09T06:00,26.0,66,11.1
2024-10-09T07:00,26.8,61,12.5
2024-10-09T08:00,29.8,45,13.6
2024-10-09T09:00,32.2,41,19.9
2024-10-09T10:00,33.5,41,20.4
2024-10-09T11:00,35.2,36,18.6
2024-10-09T12:00,36.5,30,14.7
2024-10-09T13:00,37.5,25,9.5
2024-10-09T14:00,37.9,22,10.1
2024-10-09T15:00,35.7,38,24.6
2024-10-09T16:00,34.8,37,23.3
2024-10-09T17:00,33.3,46,23.6
2024-10-09T18:00,32.3,54,21.6
2024-10-09T19:00,31.6,56,19.0
2024-10-09T20:00,31.3,61,12.5
2024-10-09T21:00,30.7,65,7.8
2024-10-09T22:00,30.1,69,6.3
2024-10-09T23:00,29.4,74,6.0
2024-10-10T00:00,28.7,76,6.5
2024-10-10T01:00,27.9,77,7.8
2024-10-10T02:00,27.2,79,6.7
2024-10-10T03:00,26.6,81,5.6
2024-10-10T04:00,26.2,84,5.0
2024-10-10T05:00,27.2,80,7.9
2024-10-10T06:00,26.9,82,6.9
2024-10-10T07:00,27.3,80,6.2
2024-10-10T08:00,29.8,69,6.2
2024-10-10T09:00,31.6,61,6.6
2024-10-10T10:00,33.7,46,9.1
2024-10-10T11:00,35.1,37,9.4
2024-10-10T12:00,36.1,32,5.0
2024-10-10T13:00,36.9,31,9.5
2024-10-10T14:00,36.0,35,16.2
2024-10-10T15:00,35.2,36,15.5
2024-10-10T16:00,34.6,41,19.6
2024-10-10T17:00,33.6,48,20.4
2024-10-10T18:00,32.4,58,19.6
2024-10-10T19:00,32.0,61,19.5
2024-10-10T20:00,31.8,62,15.0
2024-10-10T21:00,31.4,64,10.2
2024-10-10T22:00,30.7,67,9.2
2024-10-10T23:00,30.0,70,7.5
2024-10-11T00:00,29.2,74,6.5
2024-10-11T01:00,28.5,77,7.6
2024-10-11T02:00,27.8,80,9.4
2024-10-11T03:00,27.0,84,9.1
2024-10-11T04:00,26.6,86,7.7
2024-10-11T05:00,26.7,82,4.5
2024-10-11T06:00,26.3,83,5.9
2024-10-11T07:00,27.2,76,5.4
2024-10-11T08:00,29.5,66,5.3
2024-10-11T09:00,31.9,58,7.1
2024-10-11T10:00,34.3,43,10.2
2024-10-11T11:00,36.0,32,13.0
2024-10-11T12:00,36.9,29,16.4
2024-10-11T13:00,37.1,27,19.5
2024-10-11T14:00,36.9,26,19.5
2024-10-11T15:00,36.5,26,16.9
2024-10-11T16:00,35.8,30,17.2
2024-10-11T17:00,34.1,42,18.5
2024-10-11T18:00,32.3,53,15.8
2024-10-11T19:00,31.7,60,10.7
2024-10-11T20:00,31.1,63,10.9
2024-10-11T21:00,29.9,71,6.1
2024-10-11T22:00,29.2,76,4.8
2024-10-11T23:00,28.6,78,6.9
2024-10-12T00:00,29.0,76,3.6
2024-10-12T01:00,28.6,78,4.1
2024-10-12T02:00,27.7,82,5.5
2024-10-12T03:00,27.2,83,8.0
2024-10-12T04:00,27.0,83,9.7
2024-10-12T05:00,26.0,86,8.6
2024-10-12T06:00,25.5,89,9.0
2024-10-12T07:00,25.9,87,9.8
2024-10-12T08:00,28.7,74,8.5
2024-10-12T09:00,31.0,62,4.5
2024-10-12T10:00,32.9,50,3.2
2024-10-12T11:00,35.0,35,4.8
2024-10-12T12:00,36.3,28,10.3
2024-10-12T13:00,36.8,25,17.1
2024-10-12T14:00,36.1,29,23.0
2024-10-12T15:00,34.9,39,22.9
2024-10-12T16:00,34.0,45,21.4
2024-10-12T17:00,33.2,49,18.7
2024-10-12T18:00,32.1,55,17.0
2024-10-12T19:00,31.5,59,12.8
2024-10-12T20:00,30.8,61,6.9
2024-10-12T21:00,30.2,64,3.8
2024-10-12T22:00,30.2,63,2.7
2024-10-12T23:00,28.6,70,6.7
2024-10-13T00:00,28.0,72,6.5
2024-10-13T01:00,27.3,75,7.1
2024-10-13T02:00,26.6,77,8.8
2024-10-13T03:00,25.9,80,9.5
2024-10-13T04:00,25.1,84,9.4
2024-10-13T05:00,25.1,81,8.8
2024-10-13T06:00,24.4,84,8.4
2024-10-13T07:00,24.8,82,7.5
2024-10-13T08:00,27.9,68,4.7
2024-10-13T09:00,31.0,53,3.9
2024-10-13T10:00,32.7,45,3.2
2024-10-13T11:00,34.6,31,7.0
2024-10-13T12:00,35.6,25,11.9
2024-10-13T13:00,35.7,24,15.0
2024-10-13T14:00,35.3,27,17.5
2024-10-13T15:00,34.6,31,17.3
2024-10-13T16:00,33.9,35,16.3
2024-10-13T17:00,33.3,37,16.8
2024-10-13T18:00,32.5,42,13.6
2024-10-13T19:00,31.9,46,12.5
2024-10-13T20:00,31.2,49,9.2
2024-10-13T21:00,30.3,54,7.7
2024-10-13T22:00,29.2,59,5.7
2024-10-13T23:00,28.3,62,5.6
2024-10-14T00:00,27.5,62,7.2
2024-10-14T01:00,26.5,65,6.0
2024-10-14T02:00,25.9,68,5.6
2024-10-14T03:00,25.7,70,5.6
2024-10-14T04:00,25.4,73,6.7
2024-10-14T05:00,25.5,71,11.1
2024-10-14T06:00,25.2,73,11.5
2024-10-14T07:00,25.8,74,11.3
2024-10-14T08:00,27.8,61,10.3
2024-10-14T09:00,30.7,46,11.5
2024-10-14T10:00,34.0,41,16.2
2024-10-14T11:00,35.9,25,13.1
2024-10-14T12:00,36.9,25,9.4
2024-10-14T13:00,38.4,22,13.4
2024-10-14T14:00,38.5,20,17.4
2024-10-14T15:00,38.7,19,13.8
2024-10-14T16:00,38.4,19,16.1
2024-10-14T17:00,34.2,46,27.5
2024-10-14T18:00,33.4,52,18.3
2024-10-14T19:00,33.6,38,14.3
2024-10-14T20:00,32.5,30,14.6
2024-10-14T21:00,31.2,34,14.0
2024-10-14T22:00,29.7,42,12.6
2024-10-14T23:00,28.4,50,9.7
2024-10-15T00:00,27.5,53,9.9
2024-10-15T01:00,27.2,58,13.0
2024-10-15T02:00,27.0,64,16.4
2024-10-15T03:00,26.7,69,17.8
2024-10-15T04:00,26.3,73,19.3
2024-10-15T05:00,26.5,73,18.3
2024-10-15T06:00,26.3,75,18.3
2024-10-15T07:00,26.7,73,19.5
2024-10-15T08:00,28.6,66,18.3
2024-10-15T09:00,30.7,55,19.7
2024-10-15T10:00,32.6,50,17.3
2024-10-15T11:00,35.2,38,17.6
2024-10-15T12:00,37.0,28,19.8
2024-10-15T13:00,37.8,26,21.6
2024-10-15T14:00,37.2,26,22.5
2024-10-15T15:00,37.7,24,21.2
2024-10-15T16:00,36.4,27,23.1
2024-10-15T17:00,33.3,50,19.9
2024-10-15T18:00,32.8,50,12.5
2024-10-15T19:00,32.0,44,17.3
2024-10-15T20:00,30.1,55,17.8
2024-10-15T21:00,29.1,57,17.0
2024-10-15T22:00,28.3,57,12.2
2024-10-15T23:00,27.4,59,12.0
2024-10-16T00:00,26.9,59,14.0
2024-10-16T01:00,26.4,61,14.4
2024-10-16T02:00,25.9,66,13.6
2024-10-16T03:00,25.6,73,12.5
2024-10-16T04:00,25.4,77,12.8
2024-10-16T05:00,26.7,70,16.0
2024-10-16T06:00,26.6,71,17.2
2024-10-16T07:00,27.0,69,17.0
2024-10-16T08:00,28.7,63,17.2
2024-10-16T09:00,30.6,54,21.7
2024-10-16T10:00,32.6,46,21.8
2024-10-16T11:00,34.0,41,20.8
2024-10-16T12:00,35.4,36,21.3
2024-10-16T13:00,36.3,31,22.1
2024-10-16T14:00,36.4,30,21.0
2024-10-16T15:00,35.7,34,20.9
2024-10-16T16:00,34.7,37,20.0
2024-10-16T17:00,32.7,55,20.5
2024-10-16T18:00,31.9,56,16.8
2024-10-16T19:00,31.6,53,14.1
2024-10-16T20:00,30.8,50,13.1
2024-10-16T21:00,29.8,54,13.1
2024-10-16T22:00,28.9,58,13.6
2024-10-16T23:00,28.3,62,13.3
2024-10-17T00:00,27.7,64,12.5
2024-10-17T01:00,27.3,68,13.2
2024-10-17T02:00,27.0,72,14.4
2024-10-17T03:00,26.9,74,15.8
2024-10-17T04:00,26.9,75,15.6
2024-10-17T05:00,26.9,73,14.2
2024-10-17T06:00,26.7,74,11.4
2024-10-17T07:00,26.8,74,7.7
2024-10-17T08:00,28.9,65,4.5
2024-10-17T09:00,30.7,57,2.9
2024-10-17T10:00,31.9,53,3.3
2024-10-17T11:00,33.1,48,6.8
2024-10-17T12:00,34.1,44,9.5
2024-10-17T13:00,34.7,42,12.7
2024-10-17T14:00,34.8,42,18.7
2024-10-17T15:00,33.9,46,24.4
2024-10-17T16:00,33.1,46,23.4
2024-10-17T17:00,32.3,53,20.9
2024-10-17T18:00,31.2,60,18.0
2024-10-17T19:00,30.9,63,14.5
2024-10-17T20:00,30.7,65,11.8
2024-10-17T21:00,30.1,69,8.1
2024-10-17T22:00,29.3,74,6.5
2024-10-17T23:00,28.7,77,6.5
2024-10-18T00:00,28.0,81,6.2
2024-10-18T01:00,27.5,83,7.0
2024-10-18T02:00,27.1,86,7.6
2024-10-18T03:00,26.6,89,7.2
2024-10-18T04:00,26.3,92,8.0
2024-10-18T05:00,27.0,83,7.5
2024-10-18T06:00,26.7,82,7.4
2024-10-18T07:00,27.3,75,7.5
2024-10-18T08:00,30.2,57,10.3
2024-10-18T09:00,32.1,52,16.2
2024-10-18T10:00,33.6,48,15.7
2024-10-18T11:00,34.7,45,13.8
2024-10-18T12:00,35.6,42,11.3
2024-10-18T13:00,36.1,41,12.4
2024-10-18T14:00,34.1,49,16.3
2024-10-18T15:00,34.2,49,12.1
2024-10-18T16:00,33.8,51,14.7
2024-10-18T17:00,33.5,51,15.6
2024-10-18T18:00,32.1,57,13.7
2024-10-18T19:00,31.5,63,12.4
2024-10-18T20:00,31.2,66,7.9
2024-10-18T21:00,30.5,75,3.5
2024-10-18T22:00,29.8,80,3.1
2024-10-18T23:00,29.0,82,4.8
2024-10-19T00:00,28.8,83,3.5
2024-10-19T01:00,28.2,85,3.8
2024-10-19T02:00,27.5,87,6.4
2024-10-19T03:00,27.2,88,8.3
2024-10-19T04:00,26.7,92,8.7
2024-10-19T05:00,27.1,89,8.0
2024-10-19T06:00,26.7,91,8.0
2024-10-19T07:00,27.0,89,7.3
2024-10-19T08:00,29.2,78,7.4
2024-10-19T09:00,31.6,65,8.4
2024-10-19T10:00,33.9,46,6.7
2024-10-19T11:00,35.8,35,4.0
2024-10-19T12:00,37.2,29,6.3
2024-10-19T13:00,37.9,27,12.7
2024-10-19T14:00,37.7,27,18.5
2024-10-19T15:00,37.3,25,20.1
2024-10-19T16:00,36.1,30,18.9
2024-10-19T17:00,33.5,50,17.3
2024-10-19T18:00,32.0,63,16.0
2024-10-19T19:00,31.5,70,14.0
2024-10-19T20:00,31.3,72,12.0
2024-10-19T21:00,31.0,73,8.1
2024-10-19T22:00,30.5,76,4.4
2024-10-19T23:00,29.9,79,4.7
2024-10-20T00:00,29.4,80,5.2
2024-10-20T01:00,29.0,82,4.8
2024-10-20T02:00,28.9,81,3.8
2024-10-20T03:00,28.7,82,3.5
2024-10-20T04:00,27.9,87,5.9
2024-10-20T05:00,28.2,84,6.2
2024-10-20T06:00,27.8,86,7.5
2024-10-20T07:00,27.8,86,7.9
2024-10-20T08:00,30.3,73,7.4
2024-10-20T09:00,32.1,63,3.5
2024-10-20T10:00,34.0,49,3.9
2024-10-20T11:00,35.7,39,10.3
2024-10-20T12:00,36.4,35,14.9
2024-10-20T13:00,36.3,36,18.2
2024-10-20T14:00,35.7,40,18.7
2024-10-20T15:00,34.9,46,18.2
2024-10-20T16:00,34.0,51,18.3
2024-10-20T17:00,32.6,60,18.1
2024-10-20T18:00,31.5,66,18.2
2024-10-20T19:00,31.2,69,14.3
2024-10-20T20:00,30.9,72,8.9
2024-10-20T21:00,30.4,74,7.1
2024-10-20T22:00,29.8,77,6.6
2024-10-20T23:00,29.3,82,6.3
2024-10-21T00:00,28.7,86,5.1
2024-10-21T01:00,28.5,87,4.1
2024-10-21T02:00,28.0,89,4.2
2024-10-21T03:00,27.3,91,6.3
2024-10-21T04:00,26.8,92,7.0
2024-10-21T05:00,27.3,90,7.9
2024-10-21T06:00,26.5,93,9.3
2024-10-21T07:00,26.9,90,9.7
2024-10-21T08:00,29.2,78,14.3
2024-10-21T09:00,32.1,58,15.3
2024-10-21T10:00,35.6,32,12.9
2024-10-21T11:00,37.4,24,10.9
2024-10-21T12:00,38.3,22,11.1
2024-10-21T13:00,37.9,30,17.0
2024-10-21T14:00,35.6,52,26.0
2024-10-21T15:00,34.9,47,23.4
2024-10-21T16:00,34.1,57,19.8
2024-10-21T17:00,32.6,62,21.7
2024-10-21T18:00,31.3,72,22.2
2024-10-21T19:00,31.2,70,17.2
2024-10-21T20:00,30.6,74,6.3
2024-10-21T21:00,30.0,76,7.4
2024-10-21T22:00,29.2,80,7.2
2024-10-21T23:00,28.3,84,8.4
2024-10-22T00:00,27.6,88,7.7
2024-10-22T01:00,27.2,90,10.4
2024-10-22T02:00,26.5,93,11.8
2024-10-22T03:00,26.1,95,12.1
2024-10-22T04:00,25.9,95,12.1
2024-10-22T05:00,25.9,95,10.5
2024-10-22T06:00,25.8,95,10.8
2024-10-22T07:00,26.0,94,10.8
2024-10-22T08:00,28.3,82,10.6
2024-10-22T09:00,30.9,70,15.9
2024-10-22T10:00,32.4,61,15.5
2024-10-22T11:00,34.2,48,13.1
2024-10-22T12:00,35.7,39,11.8
2024-10-22T13:00,36.8,34,12.5
2024-10-22T14:00,37.1,35,15.8
2024-10-22T15:00,34.9,56,22.6
2024-10-22T16:00,33.8,54,23.9
2024-10-22T17:00,31.9,66,24.8
2024-10-22T18:00,31.3,69,19.3
2024-10-22T19:00,30.6,71,14.2
2024-10-22T20:00,29.9,74,9.7
2024-10-22T21:00,28.9,78,7.6
2024-10-22T22:00,28.2,82,6.7
2024-10-22T23:00,27.2,88,7.0
2024-10-23T00:00,26.1,93,6.1
2024-10-23T01:00,25.6,94,6.8
2024-10-23T02:00,25.1,96,6.5
2024-10-23T03:00,24.6,97,6.5
2024-10-23T04:00,24.4,97,7.7
2024-10-23T05:00,24.7,96,7.2
2024-10-23T06:00,24.5,95,8.8
2024-10-23T07:00,25.0,92,9.5
2024-10-23T08:00,27.9,71,15.5
2024-10-23T09:00,31.5,51,19.1
2024-10-23T10:00,33.9,46,25.6
2024-10-23T11:00,35.7,39,24.6
2024-10-23T12:00,37.2,33,20.8
2024-10-23T13:00,37.9,26,15.2
2024-10-23T14:00,37.8,25,8.6
2024-10-23T15:00,34.8,50,21.9
2024-10-23T16:00,33.9,49,18.4
2024-10-23T17:00,33.1,54,17.4
2024-10-23T18:00,31.9,57,13.5
2024-10-23T19:00,31.1,64,13.1
2024-10-23T20:00,30.8,66,11.2
2024-10-23T21:00,30.3,64,11.7
2024-10-23T22:00,29.8,66,12.4
2024-10-23T23:00,29.3,68,13.2
2024-10-24T00:00,28.9,68,13.3
2024-10-24T01:00,28.4,77,15.5
2024-10-24T02:00,28.0,78,15.2
2024-10-24T03:00,27.7,76,15.9
2024-10-24T04:00,27.6,72,15.4
2024-10-24T05:00,27.9,72,14.3
2024-10-24T06:00,27.8,67,14.7
2024-10-24T07:00,28.1,62,14.3
2024-10-24T08:00,30.0,53,14.7
2024-10-24T09:00,33.0,43,26.9
2024-10-24T10:00,34.6,41,28.1
2024-10-24T11:00,36.0,36,25.3
2024-10-24T12:00,37.3,31,20.4
2024-10-24T13:00,38.1,26,14.2
2024-10-24T14:00,38.3,24,12.7
2024-10-24T15:00,38.2,24,6.5
2024-10-24T16:00,34.0,57,23.8
2024-10-24T17:00,33.1,56,20.2
2024-10-24T18:00,31.4,65,19.7
2024-10-24T19:00,31.5,62,18.1
2024-10-24T20:00,31.1,63,11.4
2024-10-24T21:00,30.5,64,8.9
2024-10-24T22:00,29.7,66,7.4
2024-10-24T23:00,28.9,68,7.0
2024-10-25T00:00,28.0,71,6.3
2024-10-25T01:00,27.5,70,8.2
2024-10-25T02:00,27.1,70,9.0
2024-10-25T03:00,26.8,69,9.3
2024-10-25T04:00,26.2,69,8.3
2024-10-25T05:00,26.7,68,8.3
2024-10-25T06:00,26.1,72,6.1
2024-10-25T07:00,26.7,66,6.2
2024-10-25T08:00,29.6,45,11.3
2024-10-25T09:00,32.1,35,19.4
2024-10-25T10:00,34.5,31,23.6
2024-10-25T11:00,35.0,31,21.6
2024-10-25T12:00,35.3,33,17.0
2024-10-25T13:00,34.9,41,18.8
2024-10-25T14:00,33.9,54,20.5
2024-10-25T15:00,33.4,57,18.2
2024-10-25T16:00,32.9,59,17.6
2024-10-25T17:00,31.7,66,20.1
2024-10-25T18:00,31.3,66,17.2
2024-10-25T19:00,31.2,66,16.1
2024-10-25T20:00,30.9,67,13.0
2024-10-25T21:00,30.6,69,11.0
2024-10-25T22:00,30.0,72,10.0
2024-10-25T23:00,29.3,77,7.1
2024-10-26T00:00,29.1,78,2.8
2024-10-26T01:00,29.0,78,1.7
2024-10-26T02:00,27.5,86,5.1
2024-10-26T03:00,27.4,86,7.4
2024-10-26T04:00,27.0,88,8.3
2024-10-26T05:00,26.9,87,9.5
2024-10-26T06:00,26.6,87,9.6
2024-10-26T07:00,26.7,86,8.8
2024-10-26T08:00,29.2,74,7.9
2024-10-26T09:00,31.3,64,13.2
2024-10-26T10:00,32.4,58,9.0
2024-10-26T11:00,33.7,51,9.4
2024-10-26T12:00,34.5,46,10.2
2024-10-26T13:00,35.0,44,14.3
2024-10-26T14:00,34.1,49,21.1
2024-10-26T15:00,33.5,47,19.8
2024-10-26T16:00,33.1,48,18.7
2024-10-26T17:00,31.9,53,22.3
2024-10-26T18:00,31.4,55,18.9
2024-10-26T19:00,30.8,58,14.4
2024-10-26T20:00,30.2,61,12.4
2024-10-26T21:00,29.7,63,10.0
2024-10-26T22:00,29.1,65,9.0
2024-10-26T23:00,28.2,69,7.0
2024-10-27T00:00,29.1,62,0.9
2024-10-27T01:00,28.1,67,3.6
2024-10-27T02:00,26.4,76,6.8
2024-10-27T03:00,26.2,76,9.0
2024-10-27T04:00,25.3,80,10.1
2024-10-27T05:00,25.2,76,9.0
2024-10-27T06:00,24.6,79,9.2
2024-10-27T07:00,24.7,78,9.4
2024-10-27T08:00,27.6,66,8.5
2024-10-27T09:00,30.4,56,8.3
2024-10-27T10:00,32.1,51,7.9
2024-10-27T11:00,33.6,46,12.1
2024-10-27T12:00,33.8,50,19.8
2024-10-27T13:00,33.7,53,23.2
2024-10-27T14:00,33.5,54,23.9
2024-10-27T15:00,33.3,53,23.4
2024-10-27T16:00,32.7,53,22.4
2024-10-27T17:00,31.4,58,18.8
2024-10-27T18:00,30.2,68,18.2
2024-10-27T19:00,29.8,70,16.0
2024-10-27T20:00,29.8,68,13.8
2024-10-27T21:00,29.5,69,12.3
2024-10-27T22:00,29.1,68,11.7
2024-10-27T23:00,28.8,70,12.3
2024-10-28T00:00,28.6,69,12.6
2024-10-28T01:00,28.3,73,14.0
2024-10-28T02:00,28.0,77,14.4
2024-10-28T03:00,27.9,76,14.5
2024-10-28T04:00,27.6,75,13.8
2024-10-28T05:00,27.8,72,11.5
2024-10-28T06:00,27.4,70,10.9
2024-10-28T07:00,27.5,69,10.0
2024-10-28T08:00,29.5,61,10.1
2024-10-28T09:00,31.0,53,16.4
2024-10-28T10:00,31.8,49,19.7
2024-10-28T11:00,32.4,45,21.3
2024-10-28T12:00,32.8,41,22.4
2024-10-28T13:00,32.8,41,24.4
2024-10-28T14:00,32.7,40,26.0
2024-10-28T15:00,32.2,40,26.3
2024-10-28T16:00,31.5,42,25.7
2024-10-28T17:00,30.4,46,23.0
2024-10-28T18:00,29.5,51,18.7
2024-10-28T19:00,29.0,54,16.6
2024-10-28T20:00,28.6,55,16.0
2024-10-28T21:00,28.2,55,15.5
2024-10-28T22:00,27.7,58,14.2
2024-10-28T23:00,27.2,62,12.8
2024-10-29T00:00,26.8,64,12.5
2024-10-29T01:00,26.6,65,12.5
2024-10-29T02:00,26.1,67,11.6
2024-10-29T03:00,25.5,71,10.3
2024-10-29T04:00,25.0,73,9.8
2024-10-29T05:00,24.6,70,11.2
2024-10-29T06:00,24.4,70,12.6
2024-10-29T07:00,24.6,69,13.3
2024-10-29T08:00,27.1,59,10.6
2024-10-29T09:00,30.1,50,7.7
2024-10-29T10:00,31.5,46,16.7
2024-10-29T11:00,32.3,43,18.8
2024-10-29T12:00,32.8,40,20.3
2024-10-29T13:00,32.9,40,23.9
2024-10-29T14:00,32.6,41,26.1
2024-10-29T15:00,31.9,46,28.7
2024-10-29T16:00,31.1,48,28.2
2024-10-29T17:00,30.3,51,24.2
2024-10-29T18:00,29.4,53,19.1
2024-10-29T19:00,28.7,56,16.5
2024-10-29T20:00,28.2,62,18.0
2024-10-29T21:00,27.8,65,18.5
2024-10-29T22:00,27.7,62,17.5
2024-10-29T23:00,27.3,61,15.7
2024-10-30T00:00,26.9,60,14.9
2024-10-30T01:00,26.5,61,14.2
2024-10-30T02:00,26.0,66,13.7
2024-10-30T03:00,25.6,68,12.7
2024-10-30T04:00,25.2,72,11.7
2024-10-30T05:00,24.2,63,9.6
2024-10-30T06:00,24.0,62,11.8
2024-10-30T07:00,24.2,62,12.9
2024-10-30T08:00,26.7,57,11.4
2024-10-30T09:00,29.7,50,9.4
2024-10-30T10:00,31.5,44,14.4
2024-10-30T11:00,32.1,42,17.7
2024-10-30T12:00,32.5,40,18.1
2024-10-30T13:00,32.7,39,19.9
2024-10-30T14:00,32.5,39,20.9
2024-10-30T15:00,32.2,40,21.1
2024-10-30T16:00,31.6,40,20.3
2024-10-30T17:00,30.0,50,19.0
2024-10-30T18:00,29.2,56,15.9
2024-10-30T19:00,28.7,59,13.5
2024-10-30T20:00,28.2,60,11.7
2024-10-30T21:00,27.5,63,9.2
2024-10-30T22:00,26.4,68,6.7
2024-10-30T23:00,26.0,71,5.6
2024-10-31T00:00,25.4,73,8.0
2024-10-31T01:00,24.9,73,10.3
2024-10-31T02:00,23.9,76,12.1
2024-10-31T03:00,23.3,78,11.8
2024-10-31T04:00,23.0,80,11.3
2024-10-31T05:00,22.8,79,10.2
2024-10-31T06:00,22.6,80,10.3
2024-10-31T07:00,22.9,78,10.5
2024-10-31T08:00,25.1,69,10.0
2024-10-31T09:00,28.2,57,8.8
2024-10-31T10:00,30.1,51,6.1
2024-10-31T11:00,31.5,44,3.4
2024-10-31T12:00,32.9,34,3.1
2024-10-31T13:00,33.8,29,2.5
2024-10-31T14:00,34.2,29,7.9
2024-10-31T15:00,33.1,40,15.5
2024-10-31T16:00,32.2,40,18.3
2024-10-31T17:00,31.0,52,17.2
2024-10-31T18:00,29.7,61,15.2
2024-10-31T19:00,29.2,66,10.1
2024-10-31T20:00,28.5,73,6.3
2024-10-31T21:00,27.7,78,5.4
2024-10-31T22:00,27.3,75,7.9
2024-10-31T23:00,26.5,76,8.2
2024-11-01T00:00,25.5,81,6.2
2024-11-01T01:00,25.0,83,5.2
2024-11-01T02:00,24.1,86,5.6
2024-11-01T03:00,23.5,86,6.2
2024-11-01T04:00,23.2,84,7.3
2024-11-01T05:00,23.9,79,8.3
2024-11-01T06:00,23.5,79,8.1
2024-11-01T07:00,23.6,78,8.5
2024-11-01T08:00,26.1,67,5.6
2024-11-01T09:00,28.9,56,5.2
2024-11-01T10:00,31.0,47,5.7
2024-11-01T11:00,32.7,40,6.1
2024-11-01T12:00,33.8,36,8.4
2024-11-01T13:00,34.0,38,14.8
2024-11-01T14:00,33.4,41,21.2
2024-11-01T15:00,32.5,46,21.3
2024-11-01T16:00,31.7,52,19.8
2024-11-01T17:00,30.4,59,17.8
2024-11-01T18:00,29.4,66,15.9
2024-11-01T19:00,29.2,67,11.3
2024-11-01T20:00,28.7,69,7.2
2024-11-01T21:00,27.7,76,5.0
2024-11-01T22:00,27.6,75,3.1
2024-11-01T23:00,27.8,73,0.7
2024-11-02T00:00,27.5,74,1.1
2024-11-02T01:00,27.0,77,0.7
2024-11-02T02:00,24.9,87,5.4
2024-11-02T03:00,24.3,89,8.1
2024-11-02T04:00,23.5,92,7.2
2024-11-02T05:00,23.7,90,6.4
2024-11-02T06:00,23.4,92,7.9
2024-11-02T07:00,23.4,91,7.4
2024-11-02T08:00,25.7,80,5.1
2024-11-02T09:00,28.3,68,4.9
2024-11-02T10:00,30.5,53,4.3
2024-11-02T11:00,32.4,41,6.3
2024-11-02T12:00,33.5,36,9.6
2024-11-02T13:00,33.8,37,14.0
2024-11-02T14:00,33.5,37,17.3
2024-11-02T15:00,32.6,42,19.3
2024-11-02T16:00,31.6,48,17.3
2024-11-02T17:00,30.3,58,15.7
2024-11-02T18:00,29.1,68,13.1
2024-11-02T19:00,28.5,73,9.9
2024-11-02T20:00,27.8,78,7.4
2024-11-02T21:00,26.9,84,4.8
2024-11-02T22:00,27.6,79,0.9
2024-11-02T23:00,25.5,89,6.5
2024-11-03T00:00,24.8,92,10.5
2024-11-03T01:00,23.6,96,8.9
2024-11-03T02:00,23.3,96,8.1
2024-11-03T03:00,22.9,96,8.4
2024-11-03T04:00,22.5,97,8.6
2024-11-03T05:00,22.4,96,7.9
2024-11-03T06:00,22.1,96,8.5
2024-11-03T07:00,22.2,96,9.1
2024-11-03T08:00,24.7,83,7.8
2024-11-03T09:00,27.6,70,7.5
2024-11-03T10:00,29.8,60,6.0
2024-11-03T11:00,32.0,45,3.4
2024-11-03T12:00,33.7,35,4.9
2024-11-03T13:00,34.4,35,10.3
2024-11-03T14:00,33.5,47,15.7
2024-11-03T15:00,32.9,45,18.4
2024-11-03T16:00,31.6,51,18.6
2024-11-03T17:00,30.0,63,16.2
2024-11-03T18:00,29.1,69,12.9
2024-11-03T19:00,28.5,72,8.0
2024-11-03T20:00,27.5,77,6.4
2024-11-03T21:00,27.3,78,3.2
2024-11-03T22:00,27.0,79,3.0
2024-11-03T23:00,24.9,89,8.8
2024-11-04T00:00,23.8,94,8.7
2024-11-04T01:00,22.9,97,7.3
2024-11-04T02:00,22.4,98,7.8
2024-11-04T03:00,21.9,98,7.3
2024-11-04T04:00,21.6,97,8.0
2024-11-04T05:00,22.0,98,7.3
2024-11-04T06:00,21.6,98,7.9
2024-11-04T07:00,21.4,98,7.9
2024-11-04T08:00,23.8,87,6.9
2024-11-04T09:00,26.9,71,5.6
2024-11-04T10:00,29.4,58,4.1
2024-11-04T11:00,31.6,45,1.3
2024-11-04T12:00,33.3,36,5.2
2024-11-04T13:00,33.9,36,10.4
2024-11-04T14:00,33.5,41,14.8
2024-11-04T15:00,32.8,39,16.9
2024-11-04T16:00,31.5,47,16.3
2024-11-04T17:00,30.2,58,12.9
2024-11-04T18:00,28.9,71,9.6
2024-11-04T19:00,28.3,77,6.6
2024-11-04T20:00,27.4,83,6.2
2024-11-04T21:00,26.7,88,3.6
2024-11-04T22:00,26.9,88,0.9
2024-11-04T23:00,25.7,92,3.6
2024-11-05T00:00,24.5,95,6.5
2024-11-05T01:00,24.2,95,8.0
2024-11-05T02:00,23.6,96,8.2
2024-11-05T03:00,22.9,98,7.4
2024-11-05T04:00,22.6,97,7.4
2024-11-05T05:00,23.0,92,8.7
2024-11-05T06:00,22.3,94,9.1
2024-11-05T07:00,22.2,93,9.8
2024-11-05T08:00,24.8,77,8.4
2024-11-05T09:00,28.2,61,8.7
2024-11-05T10:00,31.4,41,7.6
2024-11-05T11:00,33.9,26,4.0
2024-11-05T12:00,35.3,20,2.3
2024-11-05T13:00,35.4,26,12.1
2024-11-05T14:00,34.1,36,18.3
2024-11-05T15:00,33.7,29,19.9
2024-11-05T16:00,32.5,40,18.5
2024-11-05T17:00,31.4,42,14.2
2024-11-05T18:00,29.7,55,10.3
2024-11-05T19:00,28.5,65,7.1
2024-11-05T20:00,27.3,72,5.5
2024-11-05T21:00,26.4,77,5.2
2024-11-05T22:00,25.9,76,9.0
2024-11-05T23:00,24.7,75,6.2
2024-11-06T00:00,25.7,67,1.5
2024-11-06T01:00,25.3,68,2.7
2024-11-06T02:00,23.0,76,5.8
2024-11-06T03:00,22.6,74,5.6
2024-11-06T04:00,22.3,74,9.0
2024-11-06T05:00,22.8,72,8.9
2024-11-06T06:00,22.5,71,10.0
2024-11-06T07:00,22.3,69,8.5
2024-11-06T08:00,24.7,58,5.4
2024-11-06T09:00,28.2,47,5.5
2024-11-06T10:00,30.7,42,7.3
2024-11-06T11:00,32.8,36,6.7
2024-11-06T12:00,34.4,31,6.8
2024-11-06T13:00,34.7,36,12.1
2024-11-06T14:00,33.6,50,18.7
2024-11-06T15:00,32.9,47,21.3
2024-11-06T16:00,32.1,46,19.9
2024-11-06T17:00,30.4,62,18.7
2024-11-06T18:00,29.1,71,16.3
2024-11-06T19:00,28.6,74,13.5
2024-11-06T20:00,28.1,74,12.0
2024-11-06T21:00,27.2,76,7.0
2024-11-06T22:00,26.0,81,5.4
2024-11-06T23:00,25.6,83,4.6
2024-11-07T00:00,25.0,85,4.4
2024-11-07T01:00,24.6,87,4.3
2024-11-07T02:00,24.4,86,4.7
2024-11-07T03:00,24.0,88,5.2
2024-11-07T04:00,23.5,91,5.8
2024-11-07T05:00,23.9,91,8.5
2024-11-07T06:00,23.4,94,9.2
2024-11-07T07:00,23.2,96,8.8
2024-11-07T08:00,25.4,86,6.7
2024-11-07T09:00,28.1,72,8.0
2024-11-07T10:00,30.0,59,7.8
2024-11-07T11:00,31.5,48,2.7
2024-11-07T12:00,32.8,42,4.0
2024-11-07T13:00,33.4,43,10.2
2024-11-07T14:00,33.0,49,16.0
2024-11-07T15:00,32.6,44,18.1
2024-11-07T16:00,31.6,50,17.2
2024-11-07T17:00,30.2,62,16.5
2024-11-07T18:00,29.3,64,11.5
2024-11-07T19:00,28.6,68,8.9
2024-11-07T20:00,27.7,72,8.1
2024-11-07T21:00,26.7,78,6.7
2024-11-07T22:00,26.1,80,5.7
2024-11-07T23:00,25.9,81,4.5
2024-11-08T00:00,25.1,85,4.6
2024-11-08T01:00,24.1,90,5.9
2024-11-08T02:00,23.8,90,8.2
2024-11-08T03:00,23.5,92,10.0
2024-11-08T04:00,22.7,96,9.1
2024-11-08T05:00,22.6,95,8.0
2024-11-08T06:00,22.4,95,9.0
2024-11-08T07:00,22.3,96,8.9
2024-11-08T08:00,24.4,86,6.4
2024-11-08T09:00,27.3,70,6.2
2024-11-08T10:00,28.9,62,3.4
2024-11-08T11:00,30.3,54,2.2
2024-11-08T12:00,31.8,43,5.5
2024-11-08T13:00,32.4,40,9.8
2024-11-08T14:00,32.1,43,14.8
2024-11-08T15:00,31.6,41,16.4
2024-11-08T16:00,30.9,42,15.7
2024-11-08T17:00,29.3,56,15.2
2024-11-08T18:00,28.4,61,11.4
2024-11-08T19:00,27.8,65,7.3
2024-11-08T20:00,26.9,70,7.1
2024-11-08T21:00,26.0,76,6.9
2024-11-08T22:00,25.0,80,6.0
2024-11-08T23:00,24.2,84,6.7
2024-11-09T00:00,23.4,89,7.8
2024-11-09T01:00,22.8,93,9.4
2024-11-09T02:00,21.9,96,9.5
2024-11-09T03:00,21.3,98,9.2
2024-11-09T04:00,20.9,98,9.1
2024-11-09T05:00,20.9,96,8.4
2024-11-09T06:00,20.6,96,9.2
2024-11-09T07:00,20.5,96,9.7
2024-11-09T08:00,22.8,85,8.3
2024-11-09T09:00,26.2,69,8.2
2024-11-09T10:00,28.5,55,5.8
2024-11-09T11:00,30.1,43,3.8
2024-11-09T12:00,31.6,34,5.5
2024-11-09T13:00,32.3,32,8.2
2024-11-09T14:00,32.0,38,12.7
2024-11-09T15:00,31.1,40,16.8
2024-11-09T16:00,30.4,39,16.9
2024-11-09T17:00,29.1,50,15.3
2024-11-09T18:00,28.0,57,8.0
2024-11-09T19:00,26.9,66,4.3
2024-11-09T20:00,27.3,60,2.3
2024-11-09T21:00,26.0,67,3.8
2024-11-09T22:00,24.6,71,8.0
2024-11-09T23:00,23.5,77,6.9
2024-11-10T00:00,22.9,80,5.1
2024-11-10T01:00,22.7,81,4.7
2024-11-10T02:00,22.3,82,5.0
2024-11-10T03:00,21.7,85,5.7
2024-11-10T04:00,21.1,86,7.8
2024-11-10T05:00,21.5,82,8.5
2024-11-10T06:00,21.1,85,9.4
2024-11-10T07:00,21.1,85,9.4
2024-11-10T08:00,23.6,72,7.7
2024-11-10T09:00,27.2,56,7.1
2024-11-10T10:00,29.6,46,6.5
2024-11-10T11:00,31.4,37,3.6
2024-11-10T12:00,32.8,31,4.6
2024-11-10T13:00,33.4,31,9.4
2024-11-10T14:00,33.0,36,15.3
2024-11-10T15:00,32.2,36,18.3
2024-11-10T16:00,31.2,44,17.6
2024-11-10T17:00,29.8,59,16.3
2024-11-10T18:00,28.9,62,13.8
2024-11-10T19:00,28.3,64,11.2
2024-11-10T20:00,27.4,69,7.7
2024-11-10T21:00,26.6,73,7.6
2024-11-10T22:00,25.7,76,8.7
2024-11-10T23:00,24.7,79,7.1
2024-11-11T00:00,24.0,82,4.7
2024-11-11T01:00,23.9,83,4.5
2024-11-11T02:00,23.0,86,5.2
2024-11-11T03:00,22.8,87,4.3
2024-11-11T04:00,21.9,90,5.1
2024-11-11T05:00,21.9,92,5.1
2024-11-11T06:00,21.5,93,6.9
2024-11-11T07:00,21.9,93,9.1
2024-11-11T08:00,23.9,83,5.2
2024-11-11T09:00,27.1,72,4.7
2024-11-11T10:00,29.0,66,3.3
2024-11-11T11:00,30.9,53,6.5
2024-11-11T12:00,32.4,41,10.4
2024-11-11T13:00,32.9,38,14.0
2024-11-11T14:00,32.8,36,16.8
2024-11-11T15:00,32.0,41,17.9
2024-11-11T16:00,31.1,47,17.1
2024-11-11T17:00,30.0,50,14.8
2024-11-11T18:00,28.9,59,10.8
2024-11-11T19:00,28.1,65,8.7
2024-11-11T20:00,26.9,71,5.8
2024-11-11T21:00,27.6,68,2.3
2024-11-11T22:00,27.1,70,0.9
2024-11-11T23:00,24.6,81,6.6
2024-11-12T00:00,24.1,81,9.6
2024-11-12T01:00,23.2,85,9.1
2024-11-12T02:00,22.5,88,8.0
2024-11-12T03:00,21.9,91,6.7
2024-11-12T04:00,21.9,90,6.1
2024-11-12T05:00,22.5,90,6.0
2024-11-12T06:00,22.2,90,8.1
2024-11-12T07:00,22.3,90,8.7
2024-11-12T08:00,24.3,80,6.3
2024-11-12T09:00,27.2,69,5.6
2024-11-12T10:00,28.9,61,2.4
2024-11-12T11:00,30.6,47,3.6
2024-11-12T12:00,31.8,39,6.8
2024-11-12T13:00,32.2,39,10.2
2024-11-12T14:00,32.1,40,14.3
2024-11-12T15:00,31.7,39,16.4
2024-11-12T16:00,30.8,44,17.3
2024-11-12T17:00,29.5,60,16.7
2024-11-12T18:00,28.6,62,11.6
2024-11-12T19:00,28.1,64,8.9
2024-11-12T20:00,27.4,66,7.1
2024-11-12T21:00,26.9,67,4.6
2024-11-12T22:00,26.6,67,1.8
2024-11-12T23:00,26.1,69,1.9
2024-11-13T00:00,25.4,72,3.3
2024-11-13T01:00,24.9,74,3.5
2024-11-13T02:00,24.3,76,5.2
2024-11-13T03:00,23.6,79,6.8
2024-11-13T04:00,23.0,82,8.3
2024-11-13T05:00,23.2,80,7.6
2024-11-13T06:00,22.4,83,9.1
2024-11-13T07:00,21.9,85,9.2
2024-11-13T08:00,23.9,78,7.6
2024-11-13T09:00,26.9,66,7.4
2024-11-13T10:00,28.7,58,7.5
2024-11-13T11:00,30.1,47,8.6
2024-11-13T12:00,31.2,40,9.8
2024-11-13T13:00,31.7,39,11.7
2024-11-13T14:00,31.4,44,14.5
2024-11-13T15:00,30.8,47,16.5
2024-11-13T16:00,29.9,55,16.9
2024-11-13T17:00,28.9,69,15.2
2024-11-13T18:00,27.7,78,10.5
2024-11-13T19:00,27.1,82,9.6
2024-11-13T20:00,26.4,85,8.5
2024-11-13T21:00,25.7,87,7.3
2024-11-13T22:00,25.3,87,6.0
2024-11-13T23:00,24.7,88,7.6
2024-11-14T00:00,24.1,92,11.2
2024-11-14T01:00,23.4,96,13.1
2024-11-14T02:00,23.1,97,12.9
2024-11-14T03:00,22.9,96,12.1
2024-11-14T04:00,22.8,95,12.1
2024-11-14T05:00,22.7,95,10.5
2024-11-14T06:00,22.4,96,10.9
2024-11-14T07:00,22.3,96,11.4
2024-11-14T08:00,24.0,88,9.7
2024-11-14T09:00,26.6,77,11.5
2024-11-14T10:00,28.8,67,12.3
2024-11-14T11:00,30.2,60,9.6
2024-11-14T12:00,31.1,56,9.2
2024-11-14T13:00,31.8,52,10.6
2024-11-14T14:00,31.7,52,13.9
2024-11-14T15:00,31.0,54,16.6
2024-11-14T16:00,30.2,58,16.6
2024-11-14T17:00,29.6,65,16.3
2024-11-14T18:00,28.3,69,13.1
2024-11-14T19:00,27.7,72,11.7
2024-11-14T20:00,27.3,75,10.7
2024-11-14T21:00,26.9,76,10.8
2024-11-14T22:00,26.4,78,10.1
2024-11-14T23:00,25.8,80,9.1
2024-11-15T00:00,25.4,81,8.2
2024-11-15T01:00,25.3,79,5.6
2024-11-15T02:00,25.2,78,3.4
2024-11-15T03:00,24.8,78,7.0
2024-11-15T04:00,24.4,82,8.7
2024-11-15T05:00,24.8,78,10.5
2024-11-15T06:00,24.5,79,9.5
2024-11-15T07:00,24.7,78,7.8
2024-11-15T08:00,26.8,71,6.6
2024-11-15T09:00,29.0,58,7.4
2024-11-15T10:00,30.3,46,12.7
2024-11-15T11:00,30.7,44,14.7
2024-11-15T12:00,30.8,44,16.9
2024-11-15T13:00,30.7,45,18.4
2024-11-15T14:00,30.5,46,19.5
2024-11-15T15:00,30.1,47,18.7
2024-11-15T16:00,29.4,49,17.6
2024-11-15T17:00,28.9,54,15.7
2024-11-15T18:00,27.8,59,12.2
2024-11-15T19:00,27.2,62,11.4
2024-11-15T20:00,26.5,66,11.2
2024-11-15T21:00,26.0,69,10.9
2024-11-15T22:00,25.6,72,11.6
2024-11-15T23:00,25.2,78,11.1
2024-11-16T00:00,24.8,80,10.3
2024-11-16T01:00,24.2,82,9.7
2024-11-16T02:00,23.8,82,9.0
2024-11-16T03:00,23.6,81,7.2
2024-11-16T04:00,23.3,81,6.4
2024-11-16T05:00,23.1,76,8.5
2024-11-16T06:00,22.6,77,8.7
2024-11-16T07:00,22.3,78,8.2
2024-11-16T08:00,24.2,71,7.7
2024-11-16T09:00,26.5,60,9.0
2024-11-16T10:00,28.0,49,13.0
2024-11-16T11:00,28.7,47,16.4
2024-11-16T12:00,29.1,44,19.2
2024-11-16T13:00,29.3,43,20.7
2024-11-16T14:00,29.2,44,21.4
2024-11-16T15:00,28.9,45,20.9
2024-11-16T16:00,28.4,47,20.2
2024-11-16T17:00,27.6,49,17.6
2024-11-16T18:00,26.7,54,14.0
2024-11-16T19:00,26.2,56,13.1
2024-11-16T20:00,25.9,57,13.3
2024-11-16T21:00,25.5,57,12.2
2024-11-16T22:00,24.9,58,12.1
2024-11-16T23:00,24.5,60,11.7
2024-11-17T00:00,24.3,63,12.0
2024-11-17T01:00,24.0,65,11.2
2024-11-17T02:00,23.8,67,10.2
2024-11-17T03:00,23.6,69,10.0
2024-11-17T04:00,23.5,71,8.8
2024-11-17T05:00,21.2,75,9.7
2024-11-17T06:00,20.8,77,13.1
2024-11-17T07:00,20.1,81,15.9
2024-11-17T08:00,21.7,76,15.6
2024-11-17T09:00,24.9,65,14.1
2024-11-17T10:00,27.7,57,11.5
2024-11-17T11:00,29.6,51,10.4
2024-11-17T12:00,30.3,43,17.4
2024-11-17T13:00,30.6,38,18.5
2024-11-17T14:00,30.5,34,17.3
2024-11-17T15:00,30.2,33,16.6
2024-11-17T16:00,29.5,33,15.8
2024-11-17T17:00,29.3,32,12.3
2024-11-17T18:00,27.4,38,9.5
2024-11-17T19:00,26.3,43,7.7
2024-11-17T20:00,25.7,46,7.0
2024-11-17T21:00,25.3,48,6.4
2024-11-17T22:00,24.8,50,6.0
2024-11-17T23:00,24.6,52,3.9
2024-11-18T00:00,23.1,56,8.5
2024-11-18T01:00,21.0,62,12.9
2024-11-18T02:00,20.0,65,9.8
2024-11-18T03:00,19.6,66,8.7
2024-11-18T04:00,19.3,68,10.4
2024-11-18T05:00,19.4,66,10.5
2024-11-18T06:00,19.0,68,10.0
2024-11-18T07:00,18.6,70,8.9
2024-11-18T08:00,20.9,62,6.5
2024-11-18T09:00,24.8,50,5.1
2024-11-18T10:00,27.9,39,5.2
2024-11-18T11:00,29.4,32,2.7
2024-11-18T12:00,30.4,28,0.8
2024-11-18T13:00,31.2,25,1.5
2024-11-18T14:00,31.7,23,4.4
2024-11-18T15:00,31.5,27,9.8
2024-11-18T16:00,30.1,38,13.6
2024-11-18T17:00,28.8,39,13.1
2024-11-18T18:00,27.5,51,9.7
2024-11-18T19:00,26.7,57,8.1
2024-11-18T20:00,25.9,59,6.2
2024-11-18T21:00,25.2,59,7.6
2024-11-18T22:00,24.2,61,7.4
2024-11-18T23:00,23.3,65,7.4
2024-11-19T00:00,22.5,70,8.7
2024-11-19T01:00,21.7,75,7.2
2024-11-19T02:00,21.1,77,7.5
2024-11-19T03:00,20.7,75,7.5
2024-11-19T04:00,20.2,74,8.2
2024-11-19T05:00,20.8,69,8.6
2024-11-19T06:00,20.3,70,8.4
2024-11-19T07:00,20.2,70,8.4
2024-11-19T08:00,22.4,62,7.1
2024-11-19T09:00,25.2,53,4.6
2024-11-19T10:00,28.3,44,8.7
2024-11-19T11:00,30.2,35,10.9
2024-11-19T12:00,31.2,31,7.7
2024-11-19T13:00,31.7,29,6.1
2024-11-19T14:00,31.9,27,4.1
2024-11-19T15:00,31.2,33,9.4
2024-11-19T16:00,29.7,44,16.4
2024-11-19T17:00,29.1,44,17.2
2024-11-19T18:00,27.8,52,10.8
2024-11-19T19:00,26.8,60,5.9
2024-11-19T20:00,26.2,62,6.4
2024-11-19T21:00,25.6,62,6.4
2024-11-19T22:00,24.6,64,7.6
2024-11-19T23:00,23.7,68,10.0
2024-11-20T00:00,22.7,71,8.5
2024-11-20T01:00,22.1,72,7.2
2024-11-20T02:00,22.1,70,5.2
2024-11-20T03:00,21.9,69,4.2
2024-11-20T04:00,21.3,70,5.2
2024-11-20T05:00,21.3,75,4.8
2024-11-20T06:00,20.9,75,6.4
2024-11-20T07:00,20.6,76,8.4
2024-11-20T08:00,22.6,67,6.3
2024-11-20T09:00,25.7,56,4.5
2024-11-20T10:00,28.0,49,3.1
2024-11-20T11:00,29.7,34,1.9
2024-11-20T12:00,30.7,27,5.8
2024-11-20T13:00,31.2,25,8.5
2024-11-20T14:00,30.9,29,13.1
2024-11-20T15:00,30.2,30,16.3
2024-11-20T16:00,29.4,31,15.3
2024-11-20T17:00,28.8,40,13.8
2024-11-20T18:00,27.3,47,10.8
2024-11-20T19:00,26.3,50,8.8
2024-11-20T20:00,25.5,52,8.5
2024-11-20T21:00,25.0,55,5.8
2024-11-20T22:00,24.6,57,3.8
2024-11-20T23:00,23.8,61,4.2
2024-11-21T00:00,22.1,67,9.4
2024-11-21T01:00,21.1,70,10.6
2024-11-21T02:00,19.8,75,9.6
2024-11-21T03:00,19.0,79,8.6
2024-11-21T04:00,18.4,81,9.3
2024-11-21T05:00,18.6,78,9.0
2024-11-21T06:00,18.1,80,9.3
2024-11-21T07:00,17.8,81,9.3
2024-11-21T08:00,19.8,71,7.2
2024-11-21T09:00,24.3,54,6.1
2024-11-21T10:00,27.4,43,6.8
2024-11-21T11:00,28.8,37,2.1
2024-11-21T12:00,29.7,35,3.5
2024-11-21T13:00,30.2,37,6.8
2024-11-21T14:00,30.1,42,11.6
2024-11-21T15:00,29.4,48,15.3
2024-11-21T16:00,28.4,51,15.8
2024-11-21T17:00,28.0,58,15.3
2024-11-21T18:00,27.0,64,10.5
2024-11-21T19:00,26.5,67,9.1
2024-11-21T20:00,26.0,69,9.1
2024-11-21T21:00,25.4,71,8.5
2024-11-21T22:00,24.8,74,7.3
2024-11-21T23:00,24.6,75,4.9
2024-11-22T00:00,24.4,77,3.2
2024-11-22T01:00,24.1,79,0.5
2024-11-22T02:00,23.4,81,2.7
2024-11-22T03:00,22.3,86,7.5
2024-11-22T04:00,21.4,89,10.7
2024-11-22T05:00,21.5,89,10.7
2024-11-22T06:00,20.5,93,10.5
2024-11-22T07:00,20.3,93,9.1
2024-11-22T08:00,22.5,83,7.5
2024-11-22T09:00,25.7,69,7.5
2024-11-22T10:00,27.5,61,7.3
2024-11-22T11:00,28.7,56,5.4
2024-11-22T12:00,30.0,50,6.9
2024-11-22T13:00,30.8,45,10.9
2024-11-22T14:00,30.6,46,14.5
2024-11-22T15:00,30.1,46,15.3
2024-11-22T16:00,29.4,50,14.7
2024-11-22T17:00,28.4,66,13.7
2024-11-22T18:00,27.5,73,10.5
2024-11-22T19:00,26.9,78,10.6
2024-11-22T20:00,26.1,83,8.7
2024-11-22T21:00,25.2,87,6.2
2024-11-22T22:00,24.9,88,4.4
2024-11-22T23:00,24.3,90,5.9
2024-11-23T00:00,23.5,93,10.1
2024-11-23T01:00,22.4,98,10.6
2024-11-23T02:00,21.7,99,9.5
2024-11-23T03:00,21.3,98,8.6
2024-11-23T04:00,20.8,99,8.9
2024-11-23T05:00,20.9,100,9.3
2024-11-23T06:00,20.7,100,9.8
2024-11-23T07:00,20.5,100,9.4
2024-11-23T08:00,21.0,99,9.6
2024-11-23T09:00,22.0,97,9.2
2024-11-23T10:00,25.4,81,8.7
2024-11-23T11:00,28.6,64,7.5
2024-11-23T12:00,30.0,59,7.1
2024-11-23T13:00,31.0,52,10.9
2024-11-23T14:00,31.1,49,14.2
2024-11-23T15:00,30.6,49,15.7
2024-11-23T16:00,29.8,51,15.8
2024-11-23T17:00,29.1,56,14.8
2024-11-23T18:00,27.8,61,10.3
2024-11-23T19:00,26.8,65,9.9
2024-11-23T20:00,25.8,69,8.8
2024-11-23T21:00,25.1,75,8.7
2024-11-23T22:00,24.9,78,8.5
2024-11-23T23:00,24.6,77,8.0
2024-11-24T00:00,23.9,80,8.0
2024-11-24T01:00,23.5,81,9.2
2024-11-24T02:00,22.7,86,10.6
2024-11-24T03:00,22.3,88,10.1
2024-11-24T04:00,21.9,89,11.0
2024-11-24T05:00,21.4,87,11.9
2024-11-24T06:00,21.1,89,11.8
2024-11-24T07:00,20.7,91,12.3
2024-11-24T08:00,22.5,81,12.1
2024-11-24T09:00,25.4,68,11.3
2024-11-24T10:00,27.8,60,11.8
2024-11-24T11:00,29.2,57,9.6
2024-11-24T12:00,30.1,54,11.8
2024-11-24T13:00,30.1,53,15.3
2024-11-24T14:00,29.9,51,15.3
2024-11-24T15:00,29.5,53,14.4
2024-11-24T16:00,28.8,57,14.3
2024-11-24T17:00,28.3,56,15.4
2024-11-24T18:00,27.3,59,11.0
2024-11-24T19:00,26.6,61,9.6
2024-11-24T20:00,25.8,65,8.0
2024-11-24T21:00,25.2,70,6.0
2024-11-24T22:00,24.7,75,5.6
2024-11-24T23:00,23.8,79,9.2
2024-11-25T00:00,22.6,82,9.6
2024-11-25T01:00,21.8,84,9.3
2024-11-25T02:00,21.1,88,9.3
2024-11-25T03:00,20.5,90,9.3
2024-11-25T04:00,20.0,91,9.2
2024-11-25T05:00,20.0,89,8.6
2024-11-25T06:00,19.6,91,8.5
2024-11-25T07:00,19.2,93,8.0
2024-11-25T08:00,21.1,84,5.7
2024-11-25T09:00,25.0,66,5.3
2024-11-25T10:00,27.7,56,9.6
2024-11-25T11:00,29.5,46,8.0
2024-11-25T12:00,30.8,37,4.4
2024-11-25T13:00,31.7,33,6.3
2024-11-25T14:00,31.6,38,12.3
2024-11-25T15:00,30.6,50,16.3
2024-11-25T16:00,29.2,54,19.2
2024-11-25T17:00,28.5,61,14.7
2024-11-25T18:00,27.8,66,11.0
2024-11-25T19:00,27.3,68,10.5
2024-11-25T20:00,26.7,67,10.1
2024-11-25T21:00,26.3,66,10.4
2024-11-25T22:00,25.8,71,10.8
2024-11-25T23:00,25.1,75,12.5
2024-11-26T00:00,24.6,74,12.8
2024-11-26T01:00,24.1,72,12.4
2024-11-26T02:00,23.5,72,11.5
2024-11-26T03:00,22.6,74,9.6
2024-11-26T04:00,22.0,73,6.8
2024-11-26T05:00,21.4,74,6.7
2024-11-26T06:00,20.8,77,8.4
2024-11-26T07:00,20.6,77,10.1
2024-11-26T08:00,22.8,61,8.8
2024-11-26T09:00,26.1,49,7.8
2024-11-26T10:00,27.9,46,8.2
2024-11-26T11:00,29.8,42,9.1
2024-11-26T12:00,31.3,37,10.4
2024-11-26T13:00,32.1,34,11.1
2024-11-26T14:00,32.2,34,12.3
2024-11-26T15:00,31.3,39,14.8
2024-11-26T16:00,30.2,42,15.2
2024-11-26T17:00,29.0,46,12.7
2024-11-26T18:00,27.5,58,8.3
2024-11-26T19:00,26.5,64,6.8
2024-11-26T20:00,25.7,69,5.7
2024-11-26T21:00,24.9,70,6.0
2024-11-26T22:00,23.9,69,9.1
2024-11-26T23:00,23.0,67,9.5
2024-11-27T00:00,22.4,68,9.1
2024-11-27T01:00,21.7,70,8.9
2024-11-27T02:00,21.0,74,7.4
2024-11-27T03:00,20.2,82,7.1
2024-11-27T04:00,19.5,92,8.2
2024-11-27T05:00,19.4,94,6.9
2024-11-27T06:00,19.0,95,6.1
2024-11-27T07:00,19.1,94,5.3
2024-11-27T08:00,21.1,85,4.6
2024-11-27T09:00,24.6,67,4.2
2024-11-27T10:00,27.7,51,3.9
2024-11-27T11:00,29.6,42,3.2
2024-11-27T12:00,31.2,34,5.4
2024-11-27T13:00,32.2,30,8.2
2024-11-27T14:00,32.4,30,11.4
2024-11-27T15:00,31.9,32,13.8
2024-11-27T16:00,31.0,35,13.5
2024-11-27T17:00,29.8,39,12.5
2024-11-27T18:00,27.7,53,8.2
2024-11-27T19:00,26.5,65,6.5
2024-11-27T20:00,25.8,74,6.6
2024-11-27T21:00,25.3,80,6.5
2024-11-27T22:00,24.9,85,6.0
2024-11-27T23:00,24.4,88,5.0
2024-11-28T00:00,23.8,90,6.0
2024-11-28T01:00,23.1,92,8.3
2024-11-28T02:00,22.6,93,9.8
2024-11-28T03:00,21.9,95,10.6
2024-11-28T04:00,21.0,98,10.3
2024-11-28T05:00,20.7,96,8.2
2024-11-28T06:00,20.2,96,7.7
2024-11-28T07:00,19.9,97,7.9
2024-11-28T08:00,21.7,88,6.0
2024-11-28T09:00,25.4,71,4.8
2024-11-28T10:00,28.0,61,5.1
2024-11-28T11:00,29.5,56,14.2
2024-11-28T12:00,29.6,56,19.4
2024-11-28T13:00,29.4,59,18.8
2024-11-28T14:00,29.2,56,19.5
2024-11-28T15:00,28.7,63,19.9
2024-11-28T16:00,28.1,65,19.5
2024-11-28T17:00,27.5,65,17.0
2024-11-28T18:00,26.8,71,16.5
2024-11-28T19:00,26.6,72,13.2
2024-11-28T20:00,26.9,70,16.4
2024-11-28T21:00,26.1,73,18.6
2024-11-28T22:00,25.4,78,21.6
2024-11-28T23:00,25.3,75,17.6
2024-11-29T00:00,25.5,72,18.0
2024-11-29T01:00,25.3,71,18.3
2024-11-29T02:00,25.2,67,16.9
2024-11-29T03:00,24.6,71,18.0
2024-11-29T04:00,24.3,69,15.9
2024-11-29T05:00,25.3,63,16.5
2024-11-29T06:00,24.6,65,13.4
2024-11-29T07:00,24.4,64,12.5
2024-11-29T08:00,25.6,57,16.1
2024-11-29T09:00,26.4,51,20.9
2024-11-29T10:00,26.8,50,21.8
2024-11-29T11:00,27.1,48,23.0
2024-11-29T12:00,27.1,48,24.4
2024-11-29T13:00,27.0,49,25.6
2024-11-29T14:00,26.6,51,26.3
2024-11-29T15:00,26.1,54,25.9
2024-11-29T16:00,25.3,58,25.3
2024-11-29T17:00,25.0,59,23.2
2024-11-29T18:00,24.4,62,20.4
2024-11-29T19:00,24.0,64,19.0
2024-11-29T20:00,23.7,65,17.8
2024-11-29T21:00,23.3,67,17.6
2024-11-29T22:00,23.0,68,18.0
2024-11-29T23:00,22.8,68,17.5
2024-11-30T00:00,22.6,70,17.5
2024-11-30T01:00,22.4,70,16.5
2024-11-30T02:00,22.2,71,15.7
2024-11-30T03:00,22.2,71,15.7
2024-11-30T04:00,22.3,70,16.0
2024-11-30T05:00,22.2,67,15.6
2024-11-30T06:00,21.8,68,13.8
2024-11-30T07:00,21.3,68,11.7
2024-11-30T08:00,23.1,61,10.9
2024-11-30T09:00,25.0,52,17.1
2024-11-30T10:00,25.8,47,21.4
2024-11-30T11:00,26.4,45,23.5
2024-11-30T12:00,26.7,44,25.5
2024-11-30T13:00,26.7,43,26.9
2024-11-30T14:00,26.6,43,27.7
2024-11-30T15:00,26.1,46,28.4
2024-11-30T16:00,25.5,48,28.4
2024-11-30T17:00,24.9,53,26.7
2024-11-30T18:00,24.4,56,24.2
2024-11-30T19:00,24.1,58,23.0
2024-11-30T20:00,23.8,58,22.5
2024-11-30T21:00,23.6,59,21.6
2024-11-30T22:00,23.4,62,21.6
2024-11-30T23:00,23.2,63,21.1
2024-12-01T00:00,23.1,60,20.7
2024-12-01T01:00,23.0,57,20.7
2024-12-01T02:00,22.8,56,20.6
2024-12-01T03:00,22.7,56,20.5
2024-12-01T04:00,22.5,56,20.0
2024-12-01T05:00,22.4,57,19.4
2024-12-01T06:00,22.2,61,18.7
2024-12-01T07:00,22.0,61,17.4
2024-12-01T08:00,23.2,55,17.5
2024-12-01T09:00,24.4,49,20.0
2024-12-01T10:00,25.1,47,21.1
2024-12-01T11:00,25.5,46,22.4
2024-12-01T12:00,25.7,46,23.3
2024-12-01T13:00,25.9,45,24.6
2024-12-01T14:00,25.7,45,25.3
2024-12-01T15:00,25.3,47,25.2
2024-12-01T16:00,24.6,48,23.3
2024-12-01T17:00,23.8,51,21.6
2024-12-01T18:00,23.1,53,18.5
2024-12-01T19:00,22.8,54,17.6
2024-12-01T20:00,22.5,56,15.8
2024-12-01T21:00,22.1,58,14.4
2024-12-01T22:00,21.7,60,13.6
2024-12-01T23:00,21.5,62,13.6
2024-12-02T00:00,21.4,62,13.3
2024-12-02T01:00,21.3,63,13.3
2024-12-02T02:00,21.0,64,11.9
2024-12-02T03:00,20.5,66,10.1
2024-12-02T04:00,20.3,66,9.6
2024-12-02T05:00,20.3,61,5.9
2024-12-02T06:00,19.7,63,8.8
2024-12-02T07:00,19.5,65,10.3
2024-12-02T08:00,21.0,59,10.8
2024-12-02T09:00,23.5,50,10.4
2024-12-02T10:00,25.1,41,11.3
2024-12-02T11:00,25.8,39,10.5
2024-12-02T12:00,26.0,38,8.3
2024-12-02T13:00,26.3,36,6.9
2024-12-02T14:00,26.6,34,6.8
2024-12-02T15:00,26.4,34,9.3
2024-12-02T16:00,25.7,38,12.6
2024-12-02T17:00,25.0,43,11.4
2024-12-02T18:00,23.9,48,7.4
2024-12-02T19:00,23.0,52,6.6
2024-12-02T20:00,22.5,55,5.3
2024-12-02T21:00,22.1,57,1.8
2024-12-02T22:00,20.9,60,10.3
2024-12-02T23:00,19.7,63,9.9
2024-12-03T00:00,19.0,66,7.0
2024-12-03T01:00,18.2,71,9.1
2024-12-03T02:00,17.3,76,9.4
2024-12-03T03:00,16.6,79,9.3
2024-12-03T04:00,15.8,83,9.0
2024-12-03T05:00,15.8,75,6.8
2024-12-03T06:00,15.6,73,7.8
2024-12-03T07:00,15.3,72,7.6
2024-12-03T08:00,17.3,62,5.6
2024-12-03T09:00,20.8,48,4.1
2024-12-03T10:00,23.8,39,3.7
2024-12-03T11:00,25.9,34,8.7
2024-12-03T12:00,26.7,32,8.0
2024-12-03T13:00,27.1,31,6.8
2024-12-03T14:00,27.2,32,9.4
2024-12-03T15:00,26.8,36,14.9
2024-12-03T16:00,25.9,40,18.6
2024-12-03T17:00,24.8,34,15.8
2024-12-03T18:00,23.6,42,13.2
2024-12-03T19:00,22.9,45,11.9
2024-12-03T20:00,21.9,48,9.4
2024-12-03T21:00,21.0,50,7.8
2024-12-03T22:00,20.0,53,10.1
2024-12-03T23:00,18.8,55,9.7
2024-12-04T00:00,18.0,57,7.1
2024-12-04T01:00,17.6,57,7.4
2024-12-04T02:00,16.6,59,9.1
2024-12-04T03:00,15.8,61,9.2
2024-12-04T04:00,15.2,64,8.2
2024-12-04T05:00,15.6,62,9.7
2024-12-04T06:00,15.1,69,9.6
2024-12-04T07:00,14.7,75,10.0
2024-12-04T08:00,16.6,73,8.7
2024-12-04T09:00,20.4,59,7.2
2024-12-04T10:00,23.7,45,6.1
2024-12-04T11:00,25.7,33,6.2
2024-12-04T12:00,26.8,28,8.3
2024-12-04T13:00,27.3,27,10.7
2024-12-04T14:00,27.2,29,15.2
2024-12-04T15:00,26.5,33,17.8
2024-12-04T16:00,25.7,35,16.0
2024-12-04T17:00,24.9,40,14.3
2024-12-04T18:00,23.3,45,10.4
2024-12-04T19:00,22.1,48,8.9
2024-12-04T20:00,21.4,50,7.9
2024-12-04T21:00,20.8,50,8.0
2024-12-04T22:00,19.7,49,9.9
2024-12-04T23:00,18.4,51,10.5
2024-12-05T00:00,17.3,54,10.1
2024-12-05T01:00,16.5,58,9.7
2024-12-05T02:00,16.0,63,9.5
2024-12-05T03:00,15.7,65,9.5
2024-12-05T04:00,15.4,65,9.5
2024-12-05T05:00,15.0,61,8.2
2024-12-05T06:00,14.9,61,8.5
2024-12-05T07:00,15.2,57,9.5
2024-12-05T08:00,17.5,48,8.0
2024-12-05T09:00,21.1,38,5.4
2024-12-05T10:00,24.0,31,5.8
2024-12-05T11:00,25.3,35,3.6
2024-12-05T12:00,26.0,39,2.9
2024-12-05T13:00,26.7,39,8.0
2024-12-05T14:00,26.7,45,12.7
2024-12-05T15:00,26.3,49,13.9
2024-12-05T16:00,25.7,51,13.0
2024-12-05T17:00,25.1,55,11.9
2024-12-05T18:00,23.8,63,7.6
2024-12-05T19:00,22.9,69,6.4
2024-12-05T20:00,22.4,72,5.6
2024-12-05T21:00,21.9,74,4.4
2024-12-05T22:00,21.4,76,3.5
2024-12-05T23:00,20.5,79,6.5
2024-12-06T00:00,19.3,81,9.4
2024-12-06T01:00,18.3,83,10.1
2024-12-06T02:00,17.6,85,8.9
2024-12-06T03:00,17.3,87,8.1
2024-12-06T04:00,17.2,86,6.8
2024-12-06T05:00,17.6,82,5.5
2024-12-06T06:00,17.3,84,7.9
2024-12-06T07:00,16.7,86,9.2
2024-12-06T08:00,17.9,78,6.0
2024-12-06T09:00,21.5,63,3.9
2024-12-06T10:00,24.3,59,3.1
2024-12-06T11:00,25.9,59,5.0
2024-12-06T12:00,27.3,55,9.0
2024-12-06T13:00,28.0,51,13.8
2024-12-06T14:00,27.9,52,15.2
2024-12-06T15:00,27.5,55,13.5
2024-12-06T16:00,27.2,56,13.5
2024-12-06T17:00,26.9,55,14.6
2024-12-06T18:00,25.7,62,8.8
2024-12-06T19:00,24.9,65,6.8
2024-12-06T20:00,24.4,65,7.4
2024-12-06T21:00,24.1,65,9.6
2024-12-06T22:00,23.9,68,10.7
2024-12-06T23:00,23.5,73,10.4
2024-12-07T00:00,23.0,77,10.0
2024-12-07T01:00,22.8,78,9.7
2024-12-07T02:00,22.7,78,9.7
2024-12-07T03:00,22.7,77,10.1
2024-12-07T04:00,22.6,77,10.0
2024-12-07T05:00,22.6,75,7.8
2024-12-07T06:00,22.4,77,6.1
2024-12-07T07:00,22.3,78,4.8
2024-12-07T08:00,23.6,75,2.0
2024-12-07T09:00,25.8,65,1.6
2024-12-07T10:00,27.3,58,7.1
2024-12-07T11:00,28.2,52,10.0
2024-12-07T12:00,28.7,47,10.3
2024-12-07T13:00,29.0,44,11.3
2024-12-07T14:00,29.0,44,13.3
2024-12-07T15:00,28.1,49,17.1
2024-12-07T16:00,27.2,53,15.3
2024-12-07T17:00,27.0,52,13.6
2024-12-07T18:00,25.9,55,10.8
2024-12-07T19:00,24.9,55,8.4
2024-12-07T20:00,23.7,56,6.6
2024-12-07T21:00,22.9,58,5.8
2024-12-07T22:00,22.0,58,5.4
2024-12-07T23:00,21.0,60,5.0
2024-12-08T00:00,20.2,64,4.6
2024-12-08T01:00,19.7,67,2.3
2024-12-08T02:00,18.8,73,4.5
2024-12-08T03:00,17.7,82,7.7
2024-12-08T04:00,17.0,88,9.3
2024-12-08T05:00,16.5,91,8.6
2024-12-08T06:00,16.3,92,10.2
2024-12-08T07:00,16.4,89,13.5
2024-12-08T08:00,18.9,72,11.4
2024-12-08T09:00,22.5,59,10.8
2024-12-08T10:00,25.7,49,13.1
2024-12-08T11:00,28.0,31,20.2
2024-12-08T12:00,29.0,26,20.1
2024-12-08T13:00,29.4,24,20.2
2024-12-08T14:00,29.4,22,21.4
2024-12-08T15:00,29.0,21,21.3
2024-12-08T16:00,28.4,21,20.5
2024-12-08T17:00,28.1,26,10.3
2024-12-08T18:00,26.1,26,14.7
2024-12-08T19:00,24.7,29,20.5
2024-12-08T20:00,23.6,35,19.7
2024-12-08T21:00,22.6,40,17.9
2024-12-08T22:00,21.6,43,16.0
2024-12-08T23:00,20.9,44,14.9
2024-12-09T00:00,19.9,44,13.3
2024-12-09T01:00,19.1,43,12.8
2024-12-09T02:00,18.7,40,14.1
2024-12-09T03:00,18.3,42,14.3
2024-12-09T04:00,17.8,46,13.9
2024-12-09T05:00,16.9,56,12.7
2024-12-09T06:00,16.3,60,12.5
2024-12-09T07:00,15.9,63,12.7
2024-12-09T08:00,17.6,55,12.3
2024-12-09T09:00,21.1,44,9.8
2024-12-09T10:00,24.5,38,13.7
2024-12-09T11:00,26.9,31,15.9
2024-12-09T12:00,28.4,24,14.1
2024-12-09T13:00,29.2,21,9.9
2024-12-09T14:00,29.5,19,3.3
2024-12-09T15:00,28.8,25,9.6
2024-12-09T16:00,26.5,39,20.3
2024-12-09T17:00,26.0,38,14.6
2024-12-09T18:00,24.5,47,10.5
2024-12-09T19:00,23.7,59,11.2
2024-12-09T20:00,22.5,65,7.8
2024-12-09T21:00,21.5,67,6.7
2024-12-09T22:00,20.3,68,7.0
2024-12-09T23:00,19.3,71,7.6
2024-12-10T00:00,18.5,74,7.7
2024-12-10T01:00,17.9,75,7.4
2024-12-10T02:00,17.7,73,7.6
2024-12-10T03:00,17.4,71,7.0
2024-12-10T04:00,17.3,70,6.8
2024-12-10T05:00,17.7,69,6.6
2024-12-10T06:00,17.2,71,7.1
2024-12-10T07:00,16.9,71,7.5
2024-12-10T08:00,18.9,62,7.2
2024-12-10T09:00,21.8,52,5.6
2024-12-10T10:00,24.1,48,7.0
2024-12-10T11:00,25.4,46,4.5
2024-12-10T12:00,26.3,44,3.6
2024-12-10T13:00,26.9,44,8.0
2024-12-10T14:00,27.0,44,13.2
2024-12-10T15:00,26.6,46,15.8
2024-12-10T16:00,25.9,49,15.0
2024-12-10T17:00,25.1,55,12.7
2024-12-10T18:00,24.0,62,7.8
2024-12-10T19:00,23.3,66,5.6
2024-12-10T20:00,22.9,67,4.9
2024-12-10T21:00,22.7,68,3.9
2024-12-10T22:00,22.3,69,1.7
2024-12-10T23:00,21.6,72,2.3
2024-12-11T00:00,20.5,77,6.8
2024-12-11T01:00,19.5,82,10.7
2024-12-11T02:00,18.3,88,11.8
2024-12-11T03:00,17.9,89,9.9
2024-12-11T04:00,17.5,90,8.0
2024-12-11T05:00,17.4,85,8.7
2024-12-11T06:00,17.5,84,10.5
2024-12-11T07:00,17.4,80,11.5
2024-12-11T08:00,18.9,69,11.3
2024-12-11T09:00,22.0,56,9.0
2024-12-11T10:00,24.8,46,12.2
2024-12-11T11:00,26.4,44,16.7
2024-12-11T12:00,27.6,42,16.0
2024-12-11T13:00,28.4,38,18.2
2024-12-11T14:00,28.5,36,20.9
2024-12-11T15:00,28.4,30,23.4
2024-12-11T16:00,27.5,30,24.4
2024-12-11T17:00,27.0,35,21.8
2024-12-11T18:00,25.0,38,20.0
2024-12-11T19:00,23.7,40,22.1
2024-12-11T20:00,22.7,43,19.3
2024-12-11T21:00,22.1,44,19.6
2024-12-11T22:00,21.5,47,17.5
2024-12-11T23:00,20.8,49,15.9
2024-12-12T00:00,19.9,52,13.8
2024-12-12T01:00,19.0,55,12.1
2024-12-12T02:00,18.3,58,11.5
2024-12-12T03:00,17.8,60,11.4
2024-12-12T04:00,17.5,64,11.8
2024-12-12T05:00,17.6,67,12.4
2024-12-12T06:00,17.3,70,12.2
2024-12-12T07:00,17.1,73,11.6
2024-12-12T08:00,18.6,69,9.2
2024-12-12T09:00,21.4,59,4.7
2024-12-12T10:00,24.0,50,7.8
2024-12-12T11:00,25.7,43,5.5
2024-12-12T12:00,26.6,37,2.9
2024-12-12T13:00,27.3,33,5.4
2024-12-12T14:00,27.6,31,9.0
2024-12-12T15:00,27.3,33,13.2
2024-12-12T16:00,26.2,39,13.8
2024-12-12T17:00,25.1,42,11.4
2024-12-12T18:00,23.4,48,12.5
2024-12-12T19:00,22.8,56,13.3
2024-12-12T20:00,22.0,64,12.6
2024-12-12T21:00,21.2,66,12.2
2024-12-12T22:00,20.0,63,11.1
2024-12-12T23:00,19.3,65,11.0
2024-12-13T00:00,18.3,70,9.6
2024-12-13T01:00,17.5,74,8.5
2024-12-13T02:00,16.7,77,8.6
2024-12-13T03:00,16.0,80,8.0
2024-12-13T04:00,15.2,82,7.7
2024-12-13T05:00,15.7,76,7.5
2024-12-13T06:00,15.3,76,6.9
2024-12-13T07:00,14.9,77,6.5
2024-12-13T08:00,16.3,70,5.2
2024-12-13T09:00,19.2,58,3.3
2024-12-13T10:00,22.1,49,4.5
2024-12-13T11:00,24.5,39,6.7
2024-12-13T12:00,26.0,34,6.5
2024-12-13T13:00,26.8,33,7.6
2024-12-13T14:00,27.0,33,9.1
2024-12-13T15:00,26.6,36,11.2
2024-12-13T16:00,25.9,43,13.9
2024-12-13T17:00,24.9,57,20.0
2024-12-13T18:00,24.1,59,12.0
2024-12-13T19:00,23.2,63,7.6
2024-12-13T20:00,22.4,69,8.7
2024-12-13T21:00,21.4,77,7.0
2024-12-13T22:00,20.9,80,5.0
2024-12-13T23:00,20.0,83,6.5
2024-12-14T00:00,19.0,83,10.2
2024-12-14T01:00,18.1,86,8.2
2024-12-14T02:00,17.7,88,8.2
2024-12-14T03:00,17.1,91,8.4
2024-12-14T04:00,16.6,92,9.1
2024-12-14T05:00,16.9,86,8.0
2024-12-14T06:00,16.5,86,8.1
2024-12-14T07:00,16.3,86,8.8
2024-12-14T08:00,17.7,80,7.7
2024-12-14T09:00,20.6,68,6.0
2024-12-14T10:00,23.2,59,6.0
2024-12-14T11:00,24.7,53,7.1
2024-12-14T12:00,25.7,47,12.3
2024-12-14T13:00,26.2,44,15.1
2024-12-14T14:00,26.2,43,18.2
2024-12-14T15:00,25.2,45,22.4
2024-12-14T16:00,24.5,41,21.9
2024-12-14T17:00,23.9,45,20.2
2024-12-14T18:00,22.4,50,15.2
2024-12-14T19:00,21.6,56,13.1
2024-12-14T20:00,20.7,65,11.2
2024-12-14T21:00,19.9,67,10.8
2024-12-14T22:00,19.4,66,11.4
2024-12-14T23:00,18.8,70,10.1
2024-12-15T00:00,18.3,76,8.7
2024-12-15T01:00,17.6,77,9.4
2024-12-15T02:00,17.0,77,10.1
2024-12-15T03:00,16.5,75,11.1
2024-12-15T04:00,16.2,74,12.3
2024-12-15T05:00,15.8,70,13.0
2024-12-15T06:00,15.5,73,13.1
2024-12-15T07:00,15.4,74,13.2
2024-12-15T08:00,16.8,70,12.9
2024-12-15T09:00,19.8,61,12.8
2024-12-15T10:00,22.7,55,13.8
2024-12-15T11:00,24.5,54,13.9
2024-12-15T12:00,24.7,53,20.2
2024-12-15T13:00,24.3,55,22.7
2024-12-15T14:00,23.5,61,24.7
2024-12-15T15:00,23.5,58,24.0
2024-12-15T16:00,22.7,57,22.9
2024-12-15T17:00,22.0,61,18.7
2024-12-15T18:00,21.0,64,14.2
2024-12-15T19:00,20.3,67,13.1
2024-12-15T20:00,19.6,70,11.7
2024-12-15T21:00,18.9,74,10.1
2024-12-15T22:00,18.7,75,9.6
2024-12-15T23:00,18.3,76,8.7
2024-12-16T00:00,18.3,77,7.6
2024-12-16T01:00,18.1,78,8.6
2024-12-16T02:00,17.9,76,7.9
2024-12-16T03:00,17.6,76,7.6
2024-12-16T04:00,17.3,77,8.2
2024-12-16T05:00,17.7,72,10.0
2024-12-16T06:00,17.5,74,10.3
2024-12-16T07:00,17.3,75,9.0
2024-12-16T08:00,18.6,73,5.9
2024-12-16T09:00,21.0,65,6.5
2024-12-16T10:00,22.8,51,4.2
2024-12-16T11:00,23.6,45,4.6
2024-12-16T12:00,24.2,42,5.6
2024-12-16T13:00,24.5,41,7.7
2024-12-16T14:00,24.8,40,10.6
2024-12-16T15:00,24.5,41,12.5
2024-12-16T16:00,23.9,42,11.8
2024-12-16T17:00,22.8,51,10.4
2024-12-16T18:00,21.1,59,8.3
2024-12-16T19:00,20.5,60,8.0
2024-12-16T20:00,20.1,62,6.7
2024-12-16T21:00,19.3,66,6.0
2024-12-16T22:00,18.5,67,4.2
2024-12-16T23:00,17.6,69,3.9
2024-12-17T00:00,16.5,75,4.5
2024-12-17T01:00,15.8,78,4.9
2024-12-17T02:00,15.7,77,4.0
2024-12-17T03:00,15.5,76,5.2
2024-12-17T04:00,14.8,77,8.0
2024-12-17T05:00,15.3,78,9.0
2024-12-17T06:00,14.7,80,8.4
2024-12-17T07:00,14.2,82,7.2
2024-12-17T08:00,15.5,80,7.1
2024-12-17T09:00,19.3,65,5.1
2024-12-17T10:00,22.1,49,7.8
2024-12-17T11:00,23.4,34,11.0
2024-12-17T12:00,24.1,31,9.7
2024-12-17T13:00,24.4,32,11.0
2024-12-17T14:00,24.4,35,14.1
2024-12-17T15:00,24.0,37,14.7
2024-12-17T16:00,23.4,40,11.8
2024-12-17T17:00,22.2,51,5.7
2024-12-17T18:00,21.3,55,0.9
2024-12-17T19:00,21.0,56,1.5
2024-12-17T20:00,20.6,58,3.6
2024-12-17T21:00,20.5,74,12.8
2024-12-17T22:00,20.0,79,12.4
2024-12-17T23:00,20.4,75,12.8
2024-12-18T00:00,20.3,71,14.7
2024-12-18T01:00,20.5,67,17.4
2024-12-18T02:00,20.0,64,15.6
2024-12-18T03:00,19.1,66,12.0
2024-12-18T04:00,19.4,68,12.3
2024-12-18T05:00,19.5,59,10.8
2024-12-18T06:00,19.3,59,11.3
2024-12-18T07:00,19.1,60,13.6
2024-12-18T08:00,19.0,61,15.2
2024-12-18T09:00,21.1,54,11.0
2024-12-18T10:00,22.8,50,14.1
2024-12-18T11:00,23.2,50,21.6
2024-12-18T12:00,23.7,43,22.2
2024-12-18T13:00,24.0,40,21.6
2024-12-18T14:00,23.8,41,21.4
2024-12-18T15:00,23.7,41,21.5
2024-12-18T16:00,23.2,43,20.6
2024-12-18T17:00,22.9,46,16.7
2024-12-18T18:00,21.9,50,12.9
2024-12-18T19:00,21.6,52,11.0
2024-12-18T20:00,20.6,54,9.4
2024-12-18T21:00,19.6,58,8.9
2024-12-18T22:00,19.4,61,9.3
2024-12-18T23:00,19.4,62,10.4
2024-12-19T00:00,19.8,60,10.6
2024-12-19T01:00,19.0,64,9.7
2024-12-19T02:00,18.4,67,8.5
2024-12-19T03:00,17.9,68,7.4
2024-12-19T04:00,17.7,67,5.9
2024-12-19T05:00,16.2,70,7.6
2024-12-19T06:00,15.4,76,10.0
2024-12-19T07:00,14.7,81,11.6
2024-12-19T08:00,15.5,78,10.1
2024-12-19T09:00,19.1,63,8.3
2024-12-19T10:00,22.0,50,7.9
2024-12-19T11:00,23.2,42,4.0
2024-12-19T12:00,23.9,41,8.4
2024-12-19T13:00,24.3,40,12.8
2024-12-19T14:00,24.4,37,15.2
2024-12-19T15:00,24.2,38,15.3
2024-12-19T16:00,23.7,43,13.1
2024-12-19T17:00,23.4,47,13.1
2024-12-19T18:00,22.1,55,13.3
2024-12-19T19:00,21.4,58,11.9
2024-12-19T20:00,20.4,61,9.0
2024-12-19T21:00,19.6,66,8.4
2024-12-19T22:00,19.2,70,7.8
2024-12-19T23:00,18.7,74,8.4
2024-12-20T00:00,17.8,77,9.9
2024-12-20T01:00,17.1,79,10.9
2024-12-20T02:00,16.3,83,11.4
2024-12-20T03:00,15.9,85,10.9
2024-12-20T04:00,14.6,92,11.4
2024-12-20T05:00,14.8,82,10.8
2024-12-20T06:00,14.6,83,11.6
2024-12-20T07:00,14.2,85,12.0
2024-12-20T08:00,15.1,80,10.2
2024-12-20T09:00,18.1,66,7.9
2024-12-20T10:00,21.2,55,6.9
2024-12-20T11:00,22.7,46,4.3
2024-12-20T12:00,23.7,38,5.6
2024-12-20T13:00,24.6,30,6.0
2024-12-20T14:00,25.2,25,5.2
2024-12-20T15:00,25.5,23,2.0
2024-12-20T16:00,24.9,27,8.4
2024-12-20T17:00,22.8,51,16.7
2024-12-20T18:00,21.7,51,10.8
2024-12-20T19:00,21.1,51,8.3
2024-12-20T20:00,20.5,53,6.3
2024-12-20T21:00,19.7,56,8.5
2024-12-20T22:00,18.8,60,9.0
2024-12-20T23:00,18.0,59,9.7
2024-12-21T00:00,16.9,60,9.3
2024-12-21T01:00,15.7,64,7.6
2024-12-21T02:00,14.9,67,7.2
2024-12-21T03:00,14.4,70,7.3
2024-12-21T04:00,13.9,76,9.1
2024-12-21T05:00,13.8,77,9.1
2024-12-21T06:00,13.3,80,9.9
2024-12-21T07:00,12.8,81,9.5
2024-12-21T08:00,14.0,73,6.5
2024-12-21T09:00,17.5,58,4.5
2024-12-21T10:00,20.8,47,5.0
2024-12-21T11:00,23.6,39,9.0
2024-12-21T12:00,24.8,31,12.9
2024-12-21T13:00,24.9,33,18.2
2024-12-21T14:00,24.4,37,18.7
2024-12-21T15:00,24.0,38,17.8
2024-12-21T16:00,23.4,42,14.9
2024-12-21T17:00,22.6,49,15.1
2024-12-21T18:00,21.4,54,13.9
2024-12-21T19:00,20.6,56,12.7
2024-12-21T20:00,19.8,59,12.5
2024-12-21T21:00,19.1,62,11.7
2024-12-21T22:00,18.6,66,10.4
2024-12-21T23:00,17.8,73,9.8
2024-12-22T00:00,17.4,76,10.7
2024-12-22T01:00,16.9,79,11.6
2024-12-22T02:00,16.3,82,12.6
2024-12-22T03:00,15.7,80,13.4
2024-12-22T04:00,15.2,78,14.1
2024-12-22T05:00,15.1,74,14.3
2024-12-22T06:00,14.6,74,15.0
2024-12-22T07:00,14.1,75,15.9
2024-12-22T08:00,15.0,69,15.4
2024-12-22T09:00,17.5,57,12.1
2024-12-22T10:00,20.6,47,14.8
2024-12-22T11:00,22.8,45,12.9
2024-12-22T12:00,24.0,42,12.6
2024-12-22T13:00,24.6,39,15.2
2024-12-22T14:00,25.1,36,18.2
2024-12-22T15:00,23.3,51,24.1
2024-12-22T16:00,22.5,56,22.1
2024-12-22T17:00,22.3,57,21.0
2024-12-22T18:00,21.5,60,16.7
2024-12-22T19:00,21.1,61,15.5
2024-12-22T20:00,20.5,63,14.3
2024-12-22T21:00,19.9,65,12.8
2024-12-22T22:00,19.1,67,11.6
2024-12-22T23:00,18.3,71,11.6
2024-12-23T00:00,17.6,74,12.4
2024-12-23T01:00,17.2,73,14.2
2024-12-23T02:00,16.7,73,12.4
2024-12-23T03:00,16.8,71,10.7
2024-12-23T04:00,16.5,70,11.3
2024-12-23T05:00,16.1,63,10.7
2024-12-23T06:00,15.6,65,10.7
2024-12-23T07:00,14.6,71,12.0
2024-12-23T08:00,15.2,69,11.2
2024-12-23T09:00,17.6,60,8.9
2024-12-23T10:00,20.3,50,10.3
2024-12-23T11:00,22.1,44,8.8
2024-12-23T12:00,23.2,46,6.0
2024-12-23T13:00,23.8,45,5.2
2024-12-23T14:00,24.3,44,7.9
2024-12-23T15:00,24.4,45,9.3
2024-12-23T16:00,23.9,48,10.8
2024-12-23T17:00,23.5,50,11.6
2024-12-23T18:00,22.1,56,8.1
2024-12-23T19:00,21.1,60,6.3
2024-12-23T20:00,20.5,63,10.6
2024-12-23T21:00,20.0,68,10.4
2024-12-23T22:00,19.3,73,10.5
2024-12-23T23:00,18.4,79,8.7
2024-12-24T00:00,17.7,83,6.1
2024-12-24T01:00,16.9,87,6.4
2024-12-24T02:00,16.2,89,6.4
2024-12-24T03:00,15.6,91,5.9
2024-12-24T04:00,14.9,93,6.3
2024-12-24T05:00,14.8,91,7.5
2024-12-24T06:00,14.2,92,8.3
2024-12-24T07:00,14.0,90,9.6
2024-12-24T08:00,15.4,81,9.1
2024-12-24T09:00,18.6,64,6.3
2024-12-24T10:00,21.8,48,5.5
2024-12-24T11:00,24.6,38,9.5
2024-12-24T12:00,25.7,38,8.4
2024-12-24T13:00,26.4,36,5.2
2024-12-24T14:00,26.8,34,7.2
2024-12-24T15:00,26.3,35,7.9
2024-12-24T16:00,25.4,43,10.7
2024-12-24T17:00,24.4,50,11.8
2024-12-24T18:00,22.7,62,11.2
2024-12-24T19:00,22.0,68,7.4
2024-12-24T20:00,21.1,72,7.4
2024-12-24T21:00,20.6,73,7.5
2024-12-24T22:00,20.3,76,7.7
2024-12-24T23:00,19.8,79,10.3
2024-12-25T00:00,19.2,83,10.6
2024-12-25T01:00,18.6,86,9.3
2024-12-25T02:00,18.2,86,8.9
2024-12-25T03:00,18.2,84,8.6
2024-12-25T04:00,18.2,81,7.8
2024-12-25T05:00,18.5,76,10.3
2024-12-25T06:00,18.1,79,9.1
2024-12-25T07:00,18.0,79,5.9
2024-12-25T08:00,18.8,78,2.7
2024-12-25T09:00,20.7,69,4.0
2024-12-25T10:00,22.4,62,4.8
2024-12-25T11:00,23.7,52,5.1
2024-12-25T12:00,24.6,43,7.4
2024-12-25T13:00,25.1,39,9.0
2024-12-25T14:00,25.2,39,11.2
2024-12-25T15:00,24.7,41,13.7
2024-12-25T16:00,23.9,44,15.2
2024-12-25T17:00,23.9,40,13.0
2024-12-25T18:00,22.2,52,8.8
2024-12-25T19:00,21.1,64,5.9
2024-12-25T20:00,20.5,70,4.8
2024-12-25T21:00,20.2,73,5.3
2024-12-25T22:00,19.9,76,6.1
2024-12-25T23:00,19.3,79,7.3
2024-12-26T00:00,18.5,82,7.1
2024-12-26T01:00,18.0,83,6.9
2024-12-26T02:00,17.1,86,9.3
2024-12-26T03:00,16.0,90,10.1
2024-12-26T04:00,15.4,90,8.8
2024-12-26T05:00,15.3,86,8.0
2024-12-26T06:00,15.5,85,7.7
2024-12-26T07:00,15.5,85,8.0
2024-12-26T08:00,16.8,77,7.6
2024-12-26T09:00,19.8,64,4.1
2024-12-26T10:00,22.2,56,3.5
2024-12-26T11:00,23.7,52,6.5
2024-12-26T12:00,24.4,48,7.4
2024-12-26T13:00,25.3,44,8.1
2024-12-26T14:00,25.6,43,10.9
2024-12-26T15:00,25.3,46,13.1
2024-12-26T16:00,24.4,51,13.8
2024-12-26T17:00,23.2,61,15.2
2024-12-26T18:00,21.9,72,12.6
2024-12-26T19:00,21.3,74,9.6
2024-12-26T20:00,20.7,77,8.6
2024-12-26T21:00,19.8,79,7.5
2024-12-26T22:00,19.3,79,6.6
2024-12-26T23:00,18.6,79,8.4
2024-12-27T00:00,17.5,83,9.2
2024-12-27T01:00,16.5,84,8.4
2024-12-27T02:00,16.0,85,9.1
2024-12-27T03:00,15.5,87,10.1
2024-12-27T04:00,14.9,90,8.9
2024-12-27T05:00,14.8,90,8.7
2024-12-27T06:00,14.7,90,10.3
2024-12-27T07:00,14.5,89,10.3
2024-12-27T08:00,15.8,81,9.1
2024-12-27T09:00,18.9,66,7.4
2024-12-27T10:00,22.2,51,6.0
2024-12-27T11:00,24.5,43,9.3
2024-12-27T12:00,25.9,37,11.2
2024-12-27T13:00,27.3,30,11.2
2024-12-27T14:00,28.3,22,10.3
2024-12-27T15:00,28.0,22,6.9
2024-12-27T16:00,26.9,30,11.9
2024-12-27T17:00,25.2,43,16.9
2024-12-27T18:00,23.4,63,15.9
2024-12-27T19:00,22.6,60,11.2
2024-12-27T20:00,21.6,59,9.2
2024-12-27T21:00,21.1,54,11.0
2024-12-27T22:00,20.3,55,13.0
2024-12-27T23:00,19.5,61,12.7
2024-12-28T00:00,18.6,67,10.5
2024-12-28T01:00,17.8,67,10.1
2024-12-28T02:00,17.0,68,8.5
2024-12-28T03:00,16.2,68,8.5
2024-12-28T04:00,15.6,65,9.6
2024-12-28T05:00,15.0,66,8.9
2024-12-28T06:00,14.3,67,8.7
2024-12-28T07:00,13.7,69,8.7
2024-12-28T08:00,14.7,65,6.8
2024-12-28T09:00,18.1,52,4.3
2024-12-28T10:00,22.1,41,1.7
2024-12-28T11:00,24.8,33,0.7
2024-12-28T12:00,26.4,29,1.8
2024-12-28T13:00,27.0,28,7.6
2024-12-28T14:00,26.9,31,11.5
2024-12-28T15:00,26.5,33,14.6
2024-12-28T16:00,25.2,39,16.8
2024-12-28T17:00,24.1,49,13.6
2024-12-28T18:00,22.5,65,10.0
2024-12-28T19:00,21.7,62,9.3
2024-12-28T20:00,20.9,68,9.3
2024-12-28T21:00,20.4,76,6.8
2024-12-28T22:00,20.2,75,3.4
2024-12-28T23:00,19.9,75,2.7
2024-12-29T00:00,19.3,77,3.2
2024-12-29T01:00,18.6,79,5.2
2024-12-29T02:00,17.4,83,8.7
2024-12-29T03:00,16.5,85,9.2
2024-12-29T04:00,15.7,88,9.7
2024-12-29T05:00,15.3,83,7.6
2024-12-29T06:00,14.6,84,9.0
2024-12-29T07:00,14.1,85,10.2
2024-12-29T08:00,15.3,78,10.7
2024-12-29T09:00,18.7,66,9.6
2024-12-29T10:00,21.8,57,7.3
2024-12-29T11:00,23.9,47,8.4
2024-12-29T12:00,25.0,44,9.0
2024-12-29T13:00,25.5,42,11.2
2024-12-29T14:00,25.7,42,13.4
2024-12-29T15:00,25.4,43,13.7
2024-12-29T16:00,24.8,46,13.5
2024-12-29T17:00,23.8,56,12.1
2024-12-29T18:00,21.9,73,8.7
2024-12-29T19:00,21.0,82,8.3
2024-12-29T20:00,20.5,87,7.7
2024-12-29T21:00,20.0,89,7.9
2024-12-29T22:00,19.4,89,7.5
2024-12-29T23:00,18.9,89,7.5
2024-12-30T00:00,18.7,89,7.0
2024-12-30T01:00,18.7,88,5.6
2024-12-30T02:00,18.2,89,7.4
2024-12-30T03:00,17.5,91,10.6
2024-12-30T04:00,16.2,96,10.9
2024-12-30T05:00,16.2,94,8.0
2024-12-30T06:00,16.0,93,8.8
2024-12-30T07:00,15.5,94,8.9
2024-12-30T08:00,16.4,90,8.6
2024-12-30T09:00,19.5,75,7.6
2024-12-30T10:00,22.4,64,6.6
2024-12-30T11:00,24.0,60,3.6
2024-12-30T12:00,25.2,56,1.5
2024-12-30T13:00,26.2,50,5.1
2024-12-30T14:00,26.5,48,6.6
2024-12-30T15:00,26.4,50,10.0
2024-12-30T16:00,25.6,54,13.9
2024-12-30T17:00,24.0,66,14.1
2024-12-30T18:00,22.4,81,10.5
2024-12-30T19:00,21.7,89,8.9
2024-12-30T20:00,21.2,90,5.0
2024-12-30T21:00,20.9,89,3.4
2024-12-30T22:00,19.8,94,9.0
2024-12-30T23:00,19.0,96,8.0
2024-12-31T00:00,18.3,96,5.8
2024-12-31T01:00,18.1,95,6.1
2024-12-31T02:00,18.0,94,5.7
2024-12-31T03:00,17.6,95,4.6
2024-12-31T04:00,17.2,97,3.8
2024-12-31T05:00,18.0,97,3.8
2024-12-31T06:00,17.7,97,7.9
2024-12-31T07:00,17.3,97,6.6
2024-12-31T08:00,17.5,96,5.7
2024-12-31T09:00,19.8,84,5.6
2024-12-31T10:00,22.3,71,5.1
2024-12-31T11:00,24.2,64,5.6
2024-12-31T12:00,25.7,55,5.1
2024-12-31T13:00,26.8,47,5.7
2024-12-31T14:00,27.5,42,7.7
2024-12-31T15:00,27.4,44,9.6
2024-12-31T16:00,26.3,53,13.2
2024-12-31T17:00,25.2,60,13.4
2024-12-31T18:00,23.3,67,9.9
2024-12-31T19:00,22.2,75,5.1
2024-12-31T20:00,21.8,78,1.7
2024-12-31T21:00,21.2,80,1.9
2024-12-31T22:00,20.3,82,6.2
2024-12-31T23:00,19.2,82,10.5
2025-01-01T00:00,18.4,82,9.2
2025-01-01T01:00,17.9,82,8.7
2025-01-01T02:00,17.5,81,7.8
2025-01-01T03:00,16.9,77,8.3
2025-01-01T04:00,17.0,67,9.1
2025-01-01T05:00,17.7,69,9.5
2025-01-01T06:00,17.7,65,11.0
2025-01-01T07:00,17.4,63,12.3
2025-01-01T08:00,18.2,59,13.0
2025-01-01T09:00,20.0,52,11.2
2025-01-01T10:00,22.3,47,13.8
2025-01-01T11:00,24.3,41,15.8
2025-01-01T12:00,25.4,40,20.2
2025-01-01T13:00,25.1,56,20.4
2025-01-01T14:00,24.5,59,21.0
2025-01-01T15:00,23.6,65,21.9
2025-01-01T16:00,23.0,67,21.0
2025-01-01T17:00,22.6,69,18.7
2025-01-01T18:00,21.8,68,17.6
2025-01-01T19:00,21.3,63,19.8
2025-01-01T20:00,20.7,65,18.9
2025-01-01T21:00,20.3,67,18.6
2025-01-01T22:00,19.9,66,18.9
2025-01-01T23:00,19.3,68,18.2
2025-01-02T00:00,19.1,66,19.6
2025-01-02T01:00,19.0,61,20.5
2025-01-02T02:00,18.9,62,20.9
2025-01-02T03:00,19.0,60,23.3
2025-01-02T04:00,19.1,57,23.9
2025-01-02T05:00,18.7,55,23.6
2025-01-02T06:00,18.6,56,23.2
2025-01-02T07:00,18.6,56,22.2
2025-01-02T08:00,19.4,52,21.0
2025-01-02T09:00,20.9,46,26.8
2025-01-02T10:00,21.6,43,29.3
2025-01-02T11:00,22.2,41,30.6
2025-01-02T12:00,22.0,44,30.7
2025-01-02T13:00,22.3,43,29.3
2025-01-02T14:00,22.4,41,29.3
2025-01-02T15:00,22.3,39,28.9
2025-01-02T16:00,21.8,38,27.7
2025-01-02T17:00,21.4,40,24.3
2025-01-02T18:00,20.3,45,20.2
2025-01-02T19:00,19.9,48,19.0
2025-01-02T20:00,19.6,49,18.3
2025-01-02T21:00,19.4,49,16.4
2025-01-02T22:00,19.0,50,16.2
2025-01-02T23:00,18.8,50,15.5
2025-01-03T00:00,18.4,51,14.9
2025-01-03T01:00,18.1,51,13.9
2025-01-03T02:00,17.8,52,13.9
2025-01-03T03:00,17.5,53,13.3
2025-01-03T04:00,17.1,54,12.2
2025-01-03T05:00,17.4,49,11.2
2025-01-03T06:00,17.0,49,11.1
2025-01-03T07:00,17.1,49,12.6
2025-01-03T08:00,18.4,45,12.2
2025-01-03T09:00,19.7,41,8.6
2025-01-03T10:00,19.7,44,9.2
2025-01-03T11:00,20.4,41,5.6
2025-01-03T12:00,20.9,40,9.3
2025-01-03T13:00,21.1,40,14.1
2025-01-03T14:00,21.2,40,14.1
2025-01-03T15:00,20.9,39,19.4
2025-01-03T16:00,20.5,41,18.6
2025-01-03T17:00,20.5,40,15.3
2025-01-03T18:00,19.3,44,12.1
2025-01-03T19:00,18.6,46,11.4
2025-01-03T20:00,17.6,50,9.7
2025-01-03T21:00,16.8,53,10.4
2025-01-03T22:00,15.7,55,10.5
2025-01-03T23:00,14.7,56,11.1
2025-01-04T00:00,13.6,54,10.9
2025-01-04T01:00,12.8,52,10.6
2025-01-04T02:00,12.3,51,10.6
2025-01-04T03:00,11.6,53,9.9
2025-01-04T04:00,11.2,54,11.1
2025-01-04T05:00,12.1,45,12.1
2025-01-04T06:00,12.4,43,10.6
2025-01-04T07:00,11.6,45,9.0
2025-01-04T08:00,12.7,41,10.5
2025-01-04T09:00,15.7,33,8.9
2025-01-04T10:00,18.6,28,6.3
2025-01-04T11:00,20.6,29,10.3
2025-01-04T12:00,21.5,31,9.5
2025-01-04T13:00,22.3,30,13.3
2025-01-04T14:00,22.8,30,14.4
2025-01-04T15:00,22.5,32,16.2
2025-01-04T16:00,21.9,34,17.6
2025-01-04T17:00,21.2,35,16.1
2025-01-04T18:00,20.0,41,14.0
2025-01-04T19:00,19.1,41,10.7
2025-01-04T20:00,18.0,45,7.9
2025-01-04T21:00,17.4,48,9.4
2025-01-04T22:00,17.1,51,9.7
2025-01-04T23:00,16.6,54,9.9
2025-01-05T00:00,16.3,56,10.5
2025-01-05T01:00,16.2,59,8.4
2025-01-05T02:00,16.2,60,8.5
2025-01-05T03:00,16.5,61,10.9
2025-01-05T04:00,15.6,65,7.9
2025-01-05T05:00,15.8,64,7.9
2025-01-05T06:00,15.8,65,2.4
2025-01-05T07:00,15.3,68,6.1
2025-01-05T08:00,15.7,68,5.1
2025-01-05T09:00,18.7,56,1.5
2025-01-05T10:00,20.7,48,3.9
2025-01-05T11:00,22.1,41,11.4
2025-01-05T12:00,22.6,39,15.9
2025-01-05T13:00,22.7,40,17.3
2025-01-05T14:00,22.6,40,16.8
2025-01-05T15:00,22.4,41,16.1
2025-01-05T16:00,22.1,43,15.7
2025-01-05T17:00,21.1,47,14.2
2025-01-05T18:00,19.9,52,8.4
2025-01-05T19:00,18.9,56,7.1
2025-01-05T20:00,18.3,60,5.8
2025-01-05T21:00,17.8,64,4.5
2025-01-05T22:00,17.5,67,2.6
2025-01-05T23:00,16.9,70,1.9
2025-01-06T00:00,15.7,74,7.5
2025-01-06T01:00,14.3,78,11.9
2025-01-06T02:00,13.2,81,10.5
2025-01-06T03:00,12.7,82,9.4
2025-01-06T04:00,12.1,83,10.2
2025-01-06T05:00,11.5,81,9.4
2025-01-06T06:00,10.9,83,9.2
2025-01-06T07:00,10.6,83,9.9
2025-01-06T08:00,11.9,75,9.3
2025-01-06T09:00,15.4,60,9.2
2025-01-06T10:00,18.8,50,8.9
2025-01-06T11:00,21.4,40,12.3
2025-01-06T12:00,23.0,32,13.9
2025-01-06T13:00,24.2,30,12.5
2025-01-06T14:00,25.2,29,11.7
2025-01-06T15:00,25.9,27,11.1
2025-01-06T16:00,25.4,28,11.1
2025-01-06T17:00,23.3,41,16.9
2025-01-06T18:00,21.6,49,14.9
2025-01-06T19:00,20.5,53,10.2
2025-01-06T20:00,19.7,45,11.8
2025-01-06T21:00,18.9,49,14.9
2025-01-06T22:00,18.0,58,15.5
2025-01-06T23:00,17.4,60,15.8
2025-01-07T00:00,16.7,60,14.8
2025-01-07T01:00,15.7,62,13.1
2025-01-07T02:00,14.7,64,11.1
2025-01-07T03:00,14.0,65,10.1
2025-01-07T04:00,13.5,65,10.8
2025-01-07T05:00,13.2,65,10.6
2025-01-07T06:00,12.7,62,10.5
2025-01-07T07:00,12.4,60,11.0
2025-01-07T08:00,13.6,57,11.0
2025-01-07T09:00,16.7,46,9.2
2025-01-07T10:00,20.2,37,7.5
2025-01-07T11:00,23.3,29,7.7
2025-01-07T12:00,24.9,25,4.8
2025-01-07T13:00,25.8,22,0.7
2025-01-07T14:00,26.2,22,5.0
2025-01-07T15:00,25.5,29,12.7
2025-01-07T16:00,23.8,38,17.9
2025-01-07T17:00,22.6,43,14.4
2025-01-07T18:00,21.4,54,10.1
2025-01-07T19:00,20.4,60,9.1
2025-01-07T20:00,19.2,68,7.7
2025-01-07T21:00,18.7,68,6.2
2025-01-07T22:00,18.1,68,6.9
2025-01-07T23:00,17.0,66,10.3
2025-01-08T00:00,16.5,67,10.3
2025-01-08T01:00,15.8,71,9.9
2025-01-08T02:00,14.7,74,9.6
2025-01-08T03:00,13.8,76,10.5
2025-01-08T04:00,13.3,74,10.6
2025-01-08T05:00,12.3,71,10.0
2025-01-08T06:00,11.5,72,10.7
2025-01-08T07:00,11.0,70,11.5
2025-01-08T08:00,12.1,62,11.1
2025-01-08T09:00,15.1,52,7.4
2025-01-08T10:00,17.5,45,7.1
2025-01-08T11:00,19.9,40,3.9
2025-01-08T12:00,20.9,39,3.1
2025-01-08T13:00,22.4,35,3.3
2025-01-08T14:00,23.6,32,7.4
2025-01-08T15:00,24.1,34,10.9
2025-01-08T16:00,23.9,39,12.8
2025-01-08T17:00,22.8,46,10.7
2025-01-08T18:00,20.7,60,7.9
2025-01-08T19:00,20.6,72,8.1
2025-01-08T20:00,19.5,81,9.9
2025-01-08T21:00,19.2,81,11.4
2025-01-08T22:00,18.7,84,10.9
2025-01-08T23:00,18.1,87,11.4
2025-01-09T00:00,17.8,87,11.3
2025-01-09T01:00,17.3,88,10.7
2025-01-09T02:00,16.6,89,10.3
2025-01-09T03:00,16.0,90,10.6
2025-01-09T04:00,15.7,90,10.7
2025-01-09T05:00,15.8,93,11.7
2025-01-09T06:00,15.6,92,12.3
2025-01-09T07:00,15.6,89,11.5
2025-01-09T08:00,16.5,85,10.8
2025-01-09T09:00,19.0,74,9.0
2025-01-09T10:00,21.1,59,7.3
2025-01-09T11:00,22.2,51,9.3
2025-01-09T12:00,22.6,50,12.6
2025-01-09T13:00,22.7,49,15.2
2025-01-09T14:00,22.7,49,15.9
2025-01-09T15:00,22.4,51,16.6
2025-01-09T16:00,22.0,52,15.9
2025-01-09T17:00,21.6,55,15.7
2025-01-09T18:00,20.6,61,10.2
2025-01-09T19:00,19.5,69,7.5
2025-01-09T20:00,18.7,73,8.4
2025-01-09T21:00,18.0,77,9.4
2025-01-09T22:00,17.2,80,10.8
2025-01-09T23:00,16.3,84,10.9
2025-01-10T00:00,15.4,88,9.8
2025-01-10T01:00,14.8,90,9.6
2025-01-10T02:00,14.2,92,8.5
2025-01-10T03:00,13.8,92,7.1
2025-01-10T04:00,13.8,92,10.0
2025-01-10T05:00,13.7,93,8.7
2025-01-10T06:00,13.2,95,8.9
2025-01-10T07:00,12.6,96,8.5
2025-01-10T08:00,13.3,93,7.6
2025-01-10T09:00,17.0,78,6.9
2025-01-10T10:00,20.3,64,7.1
2025-01-10T11:00,22.4,54,5.4
2025-01-10T12:00,23.9,43,7.2
2025-01-10T13:00,24.9,35,8.7
2025-01-10T14:00,25.4,32,10.6
2025-01-10T15:00,25.0,37,14.5
2025-01-10T16:00,23.9,46,18.3
2025-01-10T17:00,22.3,57,17.8
2025-01-10T18:00,20.8,69,13.0
2025-01-10T19:00,20.0,75,11.1
2025-01-10T20:00,19.0,78,7.0
2025-01-10T21:00,18.5,76,6.5
2025-01-10T22:00,17.4,78,7.5
2025-01-10T23:00,16.4,80,7.0
2025-01-11T00:00,15.3,82,8.6
2025-01-11T01:00,14.5,80,9.3
2025-01-11T02:00,13.7,77,9.0
2025-01-11T03:00,13.1,76,7.8
2025-01-11T04:00,12.3,78,6.8
2025-01-11T05:00,12.1,79,9.4
2025-01-11T06:00,11.7,77,9.7
2025-01-11T07:00,11.5,73,10.3
2025-01-11T08:00,12.8,62,10.7
2025-01-11T09:00,16.6,45,9.4
2025-01-11T10:00,20.3,34,8.0
2025-01-11T11:00,23.3,27,10.4
2025-01-11T12:00,25.3,22,10.8
2025-01-11T13:00,26.3,21,10.3
2025-01-11T14:00,26.9,20,5.9
2025-01-11T15:00,26.8,21,4.9
2025-01-11T16:00,25.2,36,16.8
2025-01-11T17:00,23.2,51,19.7
2025-01-11T18:00,21.8,59,18.1
2025-01-11T19:00,21.2,64,16.5
2025-01-11T20:00,20.5,66,13.4
2025-01-11T21:00,19.3,71,10.7
2025-01-11T22:00,17.8,69,10.4
2025-01-11T23:00,16.5,60,10.5
2025-01-12T00:00,15.4,57,10.3
2025-01-12T01:00,14.8,57,11.2
2025-01-12T02:00,14.7,55,12.8
2025-01-12T03:00,14.6,52,13.8
2025-01-12T04:00,14.2,55,13.9
2025-01-12T05:00,13.6,60,12.1
2025-01-12T06:00,13.0,66,11.7
2025-01-12T07:00,11.8,71,8.9
2025-01-12T08:00,12.0,63,6.9
2025-01-12T09:00,14.7,46,5.1
2025-01-12T10:00,18.0,35,4.3
2025-01-12T11:00,21.3,28,4.7
2025-01-12T12:00,23.6,28,4.4
2025-01-12T13:00,24.9,28,5.7
2025-01-12T14:00,25.5,26,8.5
2025-01-12T15:00,25.3,27,10.4
2025-01-12T16:00,24.2,32,13.0
2025-01-12T17:00,22.2,48,13.5
2025-01-12T18:00,20.3,65,9.7
2025-01-12T19:00,19.4,71,8.2
2025-01-12T20:00,18.9,71,8.0
2025-01-12T21:00,18.7,70,6.2
2025-01-12T22:00,18.8,70,2.2
2025-01-12T23:00,18.2,71,3.6
2025-01-13T00:00,17.6,72,6.5
2025-01-13T01:00,16.8,74,8.0
2025-01-13T02:00,15.8,77,9.3
2025-01-13T03:00,15.9,78,9.4
2025-01-13T04:00,16.1,78,8.6
2025-01-13T05:00,16.6,77,9.7
2025-01-13T06:00,15.4,87,10.3
2025-01-13T07:00,16.1,85,7.6
2025-01-13T08:00,16.7,82,8.5
2025-01-13T09:00,18.7,73,8.6
2025-01-13T10:00,21.6,61,9.8
2025-01-13T11:00,22.6,57,14.4
2025-01-13T12:00,23.3,52,17.6
2025-01-13T13:00,23.0,55,19.0
2025-01-13T14:00,23.2,54,19.6
2025-01-13T15:00,23.0,55,21.1
2025-01-13T16:00,22.4,59,21.8
2025-01-13T17:00,22.1,62,18.4
2025-01-13T18:00,21.1,64,15.1
2025-01-13T19:00,20.7,66,15.0
2025-01-13T20:00,20.4,68,13.8
2025-01-13T21:00,19.9,71,11.8
2025-01-13T22:00,19.3,73,10.4
2025-01-13T23:00,18.8,74,10.0
2025-01-14T00:00,18.6,75,9.9
2025-01-14T01:00,18.1,77,9.0
2025-01-14T02:00,17.6,79,9.1
2025-01-14T03:00,17.3,80,9.1
2025-01-14T04:00,16.9,81,9.2
2025-01-14T05:00,17.5,75,10.5
2025-01-14T06:00,17.0,77,10.7
2025-01-14T07:00,16.1,82,9.6
2025-01-14T08:00,16.7,76,9.0
2025-01-14T09:00,19.1,62,8.8
2025-01-14T10:00,21.3,54,9.6
2025-01-14T11:00,22.7,48,7.1
2025-01-14T12:00,23.5,43,10.4
2025-01-14T13:00,23.8,42,14.1
2025-01-14T14:00,23.8,42,16.3
2025-01-14T15:00,23.1,46,17.6
2025-01-14T16:00,22.2,52,18.4
2025-01-14T17:00,22.0,49,16.4
2025-01-14T18:00,21.1,48,10.9
2025-01-14T19:00,20.1,52,8.3
2025-01-14T20:00,19.2,56,8.8
2025-01-14T21:00,18.4,63,8.3
2025-01-14T22:00,17.9,67,8.6
2025-01-14T23:00,17.4,71,9.2
2025-01-15T00:00,16.7,75,10.1
2025-01-15T01:00,15.9,77,10.1
2025-01-15T02:00,15.1,78,10.3
2025-01-15T03:00,14.2,81,10.8
2025-01-15T04:00,13.1,87,9.6
2025-01-15T05:00,13.4,81,7.9
2025-01-15T06:00,13.2,82,9.4
2025-01-15T07:00,12.8,84,9.5
2025-01-15T08:00,14.0,78,8.4
2025-01-15T09:00,17.1,64,6.0
2025-01-15T10:00,20.3,52,4.6
2025-01-15T11:00,22.3,43,2.4
2025-01-15T12:00,23.7,40,7.1
2025-01-15T13:00,24.6,38,8.1
2025-01-15T14:00,25.1,37,9.4
2025-01-15T15:00,24.8,42,14.5
2025-01-15T16:00,23.6,52,20.2
2025-01-15T17:00,22.4,59,19.1
2025-01-15T18:00,21.6,65,12.5
2025-01-15T19:00,21.0,69,12.0
2025-01-15T20:00,20.3,70,9.8
2025-01-15T21:00,19.3,71,7.7
2025-01-15T22:00,18.9,71,3.7
2025-01-15T23:00,18.3,72,3.1
2025-01-16T00:00,17.3,74,5.9
2025-01-16T01:00,16.4,76,6.7
2025-01-16T02:00,15.8,78,5.0
2025-01-16T03:00,15.7,77,3.2
2025-01-16T04:00,15.5,77,3.6
2025-01-16T05:00,15.5,75,6.8
2025-01-16T06:00,14.7,77,9.1
2025-01-16T07:00,13.9,79,8.7
2025-01-16T08:00,14.7,76,7.8
2025-01-16T09:00,18.0,63,4.3
2025-01-16T10:00,21.3,50,3.7
2025-01-16T11:00,23.1,47,4.0
2025-01-16T12:00,24.3,43,5.7
2025-01-16T13:00,25.0,41,8.4
2025-01-16T14:00,24.8,47,14.9
2025-01-16T15:00,23.9,51,19.1
2025-01-16T16:00,23.4,53,17.6
2025-01-16T17:00,23.1,55,14.2
2025-01-16T18:00,21.8,60,10.3
2025-01-16T19:00,21.1,66,10.8
2025-01-16T20:00,19.9,73,7.5
2025-01-16T21:00,19.1,79,7.6
2025-01-16T22:00,18.4,85,8.5
2025-01-16T23:00,17.9,87,8.6
2025-01-17T00:00,17.4,86,8.8
2025-01-17T01:00,16.8,86,9.3
2025-01-17T02:00,15.9,88,10.0
2025-01-17T03:00,15.2,88,10.2
2025-01-17T04:00,14.7,90,10.7
2025-01-17T05:00,14.8,89,11.1
2025-01-17T06:00,14.7,89,12.6
2025-01-17T07:00,14.5,90,12.4
2025-01-17T08:00,15.3,88,13.5
2025-01-17T09:00,17.7,77,9.6
2025-01-17T10:00,20.1,69,13.0
2025-01-17T11:00,21.5,61,15.3
2025-01-17T12:00,22.3,54,15.7
2025-01-17T13:00,22.8,52,17.5
2025-01-17T14:00,22.4,56,21.3
2025-01-17T15:00,22.1,56,19.0
2025-01-17T16:00,21.6,58,17.3
2025-01-17T17:00,21.3,60,14.8
2025-01-17T18:00,20.1,64,10.3
2025-01-17T19:00,19.1,70,9.1
2025-01-17T20:00,18.3,75,8.4
2025-01-17T21:00,17.5,77,9.3
2025-01-17T22:00,16.7,78,10.4
2025-01-17T23:00,16.2,78,10.8
2025-01-18T00:00,15.9,73,11.4
2025-01-18T01:00,15.6,69,12.5
2025-01-18T02:00,15.4,68,14.9
2025-01-18T03:00,15.4,69,15.8
2025-01-18T04:00,15.4,72,15.9
2025-01-18T05:00,15.6,69,15.0
2025-01-18T06:00,15.4,77,13.7
2025-01-18T07:00,15.5,80,13.6
2025-01-18T08:00,15.8,80,15.4
2025-01-18T09:00,18.0,73,15.0
2025-01-18T10:00,20.9,64,18.5
2025-01-18T11:00,22.4,53,25.8
2025-01-18T12:00,22.5,53,27.9
2025-01-18T13:00,22.9,47,28.9
2025-01-18T14:00,21.8,53,29.3
2025-01-18T15:00,21.4,54,27.8
2025-01-18T16:00,21.5,54,27.6
2025-01-18T17:00,21.4,51,25.4
2025-01-18T18:00,20.4,50,19.0
2025-01-18T19:00,19.9,57,19.0
2025-01-18T20:00,19.6,56,18.4
2025-01-18T21:00,19.2,58,18.2
2025-01-18T22:00,19.0,58,18.5
2025-01-18T23:00,18.7,57,20.0
2025-01-19T00:00,18.6,57,19.5
2025-01-19T01:00,18.2,58,19.0
2025-01-19T02:00,18.1,57,18.8
2025-01-19T03:00,18.0,57,17.6
2025-01-19T04:00,17.8,58,16.5
2025-01-19T05:00,18.0,55,14.4
2025-01-19T06:00,17.6,56,12.8
2025-01-19T07:00,17.3,57,12.2
2025-01-19T08:00,18.1,55,11.5
2025-01-19T09:00,20.1,48,11.2
2025-01-19T10:00,21.7,41,18.9
2025-01-19T11:00,22.2,39,21.1
2025-01-19T12:00,22.6,36,21.6
2025-01-19T13:00,22.8,36,23.5
2025-01-19T14:00,22.7,35,23.5
2025-01-19T15:00,22.2,37,23.8
2025-01-19T16:00,21.9,39,23.2
2025-01-19T17:00,21.7,41,20.2
2025-01-19T18:00,20.8,46,16.3
2025-01-19T19:00,20.0,49,14.3
2025-01-19T20:00,19.4,52,13.0
2025-01-19T21:00,18.8,55,11.9
2025-01-19T22:00,18.2,58,12.5
2025-01-19T23:00,17.7,61,12.4
2025-01-20T00:00,17.4,66,13.7
2025-01-20T01:00,17.1,68,12.8
2025-01-20T02:00,16.5,72,12.3
2025-01-20T03:00,16.1,73,11.7
2025-01-20T04:00,15.7,73,11.2
2025-01-20T05:00,14.9,79,10.0
2025-01-20T06:00,14.9,80,9.4
2025-01-20T07:00,14.6,81,9.0
2025-01-20T08:00,15.9,75,8.2
2025-01-20T09:00,18.6,63,7.7
2025-01-20T10:00,20.5,52,12.8
2025-01-20T11:00,21.2,49,17.8
2025-01-20T12:00,21.7,47,19.0
2025-01-20T13:00,21.9,46,20.5
2025-01-20T14:00,21.8,46,21.4
2025-01-20T15:00,21.5,46,21.0
2025-01-20T16:00,21.0,48,21.1
2025-01-20T17:00,20.7,50,18.8
2025-01-20T18:00,19.7,55,14.3
2025-01-20T19:00,18.9,60,12.1
2025-01-20T20:00,18.3,63,11.2
2025-01-20T21:00,17.8,66,11.3
2025-01-20T22:00,17.4,69,11.2
2025-01-20T23:00,16.8,70,10.7
2025-01-21T00:00,16.4,72,10.8
2025-01-21T01:00,16.1,75,11.4
2025-01-21T02:00,15.9,77,11.6
2025-01-21T03:00,16.0,76,12.3
2025-01-21T04:00,16.4,72,13.3
2025-01-21T05:00,16.0,70,12.7
2025-01-21T06:00,16.8,61,15.1
2025-01-21T07:00,17.0,61,15.8
2025-01-21T08:00,17.9,60,14.7
2025-01-21T09:00,20.5,49,17.5
2025-01-21T10:00,21.4,46,24.9
2025-01-21T11:00,22.2,40,26.6
2025-01-21T12:00,22.4,39,28.4
2025-01-21T13:00,22.5,40,29.9
2025-01-21T14:00,22.4,41,30.3
2025-01-21T15:00,22.2,40,30.6
2025-01-21T16:00,21.5,41,30.5
2025-01-21T17:00,21.1,44,28.2
2025-01-21T18:00,20.3,48,24.5
2025-01-21T19:00,20.0,50,26.3
2025-01-21T20:00,19.8,50,25.4
2025-01-21T21:00,19.7,49,24.7
2025-01-21T22:00,19.7,49,24.7
2025-01-21T23:00,19.6,51,24.4
2025-01-22T00:00,19.4,50,22.9
2025-01-22T01:00,19.2,52,21.0
2025-01-22T02:00,18.9,54,17.7
2025-01-22T03:00,18.3,55,14.2
2025-01-22T04:00,17.3,56,9.9
2025-01-22T05:00,17.1,53,4.0
2025-01-22T06:00,16.0,55,7.7
2025-01-22T07:00,14.8,60,10.1
2025-01-22T08:00,14.9,62,9.0
2025-01-22T09:00,17.6,54,7.5
2025-01-22T10:00,20.4,40,11.3
2025-01-22T11:00,22.5,31,20.8
2025-01-22T12:00,23.9,22,24.8
2025-01-22T13:00,24.4,21,26.8
2025-01-22T14:00,24.5,20,24.9
2025-01-22T15:00,24.8,21,19.0
2025-01-22T16:00,24.0,25,15.3
2025-01-22T17:00,22.9,33,18.4
2025-01-22T18:00,21.3,36,19.1
2025-01-22T19:00,20.5,38,19.1
2025-01-22T20:00,19.6,42,15.8
2025-01-22T21:00,18.3,43,12.2
2025-01-22T22:00,16.9,43,9.8
2025-01-22T23:00,15.6,45,9.6
2025-01-23T00:00,14.6,49,9.0
2025-01-23T01:00,13.9,50,8.5
2025-01-23T02:00,13.0,52,8.1
2025-01-23T03:00,12.2,54,9.0
2025-01-23T04:00,12.2,49,12.8
2025-01-23T05:00,13.0,45,14.3
2025-01-23T06:00,13.2,52,14.5
2025-01-23T07:00,13.2,58,14.2
2025-01-23T08:00,14.2,54,13.5
2025-01-23T09:00,17.4,46,10.7
2025-01-23T10:00,20.6,38,14.9
2025-01-23T11:00,22.8,28,21.6
2025-01-23T12:00,24.0,21,21.3
2025-01-23T13:00,24.6,19,20.4
2025-01-23T14:00,24.9,18,19.6
2025-01-23T15:00,25.0,17,19.4
2025-01-23T16:00,24.6,17,16.3
2025-01-23T17:00,23.8,21,12.3
2025-01-23T18:00,21.5,23,10.1
2025-01-23T19:00,19.9,28,11.1
2025-01-23T20:00,18.7,33,11.2
2025-01-23T21:00,17.5,33,12.0
2025-01-23T22:00,16.3,36,11.8
2025-01-23T23:00,15.1,42,11.1
2025-01-24T00:00,13.9,47,10.4
2025-01-24T01:00,12.9,51,10.2
2025-01-24T02:00,12.1,54,10.8
2025-01-24T03:00,11.6,53,12.0
2025-01-24T04:00,11.6,48,13.2
2025-01-24T05:00,12.0,51,14.4
2025-01-24T06:00,11.4,56,14.0
2025-01-24T07:00,11.0,62,13.7
2025-01-24T08:00,12.0,62,12.6
2025-01-24T09:00,15.2,52,10.5
2025-01-24T10:00,19.0,40,12.1
2025-01-24T11:00,22.0,33,16.4
2025-01-24T12:00,24.2,23,14.0
2025-01-24T13:00,25.2,18,9.0
2025-01-24T14:00,25.8,17,6.9
2025-01-24T15:00,25.7,16,2.5
2025-01-24T16:00,24.4,27,15.7
2025-01-24T17:00,22.3,38,19.8
2025-01-24T18:00,21.0,44,14.1
2025-01-24T19:00,20.0,49,9.7
2025-01-24T20:00,19.2,52,9.6
2025-01-24T21:00,18.0,59,8.0
2025-01-24T22:00,16.7,56,8.8
2025-01-24T23:00,15.7,54,9.6
2025-01-25T00:00,14.5,57,8.5
2025-01-25T01:00,13.5,62,9.6
2025-01-25T02:00,12.5,65,10.3
2025-01-25T03:00,11.7,68,9.8
2025-01-25T04:00,11.1,72,9.4
2025-01-25T05:00,11.5,67,9.3
2025-01-25T06:00,11.0,71,9.5
2025-01-25T07:00,10.5,69,9.3
2025-01-25T08:00,11.4,62,7.3
2025-01-25T09:00,14.7,50,4.0
2025-01-25T10:00,18.3,40,2.7
2025-01-25T11:00,20.5,40,1.0
2025-01-25T12:00,22.3,33,4.2
2025-01-25T13:00,23.6,28,6.4
2025-01-25T14:00,24.1,28,10.0
2025-01-25T15:00,24.0,30,14.3
2025-01-25T16:00,23.2,31,17.3
2025-01-25T17:00,22.0,41,14.0
2025-01-25T18:00,20.6,57,10.5
2025-01-25T19:00,19.6,66,10.1
2025-01-25T20:00,18.8,68,7.6
2025-01-25T21:00,18.2,68,6.4
2025-01-25T22:00,17.4,65,5.8
2025-01-25T23:00,16.5,65,7.0
2025-01-26T00:00,15.8,67,6.0
2025-01-26T01:00,15.5,70,2.7
2025-01-26T02:00,15.1,74,2.8
2025-01-26T03:00,14.2,79,6.6
2025-01-26T04:00,13.3,83,10.9
2025-01-26T05:00,12.7,86,9.0
2025-01-26T06:00,12.3,86,8.8
2025-01-26T07:00,12.0,85,9.9
2025-01-26T08:00,13.1,76,9.3
2025-01-26T09:00,16.7,60,7.4
2025-01-26T10:00,20.2,49,6.7
2025-01-26T11:00,22.3,45,8.7
2025-01-26T12:00,23.9,36,9.4
2025-01-26T13:00,25.0,32,10.6
2025-01-26T14:00,24.9,37,15.3
2025-01-26T15:00,24.1,40,18.6
2025-01-26T16:00,23.4,39,17.8
2025-01-26T17:00,22.5,52,15.5
2025-01-26T18:00,21.0,62,12.2
2025-01-26T19:00,19.9,68,10.5
2025-01-26T20:00,18.9,75,7.4
2025-01-26T21:00,18.4,77,5.1
2025-01-26T22:00,17.5,78,7.0
2025-01-26T23:00,16.5,79,7.5
2025-01-27T00:00,15.8,81,6.6
2025-01-27T01:00,15.2,83,7.4
2025-01-27T02:00,14.6,85,8.3
2025-01-27T03:00,14.0,87,9.1
2025-01-27T04:00,13.4,89,8.9
2025-01-27T05:00,13.1,89,8.2
2025-01-27T06:00,12.9,89,8.7
2025-01-27T07:00,12.7,90,6.9
2025-01-27T08:00,14.1,86,8.8
2025-01-27T09:00,17.2,74,5.9
2025-01-27T10:00,20.3,67,1.8
2025-01-27T11:00,22.4,64,3.2
2025-01-27T12:00,24.2,52,4.4
2025-01-27T13:00,25.4,41,5.7
2025-01-27T14:00,24.1,53,15.8
2025-01-27T15:00,22.8,61,16.3
2025-01-27T16:00,23.3,58,14.3
2025-01-27T17:00,23.1,58,14.3
2025-01-27T18:00,21.5,70,8.6
2025-01-27T19:00,20.6,80,7.2
2025-01-27T20:00,20.0,87,8.5
2025-01-27T21:00,20.2,87,8.0
2025-01-27T22:00,20.4,85,8.4
2025-01-27T23:00,20.3,83,9.1
2025-01-28T00:00,19.4,89,9.7
2025-01-28T01:00,18.8,92,9.6
2025-01-28T02:00,18.4,93,7.5
2025-01-28T03:00,18.0,93,9.4
2025-01-28T04:00,18.0,93,9.6
2025-01-28T05:00,18.1,90,10.8
2025-01-28T06:00,18.6,89,12.8
2025-01-28T07:00,18.9,88,8.3
2025-01-28T08:00,19.5,86,6.1
2025-01-28T09:00,21.3,77,7.1
2025-01-28T10:00,22.7,68,15.0
2025-01-28T11:00,23.5,60,19.9
2025-01-28T12:00,24.0,56,20.9
2025-01-28T13:00,24.2,53,21.9
2025-01-28T14:00,23.9,55,23.0
2025-01-28T15:00,23.7,55,22.9
2025-01-28T16:00,23.1,56,22.6
2025-01-28T17:00,22.4,62,21.0
2025-01-28T18:00,21.3,66,17.4
2025-01-28T19:00,20.8,67,15.7
2025-01-28T20:00,20.4,67,15.2
2025-01-28T21:00,20.0,69,14.3
2025-01-28T22:00,19.5,71,13.7
2025-01-28T23:00,19.0,74,13.9
2025-01-29T00:00,18.6,78,14.1
2025-01-29T01:00,18.3,80,14.5
2025-01-29T02:00,18.2,82,14.6
2025-01-29T03:00,18.1,82,15.0
2025-01-29T04:00,17.9,82,14.9
2025-01-29T05:00,17.8,80,12.9
2025-01-29T06:00,17.4,81,12.1
2025-01-29T07:00,16.9,81,10.9
2025-01-29T08:00,18.0,78,9.4
2025-01-29T09:00,20.4,66,7.6
2025-01-29T10:00,21.9,56,13.2
2025-01-29T11:00,22.6,53,17.0
2025-01-29T12:00,22.9,52,19.9
2025-01-29T13:00,23.1,50,21.6
2025-01-29T14:00,23.0,50,22.8
2025-01-29T15:00,22.7,52,22.4
2025-01-29T16:00,22.3,54,20.0
2025-01-29T17:00,21.7,55,18.6
2025-01-29T18:00,20.7,58,12.0
2025-01-29T19:00,19.8,63,9.9
2025-01-29T20:00,18.8,68,9.0
2025-01-29T21:00,18.0,72,8.9
2025-01-29T22:00,17.4,79,9.6
2025-01-29T23:00,16.9,83,9.0
2025-01-30T00:00,16.7,82,7.1
2025-01-30T01:00,16.5,81,5.9
2025-01-30T02:00,15.5,85,9.2
2025-01-30T03:00,14.4,89,12.4
2025-01-30T04:00,13.1,94,12.9
2025-01-30T05:00,13.1,91,10.8
2025-01-30T06:00,12.9,92,10.6
2025-01-30T07:00,12.5,93,10.6
2025-01-30T08:00,13.3,89,10.5
2025-01-30T09:00,17.2,71,9.1
2025-01-30T10:00,20.3,60,8.0
2025-01-30T11:00,22.2,55,5.9
2025-01-30T12:00,23.5,49,13.8
2025-01-30T13:00,23.7,47,17.2
2025-01-30T14:00,23.8,44,16.3
2025-01-30T15:00,23.5,46,18.5
2025-01-30T16:00,22.7,51,20.2
2025-01-30T17:00,22.5,50,17.4
2025-01-30T18:00,21.5,58,14.0
2025-01-30T19:00,21.0,61,14.2
2025-01-30T20:00,20.7,60,18.0
2025-01-30T21:00,20.2,59,17.0
2025-01-30T22:00,19.9,61,17.4
2025-01-30T23:00,19.7,59,17.0
2025-01-31T00:00,19.3,58,17.3
2025-01-31T01:00,18.9,61,17.2
2025-01-31T02:00,18.5,62,16.7
2025-01-31T03:00,18.3,64,16.6
2025-01-31T04:00,18.1,62,16.3
2025-01-31T05:00,18.1,59,15.8
2025-01-31T06:00,17.5,55,14.4
2025-01-31T07:00,16.8,57,12.3
2025-01-31T08:00,17.8,55,10.1
2025-01-31T09:00,20.1,47,9.0
2025-01-31T10:00,21.9,37,14.8
2025-01-31T11:00,22.6,34,16.9
2025-01-31T12:00,23.1,33,17.1
2025-01-31T13:00,22.8,38,18.8
2025-01-31T14:00,23.0,37,17.2
2025-01-31T15:00,22.3,42,18.1
2025-01-31T16:00,22.0,43,16.6
2025-01-31T17:00,21.6,46,16.3
2025-01-31T18:00,20.6,49,11.7
2025-01-31T19:00,19.6,54,7.1
2025-01-31T20:00,18.9,58,4.5
2025-01-31T21:00,18.5,59,1.8
2025-01-31T22:00,18.0,61,1.6
2025-01-31T23:00,17.2,63,3.4
2025-02-01T00:00,16.3,66,4.8
2025-02-01T01:00,15.1,71,8.1
2025-02-01T02:00,14.0,77,9.8
2025-02-01T03:00,12.6,85,8.5
2025-02-01T04:00,11.6,90,8.0
2025-02-01T05:00,12.6,81,8.1
2025-02-01T06:00,12.3,81,9.0
2025-02-01T07:00,11.6,84,9.8
2025-02-01T08:00,12.4,79,7.5
2025-02-01T09:00,16.0,65,4.1
2025-02-01T10:00,19.5,49,4.0
2025-02-01T11:00,21.8,37,3.1
2025-02-01T12:00,23.4,26,6.2
2025-02-01T13:00,24.4,21,6.1
2025-02-01T14:00,24.8,20,4.0
2025-02-01T15:00,24.5,25,12.8
2025-02-01T16:00,23.2,30,21.6
2025-02-01T17:00,22.1,42,20.7
2025-02-01T18:00,21.1,45,13.6
2025-02-01T19:00,20.2,51,11.3
2025-02-01T20:00,19.3,58,9.6
2025-02-01T21:00,18.5,64,7.8
2025-02-01T22:00,17.7,64,8.9
2025-02-01T23:00,16.8,67,7.9
2025-02-02T00:00,15.8,71,7.0
2025-02-02T01:00,14.7,75,6.5
2025-02-02T02:00,13.9,75,4.6
2025-02-02T03:00,13.6,72,4.2
2025-02-02T04:00,13.3,68,5.3
2025-02-02T05:00,13.7,66,9.0
2025-02-02T06:00,13.5,61,9.8
2025-02-02T07:00,13.2,60,10.5
2025-02-02T08:00,13.5,57,8.3
2025-02-02T09:00,17.2,47,5.6
2025-02-02T10:00,20.2,44,6.4
2025-02-02T11:00,21.9,41,18.2
2025-02-02T12:00,22.8,36,22.7
2025-02-02T13:00,20.7,51,26.6
2025-02-02T14:00,20.1,57,23.4
2025-02-02T15:00,20.4,51,23.3
2025-02-02T16:00,20.5,48,22.7
2025-02-02T17:00,20.6,40,23.7
2025-02-02T18:00,19.5,43,19.6
2025-02-02T19:00,18.8,46,19.8
2025-02-02T20:00,18.4,50,19.8
2025-02-02T21:00,18.5,49,20.5
2025-02-02T22:00,18.3,51,19.2
2025-02-02T23:00,18.0,53,18.2
2025-02-03T00:00,17.7,54,16.9
2025-02-03T01:00,17.3,56,15.2
2025-02-03T02:00,17.0,58,14.9
2025-02-03T03:00,16.7,59,13.8
2025-02-03T04:00,16.7,59,12.9
2025-02-03T05:00,16.6,55,11.4
2025-02-03T06:00,16.9,55,11.7
2025-02-03T07:00,17.1,56,11.7
2025-02-03T08:00,17.4,57,9.5
2025-02-03T09:00,20.0,47,8.5
2025-02-03T10:00,21.6,40,15.3
2025-02-03T11:00,22.0,40,19.9
2025-02-03T12:00,22.3,40,19.4
2025-02-03T13:00,23.1,36,19.1
2025-02-03T14:00,22.7,37,19.6
2025-02-03T15:00,22.6,38,18.6
2025-02-03T16:00,22.3,39,16.9
2025-02-03T17:00,22.0,40,14.0
2025-02-03T18:00,20.9,44,10.5
2025-02-03T19:00,19.5,50,8.8
2025-02-03T20:00,18.6,55,9.5
2025-02-03T21:00,18.1,61,10.5
2025-02-03T22:00,17.5,68,11.0
2025-02-03T23:00,17.2,71,11.6
2025-02-04T00:00,17.0,67,12.1
2025-02-04T01:00,17.0,60,13.1
2025-02-04T02:00,16.6,63,12.7
2025-02-04T03:00,16.1,67,11.7
2025-02-04T04:00,15.6,72,10.1
2025-02-04T05:00,15.4,68,7.2
2025-02-04T06:00,15.1,70,7.1
2025-02-04T07:00,13.9,75,12.1
2025-02-04T08:00,13.6,73,13.0
2025-02-04T09:00,16.7,60,11.9
2025-02-04T10:00,19.8,50,11.8
2025-02-04T11:00,21.6,45,8.0
2025-02-04T12:00,22.4,42,7.6
2025-02-04T13:00,22.9,40,9.4
2025-02-04T14:00,23.0,40,12.9
2025-02-04T15:00,22.4,43,16.3
2025-02-04T16:00,21.7,46,16.2
2025-02-04T17:00,21.3,49,16.2
2025-02-04T18:00,20.2,53,14.9
2025-02-04T19:00,19.3,58,12.0
2025-02-04T20:00,18.5,62,10.4
2025-02-04T21:00,17.7,66,9.1
2025-02-04T22:00,16.7,71,7.9
2025-02-04T23:00,16.2,77,6.5
2025-02-05T00:00,15.7,80,6.0
2025-02-05T01:00,15.1,83,6.3
2025-02-05T02:00,14.5,84,7.2
2025-02-05T03:00,13.8,86,8.1
2025-02-05T04:00,12.9,88,9.4
2025-02-05T05:00,12.2,83,11.7
2025-02-05T06:00,10.6,91,11.5
2025-02-05T07:00,10.3,92,10.1
2025-02-05T08:00,11.7,85,8.0
2025-02-05T09:00,15.2,74,6.4
2025-02-05T10:00,18.3,61,9.5
2025-02-05T11:00,20.0,56,7.4
2025-02-05T12:00,21.2,50,3.3
2025-02-05T13:00,22.3,45,2.4
2025-02-05T14:00,23.2,40,1.5
2025-02-05T15:00,23.5,40,6.3
2025-02-05T16:00,22.2,52,14.3
2025-02-05T17:00,21.3,54,13.9
2025-02-05T18:00,19.8,67,11.8
2025-02-05T19:00,18.4,77,8.2
2025-02-05T20:00,17.8,79,5.2
2025-02-05T21:00,17.3,80,4.5
2025-02-05T22:00,16.7,81,4.2
2025-02-05T23:00,15.9,84,3.7
2025-02-06T00:00,15.0,87,5.8
2025-02-06T01:00,14.1,90,8.0
2025-02-06T02:00,13.4,92,7.5
2025-02-06T03:00,13.1,94,8.7
2025-02-06T04:00,13.4,93,10.4
2025-02-06T05:00,13.4,90,11.3
2025-02-06T06:00,13.1,91,11.9
2025-02-06T07:00,13.0,88,12.7
2025-02-06T08:00,14.5,87,13.1
2025-02-06T09:00,17.1,73,9.8
2025-02-06T10:00,20.7,56,11.1
2025-02-06T11:00,24.0,39,14.3
2025-02-06T12:00,25.7,25,16.8
2025-02-06T13:00,26.4,23,16.6
2025-02-06T14:00,26.9,24,16.6
2025-02-06T15:00,27.2,24,15.7
2025-02-06T16:00,27.0,25,14.4
2025-02-06T17:00,26.7,31,11.4
2025-02-06T18:00,24.3,43,5.8
2025-02-06T19:00,23.0,45,3.1
2025-02-06T20:00,20.8,54,11.7
2025-02-06T21:00,19.7,76,14.3
2025-02-06T22:00,18.8,85,12.6
2025-02-06T23:00,18.5,85,14.0
2025-02-07T00:00,18.1,80,14.7
2025-02-07T01:00,17.6,80,14.2
2025-02-07T02:00,17.0,84,13.5
2025-02-07T03:00,16.8,82,14.0
2025-02-07T04:00,16.6,78,13.7
2025-02-07T05:00,17.7,72,14.9
2025-02-07T06:00,18.2,66,18.1
2025-02-07T07:00,17.9,69,17.8
2025-02-07T08:00,18.3,69,16.6
2025-02-07T09:00,19.7,66,14.8
2025-02-07T10:00,21.5,61,20.9
2025-02-07T11:00,22.8,55,22.5
2025-02-07T12:00,23.8,51,22.5
2025-02-07T13:00,25.0,48,20.7
2025-02-07T14:00,26.0,43,18.7
2025-02-07T15:00,26.9,38,16.9
2025-02-07T16:00,27.3,34,14.3
2025-02-07T17:00,26.9,40,8.7
2025-02-07T18:00,25.8,46,2.4
2025-02-07T19:00,22.8,60,12.6
2025-02-07T20:00,21.8,73,12.4
2025-02-07T21:00,21.1,76,18.2
2025-02-07T22:00,20.5,77,18.3
2025-02-07T23:00,19.9,80,17.2
2025-02-08T00:00,19.7,77,16.1
2025-02-08T01:00,19.2,78,15.6
2025-02-08T02:00,19.0,75,15.3
2025-02-08T03:00,18.9,67,15.3
2025-02-08T04:00,19.0,65,17.4
2025-02-08T05:00,19.3,65,15.9
2025-02-08T06:00,19.8,65,21.5
2025-02-08T07:00,19.8,68,24.9
2025-02-08T08:00,20.2,69,25.4
2025-02-08T09:00,21.5,66,27.4
2025-02-08T10:00,23.0,62,33.3
2025-02-08T11:00,24.6,57,33.8
2025-02-08T12:00,25.8,52,33.2
2025-02-08T13:00,26.7,49,32.0
2025-02-08T14:00,28.1,43,27.6
2025-02-08T15:00,25.5,62,24.8
2025-02-08T16:00,23.6,71,26.2
2025-02-08T17:00,22.8,76,21.0
2025-02-08T18:00,21.4,85,16.2
2025-02-08T19:00,20.8,89,11.5
2025-02-08T20:00,20.3,91,10.2
2025-02-08T21:00,19.8,92,9.1
2025-02-08T22:00,19.1,92,8.2
2025-02-08T23:00,18.5,92,8.1
2025-02-09T00:00,18.0,92,8.1
2025-02-09T01:00,17.6,92,7.9
2025-02-09T02:00,17.3,91,8.8
2025-02-09T03:00,17.3,90,9.1
2025-02-09T04:00,17.3,88,9.8
2025-02-09T05:00,19.0,82,11.6
2025-02-09T06:00,18.6,81,11.5
2025-02-09T07:00,17.7,82,8.5
2025-02-09T08:00,19.1,76,7.9
2025-02-09T09:00,20.0,69,13.7
2025-02-09T10:00,20.8,65,17.8
2025-02-09T11:00,21.5,61,19.1
2025-02-09T12:00,21.7,58,20.2
2025-02-09T13:00,22.1,55,20.6
2025-02-09T14:00,22.4,48,21.4
2025-02-09T15:00,22.3,44,21.8
2025-02-09T16:00,21.7,46,21.1
2025-02-09T17:00,21.2,44,18.9
2025-02-09T18:00,19.9,53,15.5
2025-02-09T19:00,19.1,55,14.3
2025-02-09T20:00,18.7,58,14.6
2025-02-09T21:00,18.2,62,14.2
2025-02-09T22:00,17.9,65,14.0
2025-02-09T23:00,17.5,69,14.2
2025-02-10T00:00,17.1,72,13.5
2025-02-10T01:00,16.6,75,12.8
2025-02-10T02:00,16.2,78,12.4
2025-02-10T03:00,15.9,81,12.4
2025-02-10T04:00,15.7,82,12.6
2025-02-10T05:00,16.1,81,12.6
2025-02-10T06:00,16.1,81,12.8
2025-02-10T07:00,16.0,82,12.5
2025-02-10T08:00,17.2,77,11.5
2025-02-10T09:00,19.3,65,15.5
2025-02-10T10:00,20.0,62,17.7
2025-02-10T11:00,20.6,59,18.6
2025-02-10T12:00,21.0,56,20.4
2025-02-10T13:00,21.2,54,20.5
2025-02-10T14:00,21.2,52,20.1
2025-02-10T15:00,21.0,53,19.6
2025-02-10T16:00,20.5,56,18.7
2025-02-10T17:00,19.8,60,15.9
2025-02-10T18:00,18.8,66,10.4
2025-02-10T19:00,17.9,73,6.7
2025-02-10T20:00,17.5,74,7.3
2025-02-10T21:00,16.9,76,6.3
2025-02-10T22:00,16.2,78,6.8
2025-02-10T23:00,15.6,81,8.0
2025-02-11T00:00,14.7,86,10.3
2025-02-11T01:00,13.5,91,10.6
2025-02-11T02:00,12.9,92,9.0
2025-02-11T03:00,12.7,91,8.2
2025-02-11T04:00,12.8,91,9.2
2025-02-11T05:00,13.5,83,8.1
2025-02-11T06:00,13.2,85,10.4
2025-02-11T07:00,12.3,89,10.1
2025-02-11T08:00,13.5,83,8.1
2025-02-11T09:00,16.8,70,6.9
2025-02-11T10:00,19.7,60,5.8
2025-02-11T11:00,21.5,52,4.4
2025-02-11T12:00,23.3,43,4.8
2025-02-11T13:00,24.8,37,7.6
2025-02-11T14:00,25.2,39,12.7
2025-02-11T15:00,24.8,43,16.4
2025-02-11T16:00,24.1,42,17.8
2025-02-11T17:00,23.6,49,15.2
2025-02-11T18:00,21.8,58,13.1
2025-02-11T19:00,20.6,65,12.3
2025-02-11T20:00,19.8,68,12.7
2025-02-11T21:00,19.1,73,12.3
2025-02-11T22:00,18.4,74,12.1
2025-02-11T23:00,17.9,67,12.7
2025-02-12T00:00,17.0,61,12.0
2025-02-12T01:00,16.1,63,11.0
2025-02-12T02:00,16.1,66,10.9
2025-02-12T03:00,16.5,63,11.2
2025-02-12T04:00,16.5,56,12.2
2025-02-12T05:00,16.6,59,12.9
2025-02-12T06:00,16.1,58,12.2
2025-02-12T07:00,15.7,57,12.5
2025-02-12T08:00,17.0,53,10.6
2025-02-12T09:00,20.4,48,9.1
2025-02-12T10:00,23.7,40,4.8
2025-02-12T11:00,25.6,37,2.8
2025-02-12T12:00,28.2,39,9.2
2025-02-12T13:00,29.8,28,14.6
2025-02-12T14:00,30.2,26,13.4
2025-02-12T15:00,29.4,31,10.5
2025-02-12T16:00,28.3,37,9.2
2025-02-12T17:00,28.1,40,11.3
2025-02-12T18:00,24.6,50,13.8
2025-02-12T19:00,23.2,59,10.6
2025-02-12T20:00,22.6,61,10.9
2025-02-12T21:00,22.5,53,11.3
2025-02-12T22:00,21.3,56,10.2
2025-02-12T23:00,20.7,56,11.3
2025-02-13T00:00,19.8,54,11.2
2025-02-13T01:00,19.3,57,9.2
2025-02-13T02:00,19.1,61,13.5
2025-02-13T03:00,19.1,65,13.1
2025-02-13T04:00,19.5,59,11.4
2025-02-13T05:00,18.8,60,9.5
2025-02-13T06:00,18.4,60,9.4
2025-02-13T07:00,18.0,62,11.4
2025-02-13T08:00,20.2,56,12.9
2025-02-13T09:00,23.3,46,12.4
2025-02-13T10:00,26.1,38,17.3
2025-02-13T11:00,28.1,37,17.3
2025-02-13T12:00,29.7,34,16.6
2025-02-13T13:00,30.7,33,14.7
2025-02-13T14:00,31.2,32,12.7
2025-02-13T15:00,31.2,32,11.9
2025-02-13T16:00,29.2,38,17.1
2025-02-13T17:00,27.6,39,17.1
2025-02-13T18:00,25.2,52,14.1
2025-02-13T19:00,23.8,59,11.5
2025-02-13T20:00,23.5,58,8.5
2025-02-13T21:00,23.8,54,10.0
2025-02-13T22:00,23.9,52,11.7
2025-02-13T23:00,23.8,50,11.6
2025-02-14T00:00,22.7,51,7.6
2025-02-14T01:00,22.4,52,5.6
2025-02-14T02:00,21.7,55,6.9
2025-02-14T03:00,20.4,59,7.6
2025-02-14T04:00,20.2,60,7.3
2025-02-14T05:00,21.8,74,14.6
2025-02-14T06:00,21.5,81,12.1
2025-02-14T07:00,20.8,82,11.4
2025-02-14T08:00,22.1,72,10.8
2025-02-14T09:00,24.2,60,8.9
2025-02-14T10:00,25.8,50,9.7
2025-02-14T11:00,26.9,43,9.2
2025-02-14T12:00,28.1,34,10.4
2025-02-14T13:00,28.2,33,10.7
2025-02-14T14:00,27.8,35,14.7
2025-02-14T15:00,26.4,41,13.8
2025-02-14T16:00,26.2,44,12.5
2025-02-14T17:00,25.3,55,15.0
2025-02-14T18:00,23.8,63,12.0
2025-02-14T19:00,22.9,68,10.5
2025-02-14T20:00,22.0,71,10.0
2025-02-14T21:00,21.4,72,9.1
2025-02-14T22:00,20.8,75,9.2
2025-02-14T23:00,20.0,80,8.8
2025-02-15T00:00,19.5,85,9.1
2025-02-15T01:00,19.0,90,8.8
2025-02-15T02:00,18.7,95,6.4
2025-02-15T03:00,18.4,98,5.5
2025-02-15T04:00,18.3,98,4.4
2025-02-15T05:00,18.9,95,1.6
2025-02-15T06:00,18.3,97,4.4
2025-02-15T07:00,18.1,98,7.8
2025-02-15T08:00,19.6,95,7.8
2025-02-15T09:00,21.1,87,8.4
2025-02-15T10:00,22.6,77,9.3
2025-02-15T11:00,23.4,71,13.4
2025-02-15T12:00,23.8,70,16.6
2025-02-15T13:00,24.2,67,16.4
2025-02-15T14:00,24.3,67,17.1
2025-02-15T15:00,24.9,61,14.2
2025-02-15T16:00,24.9,59,12.5
2025-02-15T17:00,23.6,66,15.7
2025-02-15T18:00,22.1,79,10.6
2025-02-15T19:00,21.8,83,7.6
2025-02-15T20:00,21.1,87,5.1
2025-02-15T21:00,20.5,87,4.9
2025-02-15T22:00,20.3,89,4.8
2025-02-15T23:00,20.4,90,7.5
2025-02-16T00:00,19.8,89,4.9
2025-02-16T01:00,19.9,87,6.7
2025-02-16T02:00,19.4,84,5.2
2025-02-16T03:00,19.9,83,2.1
2025-02-16T04:00,19.6,84,4.6
2025-02-16T05:00,19.8,90,6.6
2025-02-16T06:00,19.6,91,6.4
2025-02-16T07:00,19.6,90,6.4
2025-02-16T08:00,20.5,81,5.8
2025-02-16T09:00,22.4,69,7.5
2025-02-16T10:00,23.8,63,11.3
2025-02-16T11:00,24.4,64,10.8
2025-02-16T12:00,24.1,64,9.8
2025-02-16T13:00,25.6,57,17.6
2025-02-16T14:00,25.1,57,19.5
2025-02-16T15:00,24.7,59,17.6
2025-02-16T16:00,24.2,62,13.0
2025-02-16T17:00,25.0,47,7.9
2025-02-16T18:00,24.5,48,5.5
2025-02-16T19:00,23.7,51,5.8
2025-02-16T20:00,22.4,55,5.9
2025-02-16T21:00,22.4,56,6.2
2025-02-16T22:00,21.6,63,8.5
2025-02-16T23:00,20.8,74,13.2
2025-02-17T00:00,20.8,77,10.9
2025-02-17T01:00,20.2,86,11.9
2025-02-17T02:00,20.0,90,12.4
2025-02-17T03:00,19.8,91,11.7
2025-02-17T04:00,19.2,92,10.8
2025-02-17T05:00,21.0,78,15.1
2025-02-17T06:00,20.8,76,20.5
2025-02-17T07:00,20.5,72,10.7
2025-02-17T08:00,21.4,65,12.0
2025-02-17T09:00,22.8,62,14.3
2025-02-17T10:00,26.6,52,20.0
2025-02-17T11:00,28.2,44,18.7
2025-02-17T12:00,30.0,37,16.8
2025-02-17T13:00,30.4,36,17.3
2025-02-17T14:00,28.9,42,24.3
2025-02-17T15:00,29.0,39,25.5
2025-02-17T16:00,27.9,40,21.9
2025-02-17T17:00,27.4,41,25.1
2025-02-17T18:00,26.0,44,15.6
2025-02-17T19:00,24.9,45,16.0
2025-02-17T20:00,23.7,54,14.9
2025-02-17T21:00,24.3,53,11.7
2025-02-17T22:00,23.1,57,9.8
2025-02-17T23:00,22.9,59,11.9
2025-02-18T00:00,22.2,65,9.3
2025-02-18T01:00,20.8,71,10.8
2025-02-18T02:00,20.2,75,7.0
2025-02-18T03:00,19.1,80,6.5
2025-02-18T04:00,18.9,79,2.8
2025-02-18T05:00,19.4,90,4.9
2025-02-18T06:00,19.5,89,3.6
2025-02-18T07:00,19.6,87,3.1
2025-02-18T08:00,20.5,82,7.8
2025-02-18T09:00,22.7,70,6.7
2025-02-18T10:00,22.9,69,8.6
2025-02-18T11:00,23.9,61,13.7
2025-02-18T12:00,25.0,50,14.8
2025-02-18T13:00,27.1,37,14.6
2025-02-18T14:00,26.2,44,13.5
2025-02-18T15:00,24.1,69,13.1
2025-02-18T16:00,24.0,70,14.9
2025-02-18T17:00,22.9,74,12.7
2025-02-18T18:00,22.5,77,8.9
2025-02-18T19:00,22.0,77,7.4
2025-02-18T20:00,21.4,79,10.7
2025-02-18T21:00,21.3,83,10.6
2025-02-18T22:00,21.1,82,9.3
2025-02-18T23:00,20.3,88,6.5
2025-02-19T00:00,20.3,89,5.6
2025-02-19T01:00,19.2,92,8.6
2025-02-19T02:00,18.4,94,8.2
2025-02-19T03:00,18.0,93,8.5
2025-02-19T04:00,18.0,90,9.9
2025-02-19T05:00,19.7,89,10.1
2025-02-19T06:00,19.3,89,9.1
2025-02-19T07:00,19.3,87,8.3
2025-02-19T08:00,20.5,79,6.9
2025-02-19T09:00,22.2,64,9.5
2025-02-19T10:00,23.6,52,12.8
2025-02-19T11:00,24.6,45,15.4
2025-02-19T12:00,25.3,43,18.8
2025-02-19T13:00,25.3,43,21.5
2025-02-19T14:00,25.1,45,21.7
2025-02-19T15:00,24.6,48,19.5
2025-02-19T16:00,24.0,52,16.5
2025-02-19T17:00,23.4,52,13.1
2025-02-19T18:00,22.1,59,10.6
2025-02-19T19:00,20.8,69,7.9
2025-02-19T20:00,19.8,78,6.3
2025-02-19T21:00,19.2,83,5.8
2025-02-19T22:00,18.7,86,4.4
2025-02-19T23:00,18.1,89,5.9
2025-02-20T00:00,17.2,92,6.3
2025-02-20T01:00,16.5,94,7.0
2025-02-20T02:00,15.9,96,7.3
2025-02-20T03:00,15.7,97,6.5
2025-02-20T04:00,16.3,96,7.1
2025-02-20T05:00,16.5,94,5.1
2025-02-20T06:00,16.1,95,5.9
2025-02-20T07:00,15.6,95,8.7
2025-02-20T08:00,16.9,87,6.8
2025-02-20T09:00,19.4,74,5.8
2025-02-20T10:00,21.9,58,3.6
2025-02-20T11:00,24.4,39,3.1
2025-02-20T12:00,26.1,30,6.8
2025-02-20T13:00,26.6,30,9.0
2025-02-20T14:00,26.5,33,14.3
2025-02-20T15:00,26.3,30,16.7
2025-02-20T16:00,25.1,30,13.9
2025-02-20T17:00,25.2,39,17.4
2025-02-20T18:00,24.1,40,13.0
2025-02-20T19:00,23.3,54,11.5
2025-02-20T20:00,22.7,56,13.0
2025-02-20T21:00,21.6,56,10.6
2025-02-20T22:00,21.0,57,12.0
2025-02-20T23:00,20.9,58,15.6
2025-02-21T00:00,20.7,54,16.9
2025-02-21T01:00,20.8,54,17.3
2025-02-21T02:00,19.9,62,14.3
2025-02-21T03:00,19.1,70,13.6
2025-02-21T04:00,18.0,75,18.0
2025-02-21T05:00,21.3,73,12.7
2025-02-21T06:00,20.6,74,9.8
2025-02-21T07:00,19.8,70,10.9
2025-02-21T08:00,21.1,59,9.0
2025-02-21T09:00,23.9,50,6.6
2025-02-21T10:00,27.1,41,6.8
2025-02-21T11:00,29.0,31,5.9
2025-02-21T12:00,30.3,25,5.8
2025-02-21T13:00,31.1,21,11.6
2025-02-21T14:00,30.8,21,16.6
2025-02-21T15:00,30.0,22,17.2
2025-02-21T16:00,28.8,27,18.4
2025-02-21T17:00,27.1,37,18.0
2025-02-21T18:00,25.0,52,13.9
2025-02-21T19:00,23.5,67,10.7
2025-02-21T20:00,22.8,70,8.5
2025-02-21T21:00,21.9,75,6.5
2025-02-21T22:00,21.2,79,5.5
2025-02-21T23:00,20.6,81,5.1
2025-02-22T00:00,19.8,83,4.3
2025-02-22T01:00,19.0,86,5.1
2025-02-22T02:00,18.2,88,5.9
2025-02-22T03:00,17.7,88,6.0
2025-02-22T04:00,17.0,89,6.8
2025-02-22T05:00,17.3,86,5.1
2025-02-22T06:00,17.0,88,3.5
2025-02-22T07:00,16.9,90,3.3
2025-02-22T08:00,18.3,87,3.0
2025-02-22T09:00,21.1,76,2.4
2025-02-22T10:00,23.3,68,0.4
2025-02-22T11:00,25.4,48,2.4
2025-02-22T12:00,27.1,39,6.5
2025-02-22T13:00,27.6,42,12.0
2025-02-22T14:00,27.3,41,15.6
2025-02-22T15:00,26.9,38,16.5
2025-02-22T16:00,26.3,41,14.0
2025-02-22T17:00,25.7,47,8.7
2025-02-22T18:00,24.5,53,7.7
2025-02-22T19:00,22.7,64,7.1
2025-02-22T20:00,21.7,69,5.5
2025-02-22T21:00,21.2,67,6.0
2025-02-22T22:00,20.5,64,8.1
2025-02-22T23:00,20.1,65,9.9
2025-02-23T00:00,19.3,69,10.5
2025-02-23T01:00,18.8,70,10.8
2025-02-23T02:00,18.4,70,10.7
2025-02-23T03:00,18.1,73,11.4
2025-02-23T04:00,17.9,75,12.1
2025-02-23T05:00,18.4,79,11.3
2025-02-23T06:00,18.5,76,11.2
2025-02-23T07:00,18.4,76,10.9
2025-02-23T08:00,20.6,68,8.8
2025-02-23T09:00,24.4,51,6.7
2025-02-23T10:00,28.7,42,13.7
2025-02-23T11:00,31.0,43,19.5
2025-02-23T12:00,32.8,35,21.2
2025-02-23T13:00,34.3,30,22.5
2025-02-23T14:00,35.5,24,22.6
2025-02-23T15:00,35.9,20,17.8
2025-02-23T16:00,33.8,29,12.8
2025-02-23T17:00,30.1,44,18.6
2025-02-23T18:00,28.4,46,12.1
2025-02-23T19:00,27.4,52,11.8
2025-02-23T20:00,26.7,51,14.1
2025-02-23T21:00,26.5,50,9.0
2025-02-23T22:00,25.9,53,8.8
2025-02-23T23:00,24.9,62,9.8
2025-02-24T00:00,23.9,72,9.4
2025-02-24T01:00,22.7,79,7.4
2025-02-24T02:00,22.0,82,6.0
2025-02-24T03:00,21.3,80,3.9
2025-02-24T04:00,20.9,71,11.1
2025-02-24T05:00,22.0,47,14.5
2025-02-24T06:00,21.8,49,15.5
2025-02-24T07:00,20.8,60,14.9
2025-02-24T08:00,21.5,60,11.4
2025-02-24T09:00,23.7,62,14.9
2025-02-24T10:00,25.8,58,19.6
2025-02-24T11:00,27.4,55,23.5
2025-02-24T12:00,28.3,54,19.9
2025-02-24T13:00,26.2,69,23.8
2025-02-24T14:00,25.2,71,21.3
2025-02-24T15:00,25.7,69,22.4
2025-02-24T16:00,25.1,71,21.2
2025-02-24T17:00,25.4,68,15.1
2025-02-24T18:00,24.0,75,16.7
2025-02-24T19:00,23.3,79,11.3
2025-02-24T20:00,22.9,82,13.4
2025-02-24T21:00,22.8,82,9.0
2025-02-24T22:00,23.0,76,8.4
2025-02-24T23:00,22.9,72,8.7
2025-02-25T00:00,22.3,74,8.3
2025-02-25T01:00,22.4,78,9.7
2025-02-25T02:00,22.0,89,8.5
2025-02-25T03:00,21.6,94,8.0
2025-02-25T04:00,21.6,94,10.9
2025-02-25T05:00,22.3,80,16.3
2025-02-25T06:00,21.8,74,21.4
2025-02-25T07:00,21.6,70,14.3
2025-02-25T08:00,22.1,65,19.5
2025-02-25T09:00,22.5,60,18.4
2025-02-25T10:00,22.7,59,20.9
2025-02-25T11:00,23.4,56,24.3
2025-02-25T12:00,23.3,55,23.4
2025-02-25T13:00,22.9,54,26.9
2025-02-25T14:00,23.0,50,30.0
2025-02-25T15:00,23.6,40,32.7
2025-02-25T16:00,22.8,40,31.8
2025-02-25T17:00,21.1,52,25.5
2025-02-25T18:00,20.0,55,20.8
2025-02-25T19:00,19.5,56,18.8
2025-02-25T20:00,18.7,60,17.4
2025-02-25T21:00,18.4,63,15.9
2025-02-25T22:00,17.9,68,16.9
2025-02-25T23:00,17.7,70,16.8
2025-02-26T00:00,17.5,72,16.5
2025-02-26T01:00,17.3,74,15.7
2025-02-26T02:00,17.0,75,14.4
2025-02-26T03:00,16.8,76,13.8
2025-02-26T04:00,16.5,77,13.3
2025-02-26T05:00,17.0,73,11.9
2025-02-26T06:00,16.5,75,11.4
2025-02-26T07:00,16.4,75,11.3
2025-02-26T08:00,18.1,68,11.2
2025-02-26T09:00,19.7,57,14.9
2025-02-26T10:00,20.5,54,17.3
2025-02-26T11:00,21.2,50,19.2
2025-02-26T12:00,21.7,48,19.4
2025-02-26T13:00,21.9,47,20.1
2025-02-26T14:00,21.5,50,20.1
2025-02-26T15:00,21.6,49,21.2
2025-02-26T16:00,21.2,50,20.1
2025-02-26T17:00,19.9,58,16.9
2025-02-26T18:00,19.3,62,12.8
2025-02-26T19:00,18.9,64,11.1
2025-02-26T20:00,18.4,68,9.2
2025-02-26T21:00,17.9,72,8.3
2025-02-26T22:00,18.2,69,9.2
2025-02-26T23:00,17.7,73,8.0
2025-02-27T00:00,17.4,74,8.7
2025-02-27T01:00,17.6,72,11.0
2025-02-27T02:00,17.8,70,11.4
2025-02-27T03:00,17.3,68,10.1
2025-02-27T04:00,17.4,69,10.4
2025-02-27T05:00,18.6,59,10.4
2025-02-27T06:00,18.5,61,10.2
2025-02-27T07:00,18.9,55,13.0
2025-02-27T08:00,20.3,53,14.6
2025-02-27T09:00,21.4,51,18.5
2025-02-27T10:00,21.6,54,22.0
2025-02-27T11:00,21.8,54,22.5
2025-02-27T12:00,21.9,58,24.3
2025-02-27T13:00,21.9,58,26.7
2025-02-27T14:00,22.0,55,25.9
2025-02-27T15:00,21.4,55,27.8
2025-02-27T16:00,20.6,59,25.9
2025-02-27T17:00,20.0,64,21.7
2025-02-27T18:00,19.3,66,15.9
2025-02-27T19:00,19.0,69,16.3
2025-02-27T20:00,18.9,66,19.0
2025-02-27T21:00,19.0,61,21.4
2025-02-27T22:00,19.1,60,23.8
2025-02-27T23:00,19.0,59,19.3
2025-02-28T00:00,18.6,61,17.9
2025-02-28T01:00,17.9,67,14.0
2025-02-28T02:00,17.3,73,13.8
2025-02-28T03:00,17.1,75,13.7
2025-02-28T04:00,16.9,70,14.4
2025-02-28T05:00,17.2,71,15.1
2025-02-28T06:00,17.3,71,16.1
2025-02-28T07:00,17.4,70,15.9
2025-02-28T08:00,19.0,60,16.4
2025-02-28T09:00,20.6,54,21.8
2025-02-28T10:00,21.5,51,24.9
2025-02-28T11:00,22.2,48,26.4
2025-02-28T12:00,22.6,44,28.6
2025-02-28T13:00,22.6,41,29.5
2025-02-28T14:00,22.5,41,29.0
2025-02-28T15:00,22.2,42,27.6
2025-02-28T16:00,21.6,45,26.4
2025-02-28T17:00,21.2,49,23.8
2025-02-28T18:00,20.2,53,21.0
2025-02-28T19:00,19.3,58,17.3
2025-02-28T20:00,18.8,59,14.3
2025-02-28T21:00,18.3,59,13.0
2025-02-28T22:00,18.0,60,14.1
2025-02-28T23:00,17.7,63,14.6
2025-03-01T00:00,17.4,66,13.9
2025-03-01T01:00,17.0,71,11.9
2025-03-01T02:00,16.6,74,10.9
2025-03-01T03:00,15.8,81,10.3
2025-03-01T04:00,15.4,86,10.7
2025-03-01T05:00,15.2,85,10.7
2025-03-01T06:00,14.9,87,10.3
2025-03-01T07:00,14.8,88,9.4
2025-03-01T08:00,17.0,78,7.4
2025-03-01T09:00,19.2,68,7.9
2025-03-01T10:00,21.1,58,9.9
2025-03-01T11:00,22.4,52,13.0
2025-03-01T12:00,23.0,49,17.5
2025-03-01T13:00,22.9,47,19.4
2025-03-01T14:00,22.7,47,19.2
2025-03-01T15:00,22.5,47,17.6
2025-03-01T16:00,22.1,48,15.2
2025-03-01T17:00,21.3,52,12.4
2025-03-01T18:00,20.4,58,11.0
2025-03-01T19:00,19.7,67,10.8
2025-03-01T20:00,19.1,73,10.1
2025-03-01T21:00,18.6,76,8.8
2025-03-01T22:00,18.1,79,7.9
2025-03-01T23:00,17.7,81,6.2
2025-03-02T00:00,16.9,84,5.9
2025-03-02T01:00,16.1,87,7.3
2025-03-02T02:00,15.6,90,7.8
2025-03-02T03:00,15.4,91,8.0
2025-03-02T04:00,15.2,91,9.2
2025-03-02T05:00,16.0,88,9.3
2025-03-02T06:00,16.0,89,10.4
2025-03-02T07:00,15.7,90,11.4
2025-03-02T08:00,17.4,81,10.7
2025-03-02T09:00,20.4,69,11.7
2025-03-02T10:00,22.1,52,18.5
2025-03-02T11:00,23.1,39,19.3
2025-03-02T12:00,23.4,40,23.5
2025-03-02T13:00,23.7,35,25.0
2025-03-02T14:00,23.5,39,26.0
2025-03-02T15:00,23.3,41,27.0
2025-03-02T16:00,22.7,45,26.3
2025-03-02T17:00,21.8,50,22.9
2025-03-02T18:00,20.8,61,21.9
2025-03-02T19:00,20.2,60,18.5
2025-03-02T20:00,20.0,52,19.7
2025-03-02T21:00,19.3,59,22.9
2025-03-02T22:00,18.9,62,25.6
2025-03-02T23:00,18.9,58,22.7
2025-03-03T00:00,18.8,53,20.4
2025-03-03T01:00,18.4,59,20.1
2025-03-03T02:00,18.1,57,20.0
2025-03-03T03:00,17.7,55,19.0
2025-03-03T04:00,17.3,57,17.8
2025-03-03T05:00,16.9,59,15.8
2025-03-03T06:00,16.3,61,13.9
2025-03-03T07:00,16.0,64,12.7
2025-03-03T08:00,18.0,59,10.1
2025-03-03T09:00,20.0,50,11.5
2025-03-03T10:00,21.0,47,12.1
2025-03-03T11:00,21.8,43,11.2
2025-03-03T12:00,22.6,40,11.7
2025-03-03T13:00,23.1,38,12.5
2025-03-03T14:00,23.2,39,13.7
2025-03-03T15:00,23.1,39,13.2
2025-03-03T16:00,22.7,39,12.4
2025-03-03T17:00,22.2,39,12.2
2025-03-03T18:00,21.1,43,12.0
2025-03-03T19:00,19.8,49,9.8
2025-03-03T20:00,18.9,54,8.2
2025-03-03T21:00,18.0,59,5.9
2025-03-03T22:00,17.5,60,5.5
2025-03-03T23:00,16.4,62,7.1
2025-03-04T00:00,15.4,63,6.9
2025-03-04T01:00,14.2,67,8.1
2025-03-04T02:00,13.2,70,9.2
2025-03-04T03:00,12.5,73,10.1
2025-03-04T04:00,12.4,67,12.6
2025-03-04T05:00,13.3,67,16.7
2025-03-04T06:00,13.7,64,17.3
2025-03-04T07:00,13.9,61,15.5
2025-03-04T08:00,16.2,52,15.5
2025-03-04T09:00,19.6,39,10.9
2025-03-04T10:00,23.6,25,9.6
2025-03-04T11:00,26.5,20,13.5
2025-03-04T12:00,28.1,14,17.8
2025-03-04T13:00,29.6,14,17.8
2025-03-04T14:00,30.2,15,18.6
2025-03-04T15:00,30.2,18,22.9
2025-03-04T16:00,29.5,21,26.1
2025-03-04T17:00,27.6,24,32.2
2025-03-04T18:00,26.7,27,21.4
2025-03-04T19:00,24.9,38,29.2
2025-03-04T20:00,23.3,52,25.3
2025-03-04T21:00,22.4,59,26.7
2025-03-04T22:00,21.9,65,23.8
2025-03-04T23:00,21.4,70,23.1
2025-03-05T00:00,20.8,73,22.9
2025-03-05T01:00,20.3,76,22.2
2025-03-05T02:00,19.9,77,20.8
2025-03-05T03:00,19.8,76,17.8
2025-03-05T04:00,19.2,77,15.8
2025-03-05T05:00,20.2,54,16.4
2025-03-05T06:00,20.5,45,13.4
2025-03-05T07:00,20.3,40,15.8
2025-03-05T08:00,21.7,35,15.9
2025-03-05T09:00,23.6,32,13.8
2025-03-05T10:00,25.9,29,14.0
2025-03-05T11:00,27.8,27,13.2
2025-03-05T12:00,29.9,24,12.0
2025-03-05T13:00,30.8,22,3.5
2025-03-05T14:00,29.8,33,20.7
2025-03-05T15:00,26.9,48,28.8
2025-03-05T16:00,27.4,42,25.8
2025-03-05T17:00,27.5,39,25.8
2025-03-05T18:00,27.1,35,23.7
2025-03-05T19:00,25.9,39,19.1
2025-03-05T20:00,24.4,52,21.5
2025-03-05T21:00,22.9,60,22.3
2025-03-05T22:00,22.2,64,22.7
2025-03-05T23:00,21.4,71,22.1
2025-03-06T00:00,21.0,71,20.3
2025-03-06T01:00,20.6,71,18.8
2025-03-06T02:00,20.0,72,16.5
2025-03-06T03:00,19.5,74,13.6
2025-03-06T04:00,18.8,76,10.5
2025-03-06T05:00,19.6,64,10.9
2025-03-06T06:00,19.7,57,11.6
2025-03-06T07:00,19.7,53,12.9
2025-03-06T08:00,21.6,47,10.6
2025-03-06T09:00,24.3,41,9.0
2025-03-06T10:00,26.8,37,9.0
2025-03-06T11:00,29.0,32,3.2
2025-03-06T12:00,30.8,28,6.6
2025-03-06T13:00,31.3,28,11.2
2025-03-06T14:00,30.4,32,18.5
2025-03-06T15:00,29.2,32,22.6
2025-03-06T16:00,28.1,36,23.0
2025-03-06T17:00,28.3,37,17.6
2025-03-06T18:00,27.0,39,15.8
2025-03-06T19:00,25.8,41,14.8
2025-03-06T20:00,25.3,40,13.7
2025-03-06T21:00,24.7,38,14.2
2025-03-06T22:00,24.2,37,14.6
2025-03-06T23:00,23.5,37,13.5
2025-03-07T00:00,22.9,33,15.6
2025-03-07T01:00,23.5,20,19.0
2025-03-07T02:00,23.8,17,20.2
2025-03-07T03:00,23.9,19,17.1
2025-03-07T04:00,22.8,24,11.8
2025-03-07T05:00,20.9,27,13.0
2025-03-07T06:00,20.7,28,13.6
2025-03-07T07:00,20.6,30,13.1
2025-03-07T08:00,23.0,27,10.9
2025-03-07T09:00,26.9,22,6.8
2025-03-07T10:00,30.1,18,8.6
2025-03-07T11:00,31.9,17,7.5
2025-03-07T12:00,33.4,16,5.8
2025-03-07T13:00,33.4,18,12.1
2025-03-07T14:00,33.1,22,15.7
2025-03-07T15:00,33.4,22,15.6
2025-03-07T16:00,33.3,23,16.0
2025-03-07T17:00,32.5,28,15.3
2025-03-07T18:00,30.5,33,13.8
2025-03-07T19:00,28.4,35,14.5
2025-03-07T20:00,27.5,40,9.1
2025-03-07T21:00,27.4,31,13.4
2025-03-07T22:00,26.3,30,14.3
2025-03-07T23:00,25.2,32,12.7
2025-03-08T00:00,24.4,31,12.6
2025-03-08T01:00,25.4,26,19.7
2025-03-08T02:00,25.2,22,18.8
2025-03-08T03:00,23.3,24,15.0
2025-03-08T04:00,22.4,25,15.8
2025-03-08T05:00,22.8,23,15.3
2025-03-08T06:00,22.8,24,15.7
2025-03-08T07:00,22.4,32,14.9
2025-03-08T08:00,24.0,35,14.3
2025-03-08T09:00,26.3,31,15.4
2025-03-08T10:00,28.5,25,19.1
2025-03-08T11:00,30.9,18,21.2
2025-03-08T12:00,33.1,13,23.4
2025-03-08T13:00,34.9,9,22.9
2025-03-08T14:00,35.9,9,23.6
2025-03-08T15:00,36.4,9,25.2
2025-03-08T16:00,36.0,10,26.0
2025-03-08T17:00,35.5,12,13.3
2025-03-08T18:00,32.9,19,4.5
2025-03-08T19:00,29.7,21,8.3
2025-03-08T20:00,27.8,24,15.3
2025-03-08T21:00,26.4,23,14.5
2025-03-08T22:00,25.2,25,11.4
2025-03-08T23:00,23.7,31,10.2
2025-03-09T00:00,23.7,30,11.8
2025-03-09T01:00,23.3,30,12.7
2025-03-09T02:00,22.8,34,12.9
2025-03-09T03:00,22.5,37,13.7
2025-03-09T04:00,22.2,41,14.0
2025-03-09T05:00,22.0,32,14.4
2025-03-09T06:00,22.0,34,15.2
2025-03-09T07:00,22.8,34,16.1
2025-03-09T08:00,25.6,28,20.5
2025-03-09T09:00,28.2,25,15.8
2025-03-09T10:00,28.8,27,14.5
2025-03-09T11:00,30.7,23,14.5
2025-03-09T12:00,32.0,20,13.3
2025-03-09T13:00,32.8,19,14.8
2025-03-09T14:00,29.2,38,31.0
2025-03-09T15:00,28.4,40,31.9
2025-03-09T16:00,28.0,42,28.8
2025-03-09T17:00,27.9,37,25.8
2025-03-09T18:00,26.5,44,21.1
2025-03-09T19:00,25.2,50,18.0
2025-03-09T20:00,24.5,54,17.6
2025-03-09T21:00,24.0,57,15.7
2025-03-09T22:00,23.4,60,14.6
2025-03-09T23:00,22.5,64,11.2
2025-03-10T00:00,21.6,69,9.1
2025-03-10T01:00,21.2,71,8.8
2025-03-10T02:00,20.7,73,9.8
2025-03-10T03:00,20.3,75,9.8
2025-03-10T04:00,19.8,77,9.8
2025-03-10T05:00,21.1,61,12.4
2025-03-10T06:00,21.5,59,13.8
2025-03-10T07:00,21.2,59,11.1
2025-03-10T08:00,23.4,53,8.9
2025-03-10T09:00,24.3,53,5.7
2025-03-10T10:00,27.4,45,7.5
2025-03-10T11:00,29.4,39,9.9
2025-03-10T12:00,30.9,34,11.6
2025-03-10T13:00,31.9,31,13.3
2025-03-10T14:00,31.8,32,18.1
2025-03-10T15:00,31.2,33,22.3
2025-03-10T16:00,29.7,38,26.5
2025-03-10T17:00,30.4,34,19.2
2025-03-10T18:00,27.6,48,18.9
2025-03-10T19:00,25.7,55,17.9
2025-03-10T20:00,25.1,56,16.2
2025-03-10T21:00,24.9,56,10.8
2025-03-10T22:00,24.4,56,13.6
2025-03-10T23:00,24.1,54,18.5
2025-03-11T00:00,24.0,51,12.9
2025-03-11T01:00,23.5,47,13.8
2025-03-11T02:00,23.0,46,13.2
2025-03-11T03:00,23.0,46,12.3
2025-03-11T04:00,22.0,50,12.5
2025-03-11T05:00,23.8,51,17.3
2025-03-11T06:00,22.9,55,11.5
2025-03-11T07:00,22.9,55,10.9
2025-03-11T08:00,24.6,49,9.4
2025-03-11T09:00,26.1,44,14.6
2025-03-11T10:00,26.6,46,1.9
2025-03-11T11:00,28.2,39,6.9
2025-03-11T12:00,28.7,36,3.6
2025-03-11T13:00,29.8,32,5.1
2025-03-11T14:00,30.4,29,4.2
2025-03-11T15:00,32.0,25,5.8
2025-03-11T16:00,32.6,22,4.1
2025-03-11T17:00,32.0,29,13.7
2025-03-11T18:00,27.8,42,11.2
2025-03-11T19:00,27.2,47,5.1
2025-03-11T20:00,26.7,51,4.1
2025-03-11T21:00,26.5,48,6.9
2025-03-11T22:00,26.3,46,4.0
2025-03-11T23:00,25.7,45,7.9
2025-03-12T00:00,24.8,50,12.4
2025-03-12T01:00,24.0,56,10.4
2025-03-12T02:00,23.6,57,7.0
2025-03-12T03:00,23.2,59,9.0
2025-03-12T04:00,22.8,65,9.7
2025-03-12T05:00,24.2,52,18.6
2025-03-12T06:00,25.5,41,11.3
2025-03-12T07:00,25.5,41,11.0
2025-03-12T08:00,26.3,43,4.9
2025-03-12T09:00,27.9,39,3.8
2025-03-12T10:00,28.4,47,13.8
2025-03-12T11:00,28.5,46,11.9
2025-03-12T12:00,29.9,36,12.1
2025-03-12T13:00,31.7,29,14.1
2025-03-12T14:00,31.3,30,18.6
2025-03-12T15:00,29.7,38,18.1
2025-03-12T16:00,28.6,45,16.7
2025-03-12T17:00,29.0,38,12.0
2025-03-12T18:00,26.8,50,10.7
2025-03-12T19:00,24.3,69,11.4
2025-03-12T20:00,23.4,75,8.1
2025-03-12T21:00,22.9,78,6.6
2025-03-12T22:00,22.5,78,8.1
2025-03-12T23:00,22.0,79,8.6
2025-03-13T00:00,21.5,82,8.3
2025-03-13T01:00,21.0,84,8.4
2025-03-13T02:00,20.9,85,10.2
2025-03-13T03:00,20.8,85,10.1
2025-03-13T04:00,20.6,84,8.1
2025-03-13T05:00,21.6,79,7.9
2025-03-13T06:00,21.6,78,11.6
2025-03-13T07:00,21.3,78,9.5
2025-03-13T08:00,23.2,69,9.4
2025-03-13T09:00,24.8,54,12.1
2025-03-13T10:00,26.0,46,13.3
2025-03-13T11:00,27.0,40,19.9
2025-03-13T12:00,27.6,34,24.5
2025-03-13T13:00,27.1,36,24.7
2025-03-13T14:00,26.5,42,24.8
2025-03-13T15:00,26.0,46,23.6
2025-03-13T16:00,25.1,54,22.7
2025-03-13T17:00,24.7,55,20.1
2025-03-13T18:00,23.2,68,18.0
2025-03-13T19:00,22.2,74,16.0
2025-03-13T20:00,21.8,77,14.9
2025-03-13T21:00,21.2,79,12.6
2025-03-13T22:00,20.6,83,12.7
2025-03-13T23:00,20.0,87,12.1
2025-03-14T00:00,19.5,90,13.2
2025-03-14T01:00,19.0,91,12.2
2025-03-14T02:00,18.4,93,9.7
2025-03-14T03:00,17.8,94,9.9
2025-03-14T04:00,17.1,96,11.0
2025-03-14T05:00,16.9,94,11.4
2025-03-14T06:00,16.5,95,10.6
2025-03-14T07:00,16.5,95,10.6
2025-03-14T08:00,18.6,84,9.7
2025-03-14T09:00,21.5,71,8.8
2025-03-14T10:00,23.7,62,7.9
2025-03-14T11:00,25.5,55,4.6
2025-03-14T12:00,26.9,49,2.3
2025-03-14T13:00,28.0,46,5.9
2025-03-14T14:00,28.2,50,12.2
2025-03-14T15:00,27.6,53,16.2
2025-03-14T16:00,26.7,54,16.4
2025-03-14T17:00,25.6,59,15.4
2025-03-14T18:00,24.2,65,12.5
2025-03-14T19:00,23.0,73,7.8
2025-03-14T20:00,22.0,82,6.5
2025-03-14T21:00,21.1,92,7.6
2025-03-14T22:00,20.4,96,8.3
2025-03-14T23:00,19.5,99,5.4
2025-03-15T00:00,19.0,98,8.5
2025-03-15T01:00,18.5,99,7.9
2025-03-15T02:00,17.9,99,7.2
2025-03-15T03:00,17.5,100,8.8
2025-03-15T04:00,16.6,100,8.6
2025-03-15T05:00,18.7,100,7.0
2025-03-15T06:00,18.8,100,7.7
2025-03-15T07:00,18.6,99,8.4
2025-03-15T08:00,18.9,95,9.7
2025-03-15T09:00,21.3,78,7.9
2025-03-15T10:00,25.0,55,5.2
2025-03-15T11:00,27.8,36,1.0
2025-03-15T12:00,29.8,26,2.4
2025-03-15T13:00,31.0,22,5.1
2025-03-15T14:00,31.0,26,10.6
2025-03-15T15:00,29.6,34,14.6
2025-03-15T16:00,28.6,43,17.1
2025-03-15T17:00,26.6,40,21.0
2025-03-15T18:00,25.1,58,15.8
2025-03-15T19:00,23.9,70,11.2
2025-03-15T20:00,23.6,69,12.4
2025-03-15T21:00,22.9,70,11.5
2025-03-15T22:00,21.9,70,9.5
2025-03-15T23:00,20.8,72,9.2
2025-03-16T00:00,19.8,74,8.6
2025-03-16T01:00,19.0,68,7.1
2025-03-16T02:00,18.3,58,7.9
2025-03-16T03:00,17.6,44,8.5
2025-03-16T04:00,16.5,33,7.6
2025-03-16T05:00,17.0,57,9.7
2025-03-16T06:00,16.8,55,10.9
2025-03-16T07:00,17.0,49,12.3
2025-03-16T08:00,20.0,41,11.6
2025-03-16T09:00,24.2,34,9.0
2025-03-16T10:00,27.9,23,7.7
2025-03-16T11:00,30.5,17,7.3
2025-03-16T12:00,33.0,11,13.3
2025-03-16T13:00,34.0,7,12.0
2025-03-16T14:00,33.2,9,10.5
2025-03-16T15:00,31.2,24,12.7
2025-03-16T16:00,30.5,33,15.7
2025-03-16T17:00,27.0,44,20.7
2025-03-16T18:00,25.5,51,17.3
2025-03-16T19:00,24.5,58,14.4
2025-03-16T20:00,23.6,62,9.7
2025-03-16T21:00,23.1,68,8.7
2025-03-16T22:00,22.5,71,9.7
2025-03-16T23:00,22.2,72,9.2
2025-03-17T00:00,21.9,77,7.8
2025-03-17T01:00,21.0,83,6.0
2025-03-17T02:00,21.3,79,12.2
2025-03-17T03:00,20.9,77,1.8
2025-03-17T04:00,20.3,78,7.8
2025-03-17T05:00,21.6,91,5.3
2025-03-17T06:00,21.6,89,8.2
2025-03-17T07:00,21.6,85,11.5
2025-03-17T08:00,22.7,77,10.8
2025-03-17T09:00,25.3,54,11.0
2025-03-17T10:00,26.9,38,14.7
2025-03-17T11:00,27.7,32,15.9
2025-03-17T12:00,26.4,41,20.3
2025-03-17T13:00,25.2,53,24.8
2025-03-17T14:00,26.1,44,21.6
2025-03-17T15:00,26.7,40,18.4
2025-03-17T16:00,27.0,35,12.8
2025-03-17T17:00,27.3,34,12.5
2025-03-17T18:00,25.6,42,11.9
2025-03-17T19:00,23.5,59,10.9
2025-03-17T20:00,22.2,73,9.8
2025-03-17T21:00,21.6,80,7.6
2025-03-17T22:00,21.0,85,3.2
2025-03-17T23:00,20.4,88,2.2
2025-03-18T00:00,19.3,92,7.5
2025-03-18T01:00,18.4,96,8.8
2025-03-18T02:00,17.8,98,9.7
2025-03-18T03:00,17.6,99,9.1
2025-03-18T04:00,17.4,100,8.0
2025-03-18T05:00,18.0,100,4.7
2025-03-18T06:00,17.4,100,6.9
2025-03-18T07:00,17.1,100,7.6
2025-03-18T08:00,18.3,98,8.6
2025-03-18T09:00,19.5,95,9.2
2025-03-18T10:00,23.5,68,9.1
2025-03-18T11:00,26.6,41,9.9
2025-03-18T12:00,28.2,29,15.8
2025-03-18T13:00,28.2,30,19.8
2025-03-18T14:00,27.6,33,21.7
2025-03-18T15:00,27.2,32,22.4
2025-03-18T16:00,26.6,32,21.6
2025-03-18T17:00,25.9,37,21.6
2025-03-18T18:00,24.1,54,18.1
2025-03-18T19:00,23.0,63,12.6
2025-03-18T20:00,22.2,68,9.7
2025-03-18T21:00,21.5,73,9.5
2025-03-18T22:00,20.7,78,9.8
2025-03-18T23:00,19.8,81,8.9
2025-03-19T00:00,19.1,85,7.3
2025-03-19T01:00,18.4,86,9.3
2025-03-19T02:00,17.6,87,10.3
2025-03-19T03:00,16.7,89,11.2
2025-03-19T04:00,15.9,91,10.6
2025-03-19T05:00,16.7,81,9.8
2025-03-19T06:00,16.2,80,10.2
2025-03-19T07:00,16.3,76,10.5
2025-03-19T08:00,19.1,60,9.4
2025-03-19T09:00,22.9,44,8.6
2025-03-19T10:00,25.8,33,9.5
2025-03-19T11:00,27.9,26,10.1
2025-03-19T12:00,29.2,22,12.9
2025-03-19T13:00,29.7,23,15.8
2025-03-19T14:00,29.3,23,17.7
2025-03-19T15:00,28.5,27,18.4
2025-03-19T16:00,27.6,32,17.5
2025-03-19T17:00,26.5,38,14.7
2025-03-19T18:00,24.8,49,13.3
2025-03-19T19:00,23.3,63,8.9
2025-03-19T20:00,22.4,72,7.1
2025-03-19T21:00,21.6,77,3.3
2025-03-19T22:00,20.8,79,5.3
2025-03-19T23:00,19.9,81,9.1
2025-03-20T00:00,18.6,85,8.7
2025-03-20T01:00,17.8,86,9.0
2025-03-20T02:00,16.8,87,8.6
2025-03-20T03:00,15.9,87,7.9
2025-03-20T04:00,15.3,86,8.0
2025-03-20T05:00,16.5,80,7.6
2025-03-20T06:00,16.2,77,8.4
2025-03-20T07:00,16.3,71,9.0
2025-03-20T08:00,19.1,58,6.5
2025-03-20T09:00,23.7,41,6.1
2025-03-20T10:00,27.7,27,6.9
2025-03-20T11:00,30.7,18,5.0
2025-03-20T12:00,32.7,14,2.0
2025-03-20T13:00,33.5,15,7.5
2025-03-20T14:00,33.1,20,13.2
2025-03-20T15:00,32.1,22,18.5
2025-03-20T16:00,31.0,25,19.5
2025-03-20T17:00,29.5,34,16.2
2025-03-20T18:00,27.1,47,13.3
2025-03-20T19:00,25.6,54,7.8
2025-03-20T20:00,24.5,63,6.6
2025-03-20T21:00,23.7,64,5.3
2025-03-20T22:00,22.9,64,5.9
2025-03-20T23:00,21.9,65,7.4
2025-03-21T00:00,21.1,66,7.3
2025-03-21T01:00,20.3,62,10.0
2025-03-21T02:00,19.6,56,10.6
2025-03-21T03:00,18.7,52,10.3
2025-03-21T04:00,18.2,53,10.4
2025-03-21T05:00,18.0,54,10.2
2025-03-21T06:00,17.4,59,9.4
2025-03-21T07:00,18.2,53,11.4
2025-03-21T08:00,22.6,32,12.2
2025-03-21T09:00,28.2,20,12.9
2025-03-21T10:00,31.8,15,22.8
2025-03-21T11:00,34.3,15,27.6
2025-03-21T12:00,35.9,12,25.8
2025-03-21T13:00,36.7,11,23.9
2025-03-21T14:00,37.2,11,22.8
2025-03-21T15:00,37.7,11,20.1
2025-03-21T16:00,35.6,17,13.9
2025-03-21T17:00,31.5,33,16.9
2025-03-21T18:00,29.7,38,9.5
2025-03-21T19:00,28.5,43,11.9
2025-03-21T20:00,27.6,41,12.9
2025-03-21T21:00,27.2,36,13.4
2025-03-21T22:00,26.7,32,13.8
2025-03-21T23:00,26.2,28,14.3
2025-03-22T00:00,25.3,26,16.5
2025-03-22T01:00,25.7,28,18.2
2025-03-22T02:00,25.2,35,17.4
2025-03-22T03:00,25.1,30,17.5
2025-03-22T04:00,24.3,30,13.1
2025-03-22T05:00,22.6,37,9.2
2025-03-22T06:00,21.9,38,9.7
2025-03-22T07:00,23.1,32,15.0
2025-03-22T08:00,26.1,24,18.1
2025-03-22T09:00,29.1,19,21.2
2025-03-22T10:00,31.7,14,26.5
2025-03-22T11:00,33.7,11,26.2
2025-03-22T12:00,35.2,10,25.2
2025-03-22T13:00,36.2,10,23.2
2025-03-22T14:00,36.0,11,17.9
2025-03-22T15:00,34.0,19,18.2
2025-03-22T16:00,32.2,21,21.3
2025-03-22T17:00,30.2,26,19.6
2025-03-22T18:00,28.7,33,13.9
2025-03-22T19:00,27.1,37,12.6
2025-03-22T20:00,26.5,36,8.2
2025-03-22T21:00,26.1,33,12.1
2025-03-22T22:00,25.7,31,14.1
2025-03-22T23:00,25.1,30,11.7
2025-03-23T00:00,24.7,30,12.2
2025-03-23T01:00,24.1,29,12.2
2025-03-23T02:00,23.9,28,11.9
2025-03-23T03:00,23.4,27,12.0
2025-03-23T04:00,22.7,27,12.7
2025-03-23T05:00,23.3,35,12.3
2025-03-23T06:00,23.7,33,14.9
2025-03-23T07:00,24.1,32,18.2
2025-03-23T08:00,25.7,25,12.7
2025-03-23T09:00,26.4,31,8.0
2025-03-23T10:00,27.8,24,11.6
2025-03-23T11:00,31.0,20,19.4
2025-03-23T12:00,32.3,19,17.9
2025-03-23T13:00,33.2,18,17.3
2025-03-23T14:00,34.1,17,15.9
2025-03-23T15:00,31.6,26,26.1
2025-03-23T16:00,30.5,27,22.9
2025-03-23T17:00,29.1,35,21.7
2025-03-23T18:00,26.6,56,16.5
2025-03-23T19:00,25.4,69,13.4
2025-03-23T20:00,24.9,73,7.9
2025-03-23T21:00,24.0,79,2.9
2025-03-23T22:00,23.4,80,6.9
2025-03-23T23:00,22.7,84,6.7
2025-03-24T00:00,22.2,87,4.6
2025-03-24T01:00,21.8,88,6.0
2025-03-24T02:00,21.7,87,3.4
2025-03-24T03:00,21.2,90,8.0
2025-03-24T04:00,21.0,92,8.6
2025-03-24T05:00,21.5,91,7.4
2025-03-24T06:00,21.4,90,10.5
2025-03-24T07:00,22.0,87,11.3
2025-03-24T08:00,24.3,76,13.5
2025-03-24T09:00,25.2,68,17.3
2025-03-24T10:00,25.8,63,18.2
2025-03-24T11:00,27.0,53,22.5
2025-03-24T12:00,27.2,51,25.2
2025-03-24T13:00,27.0,51,27.8
2025-03-24T14:00,26.7,47,29.9
2025-03-24T15:00,26.3,47,30.5
2025-03-24T16:00,25.5,47,29.1
2025-03-24T17:00,24.7,49,24.5
2025-03-24T18:00,23.6,53,25.0
2025-03-24T19:00,22.5,63,24.2
2025-03-24T20:00,21.9,67,21.8
2025-03-24T21:00,21.4,67,20.7
2025-03-24T22:00,20.7,69,21.6
2025-03-24T23:00,20.0,72,21.5
2025-03-25T00:00,19.6,75,21.6
2025-03-25T01:00,19.4,75,20.2
2025-03-25T02:00,19.2,75,20.2
2025-03-25T03:00,19.2,76,21.1
2025-03-25T04:00,19.2,75,22.4
2025-03-25T05:00,19.0,70,20.9
2025-03-25T06:00,19.2,66,21.5
2025-03-25T07:00,19.8,63,21.6
2025-03-25T08:00,21.5,56,25.8
2025-03-25T09:00,22.5,52,28.3
2025-03-25T10:00,23.3,48,29.1
2025-03-25T11:00,23.8,47,30.5
2025-03-25T12:00,24.2,46,31.1
2025-03-25T13:00,24.2,46,31.8
2025-03-25T14:00,24.1,48,31.8
2025-03-25T15:00,23.7,50,31.5
2025-03-25T16:00,23.1,52,31.5
2025-03-25T17:00,22.0,53,28.6
2025-03-25T18:00,21.2,57,26.0
2025-03-25T19:00,20.5,62,24.7
2025-03-25T20:00,20.1,63,23.3
2025-03-25T21:00,19.9,64,21.3
2025-03-25T22:00,19.7,65,19.9
2025-03-25T23:00,19.4,68,18.5
2025-03-26T00:00,19.1,70,16.9
2025-03-26T01:00,18.8,71,15.1
2025-03-26T02:00,18.4,74,13.3
2025-03-26T03:00,17.7,79,10.8
2025-03-26T04:00,17.6,79,9.1
2025-03-26T05:00,16.9,79,9.6
2025-03-26T06:00,16.4,81,12.0
2025-03-26T07:00,16.3,81,12.8
2025-03-26T08:00,18.2,72,14.4
2025-03-26T09:00,20.7,62,17.2
2025-03-26T10:00,22.6,57,14.5
2025-03-26T11:00,24.1,52,10.9
2025-03-26T12:00,25.3,46,8.4
2025-03-26T13:00,26.3,41,7.7
2025-03-26T14:00,26.5,43,14.0
2025-03-26T15:00,25.7,50,19.6
2025-03-26T16:00,25.0,52,20.1
2025-03-26T17:00,23.9,54,18.1
2025-03-26T18:00,22.8,59,16.3
2025-03-26T19:00,21.9,65,12.2
2025-03-26T20:00,21.2,70,8.5
2025-03-26T21:00,20.2,77,5.7
2025-03-26T22:00,19.3,80,8.2
2025-03-26T23:00,18.3,84,8.5
2025-03-27T00:00,17.6,87,9.3
2025-03-27T01:00,17.1,90,10.4
2025-03-27T02:00,16.7,91,9.7
2025-03-27T03:00,16.1,93,9.1
2025-03-27T04:00,15.6,95,9.4
2025-03-27T05:00,16.3,92,6.7
2025-03-27T06:00,15.4,94,8.7
2025-03-27T07:00,15.4,96,9.9
2025-03-27T08:00,18.2,84,7.5
2025-03-27T09:00,21.2,70,5.8
2025-03-27T10:00,23.3,56,4.1
2025-03-27T11:00,25.7,44,5.7
2025-03-27T12:00,27.9,36,7.4
2025-03-27T13:00,28.9,33,9.2
2025-03-27T14:00,28.1,43,20.6
2025-03-27T15:00,26.8,48,24.7
2025-03-27T16:00,26.0,51,24.6
2025-03-27T17:00,25.4,46,23.1
2025-03-27T18:00,24.1,57,20.1
2025-03-27T19:00,23.0,70,15.8
2025-03-27T20:00,22.5,75,14.8
2025-03-27T21:00,21.9,78,12.8
2025-03-27T22:00,21.2,81,11.5
2025-03-27T23:00,20.1,84,9.5
2025-03-28T00:00,19.0,87,7.1
2025-03-28T01:00,18.1,86,9.5
2025-03-28T02:00,17.3,86,9.6
2025-03-28T03:00,16.7,85,7.8
2025-03-28T04:00,16.3,88,10.0
2025-03-28T05:00,17.0,96,9.4
2025-03-28T06:00,16.2,93,7.9
2025-03-28T07:00,16.3,94,6.3
2025-03-28T08:00,17.9,85,4.3
2025-03-28T09:00,21.2,56,5.6
2025-03-28T10:00,24.3,33,2.9
2025-03-28T11:00,27.1,25,4.7
2025-03-28T12:00,29.2,23,6.5
2025-03-28T13:00,30.6,22,4.5
2025-03-28T14:00,30.7,25,10.5
2025-03-28T15:00,29.5,32,19.7
2025-03-28T16:00,28.1,36,20.2
2025-03-28T17:00,27.3,47,17.5
2025-03-28T18:00,25.7,50,16.6
2025-03-28T19:00,24.4,64,10.5
2025-03-28T20:00,23.8,67,7.0
2025-03-28T21:00,22.9,72,7.4
2025-03-28T22:00,22.0,82,6.8
2025-03-28T23:00,21.2,91,7.2
2025-03-29T00:00,20.6,95,7.6
2025-03-29T01:00,20.2,95,7.8
2025-03-29T02:00,19.9,94,8.0
2025-03-29T03:00,19.5,94,6.8
2025-03-29T04:00,19.1,95,6.2
2025-03-29T05:00,19.5,95,7.5
2025-03-29T06:00,18.7,91,8.4
2025-03-29T07:00,18.5,79,7.9
2025-03-29T08:00,20.9,63,6.4
2025-03-29T09:00,24.1,49,8.8
2025-03-29T10:00,26.8,39,7.3
2025-03-29T11:00,28.9,32,7.6
2025-03-29T12:00,30.6,26,6.3
2025-03-29T13:00,31.7,23,5.3
2025-03-29T14:00,32.1,23,10.0
2025-03-29T15:00,31.6,26,14.6
2025-03-29T16:00,30.1,30,19.7
2025-03-29T17:00,27.7,42,18.5
2025-03-29T18:00,25.6,51,15.3
2025-03-29T19:00,24.3,58,11.9
2025-03-29T20:00,23.6,62,8.3
2025-03-29T21:00,22.8,65,7.4
2025-03-29T22:00,22.1,63,7.4
2025-03-29T23:00,21.4,66,7.2
2025-03-30T00:00,20.7,73,9.4
2025-03-30T01:00,19.8,79,8.8
2025-03-30T02:00,19.0,86,8.6
2025-03-30T03:00,18.5,88,10.0
2025-03-30T04:00,18.0,88,9.5
2025-03-30T05:00,18.1,80,8.2
2025-03-30T06:00,17.8,77,6.2
2025-03-30T07:00,18.2,71,6.7
2025-03-30T08:00,20.9,55,4.9
2025-03-30T09:00,24.6,39,5.0
2025-03-30T10:00,28.6,27,5.8
2025-03-30T11:00,32.0,20,5.8
2025-03-30T12:00,33.7,17,5.9
2025-03-30T13:00,34.2,19,11.7
2025-03-30T14:00,34.1,20,16.2
2025-03-30T15:00,33.0,22,20.4
2025-03-30T16:00,31.5,26,19.3
2025-03-30T17:00,30.2,33,17.7
2025-03-30T18:00,28.0,42,14.5
2025-03-30T19:00,26.1,58,9.5
2025-03-30T20:00,25.7,55,9.4
2025-03-30T21:00,25.0,51,8.6
2025-03-30T22:00,24.1,50,7.3
2025-03-30T23:00,23.4,50,5.8
2025-03-31T00:00,22.7,51,4.6
2025-03-31T01:00,21.7,50,6.7
2025-03-31T02:00,21.0,47,6.0
2025-03-31T03:00,20.3,45,6.0
2025-03-31T04:00,19.5,43,8.1
2025-03-31T05:00,19.5,38,8.8
2025-03-31T06:00,19.4,37,10.7
2025-03-31T07:00,20.3,35,10.9
2025-03-31T08:00,23.9,28,9.0
2025-03-31T09:00,28.2,21,6.3
2025-03-31T10:00,31.6,17,5.4
2025-03-31T11:00,33.7,14,2.7
2025-03-31T12:00,34.9,14,5.5
2025-03-31T13:00,35.5,14,12.1
2025-03-31T14:00,35.7,14,15.8
2025-03-31T15:00,35.2,13,16.6
2025-03-31T16:00,34.0,15,16.5
2025-03-31T17:00,31.8,21,16.8
2025-03-31T18:00,28.9,34,14.6
2025-03-31T19:00,26.4,51,9.8
2025-03-31T20:00,25.5,58,7.1
2025-03-31T21:00,24.5,64,5.9
2025-03-31T22:00,24.1,63,6.2
2025-03-31T23:00,23.8,60,5.4
2025-04-01T00:00,23.0,59,5.4
2025-04-01T01:00,22.5,58,3.6
2025-04-01T02:00,21.8,57,5.7
2025-04-01T03:00,21.1,57,3.9
2025-04-01T04:00,20.0,59,7.9
2025-04-01T05:00,19.6,60,8.9
2025-04-01T06:00,18.9,62,9.5
2025-04-01T07:00,19.3,57,9.0
2025-04-01T08:00,22.8,42,6.9
2025-04-01T09:00,27.5,29,6.3
2025-04-01T10:00,30.9,18,5.1
2025-04-01T11:00,32.9,12,5.1
2025-04-01T12:00,34.0,12,13.2
2025-04-01T13:00,33.3,15,19.5
2025-04-01T14:00,32.8,14,18.9
2025-04-01T15:00,32.0,17,19.6
2025-04-01T16:00,30.5,21,20.2
2025-04-01T17:00,29.3,28,18.7
2025-04-01T18:00,27.2,42,16.9
2025-04-01T19:00,25.6,55,12.8
2025-04-01T20:00,24.8,59,8.6
2025-04-01T21:00,23.9,63,3.7
2025-04-01T22:00,23.2,65,2.7
2025-04-01T23:00,22.2,66,7.1
2025-04-02T00:00,21.3,66,7.8
2025-04-02T01:00,20.5,65,9.8
2025-04-02T02:00,19.6,65,9.4
2025-04-02T03:00,18.7,62,9.6
2025-04-02T04:00,17.9,58,9.6
2025-04-02T05:00,17.9,54,9.2
2025-04-02T06:00,17.4,50,9.0
2025-04-02T07:00,18.1,43,7.7
2025-04-02T08:00,21.6,32,3.5
2025-04-02T09:00,26.1,24,3.6
2025-04-02T10:00,29.2,24,6.7
2025-04-02T11:00,31.3,22,8.5
2025-04-02T12:00,32.9,20,8.0
2025-04-02T13:00,33.9,20,11.1
2025-04-02T14:00,33.8,20,16.3
2025-04-02T15:00,32.3,21,19.1
2025-04-02T16:00,31.0,29,16.7
2025-04-02T17:00,29.3,39,16.7
2025-04-02T18:00,27.0,51,13.4
2025-04-02T19:00,25.3,66,5.3
2025-04-02T20:00,24.5,76,1.7
2025-04-02T21:00,23.8,77,3.1
2025-04-02T22:00,23.1,77,5.2
2025-04-02T23:00,22.3,79,6.7
2025-04-03T00:00,21.6,79,8.3
2025-04-03T01:00,20.7,80,8.2
2025-04-03T02:00,19.9,80,9.3
2025-04-03T03:00,19.0,80,8.6
2025-04-03T04:00,18.4,79,8.0
2025-04-03T05:00,18.8,72,6.6
2025-04-03T06:00,18.2,73,8.2
2025-04-03T07:00,18.8,69,8.7
2025-04-03T08:00,22.3,57,7.3
2025-04-03T09:00,26.7,43,7.1
2025-04-03T10:00,30.5,31,8.5
2025-04-03T11:00,33.9,21,10.6
2025-04-03T12:00,36.5,16,10.7
2025-04-03T13:00,38.1,13,10.2
2025-04-03T14:00,38.2,14,12.2
2025-04-03T15:00,34.5,30,22.4
2025-04-03T16:00,30.2,42,21.4
2025-04-03T17:00,29.7,46,17.3
2025-04-03T18:00,28.3,56,10.7
2025-04-03T19:00,26.5,65,6.7
2025-04-03T20:00,26.2,61,7.8
2025-04-03T21:00,26.3,56,9.9
2025-04-03T22:00,26.1,54,11.5
2025-04-03T23:00,25.3,51,10.8
2025-04-04T00:00,24.7,48,7.6
2025-04-04T01:00,23.8,46,8.4
2025-04-04T02:00,23.0,46,10.1
2025-04-04T03:00,22.3,47,10.7
2025-04-04T04:00,21.9,46,12.2
2025-04-04T05:00,22.5,36,11.7
2025-04-04T06:00,22.8,28,13.9
2025-04-04T07:00,25.3,20,17.7
2025-04-04T08:00,28.7,14,15.8
2025-04-04T09:00,32.2,12,14.6
2025-04-04T10:00,35.5,8,21.9
2025-04-04T11:00,37.8,7,25.6
2025-04-04T12:00,39.4,7,23.8
2025-04-04T13:00,40.5,7,22.4
2025-04-04T14:00,40.8,7,17.9
2025-04-04T15:00,39.6,11,15.1
2025-04-04T16:00,37.8,14,16.9
2025-04-04T17:00,34.1,20,16.5
2025-04-04T18:00,32.2,28,9.8
2025-04-04T19:00,30.3,34,8.5
2025-04-04T20:00,29.1,34,9.3
2025-04-04T21:00,28.8,27,12.8
2025-04-04T22:00,28.2,25,12.5
2025-04-04T23:00,27.3,23,11.7
2025-04-05T00:00,26.2,21,11.5
2025-04-05T01:00,25.3,20,10.9
2025-04-05T02:00,24.7,24,10.6
2025-04-05T03:00,24.0,30,10.8
2025-04-05T04:00,23.3,32,12.0
2025-04-05T05:00,23.5,28,13.5
2025-04-05T06:00,24.2,17,17.3
2025-04-05T07:00,26.7,13,22.2
2025-04-05T08:00,29.1,12,22.7
2025-04-05T09:00,31.9,10,18.7
2025-04-05T10:00,35.1,8,22.5
2025-04-05T11:00,37.5,7,25.8
2025-04-05T12:00,38.8,6,25.4
2025-04-05T13:00,39.7,5,22.7
2025-04-05T14:00,40.1,5,16.1
2025-04-05T15:00,38.5,11,12.9
2025-04-05T16:00,35.8,18,18.7
2025-04-05T17:00,33.2,24,16.6
2025-04-05T18:00,31.3,36,13.1
2025-04-05T19:00,29.1,42,11.6
2025-04-05T20:00,28.6,39,9.6
2025-04-05T21:00,27.8,39,11.3
2025-04-05T22:00,26.5,39,9.4
2025-04-05T23:00,25.6,39,10.3
2025-04-06T00:00,24.8,36,11.8
2025-04-06T01:00,24.1,31,10.5
2025-04-06T02:00,23.4,29,11.4
2025-04-06T03:00,22.7,26,10.9
2025-04-06T04:00,22.2,23,11.5
2025-04-06T05:00,21.7,24,10.6
2025-04-06T06:00,21.1,25,11.5
2025-04-06T07:00,22.6,23,12.4
2025-04-06T08:00,26.7,16,11.9
2025-04-06T09:00,31.7,11,10.1
2025-04-06T10:00,35.3,10,15.9
2025-04-06T11:00,37.4,9,15.9
2025-04-06T12:00,38.6,8,11.6
2025-04-06T13:00,39.3,8,8.8
2025-04-06T14:00,39.6,9,11.9
2025-04-06T15:00,39.2,10,14.5
2025-04-06T16:00,37.7,12,17.8
2025-04-06T17:00,35.2,19,18.0
2025-04-06T18:00,31.4,37,15.0
2025-04-06T19:00,29.2,46,10.8
2025-04-06T20:00,28.6,44,9.0
2025-04-06T21:00,27.6,50,9.9
2025-04-06T22:00,26.5,54,9.6
2025-04-06T23:00,25.5,52,8.4
2025-04-07T00:00,24.5,52,8.7
2025-04-07T01:00,23.8,51,9.5
2025-04-07T02:00,22.9,53,10.3
2025-04-07T03:00,22.3,53,10.4
2025-04-07T04:00,22.2,50,11.6
2025-04-07T05:00,21.8,41,9.7
2025-04-07T06:00,21.2,41,10.2
2025-04-07T07:00,22.3,36,9.2
2025-04-07T08:00,26.5,27,6.1
2025-04-07T09:00,31.5,19,3.9
2025-04-07T10:00,34.5,15,3.7
2025-04-07T11:00,36.6,12,6.8
2025-04-07T12:00,38.3,10,12.3
2025-04-07T13:00,38.6,10,18.0
2025-04-07T14:00,37.0,14,22.1
2025-04-07T15:00,35.8,18,19.3
2025-04-07T16:00,34.7,23,18.6
2025-04-07T17:00,33.9,22,16.4
2025-04-07T18:00,31.2,33,13.5
2025-04-07T19:00,28.9,47,9.3
2025-04-07T20:00,28.1,51,10.3
2025-04-07T21:00,27.4,55,8.0
2025-04-07T22:00,26.6,58,5.3
2025-04-07T23:00,26.0,61,1.4
2025-04-08T00:00,25.0,60,6.4
2025-04-08T01:00,24.2,58,9.4
2025-04-08T02:00,23.5,56,9.9
2025-04-08T03:00,23.4,53,10.1
2025-04-08T04:00,23.2,50,10.3
2025-04-08T05:00,22.4,45,12.1
2025-04-08T06:00,22.2,41,12.2
2025-04-08T07:00,22.8,38,11.5
2025-04-08T08:00,26.0,30,10.9
2025-04-08T09:00,29.3,27,12.9
2025-04-08T10:00,31.8,33,17.1
2025-04-08T11:00,33.9,33,16.6
2025-04-08T12:00,34.9,32,17.8
2025-04-08T13:00,35.0,33,19.2
2025-04-08T14:00,35.2,32,19.4
2025-04-08T15:00,35.1,31,18.9
2025-04-08T16:00,34.6,31,18.9
2025-04-08T17:00,32.6,36,17.4
2025-04-08T18:00,30.4,45,16.4
2025-04-08T19:00,29.2,48,15.9
2025-04-08T20:00,28.5,49,17.6
2025-04-08T21:00,27.6,53,16.9
2025-04-08T22:00,26.9,57,15.3
2025-04-08T23:00,26.2,62,13.2
2025-04-09T00:00,25.2,67,9.5
2025-04-09T01:00,24.3,70,9.9
2025-04-09T02:00,23.7,70,12.7
2025-04-09T03:00,23.1,72,14.2
2025-04-09T04:00,22.7,73,14.4
2025-04-09T05:00,23.0,67,13.8
2025-04-09T06:00,22.4,69,14.0
2025-04-09T07:00,23.1,66,14.1
2025-04-09T08:00,25.6,57,14.1
2025-04-09T09:00,28.3,48,18.6
2025-04-09T10:00,30.3,42,18.2
2025-04-09T11:00,31.8,38,19.3
2025-04-09T12:00,32.5,36,19.9
2025-04-09T13:00,32.7,36,20.7
2025-04-09T14:00,32.5,38,21.5
2025-04-09T15:00,31.9,40,21.7
2025-04-09T16:00,31.1,43,20.2
2025-04-09T17:00,29.8,52,17.1
2025-04-09T18:00,28.4,56,15.2
2025-04-09T19:00,27.1,63,13.0
2025-04-09T20:00,26.3,65,12.2
2025-04-09T21:00,25.2,70,10.1
2025-04-09T22:00,24.3,74,10.7
2025-04-09T23:00,23.4,77,9.7
2025-04-10T00:00,22.5,80,8.8
2025-04-10T01:00,21.7,83,9.0
2025-04-10T02:00,21.1,84,9.8
2025-04-10T03:00,20.4,85,10.1
2025-04-10T04:00,19.6,87,9.7
2025-04-10T05:00,20.1,87,8.5
2025-04-10T06:00,19.8,86,10.3
2025-04-10T07:00,20.8,79,9.4
2025-04-10T08:00,23.6,66,6.0
2025-04-10T09:00,26.7,54,5.4
2025-04-10T10:00,29.5,43,6.1
2025-04-10T11:00,32.1,33,6.7
2025-04-10T12:00,33.6,29,8.8
2025-04-10T13:00,33.3,39,13.3
2025-04-10T14:00,32.5,41,17.9
2025-04-10T15:00,32.2,39,18.5
2025-04-10T16:00,32.1,38,17.1
2025-04-10T17:00,30.8,32,15.2
2025-04-10T18:00,29.3,38,9.6
2025-04-10T19:00,27.0,65,7.7
2025-04-10T20:00,25.9,78,3.1
2025-04-10T21:00,25.1,85,2.5
2025-04-10T22:00,24.3,90,3.9
2025-04-10T23:00,23.5,93,5.8
2025-04-11T00:00,22.5,96,6.8
2025-04-11T01:00,21.6,97,5.5
2025-04-11T02:00,21.2,97,3.6
2025-04-11T03:00,20.6,97,6.8
2025-04-11T04:00,20.1,94,9.4
2025-04-11T05:00,20.7,85,9.3
2025-04-11T06:00,20.4,74,9.6
2025-04-11T07:00,21.9,63,9.9
2025-04-11T08:00,25.8,47,9.4
2025-04-11T09:00,30.3,32,6.0
2025-04-11T10:00,32.8,25,6.1
2025-04-11T11:00,34.8,20,8.8
2025-04-11T12:00,35.7,20,9.5
2025-04-11T13:00,36.1,23,12.1
2025-04-11T14:00,34.8,28,21.3
2025-04-11T15:00,33.4,28,19.2
2025-04-11T16:00,31.7,35,20.0
2025-04-11T17:00,30.6,41,15.8
2025-04-11T18:00,29.3,47,8.9
2025-04-11T19:00,27.9,57,3.2
2025-04-11T20:00,27.2,61,0.8
2025-04-11T21:00,26.3,63,4.6
2025-04-11T22:00,25.8,59,7.3
2025-04-11T23:00,25.3,56,9.2
2025-04-12T00:00,24.3,53,8.8
2025-04-12T01:00,23.8,49,9.9
2025-04-12T02:00,22.9,49,9.1
2025-04-12T03:00,22.3,47,8.2
2025-04-12T04:00,22.1,43,9.5
2025-04-12T05:00,22.4,42,7.6
2025-04-12T06:00,22.2,39,7.8
2025-04-12T07:00,23.7,30,8.8
2025-04-12T08:00,27.6,22,4.8
2025-04-12T09:00,32.4,15,1.5
2025-04-12T10:00,36.2,10,3.2
2025-04-12T11:00,38.8,9,6.3
2025-04-12T12:00,39.6,10,14.6
2025-04-12T13:00,39.1,11,19.9
2025-04-12T14:00,37.1,13,21.1
2025-04-12T15:00,37.0,16,18.6
2025-04-12T16:00,35.5,19,17.9
2025-04-12T17:00,34.1,27,13.9
2025-04-12T18:00,32.1,36,9.9
2025-04-12T19:00,29.9,45,6.8
2025-04-12T20:00,28.9,47,7.5
2025-04-12T21:00,28.5,37,11.7
2025-04-12T22:00,28.1,36,15.9
2025-04-12T23:00,27.7,33,13.5
2025-04-13T00:00,26.9,35,10.5
2025-04-13T01:00,26.3,37,9.0
2025-04-13T02:00,25.6,36,10.1
2025-04-13T03:00,24.7,35,10.9
2025-04-13T04:00,23.9,34,11.2
2025-04-13T05:00,26.3,30,14.4
2025-04-13T06:00,26.7,30,16.5
2025-04-13T07:00,28.8,22,24.4
2025-04-13T08:00,31.9,24,20.8
2025-04-13T09:00,34.6,26,34.8
2025-04-13T10:00,36.9,23,35.9
2025-04-13T11:00,39.0,19,34.9
2025-04-13T12:00,40.6,17,29.8
2025-04-13T13:00,41.8,14,24.6
2025-04-13T14:00,42.5,12,18.9
2025-04-13T15:00,40.7,18,17.0
2025-04-13T16:00,38.0,18,20.8
2025-04-13T17:00,37.3,14,15.2
2025-04-13T18:00,35.0,18,10.3
2025-04-13T19:00,32.7,23,7.4
2025-04-13T20:00,31.2,29,4.8
2025-04-13T21:00,30.4,29,9.0
2025-04-13T22:00,29.7,28,10.2
2025-04-13T23:00,28.8,27,10.2
2025-04-14T00:00,27.9,29,10.7
2025-04-14T01:00,27.0,31,10.2
2025-04-14T02:00,26.5,33,11.3
2025-04-14T03:00,25.9,35,11.1
2025-04-14T04:00,24.8,40,10.7
2025-04-14T05:00,25.0,37,5.4
2025-04-14T06:00,24.5,37,9.0
2025-04-14T07:00,25.7,31,13.8
2025-04-14T08:00,30.1,24,9.8
2025-04-14T09:00,34.6,19,16.9
2025-04-14T10:00,37.8,18,20.1
2025-04-14T11:00,40.1,15,18.3
2025-04-14T12:00,41.6,12,14.0
2025-04-14T13:00,42.2,12,11.5
2025-04-14T14:00,41.9,13,13.7
2025-04-14T15:00,39.5,16,23.2
2025-04-14T16:00,37.4,19,21.4
2025-04-14T17:00,35.5,24,21.7
2025-04-14T18:00,33.8,32,15.3
2025-04-14T19:00,32.0,37,10.1
2025-04-14T20:00,31.7,35,5.4
2025-04-14T21:00,31.4,33,6.9
2025-04-14T22:00,30.7,32,7.3
2025-04-14T23:00,30.3,33,6.3
2025-04-15T00:00,29.6,34,4.7
2025-04-15T01:00,28.5,37,5.6
2025-04-15T02:00,27.7,41,3.4
2025-04-15T03:00,26.8,40,7.1
2025-04-15T04:00,26.3,39,7.0
2025-04-15T05:00,26.2,44,9.3
2025-04-15T06:00,25.4,40,10.7
2025-04-15T07:00,26.0,37,7.3
2025-04-15T08:00,29.3,30,3.2
2025-04-15T09:00,34.2,21,2.0
2025-04-15T10:00,37.3,15,3.3
2025-04-15T11:00,38.2,17,19.8
2025-04-15T12:00,36.2,26,18.1
2025-04-15T13:00,35.2,32,18.7
2025-04-15T14:00,34.9,34,16.5
2025-04-15T15:00,34.0,40,14.5
2025-04-15T16:00,32.1,48,12.6
2025-04-15T17:00,32.6,44,11.8
2025-04-15T18:00,30.1,59,12.0
2025-04-15T19:00,28.2,74,8.1
2025-04-15T20:00,27.4,79,5.4
2025-04-15T21:00,26.8,81,5.9
2025-04-15T22:00,26.1,82,6.5
2025-04-15T23:00,25.4,84,6.7
2025-04-16T00:00,24.6,87,7.0
2025-04-16T01:00,23.9,90,8.6
2025-04-16T02:00,23.2,92,9.2
2025-04-16T03:00,22.9,91,9.0
2025-04-16T04:00,22.8,90,10.1
2025-04-16T05:00,24.0,86,11.3
2025-04-16T06:00,24.0,89,11.6
2025-04-16T07:00,25.4,86,11.6
2025-04-16T08:00,27.9,72,11.8
2025-04-16T09:00,29.9,57,12.8
2025-04-16T10:00,31.7,47,13.7
2025-04-16T11:00,32.8,42,17.0
2025-04-16T12:00,33.2,39,19.8
2025-04-16T13:00,33.4,37,21.3
2025-04-16T14:00,33.2,35,23.5
2025-04-16T15:00,33.2,34,24.8
2025-04-16T16:00,32.5,34,25.0
2025-04-16T17:00,31.1,41,22.2
2025-04-16T18:00,29.2,50,18.7
2025-04-16T19:00,27.5,63,16.1
2025-04-16T20:00,27.2,60,18.3
2025-04-16T21:00,26.8,61,16.2
2025-04-16T22:00,26.4,58,13.5
2025-04-16T23:00,25.9,57,12.6
2025-04-17T00:00,25.4,55,12.9
2025-04-17T01:00,24.9,56,12.1
2025-04-17T02:00,23.8,60,10.4
2025-04-17T03:00,23.3,74,9.8
2025-04-17T04:00,23.3,78,11.9
2025-04-17T05:00,22.9,84,11.8
2025-04-17T06:00,22.9,87,12.0
2025-04-17T07:00,24.4,81,11.0
2025-04-17T08:00,26.9,68,13.4
2025-04-17T09:00,28.6,56,19.7
2025-04-17T10:00,29.7,48,23.1
2025-04-17T11:00,30.1,47,24.5
2025-04-17T12:00,30.8,41,25.2
2025-04-17T13:00,30.9,41,25.2
2025-04-17T14:00,30.8,42,25.1
2025-04-17T15:00,30.6,41,24.7
2025-04-17T16:00,29.9,43,24.1
2025-04-17T17:00,28.8,43,21.1
2025-04-17T18:00,27.2,54,21.8
2025-04-17T19:00,26.3,61,20.7
2025-04-17T20:00,25.7,66,19.3
2025-04-17T21:00,25.4,66,17.5
2025-04-17T22:00,25.2,66,15.4
2025-04-17T23:00,24.8,67,14.4
2025-04-18T00:00,24.5,69,14.7
2025-04-18T01:00,24.3,70,14.6
2025-04-18T02:00,24.1,73,15.5
2025-04-18T03:00,23.9,74,15.7
2025-04-18T04:00,23.6,76,14.9
2025-04-18T05:00,23.6,78,14.8
2025-04-18T06:00,23.3,81,14.2
2025-04-18T07:00,24.4,77,15.3
2025-04-18T08:00,26.0,65,20.7
2025-04-18T09:00,27.0,58,23.2
2025-04-18T10:00,27.9,52,24.3
2025-04-18T11:00,28.6,48,26.3
2025-04-18T12:00,28.9,45,27.6
2025-04-18T13:00,28.9,47,27.3
2025-04-18T14:00,28.8,47,27.0
2025-04-18T15:00,28.5,47,27.0
2025-04-18T16:00,28.0,48,25.7
2025-04-18T17:00,26.8,54,23.6
2025-04-18T18:00,25.8,57,23.2
2025-04-18T19:00,24.9,58,20.5
2025-04-18T20:00,24.3,63,17.8
2025-04-18T21:00,23.9,67,16.3
2025-04-18T22:00,23.4,69,13.5
2025-04-18T23:00,22.7,74,11.3
2025-04-19T00:00,22.2,77,10.5
2025-04-19T01:00,21.7,79,10.3
2025-04-19T02:00,21.2,82,10.1
2025-04-19T03:00,20.9,84,9.4
2025-04-19T04:00,20.5,87,9.4
2025-04-19T05:00,21.2,86,9.3
2025-04-19T06:00,20.8,87,9.9
2025-04-19T07:00,21.9,83,9.5
2025-04-19T08:00,24.2,72,9.6
2025-04-19T09:00,26.2,57,10.3
2025-04-19T10:00,27.6,46,14.1
2025-04-19T11:00,28.5,39,16.8
2025-04-19T12:00,29.0,38,19.0
2025-04-19T13:00,29.0,40,19.2
2025-04-19T14:00,29.1,41,18.7
2025-04-19T15:00,29.0,42,19.3
2025-04-19T16:00,28.3,45,19.4
2025-04-19T17:00,27.2,49,19.8
2025-04-19T18:00,25.8,60,18.9
2025-04-19T19:00,24.8,64,16.0
2025-04-19T20:00,24.3,65,14.8
2025-04-19T21:00,23.7,70,14.1
2025-04-19T22:00,23.3,71,13.0
2025-04-19T23:00,22.8,74,12.4
2025-04-20T00:00,22.2,77,11.7
2025-04-20T01:00,21.5,79,10.7
2025-04-20T02:00,21.0,81,10.0
2025-04-20T03:00,20.5,82,10.0
2025-04-20T04:00,20.2,83,10.1
2025-04-20T05:00,20.9,79,10.1
2025-04-20T06:00,20.6,80,8.4
2025-04-20T07:00,21.8,74,7.1
2025-04-20T08:00,24.5,60,6.6
2025-04-20T09:00,26.4,47,8.2
2025-04-20T10:00,27.9,40,8.8
2025-04-20T11:00,29.1,35,10.9
2025-04-20T12:00,29.9,33,13.6
2025-04-20T13:00,30.4,31,15.2
2025-04-20T14:00,30.6,31,17.4
2025-04-20T15:00,30.3,32,17.4
2025-04-20T16:00,29.7,35,17.4
2025-04-20T17:00,28.5,46,14.7
2025-04-20T18:00,26.9,57,15.1
2025-04-20T19:00,25.6,65,17.1
2025-04-20T20:00,25.2,69,15.9
2025-04-20T21:00,24.7,74,15.1
2025-04-20T22:00,24.9,71,12.1
2025-04-20T23:00,24.2,74,9.6
2025-04-21T00:00,23.9,77,5.4
2025-04-21T01:00,23.6,78,3.1
2025-04-21T02:00,22.7,80,7.1
2025-04-21T03:00,21.4,82,9.9
2025-04-21T04:00,20.3,84,7.8
2025-04-21T05:00,21.4,83,8.6
2025-04-21T06:00,20.9,86,8.6
2025-04-21T07:00,22.2,77,7.7
2025-04-21T08:00,25.0,64,7.4
2025-04-21T09:00,27.3,50,4.8
2025-04-21T10:00,29.6,38,5.2
2025-04-21T11:00,32.0,26,6.3
2025-04-21T12:00,34.0,19,8.4
2025-04-21T13:00,35.0,16,14.2
2025-04-21T14:00,35.0,14,17.0
2025-04-21T15:00,34.1,14,17.4
2025-04-21T16:00,32.7,20,15.3
2025-04-21T17:00,31.5,27,13.4
2025-04-21T18:00,29.4,37,14.0
2025-04-21T19:00,27.4,50,9.9
2025-04-21T20:00,26.3,62,9.5
2025-04-21T21:00,25.5,67,6.9
2025-04-21T22:00,24.9,69,2.6
2025-04-21T23:00,24.0,69,7.6
2025-04-22T00:00,22.9,70,8.3
2025-04-22T01:00,21.9,70,8.6
2025-04-22T02:00,21.3,68,8.6
2025-04-22T03:00,20.7,64,8.9
2025-04-22T04:00,20.2,62,8.2
2025-04-22T05:00,21.5,72,6.1
2025-04-22T06:00,21.2,75,6.2
2025-04-22T07:00,22.5,68,8.4
2025-04-22T08:00,25.8,54,6.3
2025-04-22T09:00,29.6,35,5.5
2025-04-22T10:00,32.5,22,2.6
2025-04-22T11:00,34.4,18,7.7
2025-04-22T12:00,35.7,17,12.8
2025-04-22T13:00,35.5,17,18.2
2025-04-22T14:00,34.7,18,20.2
2025-04-22T15:00,34.0,22,18.9
2025-04-22T16:00,33.5,24,14.5
2025-04-22T17:00,33.1,25,14.4
2025-04-22T18:00,31.3,31,11.6
2025-04-22T19:00,29.7,39,6.4
2025-04-22T20:00,28.8,41,5.3
2025-04-22T21:00,28.0,43,5.0
2025-04-22T22:00,27.4,46,2.6
2025-04-22T23:00,26.5,50,4.0
2025-04-23T00:00,25.3,55,8.1
2025-04-23T01:00,24.5,55,7.0
2025-04-23T02:00,24.2,51,6.8
2025-04-23T03:00,24.0,49,7.9
2025-04-23T04:00,23.9,46,10.9
2025-04-23T05:00,24.2,42,11.1
2025-04-23T06:00,23.9,40,12.0
2025-04-23T07:00,25.6,33,10.3
2025-04-23T08:00,29.8,24,4.6
2025-04-23T09:00,33.3,19,2.8
2025-04-23T10:00,35.9,16,4.1
2025-04-23T11:00,38.0,13,5.2
2025-04-23T12:00,39.3,13,11.2
2025-04-23T13:00,39.0,13,15.5
2025-04-23T14:00,38.5,14,14.9
2025-04-23T15:00,37.9,16,14.4
2025-04-23T16:00,37.3,17,13.8
2025-04-23T17:00,36.2,20,12.1
2025-04-23T18:00,33.9,26,8.9
2025-04-23T19:00,32.1,33,2.5
2025-04-23T20:00,30.8,40,2.7
2025-04-23T21:00,29.2,45,6.1
2025-04-23T22:00,28.0,53,3.6
2025-04-23T23:00,27.1,56,4.2
2025-04-24T00:00,26.1,61,6.1
2025-04-24T01:00,25.2,68,5.3
2025-04-24T02:00,24.1,73,9.8
2025-04-24T03:00,23.2,77,10.0
2025-04-24T04:00,22.6,79,10.1
2025-04-24T05:00,23.3,66,11.3
2025-04-24T06:00,22.9,67,12.1
2025-04-24T07:00,24.5,63,11.2
2025-04-24T08:00,27.4,55,11.3
2025-04-24T09:00,30.0,42,14.7
2025-04-24T10:00,31.7,37,14.2
2025-04-24T11:00,33.0,34,14.7
2025-04-24T12:00,33.8,31,16.7
2025-04-24T13:00,34.2,31,18.6
2025-04-24T14:00,33.4,35,22.1
2025-04-24T15:00,32.4,39,22.6
2025-04-24T16:00,31.4,43,21.4
2025-04-24T17:00,30.4,49,18.3
2025-04-24T18:00,29.0,56,15.2
2025-04-24T19:00,27.7,62,10.3
2025-04-24T20:00,26.8,67,6.8
2025-04-24T21:00,25.8,72,5.7
2025-04-24T22:00,25.0,77,4.0
2025-04-24T23:00,24.0,80,6.5
2025-04-25T00:00,23.2,81,8.4
2025-04-25T01:00,22.4,82,8.2
2025-04-25T02:00,21.7,87,7.0
2025-04-25T03:00,21.0,90,6.5
2025-04-25T04:00,20.5,91,8.2
2025-04-25T05:00,21.3,84,8.3
2025-04-25T06:00,21.1,82,11.1
2025-04-25T07:00,23.0,69,12.2
2025-04-25T08:00,26.9,51,10.0
2025-04-25T09:00,31.5,34,10.2
2025-04-25T10:00,35.7,19,8.5
2025-04-25T11:00,38.3,12,5.2
2025-04-25T12:00,39.4,11,4.2
2025-04-25T13:00,38.8,19,11.7
2025-04-25T14:00,36.5,29,21.4
2025-04-25T15:00,35.2,30,22.7
2025-04-25T16:00,34.8,30,22.0
2025-04-25T17:00,32.6,43,14.7
2025-04-25T18:00,31.1,49,11.8
2025-04-25T19:00,29.0,65,9.8
2025-04-25T20:00,28.0,77,3.7
2025-04-25T21:00,27.1,83,2.8
2025-04-25T22:00,26.3,87,3.9
2025-04-25T23:00,25.6,91,1.5
2025-04-26T00:00,24.7,93,3.6
2025-04-26T01:00,24.2,95,2.1
2025-04-26T02:00,23.6,96,2.3
2025-04-26T03:00,23.3,90,1.9
2025-04-26T04:00,22.5,91,7.5
2025-04-26T05:00,22.9,64,8.8
2025-04-26T06:00,22.7,61,9.6
2025-04-26T07:00,24.8,50,10.4
2025-04-26T08:00,29.4,36,9.7
2025-04-26T09:00,33.9,26,7.9
2025-04-26T10:00,37.7,16,11.2
2025-04-26T11:00,40.5,11,9.8
2025-04-26T12:00,41.9,7,4.9
2025-04-26T13:00,43.0,7,4.3
2025-04-26T14:00,43.6,7,4.0
2025-04-26T15:00,43.5,7,7.5
2025-04-26T16:00,41.0,11,17.3
2025-04-26T17:00,37.5,19,14.5
2025-04-26T18:00,35.1,33,11.2
2025-04-26T19:00,32.8,36,9.8
2025-04-26T20:00,32.3,38,8.5
2025-04-26T21:00,31.4,41,4.2
2025-04-26T22:00,30.8,38,8.7
2025-04-26T23:00,30.2,31,8.8
2025-04-27T00:00,29.1,30,9.0
2025-04-27T01:00,28.2,27,10.7
2025-04-27T02:00,27.1,25,11.2
2025-04-27T03:00,26.3,23,10.6
2025-04-27T04:00,25.5,23,9.3
2025-04-27T05:00,26.6,23,9.3
2025-04-27T06:00,25.9,22,9.2
2025-04-27T07:00,27.1,20,9.3
2025-04-27T08:00,31.2,16,7.4
2025-04-27T09:00,35.7,12,6.9
2025-04-27T10:00,39.8,8,12.6
2025-04-27T11:00,41.5,7,12.1
2025-04-27T12:00,42.7,6,10.3
2025-04-27T13:00,43.7,6,6.0
2025-04-27T14:00,43.9,6,8.8
2025-04-27T15:00,43.4,7,14.7
2025-04-27T16:00,41.4,9,23.2
2025-04-27T17:00,39.6,11,20.8
2025-04-27T18:00,36.3,21,14.1
2025-04-27T19:00,33.7,31,8.2
2025-04-27T20:00,32.9,32,5.5
2025-04-27T21:00,32.0,37,3.0
2025-04-27T22:00,31.1,37,7.3
2025-04-27T23:00,30.6,31,8.1
2025-04-28T00:00,30.4,36,0.4
2025-04-28T01:00,29.4,29,4.4
2025-04-28T02:00,29.0,29,3.1
2025-04-28T03:00,28.1,25,10.8
2025-04-28T04:00,27.3,25,8.9
2025-04-28T05:00,27.3,24,11.0
2025-04-28T06:00,26.5,24,9.1
2025-04-28T07:00,27.8,20,6.8
2025-04-28T08:00,31.5,16,5.3
2025-04-28T09:00,36.6,10,5.2
2025-04-28T10:00,39.4,7,17.8
2025-04-28T11:00,41.1,7,13.2
2025-04-28T12:00,42.5,6,11.3
2025-04-28T13:00,43.4,6,7.7
2025-04-28T14:00,43.0,7,14.3
2025-04-28T15:00,41.5,9,22.2
2025-04-28T16:00,39.5,12,22.2
2025-04-28T17:00,37.6,15,20.3
2025-04-28T18:00,34.3,28,15.2
2025-04-28T19:00,32.1,38,8.9
2025-04-28T20:00,31.5,38,8.2
2025-04-28T21:00,30.6,39,7.5
2025-04-28T22:00,29.7,42,7.9
2025-04-28T23:00,29.4,37,15.1
2025-04-29T00:00,28.9,27,2.3
2025-04-29T01:00,28.0,24,9.3
2025-04-29T02:00,27.4,23,5.3
2025-04-29T03:00,26.6,21,11.2
2025-04-29T04:00,26.2,21,9.5
2025-04-29T05:00,26.8,20,11.1
2025-04-29T06:00,26.3,20,11.3
2025-04-29T07:00,28.0,17,9.4
2025-04-29T08:00,31.9,14,5.8
2025-04-29T09:00,36.8,9,4.5
2025-04-29T10:00,40.0,7,4.1
2025-04-29T11:00,41.7,7,0.0
2025-04-29T12:00,43.0,6,7.4
2025-04-29T13:00,43.5,7,14.6
2025-04-29T14:00,42.8,8,19.9
2025-04-29T15:00,41.6,10,19.5
2025-04-29T16:00,40.5,12,16.0
2025-04-29T17:00,39.2,15,13.1
2025-04-29T18:00,36.0,27,11.7
2025-04-29T19:00,32.7,45,12.9
2025-04-29T20:00,30.5,58,9.3
2025-04-29T21:00,30.2,53,7.9
2025-04-29T22:00,29.7,50,6.7
2025-04-29T23:00,29.3,45,14.9
2025-04-30T00:00,28.5,43,11.1
2025-04-30T01:00,27.5,42,9.7
2025-04-30T02:00,27.4,36,12.3
2025-04-30T03:00,26.7,33,7.6
2025-04-30T04:00,25.8,32,9.5
2025-04-30T05:00,26.0,31,9.8
2025-04-30T06:00,25.7,26,11.1
2025-04-30T07:00,27.2,21,7.9
2025-04-30T08:00,31.7,15,1.2
2025-04-30T09:00,34.9,14,8.2
2025-04-30T10:00,38.2,11,4.5
2025-04-30T11:00,40.5,9,7.0
2025-04-30T12:00,41.8,9,8.5
2025-04-30T13:00,42.7,9,12.0
2025-04-30T14:00,42.8,8,18.1
2025-04-30T15:00,42.2,8,21.1
2025-04-30T16:00,40.8,9,19.9
2025-04-30T17:00,35.2,37,20.4
2025-04-30T18:00,33.7,40,15.4
2025-04-30T19:00,31.8,49,11.5
2025-04-30T20:00,30.9,51,11.1
2025-04-30T21:00,30.6,48,13.0
2025-04-30T22:00,29.6,49,8.6
2025-04-30T23:00,28.9,47,15.0
2025-05-01T00:00,27.9,49,10.3
2025-05-01T01:00,27.3,47,10.8
2025-05-01T02:00,26.3,46,7.4
2025-05-01T03:00,26.1,41,12.4
2025-05-01T04:00,25.2,38,10.7
2025-05-01T05:00,25.1,38,10.5
2025-05-01T06:00,24.9,32,11.1
2025-05-01T07:00,26.6,26,8.4
2025-05-01T08:00,31.5,18,6.4
2025-05-01T09:00,36.4,13,5.6
2025-05-01T10:00,38.8,11,8.6
2025-05-01T11:00,40.5,10,12.8
2025-05-01T12:00,41.3,10,16.1
2025-05-01T13:00,41.1,12,18.3
2025-05-01T14:00,39.9,14,21.3
2025-05-01T15:00,37.8,21,20.9
2025-05-01T16:00,36.4,29,18.9
2025-05-01T17:00,34.9,32,17.5
2025-05-01T18:00,33.0,41,14.8
2025-05-01T19:00,31.1,50,10.1
2025-05-01T20:00,30.5,48,9.3
2025-05-01T21:00,29.6,48,6.7
2025-05-01T22:00,29.1,51,2.3
2025-05-01T23:00,28.3,51,4.8
2025-05-02T00:00,27.8,53,4.1
2025-05-02T01:00,26.7,60,7.4
2025-05-02T02:00,25.9,70,8.1
2025-05-02T03:00,25.4,74,6.9
2025-05-02T04:00,24.9,74,8.8
2025-05-02T05:00,24.9,50,10.8
2025-05-02T06:00,24.8,47,11.2
2025-05-02T07:00,27.2,38,8.8
2025-05-02T08:00,31.0,29,5.6
2025-05-02T09:00,34.5,25,8.7
2025-05-02T10:00,36.7,24,11.9
2025-05-02T11:00,38.2,22,15.6
2025-05-02T12:00,39.0,20,16.3
2025-05-02T13:00,39.4,20,16.0
2025-05-02T14:00,39.6,20,14.7
2025-05-02T15:00,39.5,20,13.1
2025-05-02T16:00,38.6,22,13.2
2025-05-02T17:00,37.2,25,12.5
2025-05-02T18:00,34.9,32,13.6
2025-05-02T19:00,32.6,45,11.4
2025-05-02T20:00,31.3,53,10.6
2025-05-02T21:00,30.3,55,8.4
2025-05-02T22:00,29.3,58,7.5
2025-05-02T23:00,28.4,63,9.1
2025-05-03T00:00,27.4,65,8.3
2025-05-03T01:00,26.6,68,8.3
2025-05-03T02:00,26.0,69,9.4
2025-05-03T03:00,25.6,70,10.9
2025-05-03T04:00,25.2,69,11.2
2025-05-03T05:00,25.7,61,10.9
2025-05-03T06:00,25.6,59,11.9
2025-05-03T07:00,27.6,50,10.8
2025-05-03T08:00,31.0,39,7.8
2025-05-03T09:00,34.4,31,12.7
2025-05-03T10:00,36.8,26,15.9
2025-05-03T11:00,38.6,23,18.1
2025-05-03T12:00,39.5,20,20.6
2025-05-03T13:00,39.4,21,22.7
2025-05-03T14:00,38.8,22,23.7
2025-05-03T15:00,38.2,24,23.9
2025-05-03T16:00,37.5,25,23.9
2025-05-03T17:00,36.2,25,21.7
2025-05-03T18:00,34.2,32,18.2
2025-05-03T19:00,32.3,40,13.0
2025-05-03T20:00,31.3,44,11.1
2025-05-03T21:00,30.1,51,7.8
2025-05-03T22:00,29.1,55,6.3
2025-05-03T23:00,28.8,53,8.9
2025-05-04T00:00,27.8,52,10.4
2025-05-04T01:00,26.9,49,8.9
2025-05-04T02:00,26.8,44,11.2
2025-05-04T03:00,26.3,43,10.5
2025-05-04T04:00,26.2,43,10.4
2025-05-04T05:00,26.8,34,11.7
2025-05-04T06:00,26.5,32,12.2
2025-05-04T07:00,28.7,26,11.1
2025-05-04T08:00,32.7,19,9.7
2025-05-04T09:00,36.8,14,14.2
2025-05-04T10:00,39.6,10,22.0
2025-05-04T11:00,41.6,9,22.7
2025-05-04T12:00,42.9,9,22.8
2025-05-04T13:00,43.0,10,24.9
2025-05-04T14:00,42.1,11,26.6
2025-05-04T15:00,40.8,13,26.2
2025-05-04T16:00,39.2,18,23.8
2025-05-04T17:00,36.5,27,19.5
2025-05-04T18:00,34.2,35,13.4
2025-05-04T19:00,32.4,43,7.3
2025-05-04T20:00,31.3,47,5.6
2025-05-04T21:00,30.4,52,2.5
2025-05-04T22:00,29.9,51,4.7
2025-05-04T23:00,29.2,50,6.4
2025-05-05T00:00,28.6,49,6.7
2025-05-05T01:00,28.0,48,8.3
2025-05-05T02:00,27.7,45,10.5
2025-05-05T03:00,27.3,41,9.2
2025-05-05T04:00,27.1,38,6.7
2025-05-05T05:00,27.0,36,5.8
2025-05-05T06:00,26.8,35,7.3
2025-05-05T07:00,28.6,30,8.4
2025-05-05T08:00,32.3,24,6.8
2025-05-05T09:00,35.9,19,8.9
2025-05-05T10:00,38.8,14,12.9
2025-05-05T11:00,40.8,12,16.1
2025-05-05T12:00,41.7,12,20.2
2025-05-05T13:00,41.2,14,24.3
2025-05-05T14:00,40.2,16,26.4
2025-05-05T15:00,38.1,20,29.1
2025-05-05T16:00,37.3,21,23.4
2025-05-05T17:00,37.4,21,18.8
2025-05-05T18:00,35.7,27,14.2
2025-05-05T19:00,33.8,33,12.9
2025-05-05T20:00,32.6,36,11.9
2025-05-05T21:00,31.7,39,11.2
2025-05-05T22:00,30.8,38,10.4
2025-05-05T23:00,30.0,36,10.5
2025-05-06T00:00,29.2,43,11.3
2025-05-06T01:00,28.5,57,11.9
2025-05-06T02:00,28.1,66,12.4
2025-05-06T03:00,27.6,66,12.1
2025-05-06T04:00,27.4,66,12.6
2025-05-06T05:00,27.6,58,12.0
2025-05-06T06:00,27.3,60,12.2
2025-05-06T07:00,29.3,54,11.4
2025-05-06T08:00,32.2,48,10.4
2025-05-06T09:00,34.3,44,14.9
2025-05-06T10:00,35.4,40,17.8
2025-05-06T11:00,35.9,39,18.1
2025-05-06T12:00,36.2,39,20.0
2025-05-06T13:00,36.2,39,22.9
2025-05-06T14:00,35.9,40,23.6
2025-05-06T15:00,35.3,43,22.7
2025-05-06T16:00,34.8,43,22.1
2025-05-06T17:00,34.9,44,26.7
2025-05-06T18:00,33.3,49,27.1
2025-05-06T19:00,32.0,55,25.0
2025-05-06T20:00,31.9,51,26.8
2025-05-06T21:00,31.8,50,26.1
2025-05-06T22:00,31.5,49,23.5
2025-05-06T23:00,31.3,49,22.0
2025-05-07T00:00,31.0,49,25.0
2025-05-07T01:00,30.1,54,23.2
2025-05-07T02:00,29.1,60,21.9
2025-05-07T03:00,28.4,64,19.6
2025-05-07T04:00,28.0,65,18.8
2025-05-07T05:00,28.1,71,18.7
2025-05-07T06:00,28.2,67,18.7
2025-05-07T07:00,29.3,62,20.2
2025-05-07T08:00,30.2,59,25.2
2025-05-07T09:00,31.4,49,28.8
2025-05-07T10:00,32.3,41,29.5
2025-05-07T11:00,32.8,41,29.7
2025-05-07T12:00,33.2,38,31.6
2025-05-07T13:00,33.0,38,32.4
2025-05-07T14:00,32.6,40,32.4
2025-05-07T15:00,32.1,42,31.8
2025-05-07T16:00,31.4,46,30.2
2025-05-07T17:00,30.4,43,28.7
2025-05-07T18:00,29.2,50,27.2
2025-05-07T19:00,28.1,56,25.0
2025-05-07T20:00,27.6,56,22.7
2025-05-07T21:00,27.1,60,20.0
2025-05-07T22:00,26.7,63,18.6
2025-05-07T23:00,26.3,63,18.2
2025-05-08T00:00,25.9,65,18.4
2025-05-08T01:00,25.5,67,17.6
2025-05-08T02:00,25.1,68,15.7
2025-05-08T03:00,24.7,69,14.6
2025-05-08T04:00,24.5,71,13.7
2025-05-08T05:00,23.7,67,13.4
2025-05-08T06:00,23.6,68,13.9
2025-05-08T07:00,25.5,63,13.7
2025-05-08T08:00,28.6,55,14.1
2025-05-08T09:00,30.6,50,21.1
2025-05-08T10:00,31.4,48,22.4
2025-05-08T11:00,32.0,46,23.5
2025-05-08T12:00,32.4,45,25.3
2025-05-08T13:00,32.4,46,26.3
2025-05-08T14:00,32.3,47,27.0
2025-05-08T15:00,31.8,50,27.5
2025-05-08T16:00,31.1,50,28.4
2025-05-08T17:00,30.4,47,24.5
2025-05-08T18:00,29.1,52,23.8
2025-05-08T19:00,28.0,56,20.4
2025-05-08T20:00,27.5,58,18.4
2025-05-08T21:00,27.0,63,15.5
2025-05-08T22:00,26.4,68,12.8
2025-05-08T23:00,25.7,72,11.0
2025-05-09T00:00,25.0,74,11.4
2025-05-09T01:00,24.2,77,12.6
2025-05-09T02:00,23.6,78,12.9
2025-05-09T03:00,23.0,79,13.3
2025-05-09T04:00,22.4,80,13.4
2025-05-09T05:00,22.2,73,13.7
2025-05-09T06:00,22.0,73,13.4
2025-05-09T07:00,23.6,66,12.1
2025-05-09T08:00,26.6,54,11.7
2025-05-09T09:00,29.3,48,12.3
2025-05-09T10:00,31.2,44,9.8
2025-05-09T11:00,33.1,37,8.1
2025-05-09T12:00,34.7,32,5.9
2025-05-09T13:00,35.6,31,6.6
2025-05-09T14:00,35.1,40,13.3
2025-05-09T15:00,33.8,48,17.9
2025-05-09T16:00,32.8,49,17.5
2025-05-09T17:00,31.6,54,18.0
2025-05-09T18:00,29.8,64,14.9
2025-05-09T19:00,28.3,76,13.8
2025-05-09T20:00,27.3,84,12.5
2025-05-09T21:00,26.8,87,7.4
2025-05-09T22:00,26.3,90,1.3
2025-05-09T23:00,25.6,93,4.3
2025-05-10T00:00,24.7,97,5.7
2025-05-10T01:00,23.9,99,5.6
2025-05-10T02:00,23.2,100,6.3
2025-05-10T03:00,22.5,100,5.7
2025-05-10T04:00,22.1,100,5.4
2025-05-10T05:00,23.2,100,5.8
2025-05-10T06:00,23.5,99,5.1
2025-05-10T07:00,23.9,99,1.9
2025-05-10T08:00,24.0,98,1.5
2025-05-10T09:00,26.6,81,4.7
2025-05-10T10:00,29.6,63,5.1
2025-05-10T11:00,32.6,49,4.9
2025-05-10T12:00,34.6,44,8.2
2025-05-10T13:00,35.0,47,13.0
2025-05-10T14:00,34.6,52,17.8
2025-05-10T15:00,33.8,50,20.5
2025-05-10T16:00,33.0,53,20.5
2025-05-10T17:00,31.3,54,22.3
2025-05-10T18:00,30.5,59,18.7
2025-05-10T19:00,29.5,66,13.2
2025-05-10T20:00,29.0,67,6.2
2025-05-10T21:00,28.7,69,6.3
2025-05-10T22:00,28.4,71,5.3
2025-05-10T23:00,27.9,74,0.5
2025-05-11T00:00,27.2,76,4.7
2025-05-11T01:00,26.6,80,7.5
2025-05-11T02:00,26.0,84,5.5
2025-05-11T03:00,25.6,86,2.2
2025-05-11T04:00,24.9,89,5.4
2025-05-11T05:00,25.0,79,7.5
2025-05-11T06:00,24.6,77,8.5
2025-05-11T07:00,26.4,67,6.8
2025-05-11T08:00,29.4,53,2.7
2025-05-11T09:00,32.3,41,1.1
2025-05-11T10:00,35.1,30,7.9
2025-05-11T11:00,36.7,27,10.4
2025-05-11T12:00,37.2,31,14.0
2025-05-11T13:00,37.3,31,18.5
2025-05-11T14:00,37.4,28,22.1
2025-05-11T15:00,36.7,27,20.1
2025-05-11T16:00,36.1,29,19.3
2025-05-11T17:00,33.8,41,19.4
2025-05-11T18:00,32.2,50,17.3
2025-05-11T19:00,30.9,61,13.9
2025-05-11T20:00,30.1,66,9.7
2025-05-11T21:00,29.8,63,6.4
2025-05-11T22:00,29.2,62,5.1
2025-05-11T23:00,28.6,62,5.2
2025-05-12T00:00,27.7,66,6.3
2025-05-12T01:00,26.9,71,6.9
2025-05-12T02:00,26.1,75,6.6
2025-05-12T03:00,25.6,75,4.7
2025-05-12T04:00,25.0,75,5.0
2025-05-12T05:00,25.4,68,8.1
2025-05-12T06:00,25.0,66,6.5
2025-05-12T07:00,26.9,56,4.8
2025-05-12T08:00,30.3,44,2.3
2025-05-12T09:00,33.5,32,4.8
2025-05-12T10:00,36.2,24,2.0
2025-05-12T11:00,38.1,20,2.2
2025-05-12T12:00,39.5,19,7.0
2025-05-12T13:00,40.0,20,13.9
2025-05-12T14:00,40.2,17,19.1
2025-05-12T15:00,39.6,16,21.6
2025-05-12T16:00,38.7,18,21.0
2025-05-12T17:00,37.1,20,21.4
2025-05-12T18:00,35.2,25,18.3
2025-05-12T19:00,33.1,37,9.4
2025-05-12T20:00,31.9,39,7.7
2025-05-12T21:00,31.3,37,5.2
2025-05-12T22:00,30.8,35,7.3
2025-05-12T23:00,29.7,37,8.3
2025-05-13T00:00,28.4,45,8.0
2025-05-13T01:00,27.6,49,7.4
2025-05-13T02:00,26.8,45,8.8
2025-05-13T03:00,26.0,44,7.4
2025-05-13T04:00,25.3,44,8.3
2025-05-13T05:00,26.0,41,7.0
2025-05-13T06:00,25.9,38,8.3
2025-05-13T07:00,28.1,31,8.1
2025-05-13T08:00,32.4,24,10.7
2025-05-13T09:00,35.9,18,13.2
2025-05-13T10:00,38.3,17,16.5
2025-05-13T11:00,40.2,15,15.5
2025-05-13T12:00,41.6,14,13.4
2025-05-13T13:00,42.5,11,12.0
2025-05-13T14:00,42.4,12,16.1
2025-05-13T15:00,41.7,13,20.8
2025-05-13T16:00,39.7,17,23.9
2025-05-13T17:00,38.2,23,19.4
2025-05-13T18:00,35.1,32,15.2
2025-05-13T19:00,33.2,41,9.0
2025-05-13T20:00,31.9,51,9.6
2025-05-13T21:00,31.6,45,8.2
2025-05-13T22:00,30.8,47,9.4
2025-05-13T23:00,29.9,46,6.7
2025-05-14T00:00,29.1,45,8.5
2025-05-14T01:00,28.1,48,8.2
2025-05-14T02:00,27.4,46,9.1
2025-05-14T03:00,26.5,43,8.0
2025-05-14T04:00,26.1,40,7.6
2025-05-14T05:00,27.0,36,11.7
2025-05-14T06:00,27.7,30,14.1
2025-05-14T07:00,30.9,17,19.6
2025-05-14T08:00,34.1,18,18.0
2025-05-14T09:00,36.4,26,25.2
2025-05-14T10:00,38.8,24,26.6
2025-05-14T11:00,40.9,19,24.2
2025-05-14T12:00,42.5,14,18.0
2025-05-14T13:00,43.0,12,12.3
2025-05-14T14:00,42.0,18,15.7
2025-05-14T15:00,40.4,25,23.7
2025-05-14T16:00,39.3,26,23.7
2025-05-14T17:00,37.4,32,21.5
2025-05-14T18:00,34.9,40,18.8
2025-05-14T19:00,32.9,48,8.9
2025-05-14T20:00,32.5,49,7.4
2025-05-14T21:00,31.9,46,7.5
2025-05-14T22:00,31.0,45,6.6
2025-05-14T23:00,30.5,44,11.4
2025-05-15T00:00,29.6,45,8.7
2025-05-15T01:00,29.0,45,10.5
2025-05-15T02:00,27.9,47,8.7
2025-05-15T03:00,27.4,47,11.3
2025-05-15T04:00,26.7,47,10.6
2025-05-15T05:00,27.2,44,10.7
2025-05-15T06:00,27.2,41,11.6
2025-05-15T07:00,30.2,25,14.2
2025-05-15T08:00,33.6,19,12.6
2025-05-15T09:00,36.2,19,17.9
2025-05-15T10:00,38.3,18,19.4
2025-05-15T11:00,40.2,16,19.5
2025-05-15T12:00,41.1,15,18.8
2025-05-15T13:00,39.6,21,24.9
2025-05-15T14:00,39.4,20,24.5
2025-05-15T15:00,38.6,22,24.8
2025-05-15T16:00,37.8,24,20.0
2025-05-15T17:00,37.1,25,18.0
2025-05-15T18:00,35.1,33,13.6
2025-05-15T19:00,32.8,46,9.9
2025-05-15T20:00,31.9,45,9.3
2025-05-15T21:00,31.0,48,9.2
2025-05-15T22:00,30.1,51,6.9
2025-05-15T23:00,30.0,50,3.9
2025-05-16T00:00,29.6,51,3.9
2025-05-16T01:00,28.7,56,3.1
2025-05-16T02:00,27.8,54,5.7
2025-05-16T03:00,27.0,55,5.1
2025-05-16T04:00,26.5,55,5.7
2025-05-16T05:00,26.3,49,8.0
2025-05-16T06:00,25.7,49,11.2
2025-05-16T07:00,28.0,43,10.6
2025-05-16T08:00,31.0,34,6.4
2025-05-16T09:00,33.9,29,8.9
2025-05-16T10:00,36.3,26,10.2
2025-05-16T11:00,38.6,19,12.7
2025-05-16T12:00,39.3,20,17.1
2025-05-16T13:00,39.3,21,20.0
2025-05-16T14:00,39.0,18,24.5
2025-05-16T15:00,36.9,24,25.2
2025-05-16T16:00,36.3,24,22.0
2025-05-16T17:00,34.9,29,17.2
2025-05-16T18:00,32.4,47,15.9
2025-05-16T19:00,30.8,59,11.2
2025-05-16T20:00,30.0,64,7.9
2025-05-16T21:00,29.3,68,7.9
2025-05-16T22:00,28.4,75,10.0
2025-05-16T23:00,27.7,78,10.3
2025-05-17T00:00,26.9,79,11.9
2025-05-17T01:00,26.2,83,13.5
2025-05-17T02:00,25.9,85,15.7
2025-05-17T03:00,25.7,86,16.4
2025-05-17T04:00,25.8,85,15.7
2025-05-17T05:00,26.1,82,15.7
2025-05-17T06:00,26.3,79,17.4
2025-05-17T07:00,28.5,68,13.8
2025-05-17T08:00,31.9,56,16.3
2025-05-17T09:00,33.8,47,22.0
2025-05-17T10:00,34.7,42,20.7
2025-05-17T11:00,35.6,40,19.6
2025-05-17T12:00,36.1,37,21.2
2025-05-17T13:00,36.2,38,22.1
2025-05-17T14:00,36.0,37,23.4
2025-05-17T15:00,35.6,38,25.1
2025-05-17T16:00,34.6,39,24.9
2025-05-17T17:00,33.3,45,22.9
2025-05-17T18:00,31.4,55,22.6
2025-05-17T19:00,29.9,66,20.2
2025-05-17T20:00,29.3,69,18.2
2025-05-17T21:00,28.8,70,16.2
2025-05-17T22:00,28.2,73,12.9
2025-05-17T23:00,27.5,75,9.6
2025-05-18T00:00,26.5,78,7.7
2025-05-18T01:00,25.8,80,9.9
2025-05-18T02:00,25.1,81,11.5
2025-05-18T03:00,24.7,81,13.1
2025-05-18T04:00,24.3,82,13.9
2025-05-18T05:00,24.7,77,13.4
2025-05-18T06:00,24.5,78,13.7
2025-05-18T07:00,26.0,71,11.7
2025-05-18T08:00,28.6,61,14.1
2025-05-18T09:00,31.1,52,13.6
2025-05-18T10:00,33.1,42,12.3
2025-05-18T11:00,34.8,34,12.5
2025-05-18T12:00,36.1,29,13.5
2025-05-18T13:00,36.9,27,15.8
2025-05-18T14:00,36.9,28,18.2
2025-05-18T15:00,36.0,32,19.8
2025-05-18T16:00,34.3,43,19.2
2025-05-18T17:00,32.7,47,15.2
2025-05-18T18:00,31.3,52,12.4
2025-05-18T19:00,29.9,58,9.7
2025-05-18T20:00,28.9,68,8.6
2025-05-18T21:00,28.0,75,5.9
2025-05-18T22:00,27.0,81,5.3
2025-05-18T23:00,26.1,86,6.8
2025-05-19T00:00,25.3,91,8.4
2025-05-19T01:00,24.6,95,8.3
2025-05-19T02:00,24.1,96,7.9
2025-05-19T03:00,23.5,96,7.0
2025-05-19T04:00,23.0,96,6.9
2025-05-19T05:00,23.7,93,7.5
2025-05-19T06:00,23.5,94,6.9
2025-05-19T07:00,25.2,86,3.5
2025-05-19T08:00,28.1,71,5.2
2025-05-19T09:00,31.1,57,2.9
2025-05-19T10:00,34.2,44,4.4
2025-05-19T11:00,36.6,37,9.8
2025-05-19T12:00,37.6,36,12.9
2025-05-19T13:00,37.8,32,17.2
2025-05-19T14:00,37.1,30,19.3
2025-05-19T15:00,36.1,39,18.5
2025-05-19T16:00,34.8,48,18.8
2025-05-19T17:00,32.8,61,16.4
2025-05-19T18:00,31.5,71,12.7
2025-05-19T19:00,30.0,78,10.4
2025-05-19T20:00,29.4,81,5.8
2025-05-19T21:00,28.8,85,5.4
2025-05-19T22:00,28.1,89,4.2
2025-05-19T23:00,27.4,94,6.8
2025-05-20T00:00,26.7,96,3.6
2025-05-20T01:00,26.4,98,1.1
2025-05-20T02:00,25.5,100,7.4
2025-05-20T03:00,25.2,100,7.8
2025-05-20T04:00,24.6,100,10.0
2025-05-20T05:00,25.8,93,8.9
2025-05-20T06:00,25.9,87,9.0
2025-05-20T07:00,28.4,69,6.3
2025-05-20T08:00,32.2,50,7.2
2025-05-20T09:00,34.9,45,12.0
2025-05-20T10:00,36.8,38,10.3
2025-05-20T11:00,38.7,35,12.3
2025-05-20T12:00,38.5,39,17.6
2025-05-20T13:00,38.3,34,18.9
2025-05-20T14:00,37.6,39,18.5
2025-05-20T15:00,36.7,40,18.4
2025-05-20T16:00,36.2,40,14.9
2025-05-20T17:00,35.1,42,14.1
2025-05-20T18:00,33.7,48,8.2
2025-05-20T19:00,31.9,58,7.3
2025-05-20T20:00,30.2,72,6.4
2025-05-20T21:00,29.3,79,1.8
2025-05-20T22:00,28.8,81,1.2
2025-05-20T23:00,27.7,85,4.4
2025-05-21T00:00,26.7,90,6.2
2025-05-21T01:00,26.0,93,7.5
2025-05-21T02:00,25.4,94,8.2
2025-05-21T03:00,24.9,92,8.5
2025-05-21T04:00,24.3,91,8.5
2025-05-21T05:00,24.6,89,7.5
2025-05-21T06:00,24.3,86,7.0
2025-05-21T07:00,26.5,70,6.0
2025-05-21T08:00,30.2,54,5.1
2025-05-21T09:00,34.3,37,9.4
2025-05-21T10:00,37.6,25,8.1
2025-05-21T11:00,40.2,20,9.0
2025-05-21T12:00,41.6,19,9.4
2025-05-21T13:00,42.4,21,9.7
2025-05-21T14:00,42.8,23,12.7
2025-05-21T15:00,41.8,21,17.3
2025-05-21T16:00,39.8,24,17.5
2025-05-21T17:00,36.9,41,16.5
2025-05-21T18:00,34.6,51,14.3
2025-05-21T19:00,32.7,60,10.3
2025-05-21T20:00,31.5,66,6.0
2025-05-21T21:00,30.8,70,1.8
2025-05-21T22:00,30.1,71,0.5
2025-05-21T23:00,29.2,72,3.9
2025-05-22T00:00,28.5,74,5.3
2025-05-22T01:00,27.5,79,8.4
2025-05-22T02:00,26.7,91,9.3
2025-05-22T03:00,26.0,95,9.0
2025-05-22T04:00,25.2,95,8.3
2025-05-22T05:00,26.0,91,9.6
2025-05-22T06:00,25.1,94,8.4
2025-05-22T07:00,26.8,83,6.2
2025-05-22T08:00,30.7,63,4.2
2025-05-22T09:00,34.3,44,8.3
2025-05-22T10:00,38.3,25,13.0
2025-05-22T11:00,41.4,14,13.0
2025-05-22T12:00,43.2,11,12.7
2025-05-22T13:00,44.1,10,12.3
2025-05-22T14:00,44.0,13,14.6
2025-05-22T15:00,43.6,13,16.4
2025-05-22T16:00,42.3,12,16.9
2025-05-22T17:00,40.6,17,15.3
2025-05-22T18:00,37.3,30,10.5
2025-05-22T19:00,34.7,43,8.0
2025-05-22T20:00,33.4,49,6.2
2025-05-22T21:00,31.9,59,5.8
2025-05-22T22:00,30.8,64,2.0
2025-05-22T23:00,29.9,61,5.8
2025-05-23T00:00,29.7,52,8.9
2025-05-23T01:00,29.2,47,4.8
2025-05-23T02:00,28.3,46,7.9
2025-05-23T03:00,27.7,44,6.7
2025-05-23T04:00,27.2,42,4.8
2025-05-23T05:00,26.8,49,7.3
2025-05-23T06:00,26.5,50,10.2
2025-05-23T07:00,28.6,38,7.4
2025-05-23T08:00,33.0,25,5.5
2025-05-23T09:00,37.5,16,5.3
2025-05-23T10:00,41.1,11,5.0
2025-05-23T11:00,43.8,8,3.6
2025-05-23T12:00,46.0,6,4.8
2025-05-23T13:00,46.6,7,9.7
2025-05-23T14:00,46.5,8,14.5
2025-05-23T15:00,45.1,9,19.1
2025-05-23T16:00,41.9,19,19.7
2025-05-23T17:00,39.9,23,18.6
2025-05-23T18:00,36.8,35,15.2
2025-05-23T19:00,34.4,49,8.0
2025-05-23T20:00,33.6,48,8.2
2025-05-23T21:00,32.7,47,6.7
2025-05-23T22:00,31.9,48,5.4
2025-05-23T23:00,31.1,46,7.4
2025-05-24T00:00,30.1,44,8.1
2025-05-24T01:00,29.4,44,6.7
2025-05-24T02:00,28.5,46,9.0
2025-05-24T03:00,27.9,50,7.1
2025-05-24T04:00,27.2,50,10.8
2025-05-24T05:00,27.4,41,11.3
2025-05-24T06:00,27.3,33,11.6
2025-05-24T07:00,30.5,23,12.4
2025-05-24T08:00,35.4,13,9.5
2025-05-24T09:00,39.8,11,7.2
2025-05-24T10:00,43.3,8,6.2
2025-05-24T11:00,44.9,7,1.6
2025-05-24T12:00,46.5,5,8.0
2025-05-24T13:00,47.2,5,14.3
2025-05-24T14:00,46.6,6,17.2
2025-05-24T15:00,45.0,8,16.2
2025-05-24T16:00,43.1,10,14.9
2025-05-24T17:00,39.4,24,14.9
2025-05-24T18:00,37.0,33,14.1
2025-05-24T19:00,34.3,46,10.6
2025-05-24T20:00,32.8,57,5.7
2025-05-24T21:00,31.7,61,3.8
2025-05-24T22:00,30.8,67,3.6
2025-05-24T23:00,30.2,65,4.6
2025-05-25T00:00,29.3,65,7.7
2025-05-25T01:00,28.4,68,11.4
2025-05-25T02:00,27.7,64,10.1
2025-05-25T03:00,27.0,58,9.3
2025-05-25T04:00,26.5,49,11.0
2025-05-25T05:00,27.6,40,12.6
2025-05-25T06:00,27.8,30,12.1
2025-05-25T07:00,30.8,19,12.1
2025-05-25T08:00,35.6,11,10.7
2025-05-25T09:00,38.9,11,11.8
2025-05-25T10:00,41.7,20,16.5
2025-05-25T11:00,44.0,16,19.1
2025-05-25T12:00,45.2,14,18.7
2025-05-25T13:00,45.1,14,20.7
2025-05-25T14:00,43.0,17,26.6
2025-05-25T15:00,41.8,21,24.8
2025-05-25T16:00,39.9,26,22.8
2025-05-25T17:00,37.8,35,20.1
2025-05-25T18:00,35.7,47,13.0
2025-05-25T19:00,33.8,59,7.1
2025-05-25T20:00,32.6,66,5.5
2025-05-25T21:00,31.6,71,5.2
2025-05-25T22:00,30.6,77,6.2
2025-05-25T23:00,29.8,81,7.0
2025-05-26T00:00,28.9,85,8.0
2025-05-26T01:00,28.2,86,9.2
2025-05-26T02:00,27.6,85,11.3
2025-05-26T03:00,27.2,80,11.4
2025-05-26T04:00,26.9,75,12.2
2025-05-26T05:00,27.8,80,9.0
2025-05-26T06:00,28.2,77,11.7
2025-05-26T07:00,30.0,67,10.0
2025-05-26T08:00,33.0,56,7.9
2025-05-26T09:00,35.5,48,9.1
2025-05-26T10:00,37.9,41,10.8
2025-05-26T11:00,40.8,28,8.0
2025-05-26T12:00,43.4,17,7.8
2025-05-26T13:00,44.0,15,14.6
2025-05-26T14:00,43.6,13,17.1
2025-05-26T15:00,43.6,12,15.9
2025-05-26T16:00,43.1,12,15.3
2025-05-26T17:00,41.6,15,16.6
2025-05-26T18:00,38.1,30,16.3
2025-05-26T19:00,35.0,48,15.2
2025-05-26T20:00,34.1,46,18.4
2025-05-26T21:00,33.5,48,15.4
2025-05-26T22:00,33.1,48,14.7
2025-05-26T23:00,32.8,46,16.3
2025-05-27T00:00,32.1,49,16.3
2025-05-27T01:00,31.2,52,15.0
2025-05-27T02:00,30.8,51,14.6
2025-05-27T03:00,30.4,50,13.8
2025-05-27T04:00,30.0,48,12.7
2025-05-27T05:00,29.9,45,10.5
2025-05-27T06:00,29.9,46,10.2
2025-05-27T07:00,32.2,43,9.8
2025-05-27T08:00,34.1,39,11.4
2025-05-27T09:00,35.7,32,18.8
2025-05-27T10:00,36.4,30,21.9
2025-05-27T11:00,37.0,29,22.2
2025-05-27T12:00,37.2,30,20.6
2025-05-27T13:00,37.2,32,19.7
2025-05-27T14:00,37.0,36,21.0
2025-05-27T15:00,36.6,37,21.0
2025-05-27T16:00,35.7,41,21.6
2025-05-27T17:00,35.0,42,19.1
2025-05-27T18:00,34.0,46,16.8
2025-05-27T19:00,32.5,53,12.1
2025-05-27T20:00,31.1,63,11.4
2025-05-27T21:00,30.4,71,8.2
2025-05-27T22:00,29.7,75,5.4
2025-05-27T23:00,29.0,74,8.2
2025-05-28T00:00,27.8,74,9.5
2025-05-28T01:00,27.5,69,10.9
2025-05-28T02:00,27.0,65,12.8
2025-05-28T03:00,26.5,63,12.6
2025-05-28T04:00,25.9,64,12.7
2025-05-28T05:00,26.9,60,13.4
2025-05-28T06:00,26.9,60,14.0
2025-05-28T07:00,28.5,56,10.2
2025-05-28T08:00,31.1,48,8.6
2025-05-28T09:00,34.1,40,9.2
2025-05-28T10:00,36.6,33,7.0
2025-05-28T11:00,38.4,28,5.5
2025-05-28T12:00,39.4,28,10.0
2025-05-28T13:00,39.3,33,12.9
2025-05-28T14:00,38.9,35,17.2
2025-05-28T15:00,37.9,38,20.6
2025-05-28T16:00,36.9,44,19.9
2025-05-28T17:00,35.4,44,16.7
2025-05-28T18:00,33.7,54,15.7
2025-05-28T19:00,31.6,70,11.4
2025-05-28T20:00,30.8,77,6.5
2025-05-28T21:00,30.2,78,7.0
2025-05-28T22:00,29.5,80,8.0
2025-05-28T23:00,28.8,83,3.6
2025-05-29T00:00,28.0,85,6.0
2025-05-29T01:00,27.4,86,8.0
2025-05-29T02:00,26.5,89,7.2
2025-05-29T03:00,25.9,93,7.4
2025-05-29T04:00,25.4,93,9.4
2025-05-29T05:00,26.4,86,8.7
2025-05-29T06:00,26.2,83,8.2
2025-05-29T07:00,28.0,73,5.6
2025-05-29T08:00,31.8,54,4.5
2025-05-29T09:00,35.4,37,3.0
2025-05-29T10:00,38.1,27,0.4
2025-05-29T11:00,40.7,19,4.3
2025-05-29T12:00,42.1,20,10.5
2025-05-29T13:00,42.6,21,11.7
2025-05-29T14:00,42.8,20,15.3
2025-05-29T15:00,41.3,23,19.2
2025-05-29T16:00,39.0,28,21.6
2025-05-29T17:00,36.6,39,21.8
2025-05-29T18:00,33.8,54,23.7
2025-05-29T19:00,32.0,63,16.3
2025-05-29T20:00,31.2,73,7.4
2025-05-29T21:00,31.0,72,4.4
2025-05-29T22:00,30.3,72,4.8
2025-05-29T23:00,29.4,75,6.1
2025-05-30T00:00,28.8,73,6.3
2025-05-30T01:00,28.3,73,8.1
2025-05-30T02:00,27.7,75,5.6
2025-05-30T03:00,26.9,77,8.4
2025-05-30T04:00,26.3,78,9.0
2025-05-30T05:00,26.8,66,11.0
2025-05-30T06:00,26.8,60,10.7
2025-05-30T07:00,29.1,46,7.9
2025-05-30T08:00,33.7,31,12.0
2025-05-30T09:00,37.8,19,10.4
2025-05-30T10:00,41.2,12,12.1
2025-05-30T11:00,42.3,13,15.5
2025-05-30T12:00,42.4,19,17.5
2025-05-30T13:00,41.7,24,21.7
2025-05-30T14:00,41.0,21,22.2
2025-05-30T15:00,39.9,24,20.0
2025-05-30T16:00,38.9,30,19.7
2025-05-30T17:00,36.2,44,16.9
2025-05-30T18:00,35.2,45,10.3
2025-05-30T19:00,33.9,52,10.2
2025-05-30T20:00,32.7,59,8.3
2025-05-30T21:00,31.9,58,9.2
2025-05-30T22:00,30.9,62,9.0
2025-05-30T23:00,30.0,69,8.2
2025-05-31T00:00,29.5,72,9.1
2025-05-31T01:00,29.4,71,10.2
2025-05-31T02:00,29.2,69,9.4
2025-05-31T03:00,29.1,67,11.0
2025-05-31T04:00,27.9,68,14.2
2025-05-31T05:00,27.7,72,11.5
2025-05-31T06:00,27.6,71,12.8
2025-05-31T07:00,29.8,60,12.0
2025-05-31T08:00,33.3,49,11.8
2025-05-31T09:00,36.3,40,14.8
2025-05-31T10:00,38.2,34,16.9
2025-05-31T11:00,38.8,32,20.9
2025-05-31T12:00,38.5,33,22.4
2025-05-31T13:00,38.5,33,22.6
2025-05-31T14:00,38.2,35,21.7
2025-05-31T15:00,38.0,33,20.6
2025-05-31T16:00,37.1,36,19.6
2025-05-31T17:00,36.2,40,17.3
2025-05-31T18:00,34.4,49,17.8
2025-05-31T19:00,32.6,57,14.2
2025-05-31T20:00,31.7,60,12.4
2025-05-31T21:00,31.0,60,13.1
2025-05-31T22:00,30.2,61,13.5
2025-05-31T23:00,29.5,62,13.7
2025-06-01T00:00,28.8,63,13.8
2025-06-01T01:00,27.9,69,13.2
2025-06-01T02:00,27.2,73,12.6
2025-06-01T03:00,26.5,75,13.1
2025-06-01T04:00,26.0,76,13.6
2025-06-01T05:00,26.2,76,12.3
2025-06-01T06:00,25.8,78,12.6
2025-06-01T07:00,27.1,71,12.1
2025-06-01T08:00,29.6,59,14.2
2025-06-01T09:00,31.6,48,11.5
2025-06-01T10:00,33.6,41,8.9
2025-06-01T11:00,35.6,34,6.7
2025-06-01T12:00,37.9,26,8.1
2025-06-01T13:00,40.3,19,7.8
2025-06-01T14:00,40.6,20,9.4
2025-06-01T15:00,38.0,38,16.9
2025-06-01T16:00,36.7,37,18.8
2025-06-01T17:00,36.1,40,15.9
2025-06-01T18:00,33.9,50,15.3
2025-06-01T19:00,32.1,58,13.4
2025-06-01T20:00,31.3,66,9.6
2025-06-01T21:00,30.7,72,3.9
2025-06-01T22:00,30.2,74,2.7
2025-06-01T23:00,29.5,75,1.8
2025-06-02T00:00,28.4,80,5.5
2025-06-02T01:00,27.6,83,4.8
2025-06-02T02:00,27.0,82,5.7
2025-06-02T03:00,26.3,79,10.4
2025-06-02T04:00,26.4,70,11.8
2025-06-02T05:00,26.7,69,10.7
2025-06-02T06:00,27.0,59,11.2
2025-06-02T07:00,29.7,44,8.1
2025-06-02T08:00,33.6,31,4.4
2025-06-02T09:00,37.1,23,8.6
2025-06-02T10:00,39.9,17,10.2
2025-06-02T11:00,42.1,13,9.2
2025-06-02T12:00,40.1,34,17.6
2025-06-02T13:00,38.1,41,20.9
2025-06-02T14:00,38.5,35,19.2
2025-06-02T15:00,39.0,28,20.5
2025-06-02T16:00,38.4,30,17.8
2025-06-02T17:00,37.0,38,13.1
2025-06-02T18:00,34.9,47,11.1
2025-06-02T19:00,32.5,57,10.5
2025-06-02T20:00,31.4,66,9.2
2025-06-02T21:00,30.7,68,9.6
2025-06-02T22:00,29.5,75,8.6
2025-06-02T23:00,28.8,76,10.0
2025-06-03T00:00,27.9,76,9.4
2025-06-03T01:00,27.1,80,8.3
2025-06-03T02:00,26.6,83,10.1
2025-06-03T03:00,26.0,86,11.2
2025-06-03T04:00,25.6,89,10.6
2025-06-03T05:00,25.4,90,11.2
2025-06-03T06:00,25.4,89,12.2
2025-06-03T07:00,27.5,78,12.1
2025-06-03T08:00,30.6,65,13.6
2025-06-03T09:00,33.3,53,16.1
2025-06-03T10:00,36.0,40,14.8
2025-06-03T11:00,38.6,31,12.7
2025-06-03T12:00,40.4,26,11.7
2025-06-03T13:00,40.3,31,14.9
2025-06-03T14:00,38.3,43,20.1
2025-06-03T15:00,38.0,36,19.1
2025-06-03T16:00,36.8,40,18.4
2025-06-03T17:00,34.8,53,16.3
2025-06-03T18:00,33.0,64,13.7
2025-06-03T19:00,31.4,75,11.4
2025-06-03T20:00,30.5,80,12.8
2025-06-03T21:00,30.0,83,11.5
2025-06-03T22:00,29.5,84,9.6
2025-06-03T23:00,28.9,87,10.2
2025-06-04T00:00,28.3,88,11.1
2025-06-04T01:00,28.0,86,10.8
2025-06-04T02:00,27.6,84,11.2
2025-06-04T03:00,27.1,82,11.0
2025-06-04T04:00,26.5,82,11.9
2025-06-04T05:00,26.7,81,13.2
2025-06-04T06:00,26.5,81,13.5
2025-06-04T07:00,27.8,74,11.7
2025-06-04T08:00,30.5,61,14.8
2025-06-04T09:00,33.0,51,15.9
2025-06-04T10:00,35.2,43,16.3
2025-06-04T11:00,36.8,37,17.5
2025-06-04T12:00,37.5,34,19.1
2025-06-04T13:00,37.5,35,21.6
2025-06-04T14:00,36.7,38,22.5
2025-06-04T15:00,35.9,42,23.0
2025-06-04T16:00,35.0,43,23.3
2025-06-04T17:00,33.8,48,21.3
2025-06-04T18:00,32.2,58,20.5
2025-06-04T19:00,30.8,67,16.8
2025-06-04T20:00,30.1,71,15.5
2025-06-04T21:00,29.5,71,12.9
2025-06-04T22:00,29.0,71,10.3
2025-06-04T23:00,28.3,73,10.5
2025-06-05T00:00,27.6,76,11.5
2025-06-05T01:00,27.0,78,12.1
2025-06-05T02:00,26.4,80,12.7
2025-06-05T03:00,25.9,81,13.3
2025-06-05T04:00,25.4,82,13.8
2025-06-05T05:00,25.6,76,12.9
2025-06-05T06:00,25.3,75,13.7
2025-06-05T07:00,26.8,66,12.4
2025-06-05T08:00,29.6,54,15.8
2025-06-05T09:00,32.1,46,16.2
2025-06-05T10:00,34.5,39,16.5
2025-06-05T11:00,36.6,33,16.2
2025-06-05T12:00,38.0,28,16.8
2025-06-05T13:00,38.3,29,18.9
2025-06-05T14:00,37.6,34,20.6
2025-06-05T15:00,36.6,40,22.5
2025-06-05T16:00,35.3,43,23.6
2025-06-05T17:00,33.9,53,22.8
2025-06-05T18:00,31.9,66,20.7
2025-06-05T19:00,30.7,71,19.0
2025-06-05T20:00,29.9,73,14.8
2025-06-05T21:00,29.5,71,10.1
2025-06-05T22:00,28.9,72,8.9
2025-06-05T23:00,28.3,71,9.6
2025-06-06T00:00,27.8,69,10.3
2025-06-06T01:00,27.4,66,10.7
2025-06-06T02:00,26.6,68,9.9
2025-06-06T03:00,25.8,70,12.0
2025-06-06T04:00,25.0,70,13.6
2025-06-06T05:00,24.9,70,12.6
2025-06-06T06:00,25.0,66,12.0
2025-06-06T07:00,27.3,55,12.0
2025-06-06T08:00,30.7,42,13.2
2025-06-06T09:00,33.1,40,14.9
2025-06-06T10:00,34.2,39,16.2
2025-06-06T11:00,34.9,38,16.9
2025-06-06T12:00,35.6,34,17.8
2025-06-06T13:00,35.7,34,20.1
2025-06-06T14:00,35.3,35,22.0
2025-06-06T15:00,34.8,38,23.5
2025-06-06T16:00,33.9,44,23.5
2025-06-06T17:00,32.9,50,20.1
2025-06-06T18:00,31.6,57,17.8
2025-06-06T19:00,30.2,67,13.8
2025-06-06T20:00,29.5,73,10.4
2025-06-06T21:00,28.9,76,7.4
2025-06-06T22:00,28.3,79,4.8
2025-06-06T23:00,27.6,82,4.8
2025-06-07T00:00,26.9,85,7.2
2025-06-07T01:00,25.8,88,8.8
2025-06-07T02:00,25.0,92,8.1
2025-06-07T03:00,24.3,95,7.3
2025-06-07T04:00,23.8,96,8.6
2025-06-07T05:00,24.2,94,7.0
2025-06-07T06:00,24.0,94,6.9
2025-06-07T07:00,25.6,85,5.2
2025-06-07T08:00,27.9,73,3.6
2025-06-07T09:00,30.4,58,3.0
2025-06-07T10:00,33.1,45,3.5
2025-06-07T11:00,35.1,44,4.9
2025-06-07T12:00,36.6,39,4.3
2025-06-07T13:00,36.6,42,12.7
2025-06-07T14:00,35.5,49,21.4
2025-06-07T15:00,35.3,49,21.8
2025-06-07T16:00,35.2,55,22.9
2025-06-07T17:00,33.9,55,23.5
2025-06-07T18:00,33.7,58,15.7
2025-06-07T19:00,31.8,69,16.3
2025-06-07T20:00,31.0,75,10.4
2025-06-07T21:00,30.8,75,8.1
2025-06-07T22:00,30.3,79,7.7
2025-06-07T23:00,29.7,84,6.3
2025-06-08T00:00,29.2,87,6.0
2025-06-08T01:00,28.8,89,5.5
2025-06-08T02:00,28.3,91,4.0
2025-06-08T03:00,28.0,93,0.9
2025-06-08T04:00,27.3,95,4.0
2025-06-08T05:00,28.1,93,4.3
2025-06-08T06:00,28.0,94,6.5
2025-06-08T07:00,29.3,87,8.6
2025-06-08T08:00,31.5,74,8.4
2025-06-08T09:00,33.6,56,14.0
2025-06-08T10:00,35.7,42,18.0
2025-06-08T11:00,37.8,35,15.6
2025-06-08T12:00,39.2,25,11.7
2025-06-08T13:00,36.9,50,16.8
2025-06-08T14:00,35.6,57,24.6
2025-06-08T15:00,34.6,59,24.3
2025-06-08T16:00,34.5,57,23.5
2025-06-08T17:00,33.4,59,23.8
2025-06-08T18:00,33.2,61,17.1
2025-06-08T19:00,31.7,67,14.0
2025-06-08T20:00,31.2,70,10.4
2025-06-08T21:00,31.0,72,6.7
2025-06-08T22:00,30.4,77,6.9
2025-06-08T23:00,29.9,78,5.1
2025-06-09T00:00,29.4,80,4.8
2025-06-09T01:00,29.0,82,2.0
2025-06-09T02:00,28.6,84,1.6
2025-06-09T03:00,28.0,86,3.7
2025-06-09T04:00,27.6,88,3.4
2025-06-09T05:00,28.3,85,6.7
2025-06-09T06:00,28.1,86,6.8
2025-06-09T07:00,29.7,75,7.3
2025-06-09T08:00,33.0,52,9.8
2025-06-09T09:00,35.0,40,14.0
2025-06-09T10:00,36.9,35,12.6
2025-06-09T11:00,39.0,29,10.4
2025-06-09T12:00,40.7,23,7.3
2025-06-09T13:00,41.4,20,5.7
2025-06-09T14:00,40.4,29,15.5
2025-06-09T15:00,37.8,39,29.6
2025-06-09T16:00,38.7,33,23.0
2025-06-09T17:00,38.4,34,22.0
2025-06-09T18:00,37.8,33,18.6
2025-06-09T19:00,36.1,41,13.2
2025-06-09T20:00,34.6,47,10.1
2025-06-09T21:00,34.5,43,9.9
2025-06-09T22:00,34.1,39,9.9
2025-06-09T23:00,33.4,39,10.2
2025-06-10T00:00,32.6,41,9.8
2025-06-10T01:00,31.7,41,9.6
2025-06-10T02:00,30.8,42,8.6
2025-06-10T03:00,29.9,45,6.1
2025-06-10T04:00,29.6,47,3.7
2025-06-10T05:00,29.2,51,7.1
2025-06-10T06:00,28.8,53,8.3
2025-06-10T07:00,30.4,46,7.1
2025-06-10T08:00,33.3,39,6.3
2025-06-10T09:00,36.7,29,7.6
2025-06-10T10:00,39.5,22,7.4
2025-06-10T11:00,41.5,15,3.1
2025-06-10T12:00,42.4,14,2.4
2025-06-10T13:00,43.3,14,10.4
2025-06-10T14:00,43.4,14,17.9
2025-06-10T15:00,42.5,14,25.0
2025-06-10T16:00,41.0,18,26.2
2025-06-10T17:00,40.1,17,21.3
2025-06-10T18:00,38.2,24,17.9
2025-06-10T19:00,35.9,37,12.3
2025-06-10T20:00,33.8,53,11.0
2025-06-10T21:00,33.2,53,8.1
2025-06-10T22:00,32.7,49,9.3
2025-06-10T23:00,31.8,47,7.0
2025-06-11T00:00,31.2,48,10.4
2025-06-11T01:00,30.3,52,9.9
2025-06-11T02:00,29.7,51,10.7
2025-06-11T03:00,29.3,42,10.4
2025-06-11T04:00,28.4,37,7.7
2025-06-11T05:00,29.2,32,10.7
2025-06-11T06:00,29.2,31,3.4
2025-06-11T07:00,30.8,27,2.7
2025-06-11T08:00,32.9,24,4.7
2025-06-11T09:00,36.0,19,4.7
2025-06-11T10:00,38.9,15,7.7
2025-06-11T11:00,40.8,15,8.7
2025-06-11T12:00,41.9,17,11.3
2025-06-11T13:00,42.6,16,16.2
2025-06-11T14:00,42.7,15,19.6
2025-06-11T15:00,42.0,16,21.8
2025-06-11T16:00,40.8,17,22.2
2025-06-11T17:00,39.4,21,23.3
2025-06-11T18:00,37.3,32,15.8
2025-06-11T19:00,35.7,37,13.4
2025-06-11T20:00,34.6,42,10.7
2025-06-11T21:00,33.7,44,6.6
2025-06-11T22:00,33.0,44,3.5
2025-06-11T23:00,32.3,45,2.2
2025-06-12T00:00,31.2,46,4.3
2025-06-12T01:00,30.4,46,4.2
2025-06-12T02:00,29.7,48,2.3
2025-06-12T03:00,28.9,55,1.2
2025-06-12T04:00,28.0,65,4.6
2025-06-12T05:00,28.6,64,2.4
2025-06-12T06:00,28.0,64,6.4
2025-06-12T07:00,29.9,50,7.4
2025-06-12T08:00,33.7,38,7.5
2025-06-12T09:00,37.5,22,4.0
2025-06-12T10:00,40.2,15,4.6
2025-06-12T11:00,42.1,13,5.2
2025-06-12T12:00,43.5,12,6.7
2025-06-12T13:00,44.3,12,11.8
2025-06-12T14:00,44.4,12,15.5
2025-06-12T15:00,43.6,14,19.4
2025-06-12T16:00,41.2,21,20.7
2025-06-12T17:00,38.6,34,21.9
2025-06-12T18:00,36.7,39,18.2
2025-06-12T19:00,35.1,46,9.4
2025-06-12T20:00,34.0,54,7.5
2025-06-12T21:00,33.7,52,7.9
2025-06-12T22:00,32.8,54,6.8
2025-06-12T23:00,32.0,58,6.1
2025-06-13T00:00,31.3,58,4.6
2025-06-13T01:00,30.7,61,3.1
2025-06-13T02:00,30.3,63,1.6
2025-06-13T03:00,29.2,65,7.3
2025-06-13T04:00,28.2,61,9.0
2025-06-13T05:00,29.0,53,9.2
2025-06-13T06:00,28.9,53,7.0
2025-06-13T07:00,31.0,45,6.1
2025-06-13T08:00,34.7,33,5.0
2025-06-13T09:00,38.1,23,3.5
2025-06-13T10:00,40.8,18,2.2
2025-06-13T11:00,43.1,14,6.5
2025-06-13T12:00,44.6,13,9.8
2025-06-13T13:00,45.3,12,14.0
2025-06-13T14:00,44.4,15,20.2
2025-06-13T15:00,40.9,26,23.8
2025-06-13T16:00,39.9,29,23.2
2025-06-13T17:00,38.0,40,18.7
2025-06-13T18:00,35.8,52,16.1
2025-06-13T19:00,33.9,63,12.9
2025-06-13T20:00,32.7,74,8.4
2025-06-13T21:00,32.0,79,5.2
2025-06-13T22:00,31.6,77,4.6
2025-06-13T23:00,31.0,77,6.3
2025-06-14T00:00,30.3,77,7.3
2025-06-14T01:00,30.0,75,9.9
2025-06-14T02:00,29.1,77,5.7
2025-06-14T03:00,28.4,79,7.5
2025-06-14T04:00,27.8,79,7.7
2025-06-14T05:00,28.8,69,8.7
2025-06-14T06:00,28.6,68,8.5
2025-06-14T07:00,30.4,60,6.5
2025-06-14T08:00,34.1,46,5.1
2025-06-14T09:00,37.5,31,4.8
2025-06-14T10:00,40.5,21,4.4
2025-06-14T11:00,42.9,13,4.0
2025-06-14T12:00,44.3,11,11.7
2025-06-14T13:00,43.8,13,20.2
2025-06-14T14:00,40.6,22,25.5
2025-06-14T15:00,39.3,27,23.6
2025-06-14T16:00,38.5,27,20.4
2025-06-14T17:00,37.1,35,19.8
2025-06-14T18:00,35.6,43,17.8
2025-06-14T19:00,33.9,54,12.1
2025-06-14T20:00,32.8,59,5.5
2025-06-14T21:00,32.2,60,8.4
2025-06-14T22:00,31.6,58,13.6
2025-06-14T23:00,30.7,59,1.4
2025-06-15T00:00,29.8,59,6.1
2025-06-15T01:00,29.1,56,8.7
2025-06-15T02:00,28.3,56,4.8
2025-06-15T03:00,27.6,55,6.9
2025-06-15T04:00,27.4,49,9.8
2025-06-15T05:00,28.6,43,11.4
2025-06-15T06:00,28.5,36,11.6
2025-06-15T07:00,30.7,27,9.4
2025-06-15T08:00,34.0,21,2.3
2025-06-15T09:00,36.7,17,3.6
2025-06-15T10:00,39.0,14,8.0
2025-06-15T11:00,39.7,18,11.4
2025-06-15T12:00,40.1,22,15.1
2025-06-15T13:00,39.9,24,20.0
2025-06-15T14:00,39.5,26,19.6
2025-06-15T15:00,39.3,27,17.5
2025-06-15T16:00,38.4,30,16.5
2025-06-15T17:00,36.7,36,15.3
2025-06-15T18:00,35.4,44,13.0
2025-06-15T19:00,33.7,54,10.4
2025-06-15T20:00,32.8,58,10.8
2025-06-15T21:00,32.1,61,12.9
2025-06-15T22:00,31.4,60,4.7
2025-06-15T23:00,30.4,72,4.7
2025-06-16T00:00,29.8,73,8.2
2025-06-16T01:00,28.7,73,7.2
2025-06-16T02:00,28.1,73,9.6
2025-06-16T03:00,27.5,73,10.0
2025-06-16T04:00,27.7,65,13.0
2025-06-16T05:00,27.9,56,8.8
2025-06-16T06:00,28.0,53,4.2
2025-06-16T07:00,29.9,46,8.1
2025-06-16T08:00,32.9,37,1.5
2025-06-16T09:00,35.7,31,4.7
2025-06-16T10:00,38.5,25,8.5
2025-06-16T11:00,40.8,22,9.4
2025-06-16T12:00,42.6,22,9.4
2025-06-16T13:00,43.6,26,13.4
2025-06-16T14:00,43.3,28,12.2
2025-06-16T15:00,43.3,25,9.2
2025-06-16T16:00,42.1,31,11.2
2025-06-16T17:00,39.3,32,17.8
2025-06-16T18:00,37.7,38,10.2
2025-06-16T19:00,36.1,45,7.3
2025-06-16T20:00,34.6,54,6.3
2025-06-16T21:00,33.1,63,7.4
2025-06-16T22:00,31.9,75,9.4
2025-06-16T23:00,31.3,78,6.5
2025-06-17T00:00,30.6,83,5.5
2025-06-17T01:00,29.7,91,8.7
2025-06-17T02:00,29.4,92,7.0
2025-06-17T03:00,29.0,92,7.0
2025-06-17T04:00,28.2,92,12.0
2025-06-17T05:00,28.2,89,12.8
2025-06-17T06:00,28.6,77,13.1
2025-06-17T07:00,31.1,46,3.5
2025-06-17T08:00,33.4,43,5.8
2025-06-17T09:00,37.2,28,4.5
2025-06-17T10:00,41.0,17,7.4
2025-06-17T11:00,43.2,15,12.5
2025-06-17T12:00,41.6,30,17.0
2025-06-17T13:00,41.2,28,19.7
2025-06-17T14:00,40.9,32,19.1
2025-06-17T15:00,40.5,30,20.9
2025-06-17T16:00,39.3,37,19.4
2025-06-17T17:00,38.2,39,21.1
2025-06-17T18:00,36.7,48,15.1
2025-06-17T19:00,35.5,54,10.1
2025-06-17T20:00,34.6,56,3.0
2025-06-17T21:00,33.6,57,6.4
2025-06-17T22:00,32.4,61,7.7
2025-06-17T23:00,31.1,66,6.7
2025-06-18T00:00,30.2,71,8.1
2025-06-18T01:00,29.4,73,7.8
2025-06-18T02:00,28.8,71,10.1
2025-06-18T03:00,28.4,69,10.2
2025-06-18T04:00,28.3,71,10.6
2025-06-18T05:00,28.6,60,12.4
2025-06-18T06:00,28.6,63,15.7
2025-06-18T07:00,30.1,60,11.4
2025-06-18T08:00,32.7,52,11.6
2025-06-18T09:00,35.3,44,13.3
2025-06-18T10:00,37.8,33,14.3
2025-06-18T11:00,40.1,26,15.5
2025-06-18T12:00,42.1,21,15.5
2025-06-18T13:00,43.3,18,13.5
2025-06-18T14:00,42.8,24,13.0
2025-06-18T15:00,40.3,42,18.5
2025-06-18T16:00,39.0,39,19.5
2025-06-18T17:00,37.4,43,15.8
2025-06-18T18:00,36.0,49,15.4
2025-06-18T19:00,34.1,61,10.9
2025-06-18T20:00,32.7,71,4.8
2025-06-18T21:00,32.6,70,5.4
2025-06-18T22:00,31.8,75,9.3
2025-06-18T23:00,30.9,83,10.7
2025-06-19T00:00,30.3,86,9.2
2025-06-19T01:00,29.5,91,9.4
2025-06-19T02:00,28.8,97,7.9
2025-06-19T03:00,28.6,99,7.4
2025-06-19T04:00,28.6,97,10.0
2025-06-19T05:00,28.5,97,9.6
2025-06-19T06:00,28.1,98,9.7
2025-06-19T07:00,29.2,91,14.2
2025-06-19T08:00,31.2,79,18.4
2025-06-19T09:00,35.0,55,18.0
2025-06-19T10:00,38.4,38,21.0
2025-06-19T11:00,40.8,30,22.4
2025-06-19T12:00,42.4,26,22.7
2025-06-19T13:00,43.6,22,20.9
2025-06-19T14:00,43.8,22,17.0
2025-06-19T15:00,41.5,36,18.1
2025-06-19T16:00,39.2,38,23.0
2025-06-19T17:00,36.8,48,20.3
2025-06-19T18:00,34.8,58,15.5
2025-06-19T19:00,33.4,66,12.4
2025-06-19T20:00,32.6,70,10.1
2025-06-19T21:00,31.9,74,8.1
2025-06-19T22:00,31.2,81,7.6
2025-06-19T23:00,30.4,89,9.3
2025-06-20T00:00,29.6,94,11.3
2025-06-20T01:00,28.9,97,12.1
2025-06-20T02:00,28.4,98,11.6
2025-06-20T03:00,28.1,98,10.2
2025-06-20T04:00,27.7,98,9.5
2025-06-20T05:00,29.0,93,8.5
2025-06-20T06:00,28.3,95,9.3
2025-06-20T07:00,29.3,86,11.7
2025-06-20T08:00,31.0,75,13.4
2025-06-20T09:00,33.1,63,15.0
2025-06-20T10:00,35.8,49,17.7
2025-06-20T11:00,39.1,31,16.0
2025-06-20T12:00,41.6,21,14.9
2025-06-20T13:00,43.4,16,15.4
2025-06-20T14:00,42.2,24,15.4
2025-06-20T15:00,39.2,41,20.1
2025-06-20T16:00,38.5,39,20.3
2025-06-20T17:00,37.4,43,20.1
2025-06-20T18:00,35.3,52,18.8
2025-06-20T19:00,33.2,68,15.0
2025-06-20T20:00,32.3,73,12.1
2025-06-20T21:00,31.6,78,10.2
2025-06-20T22:00,31.0,78,9.2
2025-06-20T23:00,30.4,79,10.0
2025-06-21T00:00,29.7,82,9.7
2025-06-21T01:00,29.0,86,10.9
2025-06-21T02:00,28.4,88,11.7
2025-06-21T03:00,27.9,88,11.4
2025-06-21T04:00,27.5,88,11.6
2025-06-21T05:00,27.9,87,13.0
2025-06-21T06:00,28.0,88,9.3
2025-06-21T07:00,29.0,81,9.4
2025-06-21T08:00,30.8,73,9.0
2025-06-21T09:00,32.6,66,3.9
2025-06-21T10:00,34.4,59,0.3
2025-06-21T11:00,36.6,48,3.1
2025-06-21T12:00,38.9,37,7.9
2025-06-21T13:00,40.4,29,11.2
2025-06-21T14:00,40.4,29,14.8
2025-06-21T15:00,39.8,29,15.1
2025-06-21T16:00,39.4,30,13.0
2025-06-21T17:00,38.7,35,14.3
2025-06-21T18:00,36.5,45,14.0
2025-06-21T19:00,34.1,59,12.7
2025-06-21T20:00,32.3,73,11.5
2025-06-21T21:00,31.5,82,11.2
2025-06-21T22:00,31.1,82,11.3
2025-06-21T23:00,30.5,83,8.3
2025-06-22T00:00,29.7,88,8.0
2025-06-22T01:00,28.9,90,8.9
2025-06-22T02:00,28.1,92,6.3
2025-06-22T03:00,27.4,94,8.3
2025-06-22T04:00,26.8,97,8.6
2025-06-22T05:00,28.0,93,8.6
2025-06-22T06:00,27.7,93,8.9
2025-06-22T07:00,29.0,83,9.0
2025-06-22T08:00,31.5,65,9.7
2025-06-22T09:00,33.9,54,11.1
2025-06-22T10:00,36.1,45,10.9
2025-06-22T11:00,38.3,35,12.3
2025-06-22T12:00,39.8,26,16.4
2025-06-22T13:00,39.7,26,17.3
2025-06-22T14:00,39.5,28,17.2
2025-06-22T15:00,38.7,32,17.8
2025-06-22T16:00,37.7,36,17.6
2025-06-22T17:00,36.5,41,14.5
2025-06-22T18:00,34.8,50,12.8
2025-06-22T19:00,33.4,54,10.3
2025-06-22T20:00,32.2,63,9.7
2025-06-22T21:00,31.5,69,9.6
2025-06-22T22:00,30.9,73,8.8
2025-06-22T23:00,30.1,76,9.9
2025-06-23T00:00,29.4,79,9.6
2025-06-23T01:00,28.8,80,10.3
2025-06-23T02:00,28.3,82,10.5
2025-06-23T03:00,27.7,85,10.4
2025-06-23T04:00,27.2,86,11.5
2025-06-23T05:00,28.9,84,8.3
2025-06-23T06:00,28.4,86,9.6
2025-06-23T07:00,29.9,77,9.5
2025-06-23T08:00,32.3,65,9.8
2025-06-23T09:00,34.8,53,11.2
2025-06-23T10:00,37.2,38,13.7
2025-06-23T11:00,38.6,29,16.5
2025-06-23T12:00,39.0,28,17.9
2025-06-23T13:00,39.6,24,19.0
2025-06-23T14:00,40.0,21,20.1
2025-06-23T15:00,39.6,21,21.2
2025-06-23T16:00,38.5,28,22.0
2025-06-23T17:00,36.8,35,20.7
2025-06-23T18:00,35.4,40,20.0
2025-06-23T19:00,33.5,53,16.9
2025-06-23T20:00,32.5,59,12.8
2025-06-23T21:00,31.8,61,13.6
2025-06-23T22:00,31.1,64,14.4
2025-06-23T23:00,30.6,68,14.1
2025-06-24T00:00,30.0,72,12.9
2025-06-24T01:00,29.6,72,13.6
2025-06-24T02:00,29.0,70,12.8
2025-06-24T03:00,28.3,71,12.5
2025-06-24T04:00,27.7,71,13.1
2025-06-24T05:00,28.5,62,13.1
2025-06-24T06:00,28.2,63,13.1
2025-06-24T07:00,29.6,57,12.6
2025-06-24T08:00,32.3,48,13.2
2025-06-24T09:00,34.9,41,14.7
2025-06-24T10:00,37.4,32,16.0
2025-06-24T11:00,39.5,20,19.4
2025-06-24T12:00,40.1,19,22.7
2025-06-24T13:00,40.2,21,22.9
2025-06-24T14:00,39.5,28,23.8
2025-06-24T15:00,38.7,32,24.8
2025-06-24T16:00,37.5,37,25.5
2025-06-24T17:00,36.7,38,25.5
2025-06-24T18:00,35.2,44,23.9
2025-06-24T19:00,33.7,53,19.1
2025-06-24T20:00,32.8,60,14.2
2025-06-24T21:00,32.1,62,11.7
2025-06-24T22:00,31.2,63,11.6
2025-06-24T23:00,30.5,61,13.9
2025-06-25T00:00,29.8,62,14.9
2025-06-25T01:00,28.9,65,11.6
2025-06-25T02:00,27.9,64,9.9
2025-06-25T03:00,27.5,62,11.7
2025-06-25T04:00,27.2,60,12.8
2025-06-25T05:00,28.2,48,12.6
2025-06-25T06:00,28.1,45,14.1
2025-06-25T07:00,29.5,38,13.7
2025-06-25T08:00,31.9,31,13.9
2025-06-25T09:00,34.5,27,17.3
2025-06-25T10:00,36.9,22,17.2
2025-06-25T11:00,39.1,17,16.3
2025-06-25T12:00,40.9,14,14.2
2025-06-25T13:00,42.3,13,10.6
2025-06-25T14:00,42.5,15,7.9
2025-06-25T15:00,40.7,31,13.2
2025-06-25T16:00,38.7,41,18.5
2025-06-25T17:00,37.0,47,16.1
2025-06-25T18:00,35.5,54,14.7
2025-06-25T19:00,33.5,61,10.7
2025-06-25T20:00,32.3,75,10.5
2025-06-25T21:00,31.4,82,9.9
2025-06-25T22:00,30.9,84,6.0
2025-06-25T23:00,30.5,86,4.3
2025-06-26T00:00,29.8,88,6.9
2025-06-26T01:00,29.1,90,8.5
2025-06-26T02:00,28.5,94,8.4
2025-06-26T03:00,27.8,95,8.9
2025-06-26T04:00,27.5,93,9.9
2025-06-26T05:00,28.4,94,8.4
2025-06-26T06:00,28.3,93,8.8
2025-06-26T07:00,29.6,86,10.1
2025-06-26T08:00,31.8,72,11.9
2025-06-26T09:00,34.1,60,10.4
2025-06-26T10:00,36.7,47,11.2
2025-06-26T11:00,39.4,35,11.1
2025-06-26T12:00,41.5,28,7.8
2025-06-26T13:00,41.9,29,12.0
2025-06-26T14:00,39.5,42,20.6
2025-06-26T15:00,39.0,38,21.9
2025-06-26T16:00,38.1,42,20.5
2025-06-26T17:00,36.9,40,16.8
2025-06-26T18:00,35.3,52,13.9
2025-06-26T19:00,33.9,60,10.3
2025-06-26T20:00,33.0,68,6.6
2025-06-26T21:00,32.5,71,6.7
2025-06-26T22:00,32.0,73,4.1
2025-06-26T23:00,31.4,78,3.6
2025-06-27T00:00,30.6,83,3.5
2025-06-27T01:00,29.8,88,4.0
2025-06-27T02:00,29.2,91,1.5
2025-06-27T03:00,28.6,94,1.8
2025-06-27T04:00,28.3,94,2.3
2025-06-27T05:00,28.9,83,7.2
2025-06-27T06:00,29.0,78,9.1
2025-06-27T07:00,31.3,60,10.2
2025-06-27T08:00,34.7,46,9.8
2025-06-27T09:00,38.5,34,10.0
2025-06-27T10:00,41.7,22,9.2
2025-06-27T11:00,44.0,15,7.0
2025-06-27T12:00,44.8,15,8.6
2025-06-27T13:00,41.7,33,22.1
2025-06-27T14:00,40.7,34,23.4
2025-06-27T15:00,39.8,36,23.4
2025-06-27T16:00,39.0,39,23.0
2025-06-27T17:00,37.0,44,19.3
2025-06-27T18:00,35.3,53,14.8
2025-06-27T19:00,34.2,58,10.2
2025-06-27T20:00,33.5,60,7.0
2025-06-27T21:00,33.0,64,5.9
2025-06-27T22:00,32.5,67,5.4
2025-06-27T23:00,31.8,69,5.6
2025-06-28T00:00,30.9,74,3.5
2025-06-28T01:00,30.2,77,4.8
2025-06-28T02:00,29.7,78,2.1
2025-06-28T03:00,29.1,80,4.7
2025-06-28T04:00,28.5,81,8.6
2025-06-28T05:00,29.9,62,8.1
2025-06-28T06:00,30.3,67,10.7
2025-06-28T07:00,31.7,73,9.0
2025-06-28T08:00,34.0,63,11.0
2025-06-28T09:00,37.9,44,9.9
2025-06-28T10:00,41.0,29,7.6
2025-06-28T11:00,43.2,22,2.2
2025-06-28T12:00,43.2,27,12.9
2025-06-28T13:00,40.6,43,21.9
2025-06-28T14:00,38.9,47,21.5
2025-06-28T15:00,38.1,51,19.7
2025-06-28T16:00,37.2,53,18.6
2025-06-28T17:00,36.8,53,17.4
2025-06-28T18:00,35.7,58,14.2
2025-06-28T19:00,34.3,65,7.8
2025-06-28T20:00,33.4,70,1.8
2025-06-28T21:00,32.8,72,3.6
2025-06-28T22:00,31.9,76,6.4
2025-06-28T23:00,31.0,80,5.3
2025-06-29T00:00,30.0,86,4.9
2025-06-29T01:00,29.2,91,6.2
2025-06-29T02:00,28.5,95,6.4
2025-06-29T03:00,28.1,96,6.4
2025-06-29T04:00,27.5,97,6.3
2025-06-29T05:00,28.8,83,5.9
2025-06-29T06:00,28.5,85,3.3
2025-06-29T07:00,29.7,78,1.9
2025-06-29T08:00,31.8,68,4.4
2025-06-29T09:00,34.3,54,8.2
2025-06-29T10:00,36.0,44,9.1
2025-06-29T11:00,37.5,40,12.9
2025-06-29T12:00,36.2,50,15.8
2025-06-29T13:00,36.2,50,14.1
2025-06-29T14:00,36.1,47,15.3
2025-06-29T15:00,36.2,44,17.2
2025-06-29T16:00,36.5,41,17.7
2025-06-29T17:00,35.3,48,12.1
2025-06-29T18:00,34.6,52,12.3
2025-06-29T19:00,33.2,61,10.3
2025-06-29T20:00,32.0,68,9.2
2025-06-29T21:00,31.4,70,10.7
2025-06-29T22:00,30.8,72,10.5
2025-06-29T23:00,30.1,75,8.9
2025-06-30T00:00,29.3,77,8.3
2025-06-30T01:00,28.5,78,7.1
2025-06-30T02:00,27.9,79,8.3
2025-06-30T03:00,27.3,82,10.8
2025-06-30T04:00,27.0,82,13.2
2025-06-30T05:00,28.7,75,7.8
2025-06-30T06:00,28.7,72,7.8
2025-06-30T07:00,29.7,64,8.4
2025-06-30T08:00,32.4,50,9.4
2025-06-30T09:00,35.3,39,8.8
2025-06-30T10:00,37.2,35,10.1
2025-06-30T11:00,38.1,34,13.1
2025-06-30T12:00,38.0,37,17.5
2025-06-30T13:00,38.2,37,17.9
2025-06-30T14:00,38.0,40,16.7
2025-06-30T15:00,37.7,42,17.0
2025-06-30T16:00,37.3,45,15.5
2025-06-30T17:00,36.6,48,12.0
2025-06-30T18:00,35.4,56,12.1
2025-06-30T19:00,33.9,67,11.9
2025-06-30T20:00,33.1,72,9.9
2025-06-30T21:00,32.3,76,7.1
2025-06-30T22:00,31.6,79,6.5
2025-06-30T23:00,30.8,84,6.3
2025-07-01T00:00,30.1,85,7.8
2025-07-01T01:00,29.4,83,8.4
2025-07-01T02:00,28.6,81,8.0
2025-07-01T03:00,27.9,83,8.4
2025-07-01T04:00,27.3,85,8.9
2025-07-01T05:00,27.7,76,7.9
2025-07-01T06:00,27.6,72,8.0
2025-07-01T07:00,29.4,61,4.7
2025-07-01T08:00,32.2,49,1.9
2025-07-01T09:00,35.0,39,1.5
2025-07-01T10:00,37.4,32,1.5
2025-07-01T11:00,39.6,26,3.6
2025-07-01T12:00,41.4,23,7.3
2025-07-01T13:00,42.2,23,12.9
2025-07-01T14:00,42.1,21,15.5
2025-07-01T15:00,41.4,22,14.6
2025-07-01T16:00,40.6,26,13.6
2025-07-01T17:00,39.6,29,13.2
2025-07-01T18:00,37.4,39,13.0
2025-07-01T19:00,35.2,54,9.1
2025-07-01T20:00,33.8,62,5.9
2025-07-01T21:00,32.9,68,6.0
2025-07-01T22:00,31.8,76,5.2
2025-07-01T23:00,30.9,86,5.4
2025-07-02T00:00,30.3,90,1.0
2025-07-02T01:00,29.4,92,5.6
2025-07-02T02:00,28.6,92,6.7
2025-07-02T03:00,27.9,93,7.9
2025-07-02T04:00,27.4,92,7.9
2025-07-02T05:00,28.2,85,5.8
2025-07-02T06:00,27.8,83,5.9
2025-07-02T07:00,29.2,73,5.7
2025-07-02T08:00,32.2,59,5.1
2025-07-02T09:00,34.6,50,5.2
2025-07-02T10:00,36.6,42,6.1
2025-07-02T11:00,38.2,37,7.6
2025-07-02T12:00,39.3,35,9.7
2025-07-02T13:00,39.7,38,13.6
2025-07-02T14:00,39.3,41,17.9
2025-07-02T15:00,38.7,42,18.9
2025-07-02T16:00,37.8,46,17.9
2025-07-02T17:00,36.5,50,15.3
2025-07-02T18:00,34.7,60,15.1
2025-07-02T19:00,33.2,71,14.4
2025-07-02T20:00,32.4,76,13.1
2025-07-02T21:00,31.9,78,9.7
2025-07-02T22:00,31.6,79,7.2
2025-07-02T23:00,31.3,81,7.8
2025-07-03T00:00,31.0,84,9.5
2025-07-03T01:00,30.5,86,8.5
2025-07-03T02:00,30.0,87,7.4
2025-07-03T03:00,29.5,87,10.1
2025-07-03T04:00,28.9,87,11.9
2025-07-03T05:00,29.1,90,12.7
2025-07-03T06:00,29.0,90,13.4
2025-07-03T07:00,30.0,83,10.3
2025-07-03T08:00,32.2,68,12.6
2025-07-03T09:00,34.4,55,12.5
2025-07-03T10:00,36.6,44,13.4
2025-07-03T11:00,39.1,34,13.2
2025-07-03T12:00,40.7,30,13.6
2025-07-03T13:00,40.7,35,17.5
2025-07-03T14:00,39.5,41,21.2
2025-07-03T15:00,38.7,43,21.5
2025-07-03T16:00,37.6,49,21.2
2025-07-03T17:00,35.8,57,20.5
2025-07-03T18:00,34.6,63,19.1
2025-07-03T19:00,33.1,73,15.9
2025-07-03T20:00,32.2,81,14.6
2025-07-03T21:00,31.8,85,13.3
2025-07-03T22:00,31.6,87,10.2
2025-07-03T23:00,31.4,87,7.9
2025-07-04T00:00,30.9,88,9.9
2025-07-04T01:00,30.3,88,11.1
2025-07-04T02:00,29.8,87,10.9
2025-07-04T03:00,29.3,86,10.7
2025-07-04T04:00,28.8,85,10.8
2025-07-04T05:00,28.9,83,10.5
2025-07-04T06:00,28.7,81,11.8
2025-07-04T07:00,29.8,75,9.1
2025-07-04T08:00,32.0,63,11.0
2025-07-04T09:00,34.2,51,11.4
2025-07-04T10:00,36.3,41,10.4
2025-07-04T11:00,38.3,33,7.4
2025-07-04T12:00,40.3,27,6.2
2025-07-04T13:00,42.3,21,7.9
2025-07-04T14:00,43.0,19,6.6
2025-07-04T15:00,40.2,41,17.7
2025-07-04T16:00,38.4,45,19.6
2025-07-04T17:00,37.2,51,16.0
2025-07-04T18:00,35.7,55,15.1
2025-07-04T19:00,34.3,64,13.5
2025-07-04T20:00,33.1,75,13.1
2025-07-04T21:00,32.6,78,12.5
2025-07-04T22:00,32.3,78,7.8
2025-07-04T23:00,31.9,79,5.7
2025-07-05T00:00,31.3,82,6.4
2025-07-05T01:00,30.8,87,4.0
2025-07-05T02:00,30.3,90,3.8
2025-07-05T03:00,30.0,91,7.0
2025-07-05T04:00,29.6,91,9.0
2025-07-05T05:00,29.8,90,7.7
2025-07-05T06:00,29.5,90,7.5
2025-07-05T07:00,30.5,82,6.8
2025-07-05T08:00,32.5,68,7.0
2025-07-05T09:00,34.6,54,6.8
2025-07-05T10:00,36.6,44,7.3
2025-07-05T11:00,38.6,37,7.7
2025-07-05T12:00,40.0,34,10.2
2025-07-05T13:00,40.2,35,15.5
2025-07-05T14:00,39.6,38,20.6
2025-07-05T15:00,39.2,37,23.0
2025-07-05T16:00,37.5,47,24.2
2025-07-05T17:00,35.3,57,19.4
2025-07-05T18:00,33.6,67,18.1
2025-07-05T19:00,32.2,80,16.8
2025-07-05T20:00,31.7,84,16.2
2025-07-05T21:00,31.7,79,16.4
2025-07-05T22:00,31.7,71,15.6
2025-07-05T23:00,31.7,66,15.9
2025-07-06T00:00,31.3,67,15.2
2025-07-06T01:00,30.8,69,13.4
2025-07-06T02:00,30.3,69,11.9
2025-07-06T03:00,30.2,68,12.7
2025-07-06T04:00,29.5,69,11.9
2025-07-06T05:00,29.6,69,13.4
2025-07-06T06:00,29.3,68,13.6
2025-07-06T07:00,30.3,64,12.5
2025-07-06T08:00,32.3,54,15.4
2025-07-06T09:00,34.3,48,15.7
2025-07-06T10:00,36.3,42,16.1
2025-07-06T11:00,38.0,38,16.6
2025-07-06T12:00,38.7,38,19.4
2025-07-06T13:00,38.3,40,23.0
2025-07-06T14:00,37.6,42,24.7
2025-07-06T15:00,36.6,47,25.0
2025-07-06T16:00,35.5,54,25.2
2025-07-06T17:00,34.3,57,23.4
2025-07-06T18:00,33.4,60,24.7
2025-07-06T19:00,32.4,59,25.4
2025-07-06T20:00,31.8,61,24.5
2025-07-06T21:00,31.5,63,22.3
2025-07-06T22:00,31.3,65,18.8
2025-07-06T23:00,30.9,66,15.7
2025-07-07T00:00,30.3,67,13.2
2025-07-07T01:00,29.7,70,12.6
2025-07-07T02:00,29.0,71,12.8
2025-07-07T03:00,28.3,71,12.9
2025-07-07T04:00,27.7,72,14.2
2025-07-07T05:00,28.1,69,14.2
2025-07-07T06:00,28.0,68,13.5
2025-07-07T07:00,29.1,62,12.5
2025-07-07T08:00,31.3,54,14.9
2025-07-07T09:00,33.5,45,14.0
2025-07-07T10:00,35.5,36,14.6
2025-07-07T11:00,37.3,29,16.3
2025-07-07T12:00,38.4,27,18.9
2025-07-07T13:00,38.3,32,22.7
2025-07-07T14:00,37.6,37,24.3
2025-07-07T15:00,37.4,37,23.0
2025-07-07T16:00,36.6,42,23.1
2025-07-07T17:00,35.7,43,22.9
2025-07-07T18:00,34.2,50,22.6
2025-07-07T19:00,32.9,56,20.7
2025-07-07T20:00,32.2,60,18.5
2025-07-07T21:00,31.6,65,16.9
2025-07-07T22:00,31.2,68,14.9
2025-07-07T23:00,30.7,69,12.0
2025-07-08T00:00,30.1,69,10.8
2025-07-08T01:00,29.4,70,12.1
2025-07-08T02:00,28.7,71,12.6
2025-07-08T03:00,28.3,72,12.3
2025-07-08T04:00,27.8,74,11.6
2025-07-08T05:00,28.4,70,10.7
2025-07-08T06:00,28.1,69,10.3
2025-07-08T07:00,29.0,64,8.1
2025-07-08T08:00,31.2,55,9.7
2025-07-08T09:00,33.3,47,9.7
2025-07-08T10:00,35.2,37,8.8
2025-07-08T11:00,36.8,31,8.9
2025-07-08T12:00,38.0,28,10.5
2025-07-08T13:00,38.2,29,15.3
2025-07-08T14:00,38.1,27,19.8
2025-07-08T15:00,37.8,26,20.7
2025-07-08T16:00,37.2,27,21.1
2025-07-08T17:00,36.3,30,19.1
2025-07-08T18:00,35.3,32,15.2
2025-07-08T19:00,34.3,33,11.5
2025-07-08T20:00,33.2,37,6.8
2025-07-08T21:00,32.0,44,4.7
2025-07-08T22:00,31.1,49,2.9
2025-07-08T23:00,30.3,51,4.3
2025-07-09T00:00,29.6,54,4.2
2025-07-09T01:00,28.8,55,6.0
2025-07-09T02:00,28.1,54,6.9
2025-07-09T03:00,27.4,52,7.4
2025-07-09T04:00,26.9,51,7.6
2025-07-09T05:00,27.4,49,7.0
2025-07-09T06:00,27.1,48,6.1
2025-07-09T07:00,28.5,41,5.0
2025-07-09T08:00,31.2,34,2.2
2025-07-09T09:00,33.7,29,3.1
2025-07-09T10:00,35.9,25,6.5
2025-07-09T11:00,37.6,21,9.9
2025-07-09T12:00,38.3,22,13.1
2025-07-09T13:00,38.6,23,15.3
2025-07-09T14:00,38.7,23,16.6
2025-07-09T15:00,38.4,24,16.7
2025-07-09T16:00,37.8,27,16.2
2025-07-09T17:00,36.5,31,14.2
2025-07-09T18:00,35.5,35,12.2
2025-07-09T19:00,34.1,42,9.2
2025-07-09T20:00,33.1,47,7.2
2025-07-09T21:00,32.2,49,6.5
2025-07-09T22:00,31.3,51,6.2
2025-07-09T23:00,30.3,54,6.9
2025-07-10T00:00,29.5,58,7.0
2025-07-10T01:00,28.8,61,7.0
2025-07-10T02:00,28.1,59,8.0
2025-07-10T03:00,27.5,55,6.8
2025-07-10T04:00,26.9,50,8.1
2025-07-10T05:00,27.9,41,5.6
2025-07-10T06:00,27.9,38,4.8
2025-07-10T07:00,29.6,33,5.4
2025-07-10T08:00,32.0,29,3.2
2025-07-10T09:00,34.2,28,1.4
2025-07-10T10:00,36.4,24,5.5
2025-07-10T11:00,37.9,23,7.6
2025-07-10T12:00,38.8,25,11.1
2025-07-10T13:00,39.1,25,14.9
2025-07-10T14:00,39.6,21,15.2
2025-07-10T15:00,39.5,20,15.9
2025-07-10T16:00,38.7,22,16.1
2025-07-10T17:00,38.2,23,14.3
2025-07-10T18:00,36.6,28,13.8
2025-07-10T19:00,34.9,36,9.4
2025-07-10T20:00,33.4,48,5.0
2025-07-10T21:00,32.3,58,3.3
2025-07-10T22:00,31.3,64,3.6
2025-07-10T23:00,30.7,59,5.9
2025-07-11T00:00,30.2,59,1.7
2025-07-11T01:00,29.5,62,2.1
2025-07-11T02:00,28.9,66,0.7
2025-07-11T03:00,27.9,67,6.1
2025-07-11T04:00,27.1,65,7.7
2025-07-11T05:00,28.1,63,8.5
2025-07-11T06:00,28.1,64,8.9
2025-07-11T07:00,30.2,58,10.3
2025-07-11T08:00,33.7,58,14.5
2025-07-11T09:00,36.9,43,15.9
2025-07-11T10:00,39.7,30,14.5
2025-07-11T11:00,41.8,21,11.8
2025-07-11T12:00,43.1,18,6.7
2025-07-11T13:00,41.9,28,15.0
2025-07-11T14:00,39.2,34,31.2
2025-07-11T15:00,38.7,39,21.9
2025-07-11T16:00,38.3,47,20.0
2025-07-11T17:00,37.3,51,19.2
2025-07-11T18:00,36.4,56,14.1
2025-07-11T19:00,35.2,59,11.2
2025-07-11T20:00,34.1,67,8.2
2025-07-11T21:00,33.1,73,5.9
2025-07-11T22:00,32.7,75,3.9
2025-07-11T23:00,32.3,75,4.7
2025-07-12T00:00,31.2,83,7.7
2025-07-12T01:00,30.3,90,4.3
2025-07-12T02:00,29.7,96,3.1
2025-07-12T03:00,29.2,98,1.4
2025-07-12T04:00,28.8,100,1.2
2025-07-12T05:00,30.6,77,11.0
2025-07-12T06:00,30.4,76,10.8
2025-07-12T07:00,32.0,65,12.6
2025-07-12T08:00,34.0,54,11.5
2025-07-12T09:00,36.2,45,8.6
2025-07-12T10:00,38.3,37,7.8
2025-07-12T11:00,40.3,29,8.5
2025-07-12T12:00,41.8,26,8.5
2025-07-12T13:00,42.7,24,7.3
2025-07-12T14:00,42.0,30,14.8
2025-07-12T15:00,40.5,36,22.4
2025-07-12T16:00,39.9,36,19.7
2025-07-12T17:00,39.4,36,19.0
2025-07-12T18:00,38.2,37,16.4
2025-07-12T19:00,37.6,42,11.2
2025-07-12T20:00,36.3,46,6.5
2025-07-12T21:00,35.6,52,6.3
2025-07-12T22:00,35.6,49,7.5
2025-07-12T23:00,35.1,49,7.5
2025-07-13T00:00,34.4,50,9.6
2025-07-13T01:00,33.8,51,10.0
2025-07-13T02:00,33.0,50,9.7
2025-07-13T03:00,32.1,49,9.3
2025-07-13T04:00,31.5,48,10.0
2025-07-13T05:00,32.7,46,13.1
2025-07-13T06:00,32.6,48,16.0
2025-07-13T07:00,32.8,62,19.9
2025-07-13T08:00,35.2,56,15.5
2025-07-13T09:00,38.2,34,13.7
2025-07-13T10:00,41.0,22,14.0
2025-07-13T11:00,43.5,17,14.8
2025-07-13T12:00,45.1,15,14.0
2025-07-13T13:00,46.3,13,11.1
2025-07-13T14:00,46.5,12,3.1
2025-07-13T15:00,45.1,21,15.6
2025-07-13T16:00,42.5,31,27.6
2025-07-13T17:00,40.0,40,23.3
2025-07-13T18:00,38.0,49,17.0
2025-07-13T19:00,36.7,53,15.2
2025-07-13T20:00,36.2,54,10.5
2025-07-13T21:00,35.8,53,8.2
2025-07-13T22:00,34.9,60,9.1
2025-07-13T23:00,35.1,50,9.1
2025-07-14T00:00,34.7,46,11.8
2025-07-14T01:00,34.4,40,11.9
2025-07-14T02:00,33.8,39,12.1
2025-07-14T03:00,33.1,40,9.2
2025-07-14T04:00,32.4,43,4.1
2025-07-14T05:00,32.5,40,6.9
2025-07-14T06:00,32.0,39,6.4
2025-07-14T07:00,33.7,34,7.8
2025-07-14T08:00,37.1,29,6.7
2025-07-14T09:00,40.1,27,9.3
2025-07-14T10:00,42.3,19,9.0
2025-07-14T11:00,44.6,16,11.1
2025-07-14T12:00,46.3,14,7.6
2025-07-14T13:00,46.5,14,8.7
2025-07-14T14:00,45.6,18,19.0
2025-07-14T15:00,44.7,19,26.4
2025-07-14T16:00,42.7,25,28.1
2025-07-14T17:00,41.1,26,18.1
2025-07-14T18:00,39.6,33,18.1
2025-07-14T19:00,37.4,45,12.4
2025-07-14T20:00,37.0,47,9.6
2025-07-14T21:00,36.5,45,10.2
2025-07-14T22:00,35.6,47,9.4
2025-07-14T23:00,34.6,52,7.4
2025-07-15T00:00,34.3,54,6.7
2025-07-15T01:00,34.8,50,7.2
2025-07-15T02:00,34.3,47,6.1
2025-07-15T03:00,33.5,51,7.8
2025-07-15T04:00,33.4,52,8.8
2025-07-15T05:00,31.9,60,8.3
2025-07-15T06:00,32.2,54,10.5
2025-07-15T07:00,34.1,43,10.5
2025-07-15T08:00,37.1,33,11.0
2025-07-15T09:00,40.4,26,12.5
2025-07-15T10:00,43.1,20,10.1
2025-07-15T11:00,44.9,15,11.7
2025-07-15T12:00,46.2,14,6.6
2025-07-15T13:00,46.9,12,6.0
2025-07-15T14:00,43.9,27,25.5
2025-07-15T15:00,43.0,27,26.6
2025-07-15T16:00,43.0,26,22.0
2025-07-15T17:00,41.2,26,25.3
2025-07-15T18:00,40.1,28,24.2
2025-07-15T19:00,37.9,38,13.1
2025-07-15T20:00,37.3,39,5.6
2025-07-15T21:00,37.2,34,7.7
2025-07-15T22:00,36.4,35,9.2
2025-07-15T23:00,35.2,38,6.7
2025-07-16T00:00,34.4,44,2.6
2025-07-16T01:00,33.4,52,5.3
2025-07-16T02:00,32.7,59,7.2
2025-07-16T03:00,32.3,62,7.0
2025-07-16T04:00,32.3,61,3.9
2025-07-16T05:00,34.0,32,9.6
2025-07-16T06:00,33.5,35,11.7
2025-07-16T07:00,35.9,29,16.5
2025-07-16T08:00,38.4,24,15.0
2025-07-16T09:00,40.3,23,20.7
2025-07-16T10:00,42.7,20,18.8
2025-07-16T11:00,44.5,17,15.7
2025-07-16T12:00,45.8,15,13.6
2025-07-16T13:00,46.1,15,17.0
2025-07-16T14:00,42.8,26,28.5
2025-07-16T15:00,41.1,30,24.0
2025-07-16T16:00,39.5,33,23.4
2025-07-16T17:00,38.2,39,19.9
2025-07-16T18:00,37.3,44,12.8
2025-07-16T19:00,35.9,47,10.7
2025-07-16T20:00,34.9,51,7.4
2025-07-16T21:00,34.2,55,0.9
2025-07-16T22:00,33.3,58,3.3
2025-07-16T23:00,32.5,59,5.0
2025-07-17T00:00,31.7,63,6.4
2025-07-17T01:00,30.9,70,6.7
2025-07-17T02:00,30.3,74,5.3
2025-07-17T03:00,29.9,75,2.3
2025-07-17T04:00,29.2,76,6.0
2025-07-17T05:00,30.3,58,10.9
2025-07-17T06:00,30.5,53,12.4
2025-07-17T07:00,32.3,44,11.4
2025-07-17T08:00,36.0,30,9.7
2025-07-17T09:00,40.2,20,9.8
2025-07-17T10:00,43.0,16,11.0
2025-07-17T11:00,42.9,20,13.6
2025-07-17T12:00,41.1,27,23.0
2025-07-17T13:00,41.2,27,21.1
2025-07-17T14:00,41.7,23,20.4
2025-07-17T15:00,41.3,22,19.1
2025-07-17T16:00,40.8,23,20.0
2025-07-17T17:00,40.1,25,16.2
2025-07-17T18:00,39.0,27,13.4
2025-07-17T19:00,37.3,36,10.3
2025-07-17T20:00,35.8,43,2.3
2025-07-17T21:00,35.3,43,2.7
2025-07-17T22:00,34.5,43,6.8
2025-07-17T23:00,33.3,50,6.5
2025-07-18T00:00,32.6,51,7.9
2025-07-18T01:00,32.2,53,10.4
2025-07-18T02:00,31.8,59,12.2
2025-07-18T03:00,31.3,51,10.4
2025-07-18T04:00,30.8,46,10.8
2025-07-18T05:00,31.7,41,10.6
2025-07-18T06:00,31.8,57,10.5
2025-07-18T07:00,34.1,51,12.5
2025-07-18T08:00,37.9,29,9.3
2025-07-18T09:00,40.6,22,13.2
2025-07-18T10:00,43.0,19,14.0
2025-07-18T11:00,45.3,15,12.3
2025-07-18T12:00,46.6,13,8.8
2025-07-18T13:00,45.7,18,17.1
2025-07-18T14:00,42.8,28,27.9
2025-07-18T15:00,41.8,34,25.1
2025-07-18T16:00,41.5,38,21.8
2025-07-18T17:00,41.4,40,18.7
2025-07-18T18:00,39.4,46,20.6
2025-07-18T19:00,38.4,49,13.3
2025-07-18T20:00,38.4,47,6.6
2025-07-18T21:00,37.9,45,9.9
2025-07-18T22:00,37.1,43,14.8
2025-07-18T23:00,36.6,41,12.1
2025-07-19T00:00,35.5,48,8.4
2025-07-19T01:00,34.6,51,9.7
2025-07-19T02:00,34.2,51,11.6
2025-07-19T03:00,33.6,47,12.2
2025-07-19T04:00,32.9,48,11.1
2025-07-19T05:00,32.7,64,9.9
2025-07-19T06:00,32.5,65,10.3
2025-07-19T07:00,34.3,52,13.1
2025-07-19T08:00,37.4,33,15.9
2025-07-19T09:00,40.0,25,16.4
2025-07-19T10:00,42.3,22,15.0
2025-07-19T11:00,44.3,18,16.5
2025-07-19T12:00,44.1,22,17.5
2025-07-19T13:00,43.3,25,19.9
2025-07-19T14:00,44.0,23,16.5
2025-07-19T15:00,43.4,25,17.8
2025-07-19T16:00,42.4,26,18.8
2025-07-19T17:00,40.5,37,19.1
2025-07-19T18:00,38.6,43,16.8
2025-07-19T19:00,37.2,51,12.1
2025-07-19T20:00,36.1,58,6.6
2025-07-19T21:00,35.8,58,4.2
2025-07-19T22:00,35.2,59,7.5
2025-07-19T23:00,34.3,64,8.0
2025-07-20T00:00,33.1,81,15.5
2025-07-20T01:00,32.6,85,12.8
2025-07-20T02:00,32.1,88,8.7
2025-07-20T03:00,31.5,89,3.3
2025-07-20T04:00,31.0,89,7.1
2025-07-20T05:00,31.5,80,8.7
2025-07-20T06:00,31.3,77,11.7
2025-07-20T07:00,32.8,68,10.6
2025-07-20T08:00,35.1,57,6.6
2025-07-20T09:00,37.7,44,4.3
2025-07-20T10:00,38.9,38,8.2
2025-07-20T11:00,39.8,39,9.1
2025-07-20T12:00,40.3,42,13.6
2025-07-20T13:00,40.4,41,17.0
2025-07-20T14:00,39.8,45,16.1
2025-07-20T15:00,39.5,49,15.8
2025-07-20T16:00,39.2,48,18.5
2025-07-20T17:00,38.3,51,9.3
2025-07-20T18:00,38.1,47,14.1
2025-07-20T19:00,37.0,50,6.5
2025-07-20T20:00,36.2,53,7.3
2025-07-20T21:00,35.4,58,3.7
2025-07-20T22:00,34.6,63,6.3
2025-07-20T23:00,34.0,65,8.0
2025-07-21T00:00,33.3,70,5.4
2025-07-21T01:00,32.4,80,12.3
2025-07-21T02:00,31.5,92,6.7
2025-07-21T03:00,31.3,92,9.4
2025-07-21T04:00,31.0,93,6.1
2025-07-21T05:00,31.6,81,7.6
2025-07-21T06:00,31.5,75,10.6
2025-07-21T07:00,33.1,61,9.6
2025-07-21T08:00,36.3,48,10.1
2025-07-21T09:00,40.8,27,15.3
2025-07-21T10:00,43.6,17,15.8
2025-07-21T11:00,45.7,14,13.2
2025-07-21T12:00,47.1,12,9.4
2025-07-21T13:00,47.9,11,1.2
2025-07-21T14:00,47.0,14,12.5
2025-07-21T15:00,41.8,34,29.0
2025-07-21T16:00,42.1,32,23.2
2025-07-21T17:00,40.8,42,20.2
2025-07-21T18:00,40.1,46,17.0
2025-07-21T19:00,38.7,50,7.2
2025-07-21T20:00,37.8,52,5.7
2025-07-21T21:00,37.4,51,10.4
2025-07-21T22:00,37.0,48,5.9
2025-07-21T23:00,36.6,49,9.7
2025-07-22T00:00,35.4,59,9.8
2025-07-22T01:00,34.4,62,6.6
2025-07-22T02:00,33.7,63,9.1
2025-07-22T03:00,33.2,64,10.3
2025-07-22T04:00,33.0,61,11.3
2025-07-22T05:00,33.4,54,14.2
2025-07-22T06:00,32.1,68,19.7
2025-07-22T07:00,33.1,65,20.6
2025-07-22T08:00,36.4,50,16.2
2025-07-22T09:00,40.6,28,16.3
2025-07-22T10:00,43.2,20,18.6
2025-07-22T11:00,45.1,17,16.2
2025-07-22T12:00,46.7,15,13.0
2025-07-22T13:00,47.4,14,9.9
2025-07-22T14:00,44.4,24,23.9
2025-07-22T15:00,43.2,29,23.2
2025-07-22T16:00,41.6,35,24.0
2025-07-22T17:00,41.2,41,17.5
2025-07-22T18:00,39.3,47,16.6
2025-07-22T19:00,37.5,54,12.7
2025-07-22T20:00,36.6,56,9.2
2025-07-22T21:00,35.9,58,4.7
2025-07-22T22:00,35.3,57,6.3
2025-07-22T23:00,34.5,62,1.1
2025-07-23T00:00,33.3,67,6.3
2025-07-23T01:00,32.3,79,6.0
2025-07-23T02:00,32.2,83,9.0
2025-07-23T03:00,32.1,81,9.7
2025-07-23T04:00,31.6,80,4.1
2025-07-23T05:00,31.7,74,6.8
2025-07-23T06:00,31.1,75,6.6
2025-07-23T07:00,32.1,69,1.9
2025-07-23T08:00,33.9,62,6.0
2025-07-23T09:00,35.6,55,5.7
2025-07-23T10:00,37.2,49,3.6
2025-07-23T11:00,38.9,44,5.2
2025-07-23T12:00,39.7,45,8.6
2025-07-23T13:00,39.7,51,12.2
2025-07-23T14:00,39.5,52,15.8
2025-07-23T15:00,39.4,49,16.3
2025-07-23T16:00,38.7,51,16.3
2025-07-23T17:00,36.9,57,15.1
2025-07-23T18:00,35.9,59,13.2
2025-07-23T19:00,34.7,62,10.8
2025-07-23T20:00,33.8,67,9.0
2025-07-23T21:00,33.1,73,7.7
2025-07-23T22:00,32.6,78,7.9
2025-07-23T23:00,32.2,80,7.6
2025-07-24T00:00,31.5,84,6.7
2025-07-24T01:00,30.8,89,2.2
2025-07-24T02:00,30.2,91,4.7
2025-07-24T03:00,29.8,93,7.0
2025-07-24T04:00,29.4,95,8.4
2025-07-24T05:00,29.7,92,7.7
2025-07-24T06:00,29.3,92,8.1
2025-07-24T07:00,30.3,86,5.1
2025-07-24T08:00,32.0,77,8.2
2025-07-24T09:00,34.0,66,6.1
2025-07-24T10:00,36.0,58,3.1
2025-07-24T11:00,38.2,51,6.5
2025-07-24T12:00,39.6,49,11.1
2025-07-24T13:00,39.6,51,19.1
2025-07-24T14:00,37.4,58,24.1
2025-07-24T15:00,38.9,53,18.3
2025-07-24T16:00,38.9,51,19.1
2025-07-24T17:00,37.9,53,18.0
2025-07-24T18:00,37.4,54,17.6
2025-07-24T19:00,36.0,59,17.2
2025-07-24T20:00,35.0,67,15.2
2025-07-24T21:00,34.6,72,12.1
2025-07-24T22:00,35.1,68,6.0
2025-07-24T23:00,35.3,61,5.5
2025-07-25T00:00,35.1,55,5.6
2025-07-25T01:00,34.3,57,8.9
2025-07-25T02:00,33.5,62,10.7
2025-07-25T03:00,32.9,64,11.5
2025-07-25T04:00,33.2,53,14.5
2025-07-25T05:00,33.4,55,15.2
2025-07-25T06:00,32.8,62,18.4
2025-07-25T07:00,32.9,67,18.8
2025-07-25T08:00,34.5,61,19.3
2025-07-25T09:00,37.2,52,21.7
2025-07-25T10:00,40.4,38,24.5
2025-07-25T11:00,43.2,30,21.3
2025-07-25T12:00,44.8,26,16.2
2025-07-25T13:00,46.2,22,14.8
2025-07-25T14:00,46.9,20,15.5
2025-07-25T15:00,47.7,17,17.9
2025-07-25T16:00,47.4,15,16.4
2025-07-25T17:00,45.9,17,13.6
2025-07-25T18:00,45.4,17,15.8
2025-07-25T19:00,42.3,29,21.1
2025-07-25T20:00,39.6,38,16.6
2025-07-25T21:00,38.2,41,17.3
2025-07-25T22:00,36.7,46,14.8
2025-07-25T23:00,36.3,43,10.8
2025-07-26T00:00,35.9,37,9.7
2025-07-26T01:00,35.4,36,10.0
2025-07-26T02:00,34.6,36,4.5
2025-07-26T03:00,33.9,38,12.8
2025-07-26T04:00,33.3,41,17.4
2025-07-26T05:00,32.7,52,16.6
2025-07-26T06:00,32.5,55,15.0
2025-07-26T07:00,32.8,54,12.8
2025-07-26T08:00,34.8,60,13.4
2025-07-26T09:00,39.0,38,17.1
2025-07-26T10:00,41.3,28,12.9
2025-07-26T11:00,43.2,23,12.1
2025-07-26T12:00,44.9,19,9.7
2025-07-26T13:00,46.1,16,4.1
2025-07-26T14:00,46.0,18,12.4
2025-07-26T15:00,44.7,24,19.6
2025-07-26T16:00,43.1,29,23.9
2025-07-26T17:00,41.3,35,19.3
2025-07-26T18:00,40.3,37,17.3
2025-07-26T19:00,38.9,40,13.6
2025-07-26T20:00,37.9,43,12.1
2025-07-26T21:00,37.9,39,13.5
2025-07-26T22:00,37.5,39,9.7
2025-07-26T23:00,36.4,42,5.9
2025-07-27T00:00,35.5,46,6.8
2025-07-27T01:00,34.5,52,4.0
2025-07-27T02:00,33.7,57,10.7
2025-07-27T03:00,33.0,61,12.6
2025-07-27T04:00,32.2,65,9.7
2025-07-27T05:00,31.1,66,7.2
2025-07-27T06:00,30.9,61,9.7
2025-07-27T07:00,32.8,44,7.7
2025-07-27T08:00,36.7,27,6.7
2025-07-27T09:00,39.8,24,16.4
2025-07-27T10:00,41.2,25,17.2
2025-07-27T11:00,43.2,22,14.7
2025-07-27T12:00,45.0,19,12.4
2025-07-27T13:00,46.2,16,7.7
2025-07-27T14:00,45.5,20,14.9
2025-07-27T15:00,42.7,27,28.0
2025-07-27T16:00,40.9,33,21.4
2025-07-27T17:00,40.3,31,21.6
2025-07-27T18:00,39.5,36,12.9
2025-07-27T19:00,38.7,38,13.8
2025-07-27T20:00,37.6,42,5.1
2025-07-27T21:00,37.1,42,9.0
2025-07-27T22:00,36.1,45,3.9
2025-07-27T23:00,35.3,46,6.6
2025-07-28T00:00,34.0,66,8.4
2025-07-28T01:00,32.7,80,10.4
2025-07-28T02:00,32.3,81,8.4
2025-07-28T03:00,31.8,83,10.8
2025-07-28T04:00,31.2,78,9.8
2025-07-28T05:00,31.4,64,10.1
2025-07-28T06:00,31.1,59,11.4
2025-07-28T07:00,32.8,43,10.7
2025-07-28T08:00,37.3,25,10.7
2025-07-28T09:00,40.3,21,16.6
2025-07-28T10:00,42.3,21,21.2
2025-07-28T11:00,44.5,19,22.4
2025-07-28T12:00,46.2,16,20.6
2025-07-28T13:00,47.5,14,17.7
2025-07-28T14:00,46.7,14,11.5
2025-07-28T15:00,41.7,34,26.0
2025-07-28T16:00,39.7,41,21.1
2025-07-28T17:00,38.8,43,18.6
2025-07-28T18:00,38.5,45,14.5
2025-07-28T19:00,39.2,35,11.0
2025-07-28T20:00,38.4,34,7.0
2025-07-28T21:00,36.6,47,10.3
2025-07-28T22:00,35.6,55,7.3
2025-07-28T23:00,34.9,60,3.6
2025-07-29T00:00,34.3,65,1.8
2025-07-29T01:00,34.1,65,3.0
2025-07-29T02:00,33.6,64,4.9
2025-07-29T03:00,32.8,64,3.8
2025-07-29T04:00,32.1,64,7.6
2025-07-29T05:00,32.0,57,5.2
2025-07-29T06:00,31.5,59,5.5
2025-07-29T07:00,32.7,51,7.5
2025-07-29T08:00,36.0,37,9.4
2025-07-29T09:00,40.2,22,20.6
2025-07-29T10:00,42.0,18,24.7
2025-07-29T11:00,44.4,16,24.6
2025-07-29T12:00,46.2,14,24.8
2025-07-29T13:00,47.5,12,22.4
2025-07-29T14:00,46.8,15,21.2
2025-07-29T15:00,40.6,36,30.1
2025-07-29T16:00,39.6,40,27.9
2025-07-29T17:00,38.5,46,22.9
2025-07-29T18:00,37.1,50,20.4
2025-07-29T19:00,35.8,61,10.5
2025-07-29T20:00,35.2,61,6.0
2025-07-29T21:00,34.6,62,2.6
2025-07-29T22:00,33.9,62,5.5
2025-07-29T23:00,33.4,62,10.6
2025-07-30T00:00,32.6,63,5.5
2025-07-30T01:00,31.9,64,7.3
2025-07-30T02:00,31.0,64,6.9
2025-07-30T03:00,30.4,64,8.1
2025-07-30T04:00,29.9,61,10.7
2025-07-30T05:00,31.7,51,11.1
2025-07-30T06:00,31.0,53,10.5
2025-07-30T07:00,32.0,51,10.8
2025-07-30T08:00,34.5,46,9.4
2025-07-30T09:00,37.0,46,12.9
2025-07-30T10:00,39.5,38,17.3
2025-07-30T11:00,41.4,26,22.0
2025-07-30T12:00,41.7,25,23.0
2025-07-30T13:00,41.8,26,22.5
2025-07-30T14:00,41.5,31,21.8
2025-07-30T15:00,40.7,37,21.9
2025-07-30T16:00,39.7,42,21.6
2025-07-30T17:00,38.9,44,19.1
2025-07-30T18:00,37.6,48,16.1
2025-07-30T19:00,36.3,56,10.9
2025-07-30T20:00,35.5,62,11.1
2025-07-30T21:00,34.8,64,8.5
2025-07-30T22:00,33.9,69,6.6
2025-07-30T23:00,33.0,73,8.1
2025-07-31T00:00,32.4,73,9.3
2025-07-31T01:00,31.9,70,10.7
2025-07-31T02:00,31.4,72,10.2
2025-07-31T03:00,31.0,72,10.6
2025-07-31T04:00,30.9,69,14.3
2025-07-31T05:00,31.6,61,12.1
2025-07-31T06:00,31.3,57,11.5
2025-07-31T07:00,33.1,46,12.7
2025-07-31T08:00,35.8,37,4.3
2025-07-31T09:00,37.1,35,7.1
2025-07-31T10:00,38.7,32,9.9
2025-07-31T11:00,40.2,30,9.0
2025-07-31T12:00,42.9,23,5.9
2025-07-31T13:00,44.6,19,2.0
2025-07-31T14:00,44.7,19,5.3
2025-07-31T15:00,44.6,22,7.3
2025-07-31T16:00,43.8,31,12.9
2025-07-31T17:00,42.1,29,11.0
2025-07-31T18:00,41.2,32,12.3
2025-07-31T19:00,38.6,41,7.1
2025-07-31T20:00,37.4,41,10.1
2025-07-31T21:00,37.4,39,7.5
2025-07-31T22:00,36.6,38,8.2
2025-07-31T23:00,36.0,36,5.3
2025-08-01T00:00,34.7,42,5.1
2025-08-01T01:00,33.0,60,7.7
2025-08-01T02:00,34.0,72,12.1
2025-08-01T03:00,33.6,68,12.8
2025-08-01T04:00,33.3,50,13.8
2025-08-01T05:00,31.8,67,17.4
2025-08-01T06:00,31.8,69,20.8
2025-08-01T07:00,32.9,65,21.2
2025-08-01T08:00,35.6,52,19.8
2025-08-01T09:00,39.2,41,17.9
2025-08-01T10:00,42.8,26,17.9
2025-08-01T11:00,44.9,21,15.1
2025-08-01T12:00,45.9,20,13.5
2025-08-01T13:00,46.4,20,15.8
2025-08-01T14:00,47.1,18,20.5
2025-08-01T15:00,46.9,15,17.2
2025-08-01T16:00,47.9,11,11.6
2025-08-01T17:00,45.6,17,28.3
2025-08-01T18:00,43.5,26,22.6
2025-08-01T19:00,40.7,37,22.9
2025-08-01T20:00,37.8,52,20.2
2025-08-01T21:00,35.8,57,15.7
2025-08-01T22:00,35.2,57,20.2
2025-08-01T23:00,35.6,48,18.3
2025-08-02T00:00,35.1,49,15.6
2025-08-02T01:00,34.3,50,15.3
2025-08-02T02:00,33.2,55,12.9
2025-08-02T03:00,32.2,58,19.8
2025-08-02T04:00,31.7,58,19.8
2025-08-02T05:00,31.1,72,18.5
2025-08-02T06:00,30.8,75,19.4
2025-08-02T07:00,32.4,66,19.5
2025-08-02T08:00,35.2,54,15.3
2025-08-02T09:00,38.8,37,15.8
2025-08-02T10:00,41.6,27,14.3
2025-08-02T11:00,43.8,21,12.5
2025-08-02T12:00,45.5,18,10.6
2025-08-02T13:00,46.4,16,8.0
2025-08-02T14:00,45.8,21,15.8
2025-08-02T15:00,44.2,26,22.7
2025-08-02T16:00,42.8,30,20.5
2025-08-02T17:00,40.8,41,20.1
2025-08-02T18:00,39.5,47,17.7
2025-08-02T19:00,38.0,53,13.0
2025-08-02T20:00,37.9,54,10.9
2025-08-02T21:00,38.6,43,10.6
2025-08-02T22:00,37.1,46,14.3
2025-08-02T23:00,35.8,50,9.5
2025-08-03T00:00,34.7,53,9.7
2025-08-03T01:00,33.9,57,3.9
2025-08-03T02:00,33.5,64,20.5
2025-08-03T03:00,33.0,66,13.4
2025-08-03T04:00,32.5,64,13.0
2025-08-03T05:00,33.0,49,14.4
2025-08-03T06:00,32.9,50,16.2
2025-08-03T07:00,35.3,29,15.8
2025-08-03T08:00,37.4,26,14.9
2025-08-03T09:00,40.0,23,18.8
2025-08-03T10:00,42.3,21,18.6
2025-08-03T11:00,44.2,19,15.0
2025-08-03T12:00,43.0,30,17.3
2025-08-03T13:00,40.9,41,22.7
2025-08-03T14:00,41.6,37,19.8
2025-08-03T15:00,41.2,35,20.4
2025-08-03T16:00,40.7,33,16.7
2025-08-03T17:00,40.2,36,15.2
2025-08-03T18:00,39.6,35,14.8
2025-08-03T19:00,39.2,37,9.2
2025-08-03T20:00,39.0,37,7.1
2025-08-03T21:00,38.5,39,9.5
2025-08-03T22:00,37.0,47,14.6
2025-08-03T23:00,36.1,48,13.2
2025-08-04T00:00,35.6,49,12.5
2025-08-04T01:00,34.4,54,4.9
2025-08-04T02:00,33.8,56,10.3
2025-08-04T03:00,33.4,60,12.1
2025-08-04T04:00,32.3,58,15.9
2025-08-04T05:00,31.5,67,20.5
2025-08-04T06:00,31.0,69,21.2
2025-08-04T07:00,33.0,52,21.5
2025-08-04T08:00,35.5,41,19.7
2025-08-04T09:00,38.1,30,19.3
2025-08-04T10:00,40.1,26,17.5
2025-08-04T11:00,41.7,23,16.0
2025-08-04T12:00,43.1,21,13.8
2025-08-04T13:00,44.2,19,10.7
2025-08-04T14:00,44.3,19,4.7
2025-08-04T15:00,43.6,23,12.1
2025-08-04T16:00,41.8,29,21.9
2025-08-04T17:00,39.7,35,20.9
2025-08-04T18:00,38.7,43,18.9
2025-08-04T19:00,37.5,52,16.4
2025-08-04T20:00,37.1,53,14.6
2025-08-04T21:00,37.0,51,9.4
2025-08-04T22:00,36.1,52,14.4
2025-08-04T23:00,34.8,57,15.4
2025-08-05T00:00,34.0,58,15.1
2025-08-05T01:00,33.3,59,15.3
2025-08-05T02:00,32.6,62,12.6
2025-08-05T03:00,33.3,57,11.5
2025-08-05T04:00,35.6,35,21.8
2025-08-05T05:00,35.2,36,19.8
2025-08-05T06:00,34.2,40,14.8
2025-08-05T07:00,34.6,40,12.4
2025-08-05T08:00,35.8,37,15.0
2025-08-05T09:00,37.5,34,17.1
2025-08-05T10:00,39.4,30,17.7
2025-08-05T11:00,41.2,26,15.0
2025-08-05T12:00,42.6,24,10.8
2025-08-05T13:00,43.5,22,10.1
2025-08-05T14:00,42.8,27,18.0
2025-08-05T15:00,41.9,29,21.5
2025-08-05T16:00,41.2,31,18.0
2025-08-05T17:00,40.1,34,17.5
2025-08-05T18:00,38.4,39,17.6
2025-08-05T19:00,36.7,47,9.8
2025-08-05T20:00,35.9,53,6.1
2025-08-05T21:00,35.7,52,9.8
2025-08-05T22:00,35.9,43,7.4
2025-08-05T23:00,35.3,42,7.6
2025-08-06T00:00,34.6,43,7.6
2025-08-06T01:00,34.0,44,8.8
2025-08-06T02:00,33.3,46,8.2
2025-08-06T03:00,32.7,47,9.9
2025-08-06T04:00,32.5,48,12.9
2025-08-06T05:00,33.0,51,8.7
2025-08-06T06:00,33.1,42,9.9
2025-08-06T07:00,34.5,33,11.7
2025-08-06T08:00,36.3,32,18.4
2025-08-06T09:00,38.1,31,20.7
2025-08-06T10:00,40.0,28,20.2
2025-08-06T11:00,41.7,25,17.2
2025-08-06T12:00,43.0,22,14.2
2025-08-06T13:00,44.0,21,11.4
2025-08-06T14:00,44.0,22,13.3
2025-08-06T15:00,42.8,28,20.3
2025-08-06T16:00,41.2,31,21.4
2025-08-06T17:00,40.6,29,19.7
2025-08-06T18:00,38.7,36,13.8
2025-08-06T19:00,37.1,47,12.4
2025-08-06T20:00,36.1,50,8.1
2025-08-06T21:00,36.2,48,10.9
2025-08-06T22:00,36.4,41,9.2
2025-08-06T23:00,35.7,41,7.5
2025-08-07T00:00,34.9,42,7.3
2025-08-07T01:00,34.0,44,10.3
2025-08-07T02:00,33.6,46,11.9
2025-08-07T03:00,33.5,45,13.5
2025-08-07T04:00,33.0,49,14.0
2025-08-07T05:00,33.2,51,10.4
2025-08-07T06:00,33.2,57,13.6
2025-08-07T07:00,34.9,44,15.7
2025-08-07T08:00,36.8,29,17.4
2025-08-07T09:00,38.6,27,16.9
2025-08-07T10:00,40.4,25,15.5
2025-08-07T11:00,41.9,24,12.3
2025-08-07T12:00,43.3,22,8.5
2025-08-07T13:00,44.0,20,8.7
2025-08-07T14:00,43.4,24,15.1
2025-08-07T15:00,42.1,27,22.4
2025-08-07T16:00,40.6,30,24.5
2025-08-07T17:00,39.1,36,18.4
2025-08-07T18:00,38.0,42,14.8
2025-08-07T19:00,37.5,41,12.4
2025-08-07T20:00,37.1,40,7.1
2025-08-07T21:00,36.9,37,10.0
2025-08-07T22:00,36.9,41,12.0
2025-08-07T23:00,35.5,57,13.6
2025-08-08T00:00,34.5,60,12.3
2025-08-08T01:00,33.8,62,11.8
2025-08-08T02:00,33.4,62,13.7
2025-08-08T03:00,33.0,61,16.0
2025-08-08T04:00,32.6,61,16.7
2025-08-08T05:00,32.1,67,15.5
2025-08-08T06:00,32.1,66,14.3
2025-08-08T07:00,34.4,51,13.0
2025-08-08T08:00,36.7,31,17.8
2025-08-08T09:00,38.2,30,18.6
2025-08-08T10:00,40.2,27,16.9
2025-08-08T11:00,41.7,24,13.5
2025-08-08T12:00,43.0,22,9.8
2025-08-08T13:00,43.6,21,9.1
2025-08-08T14:00,42.4,27,21.3
2025-08-08T15:00,41.3,29,23.5
2025-08-08T16:00,40.4,32,23.0
2025-08-08T17:00,39.0,35,17.2
2025-08-08T18:00,37.6,42,16.1
2025-08-08T19:00,36.5,47,13.7
2025-08-08T20:00,36.9,42,11.1
2025-08-08T21:00,36.8,40,10.1
2025-08-08T22:00,36.5,43,10.3
2025-08-08T23:00,35.8,53,15.0
2025-08-09T00:00,34.8,57,14.8
2025-08-09T01:00,34.5,60,12.1
2025-08-09T02:00,34.6,59,12.4
2025-08-09T03:00,34.7,52,9.7
2025-08-09T04:00,33.6,56,5.5
2025-08-09T05:00,32.8,63,10.8
2025-08-09T06:00,32.3,63,7.8
2025-08-09T07:00,33.6,57,6.8
2025-08-09T08:00,36.5,32,13.8
2025-08-09T09:00,37.6,31,16.2
2025-08-09T10:00,39.2,29,14.8
2025-08-09T11:00,40.8,26,13.1
2025-08-09T12:00,42.1,24,10.7
2025-08-09T13:00,42.8,23,10.3
2025-08-09T14:00,42.6,25,18.3
2025-08-09T15:00,41.7,26,22.9
2025-08-09T16:00,40.5,29,21.9
2025-08-09T17:00,39.4,30,20.0
2025-08-09T18:00,37.8,36,17.1
2025-08-09T19:00,36.2,44,11.3
2025-08-09T20:00,35.6,48,7.3
2025-08-09T21:00,36.0,42,7.6
2025-08-09T22:00,35.5,41,7.4
2025-08-09T23:00,35.1,40,9.2
2025-08-10T00:00,34.6,40,10.4
2025-08-10T01:00,33.9,45,6.3
2025-08-10T02:00,33.4,48,9.9
2025-08-10T03:00,32.4,61,12.1
2025-08-10T04:00,32.1,61,12.0
2025-08-10T05:00,32.1,57,8.5
2025-08-10T06:00,32.1,59,8.7
2025-08-10T07:00,34.3,37,16.1
2025-08-10T08:00,36.1,32,20.1
2025-08-10T09:00,37.8,30,24.3
2025-08-10T10:00,39.7,27,23.4
2025-08-10T11:00,41.4,25,20.1
2025-08-10T12:00,42.6,23,16.0
2025-08-10T13:00,43.5,21,12.4
2025-08-10T14:00,43.1,23,17.2
2025-08-10T15:00,42.0,25,24.4
2025-08-10T16:00,40.7,29,22.4
2025-08-10T17:00,39.6,28,21.0
2025-08-10T18:00,38.4,32,13.0
2025-08-10T19:00,37.1,41,9.2
2025-08-10T20:00,36.2,43,9.7
2025-08-10T21:00,36.2,42,6.7
2025-08-10T22:00,35.7,42,6.4
2025-08-10T23:00,35.2,42,9.3
2025-08-11T00:00,34.8,40,9.1
2025-08-11T01:00,34.1,41,8.3
2025-08-11T02:00,33.8,41,9.8
2025-08-11T03:00,33.4,48,10.2
2025-08-11T04:00,33.4,55,15.2
2025-08-11T05:00,34.4,33,15.9
2025-08-11T06:00,33.7,35,14.4
2025-08-11T07:00,34.3,35,16.4
2025-08-11T08:00,35.5,34,20.5
2025-08-11T09:00,36.9,34,22.2
2025-08-11T10:00,38.6,31,20.9
2025-08-11T11:00,40.3,27,17.8
2025-08-11T12:00,41.7,25,14.1
2025-08-11T13:00,42.6,23,11.4
2025-08-11T14:00,42.1,27,17.4
2025-08-11T15:00,41.0,29,23.1
2025-08-11T16:00,40.1,32,20.5
2025-08-11T17:00,38.5,36,19.7
2025-08-11T18:00,37.1,44,16.8
2025-08-11T19:00,36.0,47,13.9
2025-08-11T20:00,35.0,51,8.8
2025-08-11T21:00,34.8,51,7.4
2025-08-11T22:00,34.6,49,5.2
2025-08-11T23:00,34.0,47,5.8
2025-08-12T00:00,33.4,46,8.1
2025-08-12T01:00,32.6,47,7.7
2025-08-12T02:00,31.9,48,5.8
2025-08-12T03:00,31.4,49,8.5
2025-08-12T04:00,31.1,49,9.2
2025-08-12T05:00,31.3,48,7.8
2025-08-12T06:00,31.2,47,9.9
2025-08-12T07:00,32.9,41,13.8
2025-08-12T08:00,35.7,31,17.2
2025-08-12T09:00,37.3,29,24.2
2025-08-12T10:00,39.3,26,22.2
2025-08-12T11:00,41.0,24,19.4
2025-08-12T12:00,42.3,21,17.6
2025-08-12T13:00,42.8,21,19.1
2025-08-12T14:00,42.2,23,23.5
2025-08-12T15:00,41.7,22,23.2
2025-08-12T16:00,40.6,25,22.0
2025-08-12T17:00,38.8,31,19.6
2025-08-12T18:00,37.2,39,17.3
2025-08-12T19:00,35.5,50,13.9
2025-08-12T20:00,34.5,60,9.7
2025-08-12T21:00,33.9,66,7.4
2025-08-12T22:00,33.5,68,6.1
2025-08-12T23:00,32.8,70,7.3
2025-08-13T00:00,32.0,71,5.7
2025-08-13T01:00,31.5,72,2.4
2025-08-13T02:00,30.9,72,4.7
2025-08-13T03:00,30.7,72,3.3
2025-08-13T04:00,30.3,71,7.6
2025-08-13T05:00,31.3,62,9.4
2025-08-13T06:00,30.9,59,10.8
2025-08-13T07:00,32.0,52,11.2
2025-08-13T08:00,34.7,43,9.9
2025-08-13T09:00,37.7,34,13.1
2025-08-13T10:00,40.2,27,16.6
2025-08-13T11:00,40.4,31,22.1
2025-08-13T12:00,40.3,32,23.6
2025-08-13T13:00,40.1,36,23.7
2025-08-13T14:00,40.0,36,24.2
2025-08-13T15:00,39.4,39,23.4
2025-08-13T16:00,38.6,41,21.3
2025-08-13T17:00,37.6,40,17.6
2025-08-13T18:00,36.5,43,12.5
2025-08-13T19:00,35.5,51,9.4
2025-08-13T20:00,34.7,58,7.9
2025-08-13T21:00,33.9,62,8.0
2025-08-13T22:00,33.1,65,8.3
2025-08-13T23:00,32.4,67,7.8
2025-08-14T00:00,31.7,69,4.7
2025-08-14T01:00,31.1,69,7.3
2025-08-14T02:00,30.4,68,7.1
2025-08-14T03:00,29.9,67,7.7
2025-08-14T04:00,29.4,64,9.8
2025-08-14T05:00,30.4,58,7.5
2025-08-14T06:00,29.9,59,7.5
2025-08-14T07:00,31.1,53,7.8
2025-08-14T08:00,34.0,43,4.9
2025-08-14T09:00,37.0,36,6.3
2025-08-14T10:00,38.6,34,9.0
2025-08-14T11:00,39.7,34,11.2
2025-08-14T12:00,40.4,34,14.3
2025-08-14T13:00,40.4,34,13.6
2025-08-14T14:00,40.5,35,13.9
2025-08-14T15:00,40.0,38,18.0
2025-08-14T16:00,39.2,38,17.4
2025-08-14T17:00,38.7,37,14.4
2025-08-14T18:00,37.6,44,12.8
2025-08-14T19:00,36.6,50,8.1
2025-08-14T20:00,35.5,59,7.4
2025-08-14T21:00,34.7,66,5.0
2025-08-14T22:00,34.9,61,5.0
2025-08-14T23:00,34.8,55,5.1
2025-08-15T00:00,33.8,56,7.8
2025-08-15T01:00,33.2,58,10.1
2025-08-15T02:00,33.2,50,13.2
2025-08-15T03:00,33.2,43,20.0
2025-08-15T04:00,32.3,62,23.9
2025-08-15T05:00,32.6,67,24.4
2025-08-15T06:00,32.4,68,25.1
2025-08-15T07:00,32.7,67,25.9
2025-08-15T08:00,34.1,60,29.1
2025-08-15T09:00,36.7,49,30.3
2025-08-15T10:00,39.5,38,32.2
2025-08-15T11:00,41.4,33,35.2
2025-08-15T12:00,42.0,32,37.5
2025-08-15T13:00,42.3,31,36.6
2025-08-15T14:00,42.6,30,35.7
2025-08-15T15:00,42.5,30,33.1
2025-08-15T16:00,42.1,29,30.4
2025-08-15T17:00,41.9,25,29.4
2025-08-15T18:00,39.8,32,27.5
2025-08-15T19:00,37.2,41,23.6
2025-08-15T20:00,35.3,47,24.1
2025-08-15T21:00,33.7,56,21.4
2025-08-15T22:00,33.2,55,27.7
2025-08-15T23:00,33.1,53,24.5
2025-08-16T00:00,32.5,55,18.0
2025-08-16T01:00,31.6,61,15.5
2025-08-16T02:00,30.6,69,20.7
2025-08-16T03:00,29.8,75,24.1
2025-08-16T04:00,29.5,75,25.1
2025-08-16T05:00,30.0,74,23.2
2025-08-16T06:00,30.1,71,21.6
2025-08-16T07:00,30.9,66,19.1
2025-08-16T08:00,33.0,62,19.3
2025-08-16T09:00,36.3,49,19.5
2025-08-16T10:00,39.7,33,18.9
2025-08-16T11:00,41.9,27,17.9
2025-08-16T12:00,43.4,23,14.1
2025-08-16T13:00,44.6,20,12.1
2025-08-16T14:00,45.4,17,13.6
2025-08-16T15:00,45.9,16,12.7
2025-08-16T16:00,45.4,16,11.4
2025-08-16T17:00,39.4,46,22.6
2025-08-16T18:00,37.9,50,21.8
2025-08-16T19:00,37.2,53,14.0
2025-08-16T20:00,37.1,51,11.4
2025-08-16T21:00,37.1,45,10.9
2025-08-16T22:00,37.4,40,11.7
2025-08-16T23:00,36.2,46,14.8
2025-08-17T00:00,34.8,52,15.9
2025-08-17T01:00,34.6,49,12.8
2025-08-17T02:00,34.0,43,9.5
2025-08-17T03:00,33.5,39,8.7
2025-08-17T04:00,32.4,52,16.5
2025-08-17T05:00,32.9,47,12.0
2025-08-17T06:00,31.6,57,12.2
2025-08-17T07:00,32.6,55,12.5
2025-08-17T08:00,35.3,46,12.1
2025-08-17T09:00,38.8,30,15.9
2025-08-17T10:00,41.0,25,16.0
2025-08-17T11:00,42.8,22,13.5
2025-08-17T12:00,43.8,20,9.6
2025-08-17T13:00,44.5,19,10.0
2025-08-17T14:00,43.8,23,18.3
2025-08-17T15:00,42.1,26,25.1
2025-08-17T16:00,40.7,31,23.9
2025-08-17T17:00,39.0,35,20.3
2025-08-17T18:00,37.5,43,15.2
2025-08-17T19:00,35.8,50,8.9
2025-08-17T20:00,35.1,55,9.4
2025-08-17T21:00,34.9,55,3.5
2025-08-17T22:00,34.3,58,1.7
2025-08-17T23:00,33.7,61,0.8
2025-08-18T00:00,33.1,61,6.8
2025-08-18T01:00,32.7,61,8.0
2025-08-18T02:00,32.1,60,7.7
2025-08-18T03:00,31.4,61,6.6
2025-08-18T04:00,30.9,63,7.7
2025-08-18T05:00,31.5,54,8.0
2025-08-18T06:00,31.7,51,10.5
2025-08-18T07:00,34.1,37,13.7
2025-08-18T08:00,36.5,31,15.0
2025-08-18T09:00,38.8,27,19.8
2025-08-18T10:00,40.8,24,19.0
2025-08-18T11:00,42.3,23,14.5
2025-08-18T12:00,43.5,21,10.0
2025-08-18T13:00,43.7,21,6.5
2025-08-18T14:00,43.1,25,13.7
2025-08-18T15:00,41.6,30,22.0
2025-08-18T16:00,40.0,33,20.3
2025-08-18T17:00,39.0,36,17.4
2025-08-18T18:00,37.8,40,15.1
2025-08-18T19:00,36.9,43,7.7
2025-08-18T20:00,36.6,43,7.4
2025-08-18T21:00,35.9,44,5.4
2025-08-18T22:00,35.2,46,5.8
2025-08-18T23:00,34.3,50,5.6
2025-08-19T00:00,33.8,53,7.9
2025-08-19T01:00,33.4,53,7.2
2025-08-19T02:00,32.9,55,6.2
2025-08-19T03:00,32.7,56,8.6
2025-08-19T04:00,32.8,56,11.4
2025-08-19T05:00,34.2,46,18.2
2025-08-19T06:00,33.7,48,17.2
2025-08-19T07:00,34.3,47,17.5
2025-08-19T08:00,36.0,43,18.3
2025-08-19T09:00,37.7,38,20.2
2025-08-19T10:00,39.4,34,18.3
2025-08-19T11:00,40.9,30,15.1
2025-08-19T12:00,42.2,27,11.1
2025-08-19T13:00,42.8,25,5.1
2025-08-19T14:00,41.9,30,13.0
2025-08-19T15:00,40.6,36,21.2
2025-08-19T16:00,39.2,42,20.6
2025-08-19T17:00,36.9,53,15.0
2025-08-19T18:00,35.5,60,13.4
2025-08-19T19:00,34.3,67,10.5
2025-08-19T20:00,33.8,70,5.8
2025-08-19T21:00,33.6,71,4.4
2025-08-19T22:00,33.6,70,5.5
2025-08-19T23:00,33.3,69,6.6
2025-08-20T00:00,32.8,68,7.1
2025-08-20T01:00,32.2,71,9.4
2025-08-20T02:00,31.7,72,7.9
2025-08-20T03:00,31.3,70,9.4
2025-08-20T04:00,31.4,67,11.6
2025-08-20T05:00,32.5,59,9.0
2025-08-20T06:00,32.3,59,8.3
2025-08-20T07:00,33.8,55,10.7
2025-08-20T08:00,34.8,53,10.5
2025-08-20T09:00,37.5,40,13.3
2025-08-20T10:00,39.5,34,13.3
2025-08-20T11:00,41.3,31,14.4
2025-08-20T12:00,42.8,27,12.2
2025-08-20T13:00,43.7,25,8.2
2025-08-20T14:00,43.9,24,3.3
2025-08-20T15:00,43.7,23,5.6
2025-08-20T16:00,41.7,36,17.5
2025-08-20T17:00,39.7,39,21.3
2025-08-20T18:00,38.5,43,20.9
2025-08-20T19:00,37.5,46,16.1
2025-08-20T20:00,37.5,46,14.2
2025-08-20T21:00,37.3,44,12.5
2025-08-20T22:00,36.0,44,15.8
2025-08-20T23:00,34.3,50,15.1
2025-08-21T00:00,33.5,52,15.2
2025-08-21T01:00,33.1,53,17.1
2025-08-21T02:00,33.4,49,14.5
2025-08-21T03:00,33.5,47,13.3
2025-08-21T04:00,32.7,49,16.8
2025-08-21T05:00,32.7,49,13.6
2025-08-21T06:00,32.3,49,12.3
2025-08-21T07:00,32.5,50,10.5
2025-08-21T08:00,34.2,47,13.5
2025-08-21T09:00,36.2,41,14.8
2025-08-21T10:00,38.0,35,13.1
2025-08-21T11:00,39.6,29,9.4
2025-08-21T12:00,40.8,26,7.5
2025-08-21T13:00,41.9,24,7.1
2025-08-21T14:00,42.5,22,6.9
2025-08-21T15:00,42.3,24,10.1
2025-08-21T16:00,41.8,26,13.5
2025-08-21T17:00,37.9,42,19.7
2025-08-21T18:00,36.4,48,18.2
2025-08-21T19:00,35.0,59,15.1
2025-08-21T20:00,34.5,62,10.1
2025-08-21T21:00,34.3,61,6.2
2025-08-21T22:00,34.1,63,4.7
2025-08-21T23:00,33.7,66,5.8
2025-08-22T00:00,33.1,67,8.2
2025-08-22T01:00,32.7,67,8.9
2025-08-22T02:00,32.3,66,8.0
2025-08-22T03:00,32.0,66,8.0
2025-08-22T04:00,31.7,66,7.2
2025-08-22T05:00,32.6,51,16.1
2025-08-22T06:00,32.0,53,14.1
2025-08-22T07:00,32.3,54,15.0
2025-08-22T08:00,33.8,49,19.3
2025-08-22T09:00,35.7,43,20.2
2025-08-22T10:00,37.7,37,19.0
2025-08-22T11:00,39.5,32,16.1
2025-08-22T12:00,40.6,29,16.8
2025-08-22T13:00,40.2,31,22.7
2025-08-22T14:00,39.5,34,24.6
2025-08-22T15:00,38.8,39,25.2
2025-08-22T16:00,37.8,47,24.7
2025-08-22T17:00,37.0,49,20.1
2025-08-22T18:00,35.9,56,18.9
2025-08-22T19:00,35.1,62,15.0
2025-08-22T20:00,34.7,65,13.3
2025-08-22T21:00,34.2,67,8.8
2025-08-22T22:00,33.8,69,6.2
2025-08-22T23:00,33.2,71,6.3
2025-08-23T00:00,32.4,75,4.7
2025-08-23T01:00,31.8,77,4.6
2025-08-23T02:00,31.2,79,5.8
2025-08-23T03:00,30.7,81,6.9
2025-08-23T04:00,30.6,81,9.0
2025-08-23T05:00,31.2,73,10.3
2025-08-23T06:00,31.2,69,11.1
2025-08-23T07:00,31.9,64,10.4
2025-08-23T08:00,34.1,52,13.4
2025-08-23T09:00,36.7,41,16.1
2025-08-23T10:00,39.0,31,17.8
2025-08-23T11:00,40.2,29,19.2
2025-08-23T12:00,40.5,29,21.8
2025-08-23T13:00,40.6,29,23.8
2025-08-23T14:00,40.0,33,25.2
2025-08-23T15:00,39.3,36,24.8
2025-08-23T16:00,38.6,40,23.1
2025-08-23T17:00,37.2,43,19.3
2025-08-23T18:00,35.6,53,17.1
2025-08-23T19:00,34.4,58,13.8
2025-08-23T20:00,33.8,63,11.6
2025-08-23T21:00,33.3,67,9.0
2025-08-23T22:00,32.9,70,7.1
2025-08-23T23:00,32.2,74,5.3
2025-08-24T00:00,31.6,76,4.2
2025-08-24T01:00,31.2,78,4.2
2025-08-24T02:00,30.7,77,7.0
2025-08-24T03:00,30.4,76,8.0
2025-08-24T04:00,30.3,74,9.0
2025-08-24T05:00,31.4,68,9.5
2025-08-24T06:00,31.3,69,9.7
2025-08-24T07:00,31.8,68,8.3
2025-08-24T08:00,33.5,64,12.5
2025-08-24T09:00,35.2,57,13.3
2025-08-24T10:00,37.1,48,13.0
2025-08-24T11:00,38.8,39,15.0
2025-08-24T12:00,39.4,36,17.9
2025-08-24T13:00,39.5,36,19.4
2025-08-24T14:00,39.2,39,21.7
2025-08-24T15:00,38.6,41,22.3
2025-08-24T16:00,38.2,41,21.4
2025-08-24T17:00,36.8,47,17.7
2025-08-24T18:00,35.6,55,15.3
2025-08-24T19:00,34.3,63,11.4
2025-08-24T20:00,33.8,67,7.4
2025-08-24T21:00,33.2,69,6.5
2025-08-24T22:00,32.4,71,7.4
2025-08-24T23:00,31.7,71,6.7
2025-08-25T00:00,30.9,73,6.2
2025-08-25T01:00,30.0,75,7.8
2025-08-25T02:00,29.2,74,7.8
2025-08-25T03:00,28.4,72,8.6
2025-08-25T04:00,28.9,65,8.8
2025-08-25T05:00,30.7,56,9.9
2025-08-25T06:00,30.4,54,9.6
2025-08-25T07:00,31.6,48,8.8
2025-08-25T08:00,34.0,39,6.5
2025-08-25T09:00,36.3,31,8.5
2025-08-25T10:00,38.8,23,10.1
2025-08-25T11:00,41.1,17,12.3
2025-08-25T12:00,42.2,15,17.4
2025-08-25T13:00,41.9,18,20.8
2025-08-25T14:00,41.1,21,20.9
2025-08-25T15:00,40.6,25,20.0
2025-08-25T16:00,39.9,27,18.2
2025-08-25T17:00,39.6,22,14.4
2025-08-25T18:00,37.6,31,11.3
2025-08-25T19:00,35.5,48,7.9
2025-08-25T20:00,34.5,54,1.1
2025-08-25T21:00,33.3,56,7.7
2025-08-25T22:00,32.1,55,8.6
2025-08-25T23:00,31.2,52,8.1
2025-08-26T00:00,30.4,47,8.8
2025-08-26T01:00,29.7,43,9.5
2025-08-26T02:00,28.9,42,8.9
2025-08-26T03:00,28.1,41,9.9
2025-08-26T04:00,27.8,38,9.8
2025-08-26T05:00,29.0,40,7.2
2025-08-26T06:00,28.8,40,6.3
2025-08-26T07:00,30.2,34,8.9
2025-08-26T08:00,33.1,27,2.5
2025-08-26T09:00,36.0,23,2.3
2025-08-26T10:00,38.7,19,1.5
2025-08-26T11:00,40.7,17,1.9
2025-08-26T12:00,42.1,14,1.6
2025-08-26T13:00,43.1,13,7.2
2025-08-26T14:00,43.3,15,13.8
2025-08-26T15:00,43.1,14,16.8
2025-08-26T16:00,42.2,14,16.3
2025-08-26T17:00,41.5,16,12.6
2025-08-26T18:00,39.7,22,10.9
2025-08-26T19:00,37.3,33,10.1
2025-08-26T20:00,36.0,37,7.3
2025-08-26T21:00,35.2,36,9.6
2025-08-26T22:00,34.8,34,15.1
2025-08-26T23:00,34.2,35,13.1
2025-08-27T00:00,32.7,60,12.0
2025-08-27T01:00,31.9,68,10.5
2025-08-27T02:00,31.0,69,9.9
2025-08-27T03:00,30.4,72,11.3
2025-08-27T04:00,29.7,76,11.4
2025-08-27T05:00,30.2,75,11.5
2025-08-27T06:00,29.8,76,12.5
2025-08-27T07:00,30.5,75,13.9
2025-08-27T08:00,33.0,66,19.1
2025-08-27T09:00,36.3,53,20.2
2025-08-27T10:00,39.8,35,19.6
2025-08-27T11:00,42.1,24,11.2
2025-08-27T12:00,43.5,19,7.0
2025-08-27T13:00,44.6,16,2.7
2025-08-27T14:00,45.4,14,5.1
2025-08-27T15:00,44.9,18,15.4
2025-08-27T16:00,43.2,23,19.5
2025-08-27T17:00,40.5,40,23.8
2025-08-27T18:00,39.3,43,25.4
2025-08-27T19:00,38.8,42,12.9
2025-08-27T20:00,38.4,39,13.5
2025-08-27T21:00,36.4,47,14.3
2025-08-27T22:00,35.0,52,16.6
2025-08-27T23:00,33.5,59,16.0
2025-08-28T00:00,33.0,62,14.5
2025-08-28T01:00,32.5,62,12.8
2025-08-28T02:00,32.2,58,11.4
2025-08-28T03:00,31.5,53,10.3
2025-08-28T04:00,31.0,46,9.6
2025-08-28T05:00,34.4,34,20.1
2025-08-28T06:00,33.2,34,13.3
2025-08-28T07:00,33.2,36,11.4
2025-08-28T08:00,34.2,47,13.4
2025-08-28T09:00,36.6,44,15.7
2025-08-28T10:00,39.5,34,15.4
2025-08-28T11:00,41.7,27,13.7
2025-08-28T12:00,43.5,21,9.7
2025-08-28T13:00,44.7,18,5.0
2025-08-28T14:00,44.8,18,9.1
2025-08-28T15:00,42.4,30,20.9
2025-08-28T16:00,40.6,35,25.0
2025-08-28T17:00,39.5,36,20.7
2025-08-28T18:00,38.7,38,14.4
2025-08-28T19:00,37.5,44,9.5
2025-08-28T20:00,36.6,46,7.7
2025-08-28T21:00,35.9,46,10.1
2025-08-28T22:00,35.0,46,7.1
2025-08-28T23:00,34.3,45,6.7
2025-08-29T00:00,33.7,45,7.5
2025-08-29T01:00,32.9,49,7.9
2025-08-29T02:00,32.0,54,5.1
2025-08-29T03:00,31.4,57,1.8
2025-08-29T04:00,30.4,58,8.1
2025-08-29T05:00,30.6,52,6.7
2025-08-29T06:00,30.2,50,6.6
2025-08-29T07:00,31.1,47,4.0
2025-08-29T08:00,33.9,40,7.9
2025-08-29T09:00,38.0,29,13.1
2025-08-29T10:00,40.0,27,13.9
2025-08-29T11:00,41.7,23,9.9
2025-08-29T12:00,43.1,20,6.8
2025-08-29T13:00,43.9,18,10.4
2025-08-29T14:00,42.8,24,19.9
2025-08-29T15:00,42.0,24,21.5
2025-08-29T16:00,40.4,30,20.1
2025-08-29T17:00,39.0,36,21.2
2025-08-29T18:00,36.6,53,17.2
2025-08-29T19:00,34.8,62,14.2
2025-08-29T20:00,34.2,67,10.6
2025-08-29T21:00,34.0,65,6.8
2025-08-29T22:00,33.8,58,4.1
2025-08-29T23:00,33.3,58,2.3
2025-08-30T00:00,32.1,63,6.1
2025-08-30T01:00,31.3,70,6.8
2025-08-30T02:00,31.0,78,8.4
2025-08-30T03:00,30.7,90,8.4
2025-08-30T04:00,30.2,96,4.7
2025-08-30T05:00,30.2,77,7.3
2025-08-30T06:00,29.4,74,9.8
2025-08-30T07:00,30.7,65,10.8
2025-08-30T08:00,33.7,49,10.6
2025-08-30T09:00,38.1,28,12.7
2025-08-30T10:00,41.2,18,12.1
2025-08-30T11:00,42.5,19,9.0
2025-08-30T12:00,43.8,18,7.0
2025-08-30T13:00,44.7,17,3.8
2025-08-30T14:00,42.5,28,20.4
2025-08-30T15:00,40.1,37,23.7
2025-08-30T16:00,38.8,45,20.1
2025-08-30T17:00,37.3,54,22.4
2025-08-30T18:00,36.1,63,17.8
2025-08-30T19:00,35.3,66,11.4
2025-08-30T20:00,34.7,68,11.0
2025-08-30T21:00,34.0,71,9.0
2025-08-30T22:00,33.7,68,4.8
2025-08-30T23:00,33.2,66,5.2
2025-08-31T00:00,32.8,65,2.2
2025-08-31T01:00,32.0,70,7.2
2025-08-31T02:00,31.2,79,7.6
2025-08-31T03:00,30.9,83,8.9
2025-08-31T04:00,30.5,84,9.2
2025-08-31T05:00,30.4,61,9.9
2025-08-31T06:00,29.9,52,11.1
2025-08-31T07:00,30.6,53,10.0
2025-08-31T08:00,33.4,47,6.9
2025-08-31T09:00,37.5,27,10.3
2025-08-31T10:00,39.6,24,14.1
2025-08-31T11:00,41.6,22,14.8
2025-08-31T12:00,43.0,20,11.7
2025-08-31T13:00,44.4,17,8.1
2025-08-31T14:00,45.1,16,7.8
2025-08-31T15:00,44.4,18,15.1
2025-08-31T16:00,41.9,27,22.6
2025-08-31T17:00,39.1,38,21.2
2025-08-31T18:00,37.3,45,16.8
2025-08-31T19:00,36.3,49,8.4
2025-08-31T20:00,35.9,48,7.4
2025-08-31T21:00,35.5,43,8.2
2025-08-31T22:00,34.4,43,7.6
2025-08-31T23:00,33.8,45,4.7
2025-09-01T00:00,32.4,53,6.5
2025-09-01T01:00,31.2,74,7.5
2025-09-01T02:00,30.5,87,7.5
2025-09-01T03:00,30.1,90,7.6
2025-09-01T04:00,29.6,88,5.9
2025-09-01T05:00,28.9,76,6.7
2025-09-01T06:00,28.4,70,8.0
2025-09-01T07:00,29.8,55,9.6
2025-09-01T08:00,33.4,38,9.5
2025-09-01T09:00,37.5,29,11.9
2025-09-01T10:00,40.4,23,15.9
2025-09-01T11:00,42.5,17,14.3
2025-09-01T12:00,44.0,14,11.3
2025-09-01T13:00,42.1,25,23.5
2025-09-01T14:00,39.9,34,24.0
2025-09-01T15:00,38.7,42,23.3
2025-09-01T16:00,37.5,49,20.5
2025-09-01T17:00,36.5,51,18.2
2025-09-01T18:00,34.6,63,12.8
2025-09-01T19:00,33.3,75,9.8
2025-09-01T20:00,32.7,80,7.9
2025-09-01T21:00,32.2,84,4.5
2025-09-01T22:00,31.6,88,3.6
2025-09-01T23:00,30.8,92,4.7
2025-09-02T00:00,30.1,96,5.5
2025-09-02T01:00,29.5,98,5.8
2025-09-02T02:00,29.1,99,7.3
2025-09-02T03:00,28.6,99,8.1
2025-09-02T04:00,28.3,99,8.8
2025-09-02T05:00,29.2,93,12.2
2025-09-02T06:00,29.0,92,11.0
2025-09-02T07:00,29.5,89,8.3
2025-09-02T08:00,31.4,80,10.9
2025-09-02T09:00,33.7,73,11.9
2025-09-02T10:00,35.8,62,9.4
2025-09-02T11:00,37.7,52,7.4
2025-09-02T12:00,39.4,43,9.1
2025-09-02T13:00,39.9,43,15.0
2025-09-02T14:00,38.6,48,20.7
2025-09-02T15:00,38.5,44,19.2
2025-09-02T16:00,37.5,49,17.4
2025-09-02T17:00,36.7,48,14.5
2025-09-02T18:00,34.9,59,13.5
2025-09-02T19:00,33.6,70,13.6
2025-09-02T20:00,33.3,72,12.1
2025-09-02T21:00,33.2,73,10.7
2025-09-02T22:00,32.8,77,10.0
2025-09-02T23:00,32.1,82,8.8
2025-09-03T00:00,31.3,87,4.7
2025-09-03T01:00,30.5,90,6.5
2025-09-03T02:00,29.6,94,8.4
2025-09-03T03:00,29.1,96,10.0
2025-09-03T04:00,28.7,95,10.2
2025-09-03T05:00,28.6,91,9.5
2025-09-03T06:00,28.3,90,10.2
2025-09-03T07:00,29.3,82,10.4
2025-09-03T08:00,32.1,63,7.2
2025-09-03T09:00,36.1,38,7.6
2025-09-03T10:00,39.0,21,13.1
2025-09-03T11:00,40.6,18,10.1
2025-09-03T12:00,41.6,17,5.0
2025-09-03T13:00,42.4,16,9.5
2025-09-03T14:00,42.5,16,15.4
2025-09-03T15:00,41.7,16,19.7
2025-09-03T16:00,39.5,30,19.7
2025-09-03T17:00,38.5,35,18.0
2025-09-03T18:00,36.6,45,16.2
2025-09-03T19:00,35.7,50,12.3
2025-09-03T20:00,35.4,51,9.4
2025-09-03T21:00,35.3,51,9.4
2025-09-03T22:00,34.4,55,12.5
2025-09-03T23:00,33.3,57,14.1
2025-09-04T00:00,32.5,58,15.7
2025-09-04T01:00,31.7,62,16.3
2025-09-04T02:00,30.9,65,16.0
2025-09-04T03:00,30.2,70,14.6
2025-09-04T04:00,29.7,71,14.8
2025-09-04T05:00,29.6,70,14.8
2025-09-04T06:00,29.2,72,16.0
2025-09-04T07:00,30.6,57,12.7
2025-09-04T08:00,33.4,46,9.0
2025-09-04T09:00,35.9,41,10.3
2025-09-04T10:00,38.4,34,14.1
2025-09-04T11:00,40.5,28,12.7
2025-09-04T12:00,42.8,20,10.8
2025-09-04T13:00,44.4,15,10.4
2025-09-04T14:00,44.3,15,12.5
2025-09-04T15:00,43.4,17,17.1
2025-09-04T16:00,42.1,23,16.3
2025-09-04T17:00,41.5,23,28.9
2025-09-04T18:00,41.8,20,14.3
2025-09-04T19:00,38.5,32,23.8
2025-09-04T20:00,35.8,46,24.9
2025-09-04T21:00,34.2,51,22.3
2025-09-04T22:00,33.3,54,25.4
2025-09-04T23:00,32.7,56,25.1
2025-09-05T00:00,32.1,58,25.8
2025-09-05T01:00,31.7,59,20.5
2025-09-05T02:00,31.5,57,17.7
2025-09-05T03:00,31.6,52,17.6
2025-09-05T04:00,32.6,41,17.2
2025-09-05T05:00,33.5,41,15.5
2025-09-05T06:00,33.1,41,17.3
2025-09-05T07:00,33.5,41,16.8
2025-09-05T08:00,35.3,36,12.4
2025-09-05T09:00,37.3,32,11.3
2025-09-05T10:00,39.3,27,11.8
2025-09-05T11:00,41.1,24,10.8
2025-09-05T12:00,42.6,21,8.2
2025-09-05T13:00,43.3,19,5.1
2025-09-05T14:00,43.1,22,13.0
2025-09-05T15:00,41.6,30,24.9
2025-09-05T16:00,40.1,31,26.3
2025-09-05T17:00,38.5,37,24.9
2025-09-05T18:00,37.5,42,19.7
2025-09-05T19:00,36.4,44,11.0
2025-09-05T20:00,36.2,47,4.6
2025-09-05T21:00,35.9,47,5.3
2025-09-05T22:00,35.6,46,5.7
2025-09-05T23:00,35.0,47,5.3
2025-09-06T00:00,34.5,48,7.9
2025-09-06T01:00,33.3,51,8.0
2025-09-06T02:00,32.3,55,7.5
2025-09-06T03:00,31.7,58,3.5
2025-09-06T04:00,30.9,60,7.6
2025-09-06T05:00,31.1,55,1.9
2025-09-06T06:00,30.0,58,6.7
2025-09-06T07:00,30.7,54,9.2
2025-09-06T08:00,34.0,37,11.4
2025-09-06T09:00,36.5,31,16.3
2025-09-06T10:00,38.8,27,18.4
2025-09-06T11:00,40.7,23,18.0
2025-09-06T12:00,42.0,21,17.5
2025-09-06T13:00,42.4,21,19.2
2025-09-06T14:00,42.1,21,19.9
2025-09-06T15:00,41.3,22,18.7
2025-09-06T16:00,41.1,22,16.8
2025-09-06T17:00,39.8,27,13.5
2025-09-06T18:00,37.2,41,14.9
2025-09-06T19:00,34.8,60,12.7
2025-09-06T20:00,33.9,70,12.2
2025-09-06T21:00,33.1,76,11.0
2025-09-06T22:00,32.4,83,10.4
2025-09-06T23:00,32.0,83,9.8
2025-09-07T00:00,31.4,81,8.4
2025-09-07T01:00,31.3,80,0.7
2025-09-07T02:00,30.1,84,6.7
2025-09-07T03:00,29.2,87,8.0
2025-09-07T04:00,28.8,86,8.2
2025-09-07T05:00,29.2,83,10.5
2025-09-07T06:00,29.1,81,11.3
2025-09-07T07:00,30.1,71,12.2
2025-09-07T08:00,33.1,55,8.5
2025-09-07T09:00,35.8,45,8.3
2025-09-07T10:00,38.5,36,11.7
2025-09-07T11:00,40.4,27,17.0
2025-09-07T12:00,41.0,24,21.3
2025-09-07T13:00,40.7,26,23.1
2025-09-07T14:00,40.4,27,22.8
2025-09-07T15:00,39.6,32,22.1
2025-09-07T16:00,38.4,40,20.5
2025-09-07T17:00,37.2,44,16.9
2025-09-07T18:00,35.9,51,14.8
2025-09-07T19:00,34.8,56,13.3
2025-09-07T20:00,34.3,58,9.8
2025-09-07T21:00,33.6,65,10.7
2025-09-07T22:00,32.7,73,12.8
2025-09-07T23:00,32.0,73,12.1
2025-09-08T00:00,31.4,75,11.1
2025-09-08T01:00,30.6,79,10.5
2025-09-08T02:00,30.2,83,8.9
2025-09-08T03:00,29.7,87,7.0
2025-09-08T04:00,29.2,88,10.0
2025-09-08T05:00,29.4,87,9.0
2025-09-08T06:00,29.0,90,10.8
2025-09-08T07:00,29.8,86,9.4
2025-09-08T08:00,32.3,74,8.8
2025-09-08T09:00,34.3,65,7.4
2025-09-08T10:00,36.0,58,6.5
2025-09-08T11:00,37.6,52,2.4
2025-09-08T12:00,39.0,47,3.8
2025-09-08T13:00,39.8,45,9.7
2025-09-08T14:00,39.5,48,14.5
2025-09-08T15:00,39.1,47,16.6
2025-09-08T16:00,38.2,49,16.8
2025-09-08T17:00,36.9,54,13.7
2025-09-08T18:00,34.7,69,12.2
2025-09-08T19:00,33.2,80,12.1
2025-09-08T20:00,32.8,82,9.8
2025-09-08T21:00,32.4,84,7.9
2025-09-08T22:00,32.0,85,5.1
2025-09-08T23:00,31.5,88,2.2
2025-09-09T00:00,30.8,91,2.2
2025-09-09T01:00,30.2,94,4.1
2025-09-09T02:00,29.6,97,4.5
2025-09-09T03:00,29.2,99,6.5
2025-09-09T04:00,28.6,100,7.0
2025-09-09T05:00,29.4,100,5.0
2025-09-09T06:00,29.2,100,7.7
2025-09-09T07:00,29.7,92,13.1
2025-09-09T08:00,32.4,67,19.2
2025-09-09T09:00,36.0,52,20.6
2025-09-09T10:00,39.6,35,21.8
2025-09-09T11:00,41.9,28,21.1
2025-09-09T12:00,43.5,24,20.8
2025-09-09T13:00,44.5,22,17.3
2025-09-09T14:00,45.1,19,14.1
2025-09-09T15:00,45.0,18,11.9
2025-09-09T16:00,44.7,17,11.9
2025-09-09T17:00,40.3,46,19.9
2025-09-09T18:00,37.7,58,15.5
2025-09-09T19:00,36.2,63,15.1
2025-09-09T20:00,36.0,57,12.0
2025-09-09T21:00,35.4,50,10.4
2025-09-09T22:00,33.9,54,13.3
2025-09-09T23:00,32.2,59,12.9
2025-09-10T00:00,31.5,59,12.3
2025-09-10T01:00,30.8,58,11.4
2025-09-10T02:00,30.3,60,12.7
2025-09-10T03:00,29.6,65,12.4
2025-09-10T04:00,29.0,68,11.5
2025-09-10T05:00,29.9,54,7.6
2025-09-10T06:00,30.4,49,11.2
2025-09-10T07:00,30.9,48,9.3
2025-09-10T08:00,32.8,42,5.9
2025-09-10T09:00,35.0,36,8.2
2025-09-10T10:00,37.6,29,10.4
2025-09-10T11:00,39.9,23,12.2
2025-09-10T12:00,41.4,19,10.8
2025-09-10T13:00,42.2,18,8.4
2025-09-10T14:00,41.9,20,9.8
2025-09-10T15:00,40.0,30,18.7
2025-09-10T16:00,38.0,38,20.4
2025-09-10T17:00,36.8,45,18.7
2025-09-10T18:00,35.1,54,13.8
2025-09-10T19:00,34.8,54,12.0
2025-09-10T20:00,34.6,49,7.0
2025-09-10T21:00,33.9,46,7.1
2025-09-10T22:00,33.5,45,8.5
2025-09-10T23:00,32.9,49,9.6
2025-09-11T00:00,32.1,60,12.6
2025-09-11T01:00,31.2,62,12.9
2025-09-11T02:00,30.3,67,9.1
2025-09-11T03:00,29.9,68,10.2
2025-09-11T04:00,29.7,59,9.4
2025-09-11T05:00,30.9,47,17.3
2025-09-11T06:00,30.7,43,15.9
2025-09-11T07:00,31.3,41,14.9
2025-09-11T08:00,33.3,39,16.0
2025-09-11T09:00,35.7,34,15.9
2025-09-11T10:00,37.9,29,13.3
2025-09-11T11:00,39.7,25,12.6
2025-09-11T12:00,41.2,22,11.1
2025-09-11T13:00,41.9,21,7.4
2025-09-11T14:00,41.6,25,11.6
2025-09-11T15:00,40.7,30,18.3
2025-09-11T16:00,39.2,35,21.2
2025-09-11T17:00,37.8,38,17.5
2025-09-11T18:00,36.8,42,12.9
2025-09-11T19:00,35.5,52,13.3
2025-09-11T20:00,34.8,56,10.0
2025-09-11T21:00,34.9,53,12.8
2025-09-11T22:00,33.5,59,14.8
2025-09-11T23:00,32.4,64,15.8
2025-09-12T00:00,32.4,63,16.7
2025-09-12T01:00,32.0,64,16.9
2025-09-12T02:00,31.3,66,15.6
2025-09-12T03:00,31.3,65,16.2
2025-09-12T04:00,31.2,67,16.8
2025-09-12T05:00,32.3,50,13.1
2025-09-12T06:00,31.7,52,12.3
2025-09-12T07:00,32.0,58,13.0
2025-09-12T08:00,33.1,56,15.1
2025-09-12T09:00,34.7,48,15.6
2025-09-12T10:00,36.1,40,16.6
2025-09-12T11:00,37.5,36,16.9
2025-09-12T12:00,38.8,32,14.2
2025-09-12T13:00,40.1,28,10.5
2025-09-12T14:00,40.9,26,6.6
2025-09-12T15:00,40.1,31,13.0
2025-09-12T16:00,38.6,38,17.7
2025-09-12T17:00,36.5,50,21.1
2025-09-12T18:00,36.1,51,16.1
2025-09-12T19:00,35.6,55,13.8
2025-09-12T20:00,34.9,53,20.2
2025-09-12T21:00,33.5,58,19.9
2025-09-12T22:00,32.6,63,17.3
2025-09-12T23:00,32.0,64,17.4
2025-09-13T00:00,31.8,62,17.7
2025-09-13T01:00,31.0,64,16.6
2025-09-13T02:00,30.6,66,17.9
2025-09-13T03:00,29.8,71,19.5
2025-09-13T04:00,29.4,75,19.2
2025-09-13T05:00,30.1,71,19.4
2025-09-13T06:00,30.1,71,15.9
2025-09-13T07:00,30.6,69,13.0
2025-09-13T08:00,32.7,57,15.0
2025-09-13T09:00,34.2,50,15.7
2025-09-13T10:00,35.7,46,14.5
2025-09-13T11:00,37.2,41,12.1
2025-09-13T12:00,38.4,38,10.5
2025-09-13T13:00,39.5,35,10.0
2025-09-13T14:00,40.7,32,10.5
2025-09-13T15:00,40.6,32,9.2
2025-09-13T16:00,39.7,34,11.3
2025-09-13T17:00,38.7,37,17.3
2025-09-13T18:00,36.8,41,25.4
2025-09-13T19:00,35.0,47,26.0
2025-09-13T20:00,32.9,56,24.2
2025-09-13T21:00,31.7,61,20.6
2025-09-13T22:00,30.9,65,18.7
2025-09-13T23:00,30.5,66,19.1
2025-09-14T00:00,30.1,67,19.0
2025-09-14T01:00,29.7,68,19.9
2025-09-14T02:00,29.2,70,22.3
2025-09-14T03:00,29.0,71,24.1
2025-09-14T04:00,28.8,73,24.5
2025-09-14T05:00,28.9,70,18.7
2025-09-14T06:00,28.7,71,17.2
2025-09-14T07:00,29.1,70,15.4
2025-09-14T08:00,30.8,64,17.9
2025-09-14T09:00,33.0,52,17.4
2025-09-14T10:00,34.7,46,13.8
2025-09-14T11:00,36.2,42,11.1
2025-09-14T12:00,37.5,39,9.6
2025-09-14T13:00,38.8,36,10.8
2025-09-14T14:00,39.1,34,10.3
2025-09-14T15:00,38.6,36,11.2
2025-09-14T16:00,37.4,43,18.3
2025-09-14T17:00,36.4,49,18.7
2025-09-14T18:00,35.7,49,13.4
2025-09-14T19:00,35.6,42,11.4
2025-09-14T20:00,34.3,44,14.8
2025-09-14T21:00,33.1,47,13.7
2025-09-14T22:00,32.1,51,11.7
2025-09-14T23:00,31.4,54,11.4
2025-09-15T00:00,30.7,57,11.0
2025-09-15T01:00,30.0,60,11.2
2025-09-15T02:00,29.4,61,13.0
2025-09-15T03:00,28.9,62,12.5
2025-09-15T04:00,28.5,63,14.8
2025-09-15T05:00,30.7,54,17.7
2025-09-15T06:00,30.5,50,20.8
2025-09-15T07:00,30.2,54,19.1
2025-09-15T08:00,31.2,52,19.8
2025-09-15T09:00,32.8,47,19.3
2025-09-15T10:00,34.4,42,16.9
2025-09-15T11:00,35.8,38,14.5
2025-09-15T12:00,37.1,35,12.9
2025-09-15T13:00,38.1,33,12.8
2025-09-15T14:00,38.3,33,16.2
2025-09-15T15:00,36.4,44,22.7
2025-09-15T16:00,35.7,45,20.1
2025-09-15T17:00,34.8,52,19.7
2025-09-15T18:00,33.5,56,17.1
2025-09-15T19:00,33.3,60,12.9
2025-09-15T20:00,32.8,64,11.1
2025-09-15T21:00,32.5,67,7.1
2025-09-15T22:00,32.1,71,4.8
2025-09-15T23:00,31.6,75,2.4
2025-09-16T00:00,31.2,77,2.2
2025-09-16T01:00,30.7,79,1.1
2025-09-16T02:00,30.2,81,2.8
2025-09-16T03:00,29.7,82,4.3
2025-09-16T04:00,29.4,83,6.9
2025-09-16T05:00,29.7,82,8.1
2025-09-16T06:00,29.6,82,8.3
2025-09-16T07:00,30.3,78,7.7
2025-09-16T08:00,32.2,70,9.6
2025-09-16T09:00,33.8,63,7.8
2025-09-16T10:00,35.7,52,8.0
2025-09-16T11:00,37.4,43,9.6
2025-09-16T12:00,38.8,38,10.4
2025-09-16T13:00,39.3,39,13.8
2025-09-16T14:00,38.5,45,18.8
2025-09-16T15:00,37.9,42,20.0
2025-09-16T16:00,36.8,49,19.7
2025-09-16T17:00,35.3,56,20.1
2025-09-16T18:00,33.7,70,17.8
2025-09-16T19:00,32.7,77,15.7
2025-09-16T20:00,32.7,78,12.8
2025-09-16T21:00,32.3,79,10.9
2025-09-16T22:00,32.0,82,6.5
2025-09-16T23:00,31.6,84,4.1
2025-09-17T00:00,31.0,88,0.9
2025-09-17T01:00,30.4,90,2.4
2025-09-17T02:00,29.8,93,4.0
2025-09-17T03:00,29.3,96,4.7
2025-09-17T04:00,28.8,97,4.8
2025-09-17T05:00,29.7,94,5.3
2025-09-17T06:00,29.2,96,6.1
2025-09-17T07:00,29.7,93,5.9
2025-09-17T08:00,31.8,81,7.6
2025-09-17T09:00,34.0,65,8.3
2025-09-17T10:00,36.2,52,9.3
2025-09-17T11:00,38.1,42,10.6
2025-09-17T12:00,39.3,37,11.2
2025-09-17T13:00,39.7,38,14.4
2025-09-17T14:00,39.3,37,19.7
2025-09-17T15:00,38.5,34,21.1
2025-09-17T16:00,36.8,46,19.7
2025-09-17T17:00,35.7,56,15.2
2025-09-17T18:00,34.2,64,15.4
2025-09-17T19:00,33.0,75,14.2
2025-09-17T20:00,32.5,80,11.5
2025-09-17T21:00,32.1,82,7.6
2025-09-17T22:00,31.3,87,2.3
2025-09-17T23:00,30.8,89,2.3
2025-09-18T00:00,30.0,92,4.2
2025-09-18T01:00,29.4,94,6.1
2025-09-18T02:00,28.7,96,6.1
2025-09-18T03:00,28.2,97,7.0
2025-09-18T04:00,28.0,96,8.2
2025-09-18T05:00,28.2,97,7.0
2025-09-18T06:00,27.8,97,7.3
2025-09-18T07:00,28.4,93,7.1
2025-09-18T08:00,31.1,78,6.8
2025-09-18T09:00,33.7,63,6.7
2025-09-18T10:00,36.2,47,6.9
2025-09-18T11:00,38.5,34,8.5
2025-09-18T12:00,40.1,29,11.6
2025-09-18T13:00,40.6,29,15.6
2025-09-18T14:00,40.1,28,18.6
2025-09-18T15:00,38.9,32,18.2
2025-09-18T16:00,37.5,41,16.4
2025-09-18T17:00,36.1,43,13.9
2025-09-18T18:00,34.1,52,12.2
2025-09-18T19:00,32.9,62,7.1
2025-09-18T20:00,32.2,69,5.1
2025-09-18T21:00,31.4,75,5.2
2025-09-18T22:00,30.4,81,6.1
2025-09-18T23:00,29.4,86,7.5
2025-09-19T00:00,28.6,87,8.3
2025-09-19T01:00,27.9,88,8.4
2025-09-19T02:00,27.1,92,7.4
2025-09-19T03:00,26.4,95,7.8
2025-09-19T04:00,25.6,96,6.6
2025-09-19T05:00,26.6,92,6.9
2025-09-19T06:00,26.6,88,7.3
2025-09-19T07:00,27.6,77,6.1
2025-09-19T08:00,30.8,61,4.4
2025-09-19T09:00,33.6,51,2.4
2025-09-19T10:00,35.6,43,0.6
2025-09-19T11:00,37.1,39,6.7
2025-09-19T12:00,37.8,38,9.4
2025-09-19T13:00,38.0,41,11.6
2025-09-19T14:00,38.0,43,13.5
2025-09-19T15:00,38.0,39,14.1
2025-09-19T16:00,37.1,40,15.1
2025-09-19T17:00,35.4,51,15.5
2025-09-19T18:00,33.7,62,14.5
2025-09-19T19:00,32.7,68,10.6
2025-09-19T20:00,32.4,70,7.1
2025-09-19T21:00,32.1,70,3.1
2025-09-19T22:00,31.5,74,2.9
2025-09-19T23:00,30.9,77,4.4
2025-09-20T00:00,30.3,78,5.6
2025-09-20T01:00,29.9,76,7.5
2025-09-20T02:00,29.7,76,7.8
2025-09-20T03:00,29.4,75,8.3
2025-09-20T04:00,28.8,75,9.3
2025-09-20T05:00,29.2,68,10.9
2025-09-20T06:00,29.0,70,12.5
2025-09-20T07:00,29.6,69,13.1
2025-09-20T08:00,31.2,68,15.7
2025-09-20T09:00,33.5,61,14.0
2025-09-20T10:00,36.6,45,14.3
2025-09-20T11:00,38.4,34,14.9
2025-09-20T12:00,39.9,26,13.9
2025-09-20T13:00,41.1,21,12.1
2025-09-20T14:00,41.7,19,7.6
2025-09-20T15:00,41.0,21,6.9
2025-09-20T16:00,38.0,45,20.3
2025-09-20T17:00,36.7,51,28.3
2025-09-20T18:00,35.9,59,17.5
2025-09-20T19:00,36.6,48,14.4
2025-09-20T20:00,34.5,53,21.7
2025-09-20T21:00,33.1,58,15.5
2025-09-20T22:00,32.2,62,14.7
2025-09-20T23:00,31.6,62,13.9
2025-09-21T00:00,31.0,62,13.1
2025-09-21T01:00,30.3,64,10.9
2025-09-21T02:00,29.9,62,15.3
2025-09-21T03:00,30.0,62,18.8
2025-09-21T04:00,30.0,61,15.8
2025-09-21T05:00,29.9,61,12.3
2025-09-21T06:00,29.5,62,11.5
2025-09-21T07:00,29.5,61,6.0
2025-09-21T08:00,31.7,54,0.9
2025-09-21T09:00,34.0,46,2.7
2025-09-21T10:00,35.8,40,4.8
2025-09-21T11:00,37.6,35,6.7
2025-09-21T12:00,39.5,30,7.9
2025-09-21T13:00,40.5,28,8.5
2025-09-21T14:00,40.3,31,12.9
2025-09-21T15:00,39.2,35,18.2
2025-09-21T16:00,38.1,39,17.7
2025-09-21T17:00,36.7,42,17.1
2025-09-21T18:00,35.0,47,15.2
2025-09-21T19:00,33.9,59,9.6
2025-09-21T20:00,33.3,64,8.5
2025-09-21T21:00,33.2,65,5.6
2025-09-21T22:00,32.6,63,7.6
2025-09-21T23:00,32.1,58,6.4
2025-09-22T00:00,31.5,57,3.6
2025-09-22T01:00,30.7,62,9.5
2025-09-22T02:00,30.0,72,8.0
2025-09-22T03:00,29.4,73,8.9
2025-09-22T04:00,28.7,71,9.4
2025-09-22T05:00,29.1,66,9.1
2025-09-22T06:00,28.8,68,9.7
2025-09-22T07:00,29.6,66,9.3
2025-09-22T08:00,32.4,53,8.2
2025-09-22T09:00,35.2,41,12.1
2025-09-22T10:00,37.6,34,14.2
2025-09-22T11:00,39.2,30,12.7
2025-09-22T12:00,40.1,28,13.0
2025-09-22T13:00,39.4,33,19.1
2025-09-22T14:00,38.5,34,20.4
2025-09-22T15:00,37.9,39,19.7
2025-09-22T16:00,36.9,42,19.7
2025-09-22T17:00,35.8,48,18.1
2025-09-22T18:00,34.0,59,14.8
2025-09-22T19:00,32.9,73,11.5
2025-09-22T20:00,32.2,79,8.0
2025-09-22T21:00,31.7,82,5.2
2025-09-22T22:00,31.0,86,2.4
2025-09-22T23:00,30.5,87,6.5
2025-09-23T00:00,29.7,89,4.0
2025-09-23T01:00,29.2,91,3.6
2025-09-23T02:00,28.6,95,4.8
2025-09-23T03:00,28.2,98,4.7
2025-09-23T04:00,27.9,100,6.9
2025-09-23T05:00,28.5,90,5.5
2025-09-23T06:00,27.8,96,5.1
2025-09-23T07:00,28.3,96,3.0
2025-09-23T08:00,30.3,82,2.2
2025-09-23T09:00,31.9,70,1.3
2025-09-23T10:00,33.7,60,1.9
2025-09-23T11:00,35.6,50,4.7
2025-09-23T12:00,37.0,44,7.4
2025-09-23T13:00,37.5,45,11.5
2025-09-23T14:00,37.5,44,14.6
2025-09-23T15:00,37.1,42,16.8
2025-09-23T16:00,35.8,49,16.3
2025-09-23T17:00,34.6,54,14.0
2025-09-23T18:00,33.0,62,11.7
2025-09-23T19:00,31.8,71,8.9
2025-09-23T20:00,31.4,78,9.8
2025-09-23T21:00,31.1,82,5.5
2025-09-23T22:00,30.4,86,4.2
2025-09-23T23:00,30.1,88,3.5
2025-09-24T00:00,29.5,91,6.6
2025-09-24T01:00,28.8,95,8.4
2025-09-24T02:00,28.4,96,10.7
2025-09-24T03:00,28.1,95,11.4
2025-09-24T04:00,27.8,94,12.3
2025-09-24T05:00,28.1,97,10.3
2025-09-24T06:00,27.7,96,11.8
2025-09-24T07:00,27.9,94,13.0
2025-09-24T08:00,30.7,80,10.7
2025-09-24T09:00,34.6,61,12.3
2025-09-24T10:00,36.4,50,16.2
2025-09-24T11:00,37.1,45,18.1
2025-09-24T12:00,37.7,40,23.5
2025-09-24T13:00,38.2,32,32.8
2025-09-24T14:00,37.3,34,33.1
2025-09-24T15:00,36.3,37,33.6
2025-09-24T16:00,35.2,40,32.3
2025-09-24T17:00,33.7,48,27.1
2025-09-24T18:00,32.5,54,23.6
2025-09-24T19:00,31.9,56,19.7
2025-09-24T20:00,31.4,57,16.1
2025-09-24T21:00,31.0,60,11.7
2025-09-24T22:00,30.5,62,8.8
2025-09-24T23:00,29.9,64,10.2
2025-09-25T00:00,29.2,67,11.3
2025-09-25T01:00,28.8,70,11.1
2025-09-25T02:00,28.5,74,10.3
2025-09-25T03:00,28.3,76,10.1
2025-09-25T04:00,28.1,77,11.2
2025-09-25T05:00,28.3,67,13.1
2025-09-25T06:00,27.9,69,13.9
2025-09-25T07:00,28.3,67,13.1
2025-09-25T08:00,30.5,60,13.9
2025-09-25T09:00,32.2,59,12.8
2025-09-25T10:00,33.6,55,9.1
2025-09-25T11:00,35.0,48,7.0
2025-09-25T12:00,36.6,38,5.8
2025-09-25T13:00,38.2,29,4.1
2025-09-25T14:00,38.7,27,6.7
2025-09-25T15:00,36.2,48,20.1
2025-09-25T16:00,35.1,49,21.6
2025-09-25T17:00,34.3,53,19.9
2025-09-25T18:00,32.9,58,16.0
2025-09-25T19:00,32.5,63,11.2
2025-09-25T20:00,32.0,66,6.5
2025-09-25T21:00,31.5,70,5.7
2025-09-25T22:00,30.9,73,4.5
2025-09-25T23:00,30.2,76,4.0
2025-09-26T00:00,29.7,78,1.5
2025-09-26T01:00,29.1,81,0.8
2025-09-26T02:00,28.3,84,2.7
2025-09-26T03:00,27.4,87,5.6
2025-09-26T04:00,26.8,86,7.0
2025-09-26T05:00,27.1,79,4.5
2025-09-26T06:00,26.6,81,4.8
2025-09-26T07:00,27.2,79,3.2
2025-09-26T08:00,29.6,68,0.8
2025-09-26T09:00,32.0,56,2.5
2025-09-26T10:00,33.8,50,5.1
2025-09-26T11:00,35.5,45,5.0
2025-09-26T12:00,37.2,38,3.1
2025-09-26T13:00,38.4,34,6.2
2025-09-26T14:00,37.9,41,13.5
2025-09-26T15:00,36.7,47,19.7
2025-09-26T16:00,35.6,50,22.1
2025-09-26T17:00,34.6,56,22.8
2025-09-26T18:00,33.1,62,17.6
2025-09-26T19:00,32.5,67,11.6
2025-09-26T20:00,32.3,67,9.8
2025-09-26T21:00,32.2,66,2.9
2025-09-26T22:00,31.5,68,5.1
2025-09-26T23:00,30.7,70,5.4
2025-09-27T00:00,30.2,69,7.3
2025-09-27T01:00,29.7,69,6.2
2025-09-27T02:00,29.2,70,6.0
2025-09-27T03:00,28.5,74,5.6
2025-09-27T04:00,27.9,78,5.3
2025-09-27T05:00,28.9,70,9.3
2025-09-27T06:00,28.4,68,10.4
2025-09-27T07:00,29.1,60,10.3
2025-09-27T08:00,31.9,50,12.0
2025-09-27T09:00,33.4,45,15.8
2025-09-27T10:00,35.7,39,14.6
2025-09-27T11:00,38.0,32,13.3
2025-09-27T12:00,39.6,27,10.1
2025-09-27T13:00,40.8,24,6.5
2025-09-27T14:00,41.2,22,3.6
2025-09-27T15:00,39.6,33,17.1
2025-09-27T16:00,37.6,40,22.2
2025-09-27T17:00,36.3,45,20.8
2025-09-27T18:00,34.4,59,17.9
2025-09-27T19:00,33.7,62,14.4
2025-09-27T20:00,33.5,60,10.8
2025-09-27T21:00,33.2,58,7.6
2025-09-27T22:00,32.4,59,5.6
2025-09-27T23:00,31.6,59,6.7
2025-09-28T00:00,30.9,61,5.7
2025-09-28T01:00,30.1,64,5.1
2025-09-28T02:00,29.2,67,5.6
2025-09-28T03:00,28.6,72,8.6
2025-09-28T04:00,28.0,79,8.8
2025-09-28T05:00,28.1,78,8.4
2025-09-28T06:00,27.5,78,10.3
2025-09-28T07:00,28.4,56,8.6
2025-09-28T08:00,31.0,44,11.7
2025-09-28T09:00,33.1,47,15.5
2025-09-28T10:00,35.5,41,13.6
2025-09-28T11:00,37.6,33,8.4
2025-09-28T12:00,39.1,27,7.9
2025-09-28T13:00,39.4,29,14.5
2025-09-28T14:00,38.9,30,17.4
2025-09-28T15:00,38.5,27,16.6
2025-09-28T16:00,36.9,36,18.1
2025-09-28T17:00,35.0,50,17.4
2025-09-28T18:00,33.3,64,13.9
2025-09-28T19:00,32.5,68,11.2
2025-09-28T20:00,31.9,69,8.2
2025-09-28T21:00,30.9,73,6.3
2025-09-28T22:00,30.1,76,6.6
2025-09-28T23:00,29.5,79,6.7
2025-09-29T00:00,29.0,86,4.3
2025-09-29T01:00,28.0,91,7.7
2025-09-29T02:00,26.9,93,8.8
2025-09-29T03:00,26.2,96,8.6
2025-09-29T04:00,26.2,97,10.5
2025-09-29T05:00,26.7,96,9.4
2025-09-29T06:00,26.7,95,10.6
2025-09-29T07:00,27.7,92,10.6
2025-09-29T08:00,30.6,78,9.9
2025-09-29T09:00,34.4,59,14.2
2025-09-29T10:00,37.2,39,17.2
2025-09-29T11:00,37.9,36,16.9
2025-09-29T12:00,37.9,37,17.5
2025-09-29T13:00,37.5,41,18.5
2025-09-29T14:00,37.0,45,19.5
2025-09-29T15:00,36.3,48,20.2
2025-09-29T16:00,35.3,53,19.6
2025-09-29T17:00,34.1,59,18.0
2025-09-29T18:00,32.5,71,15.3
2025-09-29T19:00,31.7,74,14.7
2025-09-29T20:00,31.1,77,13.4
2025-09-29T21:00,30.6,78,9.0
2025-09-29T22:00,29.9,82,3.6
2025-09-29T23:00,29.2,85,6.6
2025-09-30T00:00,28.5,89,7.9
2025-09-30T01:00,27.8,92,9.2
2025-09-30T02:00,27.0,94,10.0
2025-09-30T03:00,26.6,95,9.5
2025-09-30T04:00,26.3,96,8.6
2025-09-30T05:00,26.4,93,8.7
2025-09-30T06:00,26.0,95,7.5
2025-09-30T07:00,26.6,92,6.6
2025-09-30T08:00,29.6,77,5.8
2025-09-30T09:00,31.7,71,6.0
2025-09-30T10:00,33.7,58,4.9
2025-09-30T11:00,36.1,45,5.3
2025-09-30T12:00,38.4,33,7.0
2025-09-30T13:00,39.2,32,12.1
2025-09-30T14:00,38.9,28,18.6
2025-09-30T15:00,37.8,31,19.2
2025-09-30T16:00,36.8,41,19.3
2025-09-30T17:00,34.9,51,19.4
2025-09-30T18:00,33.0,66,14.6
2025-09-30T19:00,32.4,71,8.6
2025-09-30T20:00,31.7,76,8.9
2025-09-30T21:00,30.8,82,5.4
2025-09-30T22:00,30.0,86,2.4
2025-09-30T23:00,29.2,90,6.0
2025-10-01T00:00,28.9,91,3.4
2025-10-01T01:00,28.2,94,3.0
2025-10-01T02:00,27.1,97,6.4
2025-10-01T03:00,26.7,99,7.8
2025-10-01T04:00,27.0,100,8.4
2025-10-01T05:00,26.8,100,7.9
2025-10-01T06:00,27.3,100,8.2
2025-10-01T07:00,27.7,100,9.0
2025-10-01T08:00,28.2,97,8.8
2025-10-01T09:00,29.7,89,7.9
2025-10-01T10:00,33.0,73,8.5
2025-10-01T11:00,35.6,56,8.9
2025-10-01T12:00,37.6,45,11.2
2025-10-01T13:00,38.0,44,15.5
2025-10-01T14:00,37.2,49,18.0
2025-10-01T15:00,36.2,53,20.0
2025-10-01T16:00,36.0,54,16.8
2025-10-01T17:00,34.8,59,15.6
2025-10-01T18:00,33.2,67,12.4
2025-10-01T19:00,32.0,72,9.8
2025-10-01T20:00,31.6,75,10.8
2025-10-01T21:00,31.0,80,11.2
2025-10-01T22:00,30.1,81,7.8
2025-10-01T23:00,29.6,83,7.9
2025-10-02T00:00,28.9,87,6.0
2025-10-02T01:00,28.6,89,5.9
2025-10-02T02:00,28.2,90,6.3
2025-10-02T03:00,27.8,91,4.8
2025-10-02T04:00,27.5,93,7.8
2025-10-02T05:00,27.9,91,0.5
2025-10-02T06:00,27.0,94,7.9
2025-10-02T07:00,26.8,97,8.8
2025-10-02T08:00,29.4,84,6.7
2025-10-02T09:00,31.4,72,3.5
2025-10-02T10:00,33.2,62,2.9
2025-10-02T11:00,35.0,51,5.0
2025-10-02T12:00,36.4,43,8.1
2025-10-02T13:00,36.8,44,12.0
2025-10-02T14:00,37.0,38,16.2
2025-10-02T15:00,36.8,33,17.3
2025-10-02T16:00,35.8,45,18.8
2025-10-02T17:00,34.4,47,18.6
2025-10-02T18:00,32.6,59,15.3
2025-10-02T19:00,31.8,68,8.1
2025-10-02T20:00,31.3,73,6.5
2025-10-02T21:00,30.7,77,8.2
2025-10-02T22:00,30.1,78,8.9
2025-10-02T23:00,29.4,82,5.3
2025-10-03T00:00,28.9,84,3.5
2025-10-03T01:00,28.4,86,4.5
2025-10-03T02:00,28.2,86,3.1
2025-10-03T03:00,28.0,86,1.0
2025-10-03T04:00,27.8,88,1.1
2025-10-03T05:00,27.2,91,4.0
2025-10-03T06:00,26.4,95,8.9
2025-10-03T07:00,26.0,98,9.2
2025-10-03T08:00,28.5,86,7.1
2025-10-03T09:00,31.3,68,6.9
2025-10-03T10:00,33.5,57,7.5
2025-10-03T11:00,35.9,40,7.0
2025-10-03T12:00,37.7,30,5.2
2025-10-03T13:00,38.7,26,7.6
2025-10-03T14:00,38.0,36,15.1
2025-10-03T15:00,37.1,36,19.6
2025-10-03T16:00,36.0,38,18.4
2025-10-03T17:00,34.1,53,17.3
2025-10-03T18:00,32.2,67,15.3
2025-10-03T19:00,31.4,72,12.2
2025-10-03T20:00,30.8,74,10.5
2025-10-03T21:00,30.0,80,7.9
2025-10-03T22:00,29.2,81,3.1
2025-10-03T23:00,28.8,83,3.4
2025-10-04T00:00,28.1,87,5.6
2025-10-04T01:00,27.8,90,4.5
2025-10-04T02:00,27.0,93,5.9
2025-10-04T03:00,26.3,94,8.1
2025-10-04T04:00,25.6,96,8.7
2025-10-04T05:00,25.8,95,7.3
2025-10-04T06:00,25.5,95,6.7
2025-10-04T07:00,25.8,94,6.5
2025-10-04T08:00,28.6,82,5.4
2025-10-04T09:00,31.4,71,7.4
2025-10-04T10:00,33.5,59,10.2
2025-10-04T11:00,35.4,47,12.7
2025-10-04T12:00,36.5,40,16.2
2025-10-04T13:00,36.8,38,18.4
2025-10-04T14:00,36.7,37,20.0
2025-10-04T15:00,36.1,42,20.4
2025-10-04T16:00,35.2,44,18.3
2025-10-04T17:00,34.2,47,16.9
2025-10-04T18:00,32.5,59,14.9
2025-10-04T19:00,31.4,69,12.0
2025-10-04T20:00,30.8,74,10.5
2025-10-04T21:00,30.2,77,9.5
2025-10-04T22:00,29.5,81,9.6
2025-10-04T23:00,28.9,86,7.9
2025-10-05T00:00,28.5,88,5.0
2025-10-05T01:00,28.0,89,5.8
2025-10-05T02:00,27.3,91,6.7
2025-10-05T03:00,26.8,92,8.3
2025-10-05T04:00,26.8,91,9.2
2025-10-05T05:00,26.9,91,8.6
2025-10-05T06:00,26.5,92,8.5
2025-10-05T07:00,27.2,87,8.3
2025-10-05T08:00,29.8,74,7.2
2025-10-05T09:00,32.1,61,6.5
2025-10-05T10:00,33.3,59,7.4
2025-10-05T11:00,34.6,52,9.0
2025-10-05T12:00,35.6,46,12.5
2025-10-05T13:00,36.0,40,15.7
2025-10-05T14:00,36.0,36,17.9
2025-10-05T15:00,35.2,40,16.8
2025-10-05T16:00,34.1,49,18.1
2025-10-05T17:00,32.8,58,16.0
2025-10-05T18:00,31.7,62,16.7
2025-10-05T19:00,31.0,65,11.9
2025-10-05T20:00,30.4,69,5.7
2025-10-05T21:00,29.6,73,4.0
2025-10-05T22:00,28.9,77,4.6
2025-10-05T23:00,28.1,81,5.5
2025-10-06T00:00,27.3,84,4.4
2025-10-06T01:00,26.5,87,5.6
2025-10-06T02:00,25.8,90,7.1
2025-10-06T03:00,25.2,92,7.8
2025-10-06T04:00,25.0,91,8.7
2025-10-06T05:00,25.1,92,8.2
2025-10-06T06:00,24.6,94,8.7
2025-10-06T07:00,25.0,92,7.8
2025-10-06T08:00,27.9,75,7.4
2025-10-06T09:00,31.6,56,6.4
2025-10-06T10:00,34.4,49,6.0
2025-10-06T11:00,36.9,37,4.8
2025-10-06T12:00,39.3,22,5.0
2025-10-06T13:00,40.1,19,5.9
2025-10-06T14:00,38.1,39,18.8
2025-10-06T15:00,35.9,46,25.8
2025-10-06T16:00,35.1,52,21.2
2025-10-06T17:00,33.6,62,20.8
2025-10-06T18:00,32.1,68,17.8
2025-10-06T19:00,31.5,74,12.1
2025-10-06T20:00,31.0,76,10.2
2025-10-06T21:00,30.5,78,5.5
2025-10-06T22:00,29.9,79,6.7
2025-10-06T23:00,29.5,80,7.0
2025-10-07T00:00,28.6,84,5.7
2025-10-07T01:00,27.9,88,5.6
2025-10-07T02:00,27.1,92,7.4
2025-10-07T03:00,26.4,95,8.8
2025-10-07T04:00,25.8,95,8.1
2025-10-07T05:00,25.1,94,6.8
2025-10-07T06:00,24.5,94,7.4
2025-10-07T07:00,25.0,87,8.1
2025-10-07T08:00,28.4,66,5.4
2025-10-07T09:00,32.0,48,4.2
2025-10-07T10:00,35.5,29,15.8
2025-10-07T11:00,37.7,22,11.8
2025-10-07T12:00,38.9,17,7.4
2025-10-07T13:00,39.7,15,8.9
2025-10-07T14:00,38.6,25,17.6
2025-10-07T15:00,37.1,31,22.5
2025-10-07T16:00,35.6,40,20.6
2025-10-07T17:00,33.9,49,18.0
2025-10-07T18:00,32.1,63,16.6
2025-10-07T19:00,31.5,66,13.2
2025-10-07T20:00,30.7,68,9.9
2025-10-07T21:00,29.8,73,9.2
2025-10-07T22:00,28.6,79,8.1
2025-10-07T23:00,27.9,81,9.9
2025-10-08T00:00,26.8,85,5.9
2025-10-08T01:00,26.3,86,2.2
2025-10-08T02:00,25.5,88,2.6
2025-10-08T03:00,24.6,91,6.6
2025-10-08T04:00,24.2,92,7.6
2025-10-08T05:00,24.5,89,7.4
2025-10-08T06:00,24.0,89,6.6
2025-10-08T07:00,25.3,80,8.6
2025-10-08T08:00,27.9,67,9.7
2025-10-08T09:00,31.0,51,7.1
2025-10-08T10:00,33.4,38,12.5
2025-10-08T11:00,35.5,33,11.6
2025-10-08T12:00,37.4,25,9.8
2025-10-08T13:00,38.2,23,9.8
2025-10-08T14:00,37.1,34,15.9
2025-10-08T15:00,36.4,34,18.6
2025-10-08T16:00,35.3,39,16.7
2025-10-08T17:00,33.4,53,14.6
2025-10-08T18:00,31.6,62,14.2
2025-10-08T19:00,30.6,72,11.0
2025-10-08T20:00,29.8,76,5.8
2025-10-08T21:00,29.0,80,10.5
2025-10-08T22:00,28.5,79,10.6
2025-10-08T23:00,28.1,77,8.3
2025-10-09T00:00,27.6,76,1.3
2025-10-09T01:00,26.7,84,7.9
2025-10-09T02:00,26.0,86,5.9
2025-10-09T03:00,25.4,86,8.7
2025-10-09T04:00,24.7,90,10.6
2025-10-09T05:00,24.6,89,12.2
2025-10-09T06:00,24.4,88,12.8
2025-10-09T07:00,24.9,79,15.5
2025-10-09T08:00,27.3,58,12.5
2025-10-09T09:00,29.9,52,15.2
2025-10-09T10:00,32.7,45,17.1
2025-10-09T11:00,35.0,35,16.1
2025-10-09T12:00,36.6,28,12.8
2025-10-09T13:00,37.7,24,8.4
2025-10-09T14:00,38.2,21,9.5
2025-10-09T15:00,37.6,27,16.1
2025-10-09T16:00,35.5,38,20.5
2025-10-09T17:00,34.3,39,16.2
2025-10-09T18:00,32.4,50,12.5
2025-10-09T19:00,31.4,55,7.2
2025-10-09T20:00,30.4,60,5.4
2025-10-09T21:00,29.4,64,6.7
2025-10-09T22:00,28.6,64,10.1
2025-10-09T23:00,27.9,64,5.5
2025-10-10T00:00,27.2,70,8.5
2025-10-10T01:00,26.6,74,6.4
2025-10-10T02:00,26.3,74,7.1
2025-10-10T03:00,25.9,76,10.2
2025-10-10T04:00,25.1,81,10.8
2025-10-10T05:00,25.0,82,11.2
2025-10-10T06:00,24.3,88,9.1
2025-10-10T07:00,24.8,86,8.5
2025-10-10T08:00,27.3,72,9.6
2025-10-10T09:00,31.0,51,14.1
2025-10-10T10:00,33.9,37,19.3
2025-10-10T11:00,35.6,29,15.4
2025-10-10T12:00,36.8,24,9.2
2025-10-10T13:00,37.6,20,8.3
2025-10-10T14:00,37.8,19,12.3
2025-10-10T15:00,37.3,20,14.9
2025-10-10T16:00,35.9,27,14.5
2025-10-10T17:00,33.9,36,17.5
2025-10-10T18:00,32.0,49,18.7
2025-10-10T19:00,31.3,57,14.5
2025-10-10T20:00,30.7,61,12.4
2025-10-10T21:00,30.1,62,8.8
2025-10-10T22:00,29.4,64,4.9
2025-10-10T23:00,29.1,66,3.6
2025-10-11T00:00,28.0,71,6.7
2025-10-11T01:00,26.9,77,9.5
2025-10-11T02:00,26.0,82,9.2
2025-10-11T03:00,25.5,84,8.2
2025-10-11T04:00,25.0,85,7.7
2025-10-11T05:00,25.2,83,7.6
2025-10-11T06:00,24.8,84,7.4
2025-10-11T07:00,25.3,81,7.2
2025-10-11T08:00,27.9,70,5.5
2025-10-11T09:00,30.4,60,5.8
2025-10-11T10:00,32.0,49,7.9
2025-10-11T11:00,33.9,34,8.9
2025-10-11T12:00,35.4,25,9.2
2025-10-11T13:00,36.2,23,9.8
2025-10-11T14:00,35.3,35,16.0
2025-10-11T15:00,33.5,49,20.8
2025-10-11T16:00,33.8,44,17.2
2025-10-11T17:00,32.3,55,17.3
2025-10-11T18:00,31.0,58,14.5
2025-10-11T19:00,30.7,61,11.7
2025-10-11T20:00,30.2,63,9.6
2025-10-11T21:00,29.7,60,10.8
2025-10-11T22:00,29.0,62,7.3
2025-10-11T23:00,28.6,64,8.3
2025-10-12T00:00,27.9,66,9.3
2025-10-12T01:00,27.1,69,8.4
2025-10-12T02:00,26.5,72,8.0
2025-10-12T03:00,26.1,75,7.7
2025-10-12T04:00,25.8,75,7.0
2025-10-12T05:00,25.9,75,7.9
2025-10-12T06:00,25.6,75,9.6
2025-10-12T07:00,26.2,71,10.3
2025-10-12T08:00,28.9,55,10.2
2025-10-12T09:00,31.4,35,9.9
2025-10-12T10:00,33.8,29,13.8
2025-10-12T11:00,35.6,28,17.9
2025-10-12T12:00,36.5,26,17.8
2025-10-12T13:00,37.3,23,14.8
2025-10-12T14:00,37.3,23,13.7
2025-10-12T15:00,38.1,22,11.2
2025-10-12T16:00,34.5,39,19.8
2025-10-12T17:00,33.7,37,19.3
2025-10-12T18:00,33.5,36,12.9
2025-10-12T19:00,33.4,36,15.2
2025-10-12T20:00,32.1,46,12.8
2025-10-12T21:00,31.4,56,15.5
2025-10-12T22:00,31.3,50,14.6
2025-10-12T23:00,30.9,58,15.7
2025-10-13T00:00,30.9,50,14.8
2025-10-13T01:00,30.7,42,14.2
2025-10-13T02:00,30.4,41,11.8
2025-10-13T03:00,29.6,43,10.3
2025-10-13T04:00,29.2,53,3.1
2025-10-13T05:00,29.2,53,1.7
2025-10-13T06:00,29.3,46,11.6
2025-10-13T07:00,29.6,43,14.6
2025-10-13T08:00,31.0,40,15.0
2025-10-13T09:00,33.0,33,18.6
2025-10-13T10:00,33.9,33,20.5
2025-10-13T11:00,34.8,31,18.9
2025-10-13T12:00,35.7,28,14.0
2025-10-13T13:00,36.4,26,7.3
2025-10-13T14:00,36.3,26,4.9
2025-10-13T15:00,36.4,26,8.3
2025-10-13T16:00,35.2,28,16.1
2025-10-13T17:00,34.6,31,14.4
2025-10-13T18:00,32.7,45,12.5
2025-10-13T19:00,31.8,52,11.0
2025-10-13T20:00,31.0,56,8.3
2025-10-13T21:00,30.2,61,7.2
2025-10-13T22:00,29.9,57,4.6
2025-10-13T23:00,29.8,59,1.9
2025-10-14T00:00,29.2,62,0.9
2025-10-14T01:00,28.3,64,3.6
2025-10-14T02:00,27.6,64,4.9
2025-10-14T03:00,27.2,64,3.7
2025-10-14T04:00,26.0,62,2.0
2025-10-14T05:00,25.9,63,5.4
2025-10-14T06:00,25.6,64,9.4
2025-10-14T07:00,25.5,65,8.0
2025-10-14T08:00,28.5,55,4.9
2025-10-14T09:00,31.1,53,2.1
2025-10-14T10:00,33.1,49,5.2
2025-10-14T11:00,34.8,38,10.3
2025-10-14T12:00,35.9,30,16.3
2025-10-14T13:00,34.9,36,15.2
2025-10-14T14:00,34.6,40,13.6
2025-10-14T15:00,34.3,41,14.5
2025-10-14T16:00,34.3,37,14.5
2025-10-14T17:00,33.3,42,13.1
2025-10-14T18:00,32.1,50,11.5
2025-10-14T19:00,31.4,57,10.4
2025-10-14T20:00,30.8,62,12.9
2025-10-14T21:00,30.3,65,10.9
2025-10-14T22:00,29.4,65,6.9
2025-10-14T23:00,29.2,67,6.6
2025-10-15T00:00,28.5,72,7.0
2025-10-15T01:00,27.9,76,5.4
2025-10-15T02:00,27.4,79,7.0
2025-10-15T03:00,27.0,82,6.7
2025-10-15T04:00,26.5,79,6.9
2025-10-15T05:00,26.5,79,7.2
2025-10-15T06:00,26.1,79,9.5
2025-10-15T07:00,26.0,79,9.9
2025-10-15T08:00,28.6,69,9.3
2025-10-15T09:00,30.9,64,8.3
2025-10-15T10:00,32.3,63,5.7
2025-10-15T11:00,34.0,54,7.6
2025-10-15T12:00,35.6,43,11.0
2025-10-15T13:00,35.7,43,14.7
2025-10-15T14:00,34.9,47,17.1
2025-10-15T15:00,34.8,43,17.6
2025-10-15T16:00,33.7,47,16.9
2025-10-15T17:00,32.1,59,15.5
2025-10-15T18:00,30.8,71,14.8
2025-10-15T19:00,30.3,73,10.2
2025-10-15T20:00,29.8,77,4.8
2025-10-15T21:00,29.1,82,3.6
2025-10-15T22:00,28.3,86,5.1
2025-10-15T23:00,27.8,88,6.9
2025-10-16T00:00,27.0,91,6.4
2025-10-16T01:00,26.1,95,6.7
2025-10-16T02:00,25.5,97,6.3
2025-10-16T03:00,24.9,98,5.9
2025-10-16T04:00,24.9,97,8.3
2025-10-16T05:00,25.4,90,10.9
2025-10-16T06:00,25.6,76,14.5
2025-10-16T07:00,25.8,69,13.1
2025-10-16T08:00,28.0,59,16.3
2025-10-16T09:00,30.0,52,18.6
2025-10-16T10:00,31.8,45,19.0
2025-10-16T11:00,33.5,38,16.4
2025-10-16T12:00,34.7,34,11.9
2025-10-16T13:00,35.5,31,7.2
2025-10-16T14:00,36.1,29,4.1
2025-10-16T15:00,35.9,29,7.1
2025-10-16T16:00,33.6,46,21.3
2025-10-16T17:00,32.4,51,18.8
2025-10-16T18:00,31.5,56,14.2
2025-10-16T19:00,31.2,59,11.3
2025-10-16T20:00,30.6,61,7.0
2025-10-16T21:00,29.7,65,5.5
2025-10-16T22:00,28.9,65,6.5
2025-10-16T23:00,28.8,65,7.8
2025-10-17T00:00,28.1,67,7.7
2025-10-17T01:00,27.5,69,10.0
2025-10-17T02:00,26.9,67,10.9
2025-10-17T03:00,26.4,67,10.3
2025-10-17T04:00,25.7,71,8.5
2025-10-17T05:00,26.0,71,12.2
2025-10-17T06:00,25.7,68,10.4
2025-10-17T07:00,26.2,53,10.3
2025-10-17T08:00,28.4,42,11.6
2025-10-17T09:00,30.5,36,18.4
2025-10-17T10:00,32.1,33,19.6
2025-10-17T11:00,33.5,30,17.3
2025-10-17T12:00,34.6,28,13.5
2025-10-17T13:00,35.3,26,9.2
2025-10-17T14:00,35.9,25,5.3
2025-10-17T15:00,36.1,24,5.3
2025-10-17T16:00,33.7,37,19.4
2025-10-17T17:00,32.2,43,18.7
2025-10-17T18:00,30.9,51,16.4
2025-10-17T19:00,30.5,55,10.2
2025-10-17T20:00,29.9,57,7.5
2025-10-17T21:00,29.2,59,6.8
2025-10-17T22:00,28.5,62,6.8
2025-10-17T23:00,28.0,63,7.4
2025-10-18T00:00,27.0,66,7.4
2025-10-18T01:00,26.1,69,6.5
2025-10-18T02:00,25.4,71,6.5
2025-10-18T03:00,24.8,74,6.4
2025-10-18T04:00,24.4,71,6.5
2025-10-18T05:00,24.5,69,5.3
2025-10-18T06:00,24.2,69,8.6
2025-10-18T07:00,25.2,57,10.1
2025-10-18T08:00,27.7,38,10.4
2025-10-18T09:00,30.3,29,18.0
2025-10-18T10:00,32.7,28,20.9
2025-10-18T11:00,34.2,26,17.9
2025-10-18T12:00,35.2,25,13.1
2025-10-18T13:00,36.0,23,8.9
2025-10-18T14:00,36.3,23,12.1
2025-10-18T15:00,34.2,36,22.1
2025-10-18T16:00,33.1,41,17.9
2025-10-18T17:00,32.1,45,17.4
2025-10-18T18:00,30.9,52,14.6
2025-10-18T19:00,30.4,57,10.2
2025-10-18T20:00,29.8,61,7.2
2025-10-18T21:00,28.9,65,5.7
2025-10-18T22:00,28.3,66,6.8
2025-10-18T23:00,27.7,65,6.3
2025-10-19T00:00,27.0,68,6.7
2025-10-19T01:00,26.2,71,7.7
2025-10-19T02:00,25.5,74,6.8
2025-10-19T03:00,25.1,76,7.7
2025-10-19T04:00,24.5,73,9.0
2025-10-19T05:00,24.5,71,8.0
2025-10-19T06:00,23.9,72,7.3
2025-10-19T07:00,24.1,70,6.9
2025-10-19T08:00,26.4,59,7.2
2025-10-19T09:00,29.7,49,8.5
2025-10-19T10:00,31.9,45,7.5
2025-10-19T11:00,33.4,39,7.0
2025-10-19T12:00,34.2,38,9.9
2025-10-19T13:00,33.8,47,15.0
2025-10-19T14:00,33.5,46,17.6
2025-10-19T15:00,32.9,46,19.1
2025-10-19T16:00,32.1,56,19.5
2025-10-19T17:00,31.0,62,18.2
2025-10-19T18:00,30.3,63,15.8
2025-10-19T19:00,30.0,64,13.8
2025-10-19T20:00,29.5,66,10.5
2025-10-19T21:00,28.7,70,5.4
2025-10-19T22:00,28.1,73,4.0
2025-10-19T23:00,27.5,75,6.2
2025-10-20T00:00,26.9,78,7.5
2025-10-20T01:00,26.1,81,8.4
2025-10-20T02:00,25.2,84,8.5
2025-10-20T03:00,24.6,87,8.2
2025-10-20T04:00,24.3,85,8.0
2025-10-20T05:00,24.2,86,7.4
2025-10-20T06:00,23.5,91,7.6
2025-10-20T07:00,23.8,91,7.1
2025-10-20T08:00,26.7,77,3.5
2025-10-20T09:00,29.5,61,1.6
2025-10-20T10:00,31.3,58,1.7
2025-10-20T11:00,33.4,45,6.2
2025-10-20T12:00,35.0,31,11.6
2025-10-20T13:00,35.1,26,14.2
2025-10-20T14:00,34.9,28,15.3
2025-10-20T15:00,33.8,39,15.6
2025-10-20T16:00,33.4,37,17.6
2025-10-20T17:00,31.7,50,17.4
2025-10-20T18:00,30.4,60,14.4
2025-10-20T19:00,30.1,57,13.9
2025-10-20T20:00,29.3,55,9.8
2025-10-20T21:00,28.1,63,6.9
2025-10-20T22:00,28.2,61,2.2
2025-10-20T23:00,27.5,64,5.6
2025-10-21T00:00,27.1,65,1.5
2025-10-21T01:00,26.6,66,2.1
2025-10-21T02:00,25.8,69,5.3
2025-10-21T03:00,25.2,72,5.9
2025-10-21T04:00,24.4,83,7.9
2025-10-21T05:00,24.3,84,8.7
2025-10-21T06:00,23.8,86,9.3
2025-10-21T07:00,23.9,86,8.6
2025-10-21T08:00,26.6,73,6.6
2025-10-21T09:00,29.8,55,6.0
2025-10-21T10:00,32.6,36,5.4
2025-10-21T11:00,34.8,23,6.1
2025-10-21T12:00,36.0,18,5.5
2025-10-21T13:00,36.5,18,8.4
2025-10-21T14:00,35.4,29,15.3
2025-10-21T15:00,34.2,35,21.3
2025-10-21T16:00,33.0,43,18.1
2025-10-21T17:00,31.5,48,22.0
2025-10-21T18:00,30.3,61,15.2
2025-10-21T19:00,30.1,62,13.4
2025-10-21T20:00,29.3,65,7.0
2025-10-21T21:00,28.3,70,7.1
2025-10-21T22:00,27.7,71,6.0
2025-10-21T23:00,27.2,72,6.7
2025-10-22T00:00,26.6,75,6.9
2025-10-22T01:00,25.9,79,6.0
2025-10-22T02:00,25.4,81,4.3
2025-10-22T03:00,24.9,82,3.1
2025-10-22T04:00,24.3,87,6.7
2025-10-22T05:00,24.2,86,8.0
2025-10-22T06:00,23.7,85,8.6
2025-10-22T07:00,23.7,79,7.8
2025-10-22T08:00,26.4,64,4.9
2025-10-22T09:00,29.6,52,5.1
2025-10-22T10:00,32.1,48,5.6
2025-10-22T11:00,34.1,37,4.7
2025-10-22T12:00,35.6,28,3.6
2025-10-22T13:00,35.8,31,10.4
2025-10-22T14:00,34.6,44,17.6
2025-10-22T15:00,34.1,45,18.3
2025-10-22T16:00,34.4,35,18.6
2025-10-22T17:00,33.3,37,16.6
2025-10-22T18:00,31.1,50,15.4
2025-10-22T19:00,30.5,52,15.0
2025-10-22T20:00,29.9,54,12.7
2025-10-22T21:00,28.9,56,9.8
2025-10-22T22:00,27.7,56,6.3
2025-10-22T23:00,27.2,58,1.7
2025-10-23T00:00,26.5,62,5.5
2025-10-23T01:00,26.5,68,1.4
2025-10-23T02:00,26.1,72,3.6
2025-10-23T03:00,25.9,74,2.5
2025-10-23T04:00,25.3,69,3.1
2025-10-23T05:00,25.5,71,3.2
2025-10-23T06:00,24.8,74,6.5
2025-10-23T07:00,24.5,76,8.2
2025-10-23T08:00,26.4,68,4.3
2025-10-23T09:00,29.5,60,1.5
2025-10-23T10:00,31.9,50,5.1
2025-10-23T11:00,33.2,44,5.7
2025-10-23T12:00,34.1,42,9.3
2025-10-23T13:00,34.2,43,14.7
2025-10-23T14:00,33.7,42,18.1
2025-10-23T15:00,33.0,44,18.7
2025-10-23T16:00,32.0,54,20.0
2025-10-23T17:00,31.1,55,17.5
2025-10-23T18:00,30.1,56,16.9
2025-10-23T19:00,29.8,57,14.4
2025-10-23T20:00,29.3,57,12.3
2025-10-23T21:00,28.2,63,5.3
2025-10-23T22:00,27.1,63,8.0
2025-10-23T23:00,26.5,68,4.8
2025-10-24T00:00,26.4,68,1.5
2025-10-24T01:00,26.3,67,1.6
2025-10-24T02:00,26.1,66,2.3
2025-10-24T03:00,25.8,66,1.5
2025-10-24T04:00,25.1,71,4.2
2025-10-24T05:00,24.6,73,6.3
2025-10-24T06:00,23.9,76,7.9
2025-10-24T07:00,24.0,75,8.6
2025-10-24T08:00,26.2,65,5.1
2025-10-24T09:00,29.5,51,4.7
2025-10-24T10:00,31.4,41,0.3
2025-10-24T11:00,32.9,34,5.3
2025-10-24T12:00,34.0,28,11.4
2025-10-24T13:00,34.1,29,15.9
2025-10-24T14:00,33.8,31,17.6
2025-10-24T15:00,33.0,34,17.1
2025-10-24T16:00,32.4,38,15.7
2025-10-24T17:00,31.4,40,15.9
2025-10-24T18:00,30.6,40,13.4
2025-10-24T19:00,30.0,42,11.1
2025-10-24T20:00,29.3,44,10.7
2025-10-24T21:00,28.6,48,9.4
2025-10-24T22:00,27.9,52,4.1
2025-10-24T23:00,27.6,54,0.6
2025-10-25T00:00,27.1,55,1.7
2025-10-25T01:00,26.3,58,2.6
2025-10-25T02:00,24.9,63,6.2
2025-10-25T03:00,23.8,65,8.4
2025-10-25T04:00,23.2,64,8.1
2025-10-25T05:00,23.4,63,7.8
2025-10-25T06:00,23.0,65,8.7
2025-10-25T07:00,23.1,65,9.0
2025-10-25T08:00,26.1,54,7.7
2025-10-25T09:00,29.4,45,9.2
2025-10-25T10:00,30.9,46,4.1
2025-10-25T11:00,32.1,41,2.7
2025-10-25T12:00,33.3,35,4.7
2025-10-25T13:00,34.2,32,6.9
2025-10-25T14:00,34.2,34,11.1
2025-10-25T15:00,32.5,47,19.3
2025-10-25T16:00,31.3,48,21.5
2025-10-25T17:00,31.1,47,18.2
2025-10-25T18:00,29.8,52,14.8
2025-10-25T19:00,29.8,56,12.1
2025-10-25T20:00,29.1,60,8.9
2025-10-25T21:00,28.3,63,3.1
2025-10-25T22:00,27.6,63,4.8
2025-10-25T23:00,26.9,65,6.0
2025-10-26T00:00,26.1,68,6.5
2025-10-26T01:00,25.5,70,8.3
2025-10-26T02:00,24.7,74,8.5
2025-10-26T03:00,24.0,77,8.5
2025-10-26T04:00,23.4,80,8.5
2025-10-26T05:00,22.8,82,8.1
2025-10-26T06:00,22.3,84,8.0
2025-10-26T07:00,22.5,82,8.3
2025-10-26T08:00,25.5,68,7.6
2025-10-26T09:00,28.3,59,7.5
2025-10-26T10:00,29.5,55,2.6
2025-10-26T11:00,30.6,50,2.8
2025-10-26T12:00,31.7,45,7.7
2025-10-26T13:00,32.1,44,14.5
2025-10-26T14:00,31.6,45,18.2
2025-10-26T15:00,31.1,46,17.2
2025-10-26T16:00,31.4,46,17.8
2025-10-26T17:00,30.1,50,16.5
2025-10-26T18:00,29.3,54,11.5
2025-10-26T19:00,28.7,57,6.7
2025-10-26T20:00,28.0,61,2.4
2025-10-26T21:00,27.5,63,1.5
2025-10-26T22:00,26.8,65,4.5
2025-10-26T23:00,26.0,68,6.5
2025-10-27T00:00,25.3,70,7.5
2025-10-27T01:00,24.5,74,7.3
2025-10-27T02:00,23.7,76,7.4
2025-10-27T03:00,22.9,79,7.8
2025-10-27T04:00,22.2,82,8.9
2025-10-27T05:00,21.4,85,8.9
2025-10-27T06:00,20.8,88,8.4
2025-10-27T07:00,21.0,87,7.6
2025-10-27T08:00,23.7,74,4.5
2025-10-27T09:00,27.0,59,4.1
2025-10-27T10:00,29.5,49,1.9
2025-10-27T11:00,31.0,43,2.4
2025-10-27T12:00,32.1,40,3.9
2025-10-27T13:00,32.7,39,8.2
2025-10-27T14:00,32.3,44,13.9
2025-10-27T15:00,31.6,48,17.7
2025-10-27T16:00,31.1,51,18.3
2025-10-27T17:00,30.5,54,16.0
2025-10-27T18:00,29.2,61,15.8
2025-10-27T19:00,28.9,62,8.1
2025-10-27T20:00,28.4,66,5.8
2025-10-27T21:00,27.8,70,4.7
2025-10-27T22:00,27.4,69,2.4
2025-10-27T23:00,26.9,70,1.9
2025-10-28T00:00,26.5,71,1.8
2025-10-28T01:00,25.7,74,4.7
2025-10-28T02:00,25.0,77,5.4
2025-10-28T03:00,24.1,82,6.6
2025-10-28T04:00,23.6,84,8.6
2025-10-28T05:00,23.4,85,7.5
2025-10-28T06:00,23.1,86,7.4
2025-10-28T07:00,23.4,84,7.2
2025-10-28T08:00,26.0,72,5.4
2025-10-28T09:00,28.9,61,4.7
2025-10-28T10:00,31.0,54,6.9
2025-10-28T11:00,32.8,45,7.6
2025-10-28T12:00,33.6,43,10.2
2025-10-28T13:00,33.6,45,14.2
2025-10-28T14:00,32.7,51,20.9
2025-10-28T15:00,32.3,48,21.8
2025-10-28T16:00,32.1,51,20.6
2025-10-28T17:00,30.6,56,21.7
2025-10-28T18:00,30.2,59,16.2
2025-10-28T19:00,29.6,62,10.9
2025-10-28T20:00,29.0,65,6.8
2025-10-28T21:00,28.2,68,5.9
2025-10-28T22:00,27.7,69,3.1
2025-10-28T23:00,27.2,71,2.9
2025-10-29T00:00,26.8,73,2.7
2025-10-29T01:00,26.3,75,2.5
2025-10-29T02:00,25.8,77,3.6
2025-10-29T03:00,25.0,80,5.6
2025-10-29T04:00,24.2,81,6.9
2025-10-29T05:00,24.1,82,7.2
2025-10-29T06:00,23.6,84,8.5
2025-10-29T07:00,23.4,85,7.7
2025-10-29T08:00,25.8,74,5.1
2025-10-29T09:00,28.7,63,4.7
2025-10-29T10:00,30.8,58,5.9
2025-10-29T11:00,32.3,52,9.3
2025-10-29T12:00,33.2,49,13.9
2025-10-29T13:00,33.2,46,17.8
2025-10-29T14:00,32.7,46,20.1
2025-10-29T15:00,32.2,49,18.0
2025-10-29T16:00,31.8,49,20.9
2025-10-29T17:00,31.2,51,20.8
2025-10-29T18:00,30.1,53,17.2
2025-10-29T19:00,29.8,56,14.0
2025-10-29T20:00,29.2,61,10.0
2025-10-29T21:00,28.5,66,7.7
2025-10-29T22:00,27.7,69,3.8
2025-10-29T23:00,27.4,71,2.0
2025-10-30T00:00,26.8,73,3.1
2025-10-30T01:00,26.4,75,2.9
2025-10-30T02:00,26.1,77,2.7
2025-10-30T03:00,25.8,79,2.1
2025-10-30T04:00,25.2,76,4.6
2025-10-30T05:00,24.9,78,5.5
2025-10-30T06:00,24.2,80,8.1
2025-10-30T07:00,24.1,81,8.7
2025-10-30T08:00,26.3,71,5.7
2025-10-30T09:00,28.9,64,4.2
2025-10-30T10:00,30.9,56,5.8
2025-10-30T11:00,32.4,46,10.6
2025-10-30T12:00,33.0,43,15.6
2025-10-30T13:00,33.0,41,17.5
2025-10-30T14:00,32.7,41,17.1
2025-10-30T15:00,32.2,44,17.8
2025-10-30T16:00,31.8,47,19.2
2025-10-30T17:00,30.8,53,17.5
2025-10-30T18:00,29.8,58,14.6
2025-10-30T19:00,29.5,60,12.1
2025-10-30T20:00,28.8,63,8.7
2025-10-30T21:00,28.0,66,4.7
2025-10-30T22:00,27.5,67,4.8
2025-10-30T23:00,26.9,69,6.5
2025-10-31T00:00,26.2,71,7.6
2025-10-31T01:00,25.4,74,7.2
2025-10-31T02:00,24.9,76,6.6
2025-10-31T03:00,24.3,79,6.7
2025-10-31T04:00,23.5,80,7.5
2025-10-31T05:00,23.5,80,7.6
2025-10-31T06:00,23.2,81,8.0
2025-10-31T07:00,23.4,80,7.8
2025-10-31T08:00,26.0,69,5.0
2025-10-31T09:00,28.8,61,5.4
2025-10-31T10:00,30.8,55,7.0
2025-10-31T11:00,32.2,48,9.2
2025-10-31T12:00,33.3,41,12.9
2025-10-31T13:00,33.6,39,16.0
2025-10-31T14:00,33.1,39,19.6
2025-10-31T15:00,32.5,41,19.5
2025-10-31T16:00,32.0,44,18.7
2025-10-31T17:00,30.9,47,20.2
2025-10-31T18:00,30.1,51,16.7
2025-10-31T19:00,29.5,53,12.5
2025-10-31T20:00,28.9,54,8.3
2025-10-31T21:00,28.2,57,7.9
2025-10-31T22:00,27.7,59,5.2
2025-10-31T23:00,27.3,61,6.7
2025-11-01T00:00,26.8,63,7.2
2025-11-01T01:00,26.5,64,6.2
2025-11-01T02:00,26.0,66,7.5
2025-11-01T03:00,25.5,69,6.6
2025-11-01T04:00,23.6,73,10.3
2025-11-01T05:00,23.1,76,9.7
2025-11-01T06:00,22.7,78,8.6
2025-11-01T07:00,23.0,78,8.3
2025-11-01T08:00,25.4,68,5.8
2025-11-01T09:00,28.6,58,5.6
2025-11-01T10:00,30.9,50,6.7
2025-11-01T11:00,32.7,41,11.6
2025-11-01T12:00,33.5,36,16.5
2025-11-01T13:00,33.5,35,19.1
2025-11-01T14:00,33.3,34,19.2
2025-11-01T15:00,32.9,36,19.6
2025-11-01T16:00,32.1,40,18.7
2025-11-01T17:00,31.0,46,18.2
2025-11-01T18:00,30.0,51,15.3
2025-11-01T19:00,29.4,54,14.8
2025-11-01T20:00,29.0,54,14.8
2025-11-01T21:00,28.3,58,11.1
2025-11-01T22:00,27.1,59,8.4
2025-11-01T23:00,26.8,60,8.1
2025-11-02T00:00,26.4,63,6.7
2025-11-02T01:00,26.0,68,6.4
2025-11-02T02:00,25.6,71,6.4
2025-11-02T03:00,25.3,74,6.6
2025-11-02T04:00,25.0,68,4.3
2025-11-02T05:00,25.1,70,4.2
2025-11-02T06:00,25.0,72,4.1
2025-11-02T07:00,25.2,72,2.0
2025-11-02T08:00,27.2,65,0.8
2025-11-02T09:00,29.3,56,4.2
2025-11-02T10:00,30.8,44,9.7
2025-11-02T11:00,31.9,36,10.8
2025-11-02T12:00,32.2,34,14.7
2025-11-02T13:00,32.0,37,17.0
2025-11-02T14:00,31.7,41,17.6
2025-11-02T15:00,31.3,43,16.3
2025-11-02T16:00,30.8,45,15.2
2025-11-02T17:00,29.8,48,13.5
2025-11-02T18:00,28.8,52,8.7
2025-11-02T19:00,27.9,56,5.7
2025-11-02T20:00,27.2,58,7.8
2025-11-02T21:00,26.7,60,9.2
2025-11-02T22:00,26.3,57,10.7
2025-11-02T23:00,26.0,57,10.5
2025-11-03T00:00,25.3,60,10.0
2025-11-03T01:00,24.6,62,8.7
2025-11-03T02:00,24.1,63,7.8
2025-11-03T03:00,23.4,68,8.9
2025-11-03T04:00,23.3,67,10.5
2025-11-03T05:00,22.9,66,11.6
2025-11-03T06:00,22.2,67,12.8
2025-11-03T07:00,22.6,66,12.1
2025-11-03T08:00,25.1,57,10.3
2025-11-03T09:00,28.0,48,10.6
2025-11-03T10:00,29.9,46,12.2
2025-11-03T11:00,31.2,42,12.3
2025-11-03T12:00,31.8,40,15.5
2025-11-03T13:00,32.0,40,18.8
2025-11-03T14:00,31.9,41,20.3
2025-11-03T15:00,31.5,43,20.8
2025-11-03T16:00,31.3,44,17.5
2025-11-03T17:00,30.6,46,17.5
2025-11-03T18:00,29.9,49,14.0
2025-11-03T19:00,29.5,53,12.8
2025-11-03T20:00,28.6,58,10.4
2025-11-03T21:00,28.0,60,8.7
2025-11-03T22:00,27.7,60,7.6
2025-11-03T23:00,27.3,61,6.3
2025-11-04T00:00,26.7,62,4.3
2025-11-04T01:00,26.1,64,2.8
2025-11-04T02:00,25.3,67,4.5
2025-11-04T03:00,24.1,73,8.8
2025-11-04T04:00,23.1,73,9.4
2025-11-04T05:00,22.7,74,7.8
2025-11-04T06:00,22.2,77,8.6
2025-11-04T07:00,22.1,78,9.1
2025-11-04T08:00,24.8,66,8.0
2025-11-04T09:00,28.1,53,8.5
2025-11-04T10:00,29.8,48,5.1
2025-11-04T11:00,31.3,39,4.9
2025-11-04T12:00,32.9,32,10.8
2025-11-04T13:00,33.8,30,13.0
2025-11-04T14:00,35.1,23,9.8
2025-11-04T15:00,34.2,25,10.3
2025-11-04T16:00,31.8,46,20.3
2025-11-04T17:00,30.4,54,20.4
2025-11-04T18:00,29.2,56,17.1
2025-11-04T19:00,28.5,53,15.1
2025-11-04T20:00,27.7,49,12.1
2025-11-04T21:00,26.5,41,10.9
2025-11-04T22:00,25.8,36,11.5
2025-11-04T23:00,25.2,37,12.5
2025-11-05T00:00,24.4,40,13.7
2025-11-05T01:00,23.9,38,14.8
2025-11-05T02:00,23.2,37,14.9
2025-11-05T03:00,22.7,37,14.6
2025-11-05T04:00,22.8,35,15.7
2025-11-05T05:00,22.8,37,12.9
2025-11-05T06:00,21.9,43,11.4
2025-11-05T07:00,21.9,45,11.2
2025-11-05T08:00,24.4,39,9.6
2025-11-05T09:00,27.5,32,8.4
2025-11-05T10:00,30.2,27,6.3
2025-11-05T11:00,32.5,22,6.3
2025-11-05T12:00,34.1,16,6.1
2025-11-05T13:00,34.8,15,7.6
2025-11-05T14:00,34.6,18,15.5
2025-11-05T15:00,33.4,23,22.2
2025-11-05T16:00,31.9,33,21.2
2025-11-05T17:00,30.0,47,21.2
2025-11-05T18:00,28.2,55,17.1
2025-11-05T19:00,27.4,63,15.5
2025-11-05T20:00,26.5,67,10.4
2025-11-05T21:00,25.3,66,10.1
2025-11-05T22:00,24.4,63,8.3
2025-11-05T23:00,24.0,64,5.8
2025-11-06T00:00,23.1,67,6.7
2025-11-06T01:00,22.2,65,8.1
2025-11-06T02:00,21.4,58,9.0
2025-11-06T03:00,20.7,54,9.0
2025-11-06T04:00,20.8,63,7.5
2025-11-06T05:00,21.1,67,6.4
2025-11-06T06:00,20.5,70,9.6
2025-11-06T07:00,20.4,67,10.5
2025-11-06T08:00,23.1,52,9.2
2025-11-06T09:00,26.5,41,8.3
2025-11-06T10:00,29.2,40,7.6
2025-11-06T11:00,31.5,23,6.8
2025-11-06T12:00,33.0,16,4.3
2025-11-06T13:00,33.8,14,4.0
2025-11-06T14:00,33.6,20,11.5
2025-11-06T15:00,32.1,34,19.9
2025-11-06T16:00,30.6,34,21.2
2025-11-06T17:00,29.2,46,17.2
2025-11-06T18:00,27.8,54,11.7
2025-11-06T19:00,27.1,56,9.2
2025-11-06T20:00,26.1,58,7.9
2025-11-06T21:00,25.2,59,7.6
2025-11-06T22:00,24.1,58,8.6
2025-11-06T23:00,23.6,51,10.1
2025-11-07T00:00,22.6,54,10.9
2025-11-07T01:00,21.8,57,11.7
2025-11-07T02:00,21.3,57,13.0
2025-11-07T03:00,20.8,57,13.1
2025-11-07T04:00,19.9,58,13.2
2025-11-07T05:00,19.8,60,11.9
2025-11-07T06:00,19.1,62,11.5
2025-11-07T07:00,18.8,60,11.0
2025-11-07T08:00,21.5,46,9.9
2025-11-07T09:00,25.0,34,9.6
2025-11-07T10:00,27.7,33,12.2
2025-11-07T11:00,29.4,22,10.6
2025-11-07T12:00,30.9,18,7.3
2025-11-07T13:00,31.9,16,5.8
2025-11-07T14:00,32.5,14,4.7
2025-11-07T15:00,32.5,13,4.6
2025-11-07T16:00,32.0,20,10.1
2025-11-07T17:00,30.2,30,15.0
2025-11-07T18:00,28.0,42,12.1
2025-11-07T19:00,27.2,48,15.0
2025-11-07T20:00,26.3,55,13.4
2025-11-07T21:00,25.5,57,11.5
2025-11-07T22:00,24.5,56,11.6
2025-11-07T23:00,23.8,48,11.5
2025-11-08T00:00,22.5,46,11.8
2025-11-08T01:00,21.7,48,12.1
2025-11-08T02:00,21.0,51,13.1
2025-11-08T03:00,20.5,51,13.6
2025-11-08T04:00,19.3,50,12.2
2025-11-08T05:00,19.2,46,11.9
2025-11-08T06:00,18.8,44,12.3
2025-11-08T07:00,18.9,41,12.3
2025-11-08T08:00,21.4,33,11.2
2025-11-08T09:00,25.2,24,7.2
2025-11-08T10:00,27.7,24,5.9
2025-11-08T11:00,29.7,20,7.9
2025-11-08T12:00,31.1,17,6.0
2025-11-08T13:00,32.1,16,5.6
2025-11-08T14:00,32.4,15,7.9
2025-11-08T15:00,31.9,19,12.9
2025-11-08T16:00,30.5,27,18.3
2025-11-08T17:00,28.8,39,17.5
2025-11-08T18:00,27.4,54,15.0
2025-11-08T19:00,26.8,52,12.8
2025-11-08T20:00,26.0,53,11.5
2025-11-08T21:00,24.8,53,9.2
2025-11-08T22:00,23.7,55,8.5
2025-11-08T23:00,22.9,58,6.5
2025-11-09T00:00,22.2,59,6.0
2025-11-09T01:00,21.1,62,8.0
2025-11-09T02:00,20.4,61,8.3
2025-11-09T03:00,19.7,61,8.3
2025-11-09T04:00,19.6,57,9.2
2025-11-09T05:00,19.3,58,8.1
2025-11-09T06:00,19.2,60,8.9
2025-11-09T07:00,19.2,59,9.9
2025-11-09T08:00,21.7,51,7.0
2025-11-09T09:00,25.6,42,5.5
2025-11-09T10:00,28.3,43,3.9
2025-11-09T11:00,29.9,41,6.2
2025-11-09T12:00,31.1,35,11.9
2025-11-09T13:00,31.3,34,15.2
2025-11-09T14:00,31.1,33,16.6
2025-11-09T15:00,30.6,34,16.7
2025-11-09T16:00,30.2,36,16.2
2025-11-09T17:00,29.3,38,15.5
2025-11-09T18:00,28.1,41,12.2
2025-11-09T19:00,27.3,44,10.7
2025-11-09T20:00,26.6,49,9.8
2025-11-09T21:00,26.0,53,9.7
2025-11-09T22:00,25.1,56,7.6
2025-11-09T23:00,25.0,57,6.4
2025-11-10T00:00,24.6,59,5.2
2025-11-10T01:00,24.2,59,5.0
2025-11-10T02:00,23.9,60,4.9
2025-11-10T03:00,23.6,60,4.0
2025-11-10T04:00,22.9,59,3.5
2025-11-10T05:00,21.8,63,8.7
2025-11-10T06:00,20.5,67,11.6
2025-11-10T07:00,19.5,72,9.7
2025-11-10T08:00,22.0,61,5.9
2025-11-10T09:00,26.2,48,5.3
2025-11-10T10:00,28.5,40,2.1
2025-11-10T11:00,29.7,36,2.3
2025-11-10T12:00,30.5,32,3.7
2025-11-10T13:00,31.1,30,5.2
2025-11-10T14:00,31.2,31,9.8
2025-11-10T15:00,30.3,35,17.2
2025-11-10T16:00,29.0,43,21.8
2025-11-10T17:00,28.6,46,15.1
2025-11-10T18:00,27.8,49,12.7
2025-11-10T19:00,27.2,49,10.3
2025-11-10T20:00,26.2,52,7.0
2025-11-10T21:00,25.5,56,6.6
2025-11-10T22:00,24.9,60,6.0
2025-11-10T23:00,24.1,64,6.1
2025-11-11T00:00,23.3,69,5.4
2025-11-11T01:00,22.4,74,7.1
2025-11-11T02:00,21.3,80,10.9
2025-11-11T03:00,19.9,87,9.2
2025-11-11T04:00,19.6,85,8.2
2025-11-11T05:00,19.8,83,7.4
2025-11-11T06:00,19.7,81,8.1
2025-11-11T07:00,19.8,78,8.6
2025-11-11T08:00,22.2,65,6.6
2025-11-11T09:00,25.9,51,6.0
2025-11-11T10:00,28.6,44,3.6
2025-11-11T11:00,30.0,32,3.7
2025-11-11T12:00,31.0,27,3.2
2025-11-11T13:00,31.6,25,3.6
2025-11-11T14:00,31.8,27,8.4
2025-11-11T15:00,30.7,38,17.3
2025-11-11T16:00,29.5,44,21.7
2025-11-11T17:00,28.7,48,16.9
2025-11-11T18:00,28.0,48,11.9
2025-11-11T19:00,27.2,51,10.4
2025-11-11T20:00,26.4,55,9.7
2025-11-11T21:00,25.3,59,9.7
2025-11-11T22:00,24.5,64,5.6
2025-11-11T23:00,23.7,67,4.9
2025-11-12T00:00,22.5,71,4.8
2025-11-12T01:00,21.0,74,7.8
2025-11-12T02:00,20.1,73,8.1
2025-11-12T03:00,19.5,73,6.5
2025-11-12T04:00,19.2,66,8.8
2025-11-12T05:00,18.6,69,7.3
2025-11-12T06:00,18.3,71,7.1
2025-11-12T07:00,18.4,71,8.1
2025-11-12T08:00,21.0,60,6.2
2025-11-12T09:00,24.7,47,4.3
2025-11-12T10:00,27.9,37,3.8
2025-11-12T11:00,29.9,27,4.9
2025-11-12T12:00,31.1,22,4.5
2025-11-12T13:00,32.0,18,3.1
2025-11-12T14:00,32.3,18,9.0
2025-11-12T15:00,30.9,30,19.7
2025-11-12T16:00,29.4,38,20.8
2025-11-12T17:00,28.7,48,20.8
2025-11-12T18:00,27.7,46,12.2
2025-11-12T19:00,26.9,58,11.1
2025-11-12T20:00,26.2,65,8.4
2025-11-12T21:00,25.3,69,7.0
2025-11-12T22:00,24.7,68,8.8
2025-11-12T23:00,24.1,70,7.5
2025-11-13T00:00,23.6,72,6.7
2025-11-13T01:00,22.2,76,8.2
2025-11-13T02:00,21.1,73,8.5
2025-11-13T03:00,20.6,69,8.0
2025-11-13T04:00,20.4,65,9.4
2025-11-13T05:00,19.8,67,9.7
2025-11-13T06:00,18.8,70,9.2
2025-11-13T07:00,18.6,70,9.4
2025-11-13T08:00,21.4,57,7.5
2025-11-13T09:00,25.5,44,6.9
2025-11-13T10:00,28.0,45,5.5
2025-11-13T11:00,29.5,43,7.1
2025-11-13T12:00,30.6,36,6.3
2025-11-13T13:00,31.2,34,9.0
2025-11-13T14:00,31.0,39,14.9
2025-11-13T15:00,30.2,41,20.3
2025-11-13T16:00,29.6,39,20.8
2025-11-13T17:00,28.8,44,17.1
2025-11-13T18:00,27.6,45,14.0
2025-11-13T19:00,26.7,48,9.6
2025-11-13T20:00,25.6,53,8.5
2025-11-13T21:00,24.5,60,8.1
2025-11-13T22:00,23.5,65,6.3
2025-11-13T23:00,23.1,69,3.5
2025-11-14T00:00,22.7,71,3.9
2025-11-14T01:00,22.2,74,2.7
2025-11-14T02:00,21.2,80,5.9
2025-11-14T03:00,20.2,83,8.6
2025-11-14T04:00,19.5,80,7.9
2025-11-14T05:00,19.3,78,7.9
2025-11-14T06:00,18.9,76,9.3
2025-11-14T07:00,18.6,74,10.0
2025-11-14T08:00,21.1,61,7.9
2025-11-14T09:00,25.1,47,6.4
2025-11-14T10:00,27.8,43,4.9
2025-11-14T11:00,29.6,34,5.8
2025-11-14T12:00,30.9,26,8.9
2025-11-14T13:00,31.3,26,11.6
2025-11-14T14:00,31.1,29,15.0
2025-11-14T15:00,30.3,32,18.2
2025-11-14T16:00,29.3,38,18.5
2025-11-14T17:00,28.9,39,14.5
2025-11-14T18:00,27.6,41,10.8
2025-11-14T19:00,26.5,44,7.1
2025-11-14T20:00,25.7,46,7.7
2025-11-14T21:00,24.8,49,9.6
2025-11-14T22:00,23.6,52,9.3
2025-11-14T23:00,22.6,58,9.4
2025-11-15T00:00,21.6,63,8.3
2025-11-15T01:00,20.8,67,8.0
2025-11-15T02:00,20.2,69,8.9
2025-11-15T03:00,19.6,71,9.4
2025-11-15T04:00,19.3,68,10.0
2025-11-15T05:00,18.8,69,9.4
2025-11-15T06:00,18.3,70,9.3
2025-11-15T07:00,18.3,69,10.0
2025-11-15T08:00,21.0,58,7.8
2025-11-15T09:00,24.9,46,5.8
2025-11-15T10:00,27.9,42,5.4
2025-11-15T11:00,29.5,34,6.4
2025-11-15T12:00,30.4,29,7.4
2025-11-15T13:00,30.9,28,10.9
2025-11-15T14:00,30.7,29,15.6
2025-11-15T15:00,30.0,31,18.6
2025-11-15T16:00,29.2,36,18.6
2025-11-15T17:00,28.5,43,14.9
2025-11-15T18:00,27.3,43,13.0
2025-11-15T19:00,26.6,43,9.9
2025-11-15T20:00,25.6,45,9.0
2025-11-15T21:00,24.8,48,10.6
2025-11-15T22:00,23.4,53,9.4
2025-11-15T23:00,22.5,57,8.3
2025-11-16T00:00,21.7,60,7.3
2025-11-16T01:00,21.1,62,7.8
2025-11-16T02:00,20.3,66,7.9
2025-11-16T03:00,19.6,68,8.5
2025-11-16T04:00,19.5,64,9.9
2025-11-16T05:00,19.3,65,9.4
2025-11-16T06:00,19.2,68,10.4
2025-11-16T07:00,19.5,71,10.9
2025-11-16T08:00,21.9,63,10.4
2025-11-16T09:00,25.4,51,9.0
2025-11-16T10:00,28.5,37,11.4
2025-11-16T11:00,30.0,29,8.9
2025-11-16T12:00,30.9,25,5.8
2025-11-16T13:00,31.5,23,4.2
2025-11-16T14:00,31.8,22,2.7
2025-11-16T15:00,31.1,27,10.5
2025-11-16T16:00,29.5,39,18.1
2025-11-16T17:00,28.2,44,17.6
2025-11-16T18:00,27.2,47,15.1
2025-11-16T19:00,26.6,48,9.1
2025-11-16T20:00,25.4,53,7.5
2025-11-16T21:00,24.8,55,9.1
2025-11-16T22:00,23.9,61,7.7
2025-11-16T23:00,23.6,61,7.1
2025-11-17T00:00,22.9,63,7.7
2025-11-17T01:00,21.8,67,8.7
2025-11-17T02:00,20.6,72,9.4
2025-11-17T03:00,19.7,76,8.1
2025-11-17T04:00,18.9,79,8.1
2025-11-17T05:00,19.2,79,8.0
2025-11-17T06:00,18.6,85,8.2
2025-11-17T07:00,18.5,87,8.8
2025-11-17T08:00,21.0,75,7.4
2025-11-17T09:00,24.4,59,6.2
2025-11-17T10:00,27.6,49,8.4
2025-11-17T11:00,29.1,40,7.4
2025-11-17T12:00,30.2,33,4.9
2025-11-17T13:00,30.8,31,7.4
2025-11-17T14:00,30.4,36,15.6
2025-11-17T15:00,29.3,38,20.0
2025-11-17T16:00,28.5,42,17.6
2025-11-17T17:00,27.5,50,16.6
2025-11-17T18:00,26.4,53,12.5
2025-11-17T19:00,25.7,56,10.6
2025-11-17T20:00,25.0,60,9.1
2025-11-17T21:00,24.2,63,7.5
2025-11-17T22:00,23.4,65,6.4
2025-11-17T23:00,22.9,66,5.2
2025-11-18T00:00,21.8,69,7.4
2025-11-18T01:00,20.7,71,9.9
2025-11-18T02:00,19.5,76,9.9
2025-11-18T03:00,18.7,80,9.3
2025-11-18T04:00,18.6,79,9.5
2025-11-18T05:00,18.6,79,8.4
2025-11-18T06:00,18.2,82,8.9
2025-11-18T07:00,18.2,83,8.7
2025-11-18T08:00,20.3,74,5.9
2025-11-18T09:00,24.0,60,5.3
2025-11-18T10:00,26.6,55,3.8
2025-11-18T11:00,28.0,51,0.6
2025-11-18T12:00,29.5,42,3.5
2025-11-18T13:00,30.6,37,7.8
2025-11-18T14:00,30.4,42,13.0
2025-11-18T15:00,29.5,44,17.2
2025-11-18T16:00,28.7,47,15.3
2025-11-18T17:00,27.4,62,13.6
2025-11-18T18:00,26.2,72,9.7
2025-11-18T19:00,25.4,75,7.6
2025-11-18T20:00,24.7,78,6.0
2025-11-18T21:00,24.2,80,3.3
2025-11-18T22:00,23.2,82,6.1
2025-11-18T23:00,22.2,86,8.8
2025-11-19T00:00,21.1,90,9.1
2025-11-19T01:00,20.0,93,8.9
2025-11-19T02:00,19.4,95,8.4
2025-11-19T03:00,19.0,95,8.6
2025-11-19T04:00,18.7,94,9.1
2025-11-19T05:00,18.2,95,9.2
2025-11-19T06:00,17.8,95,8.7
2025-11-19T07:00,17.7,94,9.2
2025-11-19T08:00,19.8,87,7.5
2025-11-19T09:00,23.5,74,6.1
2025-11-19T10:00,26.5,67,5.7
2025-11-19T11:00,28.6,54,3.7
2025-11-19T12:00,30.6,40,3.5
2025-11-19T13:00,32.0,30,3.6
2025-11-19T14:00,32.1,32,8.0
2025-11-19T15:00,30.4,54,15.0
2025-11-19T16:00,28.9,53,16.4
2025-11-19T17:00,27.8,66,14.8
2025-11-19T18:00,26.7,72,11.1
2025-11-19T19:00,26.0,72,7.8
2025-11-19T20:00,24.9,76,6.1
2025-11-19T21:00,24.1,80,5.1
2025-11-19T22:00,23.1,86,6.3
2025-11-19T23:00,22.5,89,7.5
2025-11-20T00:00,21.5,93,7.7
2025-11-20T01:00,20.5,97,8.3
2025-11-20T02:00,19.9,100,9.1
2025-11-20T03:00,19.3,100,8.3
2025-11-20T04:00,19.8,100,6.9
2025-11-20T05:00,19.0,100,7.6
2025-11-20T06:00,18.0,98,7.7
2025-11-20T07:00,17.0,89,7.7
2025-11-20T08:00,19.1,70,6.9
2025-11-20T09:00,23.0,58,5.8
2025-11-20T10:00,25.7,66,4.5
2025-11-20T11:00,27.8,63,4.9
2025-11-20T12:00,30.1,49,5.4
2025-11-20T13:00,31.4,41,6.6
2025-11-20T14:00,30.9,50,11.8
2025-11-20T15:00,29.5,59,18.6
2025-11-20T16:00,28.9,63,17.7
2025-11-20T17:00,28.0,68,16.9
2025-11-20T18:00,26.7,77,11.4
2025-11-20T19:00,25.7,83,8.8
2025-11-20T20:00,24.7,88,7.5
2025-11-20T21:00,24.0,89,5.2
2025-11-20T22:00,23.4,88,5.9
2025-11-20T23:00,23.2,87,5.2
2025-11-21T00:00,22.9,87,4.2
2025-11-21T01:00,22.6,88,1.9
2025-11-21T02:00,22.0,90,2.8
2025-11-21T03:00,20.9,93,6.9
2025-11-21T04:00,21.0,95,6.4
2025-11-21T05:00,19.8,100,8.7
2025-11-21T06:00,19.2,100,9.5
2025-11-21T07:00,18.2,100,7.2
2025-11-21T08:00,18.7,99,6.0
2025-11-21T09:00,20.3,98,6.3
2025-11-21T10:00,23.3,91,6.3
2025-11-21T11:00,26.8,70,3.6
2025-11-21T12:00,28.7,56,2.9
2025-11-21T13:00,30.0,47,6.1
2025-11-21T14:00,30.4,47,10.8
2025-11-21T15:00,29.6,52,16.6
2025-11-21T16:00,28.9,55,17.4
2025-11-21T17:00,27.9,65,17.1
2025-11-21T18:00,26.9,66,10.3
2025-11-21T19:00,25.8,72,5.3
2025-11-21T20:00,25.0,75,4.9
2025-11-21T21:00,24.1,79,5.6
2025-11-21T22:00,23.2,81,3.2
2025-11-21T23:00,22.7,82,1.5
2025-11-22T00:00,21.9,84,2.3
2025-11-22T01:00,21.1,86,4.5
2025-11-22T02:00,20.6,86,4.8
2025-11-22T03:00,20.0,87,7.2
2025-11-22T04:00,19.2,90,8.8
2025-11-22T05:00,18.2,91,8.5
2025-11-22T06:00,17.5,90,8.7
2025-11-22T07:00,17.2,93,9.8
2025-11-22T08:00,19.0,91,7.8
2025-11-22T09:00,22.4,76,6.0
2025-11-22T10:00,25.7,58,5.4
2025-11-22T11:00,28.2,41,4.8
2025-11-22T12:00,30.1,29,2.5
2025-11-22T13:00,31.6,23,3.7
2025-11-22T14:00,32.6,20,7.1
2025-11-22T15:00,31.3,32,16.4
2025-11-22T16:00,29.0,35,20.6
2025-11-22T17:00,28.0,50,14.9
2025-11-22T18:00,26.7,61,8.6
2025-11-22T19:00,25.8,68,6.3
2025-11-22T20:00,25.1,69,6.3
2025-11-22T21:00,23.8,71,6.8
2025-11-22T22:00,22.9,72,6.4
2025-11-22T23:00,21.3,67,7.1
2025-11-23T00:00,20.1,58,9.3
2025-11-23T01:00,19.2,56,8.7
2025-11-23T02:00,18.3,58,8.3
2025-11-23T03:00,17.3,63,7.2
2025-11-23T04:00,16.5,59,9.2
2025-11-23T05:00,15.8,59,10.8
2025-11-23T06:00,15.3,57,10.1
2025-11-23T07:00,15.1,62,11.0
2025-11-23T08:00,17.3,60,10.8
2025-11-23T09:00,21.7,50,9.9
2025-11-23T10:00,26.0,43,8.2
2025-11-23T11:00,28.0,37,6.9
2025-11-23T12:00,29.2,32,6.4
2025-11-23T13:00,30.3,26,3.2
2025-11-23T14:00,31.0,22,2.3
2025-11-23T15:00,30.7,27,10.5
2025-11-23T16:00,29.4,33,15.9
2025-11-23T17:00,28.3,38,15.6
2025-11-23T18:00,26.8,47,11.7
2025-11-23T19:00,25.7,52,8.0
2025-11-23T20:00,24.8,58,6.3
2025-11-23T21:00,23.8,63,7.1
2025-11-23T22:00,23.9,63,0.8
2025-11-23T23:00,23.3,65,7.0
2025-11-24T00:00,22.6,71,7.6
2025-11-24T01:00,22.0,75,3.7
2025-11-24T02:00,21.3,77,5.1
2025-11-24T03:00,21.1,77,4.3
2025-11-24T04:00,19.8,71,10.6
2025-11-24T05:00,18.9,75,8.6
2025-11-24T06:00,18.5,78,7.9
2025-11-24T07:00,18.4,78,7.5
2025-11-24T08:00,20.5,65,8.0
2025-11-24T09:00,23.9,47,8.3
2025-11-24T10:00,27.1,44,6.9
2025-11-24T11:00,28.7,40,5.6
2025-11-24T12:00,30.0,30,6.8
2025-11-24T13:00,31.0,21,9.2
2025-11-24T14:00,31.1,20,13.3
2025-11-24T15:00,30.8,20,15.9
2025-11-24T16:00,29.4,27,19.9
2025-11-24T17:00,28.0,33,15.7
2025-11-24T18:00,26.1,47,13.2
2025-11-24T19:00,24.9,54,11.8
2025-11-24T20:00,23.6,59,10.2
2025-11-24T21:00,22.6,64,11.4
2025-11-24T22:00,21.5,67,9.2
2025-11-24T23:00,20.5,66,9.6
2025-11-25T00:00,19.3,63,9.9
2025-11-25T01:00,18.4,61,10.1
2025-11-25T02:00,17.6,62,9.9
2025-11-25T03:00,16.6,65,8.5
2025-11-25T04:00,16.4,77,10.1
2025-11-25T05:00,16.2,76,11.5
2025-11-25T06:00,15.8,75,11.2
2025-11-25T07:00,15.5,73,10.3
2025-11-25T08:00,17.8,62,8.2
2025-11-25T09:00,21.7,48,6.3
2025-11-25T10:00,25.6,42,4.1
2025-11-25T11:00,28.0,36,7.2
2025-11-25T12:00,29.6,20,6.4
2025-11-25T13:00,30.3,15,6.0
2025-11-25T14:00,30.5,14,9.8
2025-11-25T15:00,30.3,14,14.6
2025-11-25T16:00,28.9,24,16.3
2025-11-25T17:00,27.2,39,13.9
2025-11-25T18:00,25.4,51,12.0
2025-11-25T19:00,24.4,54,10.2
2025-11-25T20:00,23.5,57,7.6
2025-11-25T21:00,22.4,59,10.2
2025-11-25T22:00,21.1,65,11.3
2025-11-25T23:00,19.9,68,11.3
2025-11-26T00:00,19.3,68,10.1
2025-11-26T01:00,18.5,66,10.1
2025-11-26T02:00,17.8,64,9.5
2025-11-26T03:00,17.4,63,9.6
2025-11-26T04:00,17.1,75,9.0
2025-11-26T05:00,16.8,76,9.9
2025-11-26T06:00,16.2,76,10.3
2025-11-26T07:00,15.8,76,10.5
2025-11-26T08:00,18.2,63,8.6
2025-11-26T09:00,22.5,47,8.6
2025-11-26T10:00,25.9,45,7.0
2025-11-26T11:00,27.4,40,4.5
2025-11-26T12:00,28.3,33,2.7
2025-11-26T13:00,28.9,29,7.5
2025-11-26T14:00,29.1,28,11.2
2025-11-26T15:00,28.7,30,13.3
2025-11-26T16:00,28.2,31,15.4
2025-11-26T17:00,27.0,33,15.8
2025-11-26T18:00,25.9,37,9.8
2025-11-26T19:00,25.0,42,8.0
2025-11-26T20:00,24.0,46,7.7
2025-11-26T21:00,23.4,49,7.4
2025-11-26T22:00,22.9,48,5.9
2025-11-26T23:00,22.2,51,4.8
2025-11-27T00:00,20.5,53,10.8
2025-11-27T01:00,18.9,57,12.2
2025-11-27T02:00,18.0,62,10.3
2025-11-27T03:00,17.3,65,9.8
2025-11-27T04:00,17.2,63,10.6
2025-11-27T05:00,18.0,59,9.1
2025-11-27T06:00,17.1,62,10.3
2025-11-27T07:00,16.9,63,10.4
2025-11-27T08:00,19.0,55,9.2
2025-11-27T09:00,22.6,44,8.0
2025-11-27T10:00,26.0,40,9.6
2025-11-27T11:00,27.1,36,5.2
2025-11-27T12:00,27.8,32,4.2
2025-11-27T13:00,28.5,28,4.8
2025-11-27T14:00,28.8,26,5.9
2025-11-27T15:00,28.4,31,10.6
2025-11-27T16:00,27.4,41,15.4
2025-11-27T17:00,26.1,44,15.8
2025-11-27T18:00,25.3,48,7.0
2025-11-27T19:00,24.4,54,8.4
2025-11-27T20:00,23.6,57,7.9
2025-11-27T21:00,23.1,59,5.7
2025-11-27T22:00,21.8,60,9.4
2025-11-27T23:00,20.9,60,8.5
2025-11-28T00:00,20.2,62,5.0
2025-11-28T01:00,19.5,62,8.4
2025-11-28T02:00,18.8,63,8.6
2025-11-28T03:00,18.5,63,7.4
2025-11-28T04:00,17.9,58,10.6
2025-11-28T05:00,17.5,57,9.0
2025-11-28T06:00,17.0,58,8.8
2025-11-28T07:00,16.7,59,9.0
2025-11-28T08:00,18.6,52,6.1
2025-11-28T09:00,22.1,43,5.2
2025-11-28T10:00,25.0,40,4.5
2025-11-28T11:00,26.3,43,3.1
2025-11-28T12:00,27.2,40,1.3
2025-11-28T13:00,27.9,35,3.0
2025-11-28T14:00,28.1,34,6.2
2025-11-28T15:00,27.6,39,12.0
2025-11-28T16:00,27.0,45,14.4
2025-11-28T17:00,26.0,47,15.0
2025-11-28T18:00,25.4,47,9.1
2025-11-28T19:00,24.6,53,11.2
2025-11-28T20:00,23.8,57,8.8
2025-11-28T21:00,22.9,60,7.0
2025-11-28T22:00,22.0,60,9.9
2025-11-28T23:00,21.1,62,10.0
2025-11-29T00:00,20.2,66,7.7
2025-11-29T01:00,19.7,69,7.3
2025-11-29T02:00,19.3,72,7.5
2025-11-29T03:00,18.9,73,8.1
2025-11-29T04:00,18.3,76,8.8
2025-11-29T05:00,18.2,75,9.1
2025-11-29T06:00,17.7,76,9.4
2025-11-29T07:00,17.4,76,9.0
2025-11-29T08:00,19.5,66,7.6
2025-11-29T09:00,22.9,54,6.7
2025-11-29T10:00,25.5,50,5.6
2025-11-29T11:00,27.0,41,6.4
2025-11-29T12:00,27.9,34,4.6
2025-11-29T13:00,28.6,28,5.6
2025-11-29T14:00,28.8,29,10.4
2025-11-29T15:00,28.4,32,16.5
2025-11-29T16:00,27.3,31,19.0
2025-11-29T17:00,26.5,35,15.5
2025-11-29T18:00,25.3,42,13.0
2025-11-29T19:00,24.6,43,10.1
2025-11-29T20:00,23.5,46,8.1
2025-11-29T21:00,22.6,49,8.6
2025-11-29T22:00,21.5,55,10.2
2025-11-29T23:00,20.5,62,10.0
2025-11-30T00:00,19.6,68,8.3
2025-11-30T01:00,19.1,70,8.0
2025-11-30T02:00,18.6,72,8.6
2025-11-30T03:00,18.0,75,9.2
2025-11-30T04:00,17.6,80,9.8
2025-11-30T05:00,17.1,83,8.3
2025-11-30T06:00,16.6,85,9.2
2025-11-30T07:00,16.3,85,10.2
2025-11-30T08:00,18.3,72,8.9
2025-11-30T09:00,22.3,54,8.0
2025-11-30T10:00,25.6,44,7.4
2025-11-30T11:00,27.0,34,3.9
2025-11-30T12:00,27.8,28,1.2
2025-11-30T13:00,28.4,25,1.7
2025-11-30T14:00,28.7,24,5.1
2025-11-30T15:00,28.1,33,12.5
2025-11-30T16:00,27.4,40,15.4
2025-11-30T17:00,25.9,44,16.8
2025-11-30T18:00,25.1,48,8.9
2025-11-30T19:00,24.3,54,9.2
2025-11-30T20:00,23.5,60,8.8
2025-11-30T21:00,22.9,65,8.1
2025-11-30T22:00,21.9,67,6.7
2025-11-30T23:00,20.9,60,10.3
2025-12-01T00:00,19.9,54,9.6
2025-12-01T01:00,19.4,54,8.0
2025-12-01T02:00,19.1,55,8.4
2025-12-01T03:00,18.6,57,9.8
2025-12-01T04:00,18.7,57,10.3
2025-12-01T05:00,18.9,55,9.1
2025-12-01T06:00,18.7,55,8.3
2025-12-01T07:00,18.4,56,6.9
2025-12-01T08:00,20.0,50,4.2
2025-12-01T09:00,23.0,42,2.8
2025-12-01T10:00,25.5,39,1.6
2025-12-01T11:00,26.7,44,5.0
2025-12-01T12:00,27.5,41,5.0
2025-12-01T13:00,28.2,35,7.7
2025-12-01T14:00,28.3,35,12.3
2025-12-01T15:00,27.6,38,15.6
2025-12-01T16:00,27.0,37,17.1
2025-12-01T17:00,25.9,41,14.7
2025-12-01T18:00,24.7,49,9.4
2025-12-01T19:00,23.8,55,8.6
2025-12-01T20:00,23.1,59,7.9
2025-12-01T21:00,22.5,61,7.1
2025-12-01T22:00,21.8,62,7.1
2025-12-01T23:00,20.6,66,8.1
2025-12-02T00:00,19.3,69,9.6
2025-12-02T01:00,18.1,71,9.9
2025-12-02T02:00,17.2,74,7.9
2025-12-02T03:00,16.9,74,8.4
2025-12-02T04:00,17.0,73,9.3
2025-12-02T05:00,16.9,74,8.5
2025-12-02T06:00,16.7,76,8.7
2025-12-02T07:00,16.8,76,9.6
2025-12-02T08:00,18.6,67,8.5
2025-12-02T09:00,22.2,53,6.9
2025-12-02T10:00,25.2,47,6.1
2025-12-02T11:00,26.7,47,7.3
2025-12-02T12:00,27.9,42,8.6
2025-12-02T13:00,28.6,39,9.0
2025-12-02T14:00,28.6,42,11.1
2025-12-02T15:00,27.9,51,14.3
2025-12-02T16:00,26.9,54,15.6
2025-12-02T17:00,25.5,59,16.4
2025-12-02T18:00,24.5,67,11.7
2025-12-02T19:00,24.0,70,9.8
2025-12-02T20:00,23.5,73,6.4
2025-12-02T21:00,22.8,76,3.9
2025-12-02T22:00,21.9,75,5.9
2025-12-02T23:00,20.9,78,9.2
2025-12-03T00:00,19.5,84,9.1
2025-12-03T01:00,18.8,88,7.6
2025-12-03T02:00,18.4,91,6.6
2025-12-03T03:00,17.9,92,6.5
2025-12-03T04:00,17.9,93,7.4
2025-12-03T05:00,17.9,93,6.1
2025-12-03T06:00,17.9,92,6.1
2025-12-03T07:00,17.6,92,8.9
2025-12-03T08:00,19.0,86,7.5
2025-12-03T09:00,22.3,71,6.8
2025-12-03T10:00,24.9,63,4.9
2025-12-03T11:00,26.4,59,0.7
2025-12-03T12:00,27.8,48,4.1
2025-12-03T13:00,28.7,42,7.6
2025-12-03T14:00,28.7,45,11.9
2025-12-03T15:00,28.0,51,15.7
2025-12-03T16:00,27.1,53,16.3
2025-12-03T17:00,26.1,64,13.4
2025-12-03T18:00,25.0,71,10.4
2025-12-03T19:00,24.3,72,9.2
2025-12-03T20:00,23.7,74,8.7
2025-12-03T21:00,23.1,75,5.7
2025-12-03T22:00,22.1,79,6.7
2025-12-03T23:00,21.2,85,8.3
2025-12-04T00:00,20.2,90,8.6
2025-12-04T01:00,19.5,93,7.9
2025-12-04T02:00,19.1,93,6.7
2025-12-04T03:00,18.6,93,6.8
2025-12-04T04:00,18.8,90,9.6
2025-12-04T05:00,18.8,89,8.4
2025-12-04T06:00,18.6,87,8.1
2025-12-04T07:00,18.6,86,7.9
2025-12-04T08:00,20.0,78,6.7
2025-12-04T09:00,23.1,64,6.1
2025-12-04T10:00,25.5,54,7.5
2025-12-04T11:00,27.0,41,7.7
2025-12-04T12:00,28.3,34,7.1
2025-12-04T13:00,29.0,32,4.8
2025-12-04T14:00,29.4,30,2.2
2025-12-04T15:00,29.2,33,10.2
2025-12-04T16:00,28.1,41,16.8
2025-12-04T17:00,26.4,49,17.8
2025-12-04T18:00,25.6,53,8.9
2025-12-04T19:00,24.7,60,7.0
2025-12-04T20:00,24.0,64,6.5
2025-12-04T21:00,23.4,68,6.9
2025-12-04T22:00,23.0,68,8.0
2025-12-04T23:00,22.6,70,7.5
2025-12-05T00:00,21.7,72,7.0
2025-12-05T01:00,21.6,71,7.4
2025-12-05T02:00,21.4,72,8.6
2025-12-05T03:00,20.9,73,9.1
2025-12-05T04:00,21.0,70,9.2
2025-12-05T05:00,20.9,70,6.2
2025-12-05T06:00,20.2,73,4.8
2025-12-05T07:00,20.1,73,6.6
2025-12-05T08:00,20.7,70,6.9
2025-12-05T09:00,22.3,64,9.0
2025-12-05T10:00,24.4,61,8.0
2025-12-05T11:00,26.1,54,8.0
2025-12-05T12:00,27.9,45,5.9
2025-12-05T13:00,28.3,39,3.8
2025-12-05T14:00,28.2,38,7.9
2025-12-05T15:00,27.6,47,13.5
2025-12-05T16:00,26.8,55,22.3
2025-12-05T17:00,26.1,54,13.7
2025-12-05T18:00,25.0,63,12.3
2025-12-05T19:00,23.5,76,10.5
2025-12-05T20:00,22.7,76,9.3
2025-12-05T21:00,21.6,80,6.2
2025-12-05T22:00,21.5,77,3.8
2025-12-05T23:00,21.8,73,1.5
2025-12-06T00:00,21.4,74,1.9
2025-12-06T01:00,20.5,79,6.0
2025-12-06T02:00,19.3,85,8.3
2025-12-06T03:00,18.4,90,7.2
2025-12-06T04:00,18.7,81,7.3
2025-12-06T05:00,18.4,83,8.6
2025-12-06T06:00,17.7,89,8.8
2025-12-06T07:00,17.4,92,8.2
2025-12-06T08:00,18.5,87,6.0
2025-12-06T09:00,21.7,72,3.0
2025-12-06T10:00,24.8,60,2.8
2025-12-06T11:00,26.5,53,2.8
2025-12-06T12:00,27.7,47,3.2
2025-12-06T13:00,28.5,41,4.9
2025-12-06T14:00,28.6,42,11.6
2025-12-06T15:00,27.4,51,17.7
2025-12-06T16:00,26.9,54,16.7
2025-12-06T17:00,26.3,57,14.5
2025-12-06T18:00,25.2,64,13.3
2025-12-06T19:00,24.7,67,9.1
2025-12-06T20:00,24.1,72,9.3
2025-12-06T21:00,23.6,77,8.4
2025-12-06T22:00,22.6,79,6.0
2025-12-06T23:00,22.3,80,6.5
2025-12-07T00:00,21.8,83,7.9
2025-12-07T01:00,21.0,85,8.5
2025-12-07T02:00,20.3,87,7.4
2025-12-07T03:00,19.8,87,7.0
2025-12-07T04:00,19.3,84,7.8
2025-12-07T05:00,19.2,83,8.6
2025-12-07T06:00,19.1,84,9.9
2025-12-07T07:00,18.9,85,10.8
2025-12-07T08:00,20.4,78,9.9
2025-12-07T09:00,23.2,66,8.0
2025-12-07T10:00,26.2,53,11.0
2025-12-07T11:00,27.9,43,12.9
2025-12-07T12:00,29.1,36,12.7
2025-12-07T13:00,30.0,33,11.2
2025-12-07T14:00,30.6,31,10.2
2025-12-07T15:00,30.1,33,12.0
2025-12-07T16:00,28.7,43,15.4
2025-12-07T17:00,27.6,48,14.4
2025-12-07T18:00,26.3,56,13.3
2025-12-07T19:00,25.6,55,10.8
2025-12-07T20:00,24.6,47,10.6
2025-12-07T21:00,23.3,50,10.1
2025-12-07T22:00,21.7,53,9.3
2025-12-07T23:00,21.1,60,10.5
2025-12-08T00:00,20.1,68,10.3
2025-12-08T01:00,19.2,74,10.2
2025-12-08T02:00,18.3,79,10.6
2025-12-08T03:00,17.8,82,11.2
2025-12-08T04:00,17.9,78,13.3
2025-12-08T05:00,17.8,79,13.9
2025-12-08T06:00,17.4,83,13.5
2025-12-08T07:00,17.0,85,12.9
2025-12-08T08:00,18.5,77,11.8
2025-12-08T09:00,22.2,59,9.3
2025-12-08T10:00,25.8,44,12.6
2025-12-08T11:00,28.3,29,14.4
2025-12-08T12:00,29.7,19,12.3
2025-12-08T13:00,30.6,17,11.8
2025-12-08T14:00,31.1,17,10.6
2025-12-08T15:00,31.4,17,8.2
2025-12-08T16:00,31.2,18,2.7
2025-12-08T17:00,29.0,29,11.1
2025-12-08T18:00,26.4,53,11.8
2025-12-08T19:00,25.5,54,4.5
2025-12-08T20:00,24.9,35,11.2
2025-12-08T21:00,24.0,36,15.5
2025-12-08T22:00,22.9,40,15.0
2025-12-08T23:00,22.2,43,12.4
2025-12-09T00:00,21.4,41,10.8
2025-12-09T01:00,20.6,38,11.8
2025-12-09T02:00,20.0,38,12.4
2025-12-09T03:00,19.1,39,11.5
2025-12-09T04:00,18.4,44,11.8
2025-12-09T05:00,17.7,45,10.7
2025-12-09T06:00,16.9,47,10.0
2025-12-09T07:00,16.4,50,10.4
2025-12-09T08:00,18.0,48,9.8
2025-12-09T09:00,21.5,39,7.8
2025-12-09T10:00,25.6,31,6.2
2025-12-09T11:00,27.9,28,5.1
2025-12-09T12:00,29.2,26,4.7
2025-12-09T13:00,29.9,26,9.2
2025-12-09T14:00,29.7,29,13.5
2025-12-09T15:00,28.9,34,15.0
2025-12-09T16:00,27.7,42,13.3
2025-12-09T17:00,26.2,52,12.1
2025-12-09T18:00,24.5,67,8.9
2025-12-09T19:00,23.6,71,7.7
2025-12-09T20:00,22.8,68,9.1
2025-12-09T21:00,22.0,61,5.5
2025-12-09T22:00,21.6,61,5.2
2025-12-09T23:00,20.7,61,6.0
2025-12-10T00:00,19.7,60,7.3
2025-12-10T01:00,18.7,61,9.0
2025-12-10T02:00,18.0,68,9.1
2025-12-10T03:00,17.6,74,10.6
2025-12-10T04:00,17.3,73,11.9
2025-12-10T05:00,17.1,70,11.6
2025-12-10T06:00,16.6,67,11.8
2025-12-10T07:00,15.2,61,10.4
2025-12-10T08:00,16.9,56,11.1
2025-12-10T09:00,21.0,48,10.3
2025-12-10T10:00,24.7,43,17.5
2025-12-10T11:00,27.0,37,20.0
2025-12-10T12:00,28.5,33,17.8
2025-12-10T13:00,29.5,28,14.5
2025-12-10T14:00,30.1,24,11.5
2025-12-10T15:00,30.1,23,12.2
2025-12-10T16:00,28.1,40,16.1
2025-12-10T17:00,26.1,47,13.7
2025-12-10T18:00,24.6,58,11.2
2025-12-10T19:00,23.7,61,9.9
2025-12-10T20:00,22.5,66,7.4
2025-12-10T21:00,21.6,69,8.6
2025-12-10T22:00,20.8,69,12.6
2025-12-10T23:00,20.1,69,8.4
2025-12-11T00:00,19.3,69,9.6
2025-12-11T01:00,18.9,70,9.5
2025-12-11T02:00,18.2,80,9.3
2025-12-11T03:00,17.6,88,9.2
2025-12-11T04:00,17.3,88,9.0
2025-12-11T05:00,16.9,89,7.7
2025-12-11T06:00,16.2,91,7.3
2025-12-11T07:00,15.6,93,7.5
2025-12-11T08:00,17.1,84,7.2
2025-12-11T09:00,20.7,64,6.4
2025-12-11T10:00,24.8,50,8.8
2025-12-11T11:00,27.3,34,15.9
2025-12-11T12:00,29.0,26,15.2
2025-12-11T13:00,29.6,22,12.7
2025-12-11T14:00,29.8,21,11.1
2025-12-11T15:00,29.8,21,9.8
2025-12-11T16:00,27.8,42,15.2
2025-12-11T17:00,25.9,49,14.9
2025-12-11T18:00,24.9,60,8.0
2025-12-11T19:00,24.2,61,7.7
2025-12-11T20:00,23.2,63,5.6
2025-12-11T21:00,22.1,65,9.7
2025-12-11T22:00,20.8,66,9.0
2025-12-11T23:00,20.0,69,8.5
2025-12-12T00:00,19.1,74,8.3
2025-12-12T01:00,18.7,75,8.8
2025-12-12T02:00,18.1,76,9.9
2025-12-12T03:00,17.5,75,9.4
2025-12-12T04:00,17.1,83,8.7
2025-12-12T05:00,17.0,90,7.8
2025-12-12T06:00,17.0,91,8.9
2025-12-12T07:00,16.6,89,9.3
2025-12-12T08:00,17.8,64,9.0
2025-12-12T09:00,21.0,36,6.7
2025-12-12T10:00,24.8,28,10.4
2025-12-12T11:00,27.7,27,14.2
2025-12-12T12:00,29.0,24,13.3
2025-12-12T13:00,29.5,24,12.8
2025-12-12T14:00,29.8,25,14.0
2025-12-12T15:00,29.8,25,14.6
2025-12-12T16:00,29.0,31,9.4
2025-12-12T17:00,27.2,39,11.4
2025-12-12T18:00,25.4,43,8.6
2025-12-12T19:00,24.7,47,3.2
2025-12-12T20:00,24.0,50,4.2
2025-12-12T21:00,23.1,54,5.6
2025-12-12T22:00,22.3,56,7.7
2025-12-12T23:00,21.4,58,9.8
2025-12-13T00:00,20.5,60,9.9
2025-12-13T01:00,19.7,60,8.9
2025-12-13T02:00,19.0,60,8.6
2025-12-13T03:00,18.4,61,8.7
2025-12-13T04:00,18.6,62,10.5
2025-12-13T05:00,18.6,65,11.6
2025-12-13T06:00,18.1,66,10.4
2025-12-13T07:00,17.6,67,9.4
2025-12-13T08:00,19.0,63,8.6
2025-12-13T09:00,21.8,53,8.8
2025-12-13T10:00,24.9,42,13.0
2025-12-13T11:00,27.4,34,14.1
2025-12-13T12:00,29.0,31,14.1
2025-12-13T13:00,29.5,30,16.4
2025-12-13T14:00,28.9,35,17.8
2025-12-13T15:00,28.4,37,17.2
2025-12-13T16:00,27.9,38,17.3
2025-12-13T17:00,26.3,48,13.9
2025-12-13T18:00,25.0,59,8.5
2025-12-13T19:00,24.4,65,7.6
2025-12-13T20:00,23.9,68,4.4
2025-12-13T21:00,23.6,71,2.5
2025-12-13T22:00,23.3,69,5.2
2025-12-13T23:00,21.9,69,10.3
2025-12-14T00:00,21.0,68,9.9
2025-12-14T01:00,20.8,63,11.4
2025-12-14T02:00,19.9,62,9.9
2025-12-14T03:00,19.1,63,8.0
2025-12-14T04:00,19.3,57,14.1
2025-12-14T05:00,19.5,64,11.3
2025-12-14T06:00,19.7,87,4.8
2025-12-14T07:00,20.5,84,3.6
2025-12-14T08:00,21.6,79,3.2
2025-12-14T09:00,23.6,66,4.1
2025-12-14T10:00,24.7,57,9.2
2025-12-14T11:00,25.4,53,15.2
2025-12-14T12:00,24.3,58,20.1
2025-12-14T13:00,23.8,62,18.3
2025-12-14T14:00,23.6,59,13.6
2025-12-14T15:00,24.9,47,7.9
2025-12-14T16:00,24.5,57,10.7
2025-12-14T17:00,23.9,59,8.1
2025-12-14T18:00,23.0,66,6.0
2025-12-14T19:00,22.2,72,5.5
2025-12-14T20:00,21.8,73,5.8
2025-12-14T21:00,21.4,75,4.7
2025-12-14T22:00,21.1,73,1.5
2025-12-14T23:00,20.5,75,2.9
2025-12-15T00:00,19.7,78,7.0
2025-12-15T01:00,18.8,81,11.3
2025-12-15T02:00,17.6,89,10.9
2025-12-15T03:00,16.9,93,9.7
2025-12-15T04:00,17.0,86,8.3
2025-12-15T05:00,17.0,86,7.4
2025-12-15T06:00,16.9,86,8.7
2025-12-15T07:00,16.6,88,9.7
2025-12-15T08:00,18.1,81,9.5
2025-12-15T09:00,21.4,66,9.0
2025-12-15T10:00,24.4,55,12.8
2025-12-15T11:00,26.2,46,14.6
2025-12-15T12:00,27.6,42,15.0
2025-12-15T13:00,29.1,38,14.6
2025-12-15T14:00,30.2,33,11.3
2025-12-15T15:00,30.7,30,9.5
2025-12-15T16:00,29.0,41,13.5
2025-12-15T17:00,26.5,60,17.2
2025-12-15T18:00,25.5,62,7.7
2025-12-15T19:00,25.1,60,16.7
2025-12-15T20:00,23.9,68,17.3
2025-12-15T21:00,23.3,73,16.8
2025-12-15T22:00,22.8,76,14.3
2025-12-15T23:00,22.7,75,13.6
2025-12-16T00:00,22.3,74,14.0
2025-12-16T01:00,22.3,72,16.3
2025-12-16T02:00,22.1,69,16.3
2025-12-16T03:00,21.7,68,15.4
2025-12-16T04:00,22.2,64,19.4
2025-12-16T05:00,22.4,58,21.6
2025-12-16T06:00,21.7,55,22.9
2025-12-16T07:00,21.3,59,24.7
2025-12-16T08:00,21.5,60,23.0
2025-12-16T09:00,22.7,55,22.3
2025-12-16T10:00,24.1,50,24.0
2025-12-16T11:00,24.9,47,22.9
2025-12-16T12:00,25.7,45,24.2
2025-12-16T13:00,26.2,42,22.0
2025-12-16T14:00,26.8,40,18.9
2025-12-16T15:00,26.5,41,15.6
2025-12-16T16:00,25.9,43,7.8
2025-12-16T17:00,25.3,45,4.7
2025-12-16T18:00,24.1,53,11.4
2025-12-16T19:00,23.1,62,14.3
2025-12-16T20:00,22.0,74,19.6
2025-12-16T21:00,20.8,80,19.9
2025-12-16T22:00,20.4,79,16.5
2025-12-16T23:00,20.7,75,14.2
2025-12-17T00:00,20.2,78,12.4
2025-12-17T01:00,20.0,79,11.2
2025-12-17T02:00,21.1,69,15.0
2025-12-17T03:00,21.5,59,18.8
2025-12-17T04:00,22.8,54,29.6
2025-12-17T05:00,22.7,55,33.2
2025-12-17T06:00,22.7,56,31.5
2025-12-17T07:00,22.8,59,29.5
2025-12-17T08:00,23.0,62,30.6
2025-12-17T09:00,23.2,65,28.6
2025-12-17T10:00,23.7,62,26.5
2025-12-17T11:00,26.3,51,31.8
2025-12-17T12:00,27.4,46,30.1
2025-12-17T13:00,28.3,42,27.5
2025-12-17T14:00,28.6,39,26.8
2025-12-17T15:00,28.2,38,24.1
2025-12-17T16:00,27.2,47,17.6
2025-12-17T17:00,27.1,45,17.4
2025-12-17T18:00,25.9,50,9.0
2025-12-17T19:00,24.5,61,5.9
2025-12-17T20:00,23.6,71,6.2
2025-12-17T21:00,22.9,74,8.9
2025-12-17T22:00,22.1,77,16.4
2025-12-17T23:00,21.1,80,13.1
2025-12-18T00:00,21.5,74,13.4
2025-12-18T01:00,21.4,75,12.6
2025-12-18T02:00,21.2,79,11.8
2025-12-18T03:00,21.3,81,11.5
2025-12-18T04:00,21.1,76,9.9
2025-12-18T05:00,20.7,79,9.0
2025-12-18T06:00,20.6,78,16.3
2025-12-18T07:00,19.7,80,18.6
2025-12-18T08:00,20.4,79,16.7
2025-12-18T09:00,21.4,79,10.3
2025-12-18T10:00,24.7,60,14.1
2025-12-18T11:00,24.2,65,19.2
2025-12-18T12:00,23.7,66,16.6
2025-12-18T13:00,21.9,77,25.4
2025-12-18T14:00,21.7,78,16.9
2025-12-18T15:00,23.1,75,19.1
2025-12-18T16:00,22.8,74,26.1
2025-12-18T17:00,22.5,77,18.2
2025-12-18T18:00,22.6,76,24.5
2025-12-18T19:00,22.5,77,28.6
2025-12-18T20:00,22.0,79,31.8
2025-12-18T21:00,21.9,81,29.1
2025-12-18T22:00,22.3,76,23.1
2025-12-18T23:00,24.0,59,19.7
2025-12-19T00:00,20.7,86,23.2
2025-12-19T01:00,19.7,90,18.7
2025-12-19T02:00,20.3,88,21.2
2025-12-19T03:00,19.7,91,23.1
2025-12-19T04:00,19.7,94,17.8
2025-12-19T05:00,20.0,93,17.6
2025-12-19T06:00,20.0,92,16.3
2025-12-19T07:00,20.1,88,18.5
2025-12-19T08:00,19.8,87,21.3
2025-12-19T09:00,20.2,83,19.8
2025-12-19T10:00,20.0,83,19.9
2025-12-19T11:00,20.1,75,27.4
2025-12-19T12:00,20.2,67,27.6
2025-12-19T13:00,20.3,64,29.2
2025-12-19T14:00,20.0,66,28.8
2025-12-19T15:00,19.5,64,27.2
2025-12-19T16:00,19.6,61,21.5
2025-12-19T17:00,18.7,67,19.4
2025-12-19T18:00,17.6,70,17.8
2025-12-19T19:00,16.6,76,16.9
2025-12-19T20:00,15.9,76,16.0
2025-12-19T21:00,15.1,79,15.2
2025-12-19T22:00,15.1,79,15.6
2025-12-19T23:00,15.0,78,17.7
2025-12-20T00:00,14.3,79,19.8
2025-12-20T01:00,13.4,82,23.5
2025-12-20T02:00,13.5,83,25.3
2025-12-20T03:00,13.2,85,23.9
2025-12-20T04:00,13.2,81,25.4
2025-12-20T05:00,12.9,81,22.5
2025-12-20T06:00,12.8,82,20.1
2025-12-20T07:00,12.8,83,18.4
2025-12-20T08:00,13.3,81,18.5
2025-12-20T09:00,14.6,79,16.9
2025-12-20T10:00,16.2,73,19.9
2025-12-20T11:00,17.8,70,19.1
2025-12-20T12:00,19.2,68,19.4
2025-12-20T13:00,20.5,51,21.6
2025-12-20T14:00,20.3,51,22.2
2025-12-20T15:00,20.0,51,21.4
2025-12-20T16:00,19.6,54,17.2
2025-12-20T17:00,18.1,62,14.1
2025-12-20T18:00,16.4,70,13.6
2025-12-20T19:00,15.6,75,13.8
2025-12-20T20:00,14.9,79,14.6
2025-12-20T21:00,14.0,79,15.6
2025-12-20T22:00,14.2,75,15.0
2025-12-20T23:00,14.2,74,14.2
2025-12-21T00:00,13.6,76,13.7
2025-12-21T01:00,12.9,79,12.2
2025-12-21T02:00,12.3,82,12.8
2025-12-21T03:00,11.9,82,13.1
2025-12-21T04:00,11.7,79,12.9
2025-12-21T05:00,11.5,81,11.4
2025-12-21T06:00,11.1,83,9.9
2025-12-21T07:00,10.8,84,9.4
2025-12-21T08:00,11.6,82,9.9
2025-12-21T09:00,13.9,77,10.3
2025-12-21T10:00,16.6,68,10.1
2025-12-21T11:00,18.4,61,9.5
2025-12-21T12:00,19.6,54,8.4
2025-12-21T13:00,20.3,49,5.6
2025-12-21T14:00,20.8,47,1.9
2025-12-21T15:00,21.0,49,5.4
2025-12-21T16:00,21.2,56,8.1
2025-12-21T17:00,19.6,70,8.8
2025-12-21T18:00,18.2,75,10.8
2025-12-21T19:00,17.6,79,9.0
2025-12-21T20:00,16.6,82,9.3
2025-12-21T21:00,15.9,85,9.8
2025-12-21T22:00,15.9,78,11.4
2025-12-21T23:00,15.9,77,10.9
2025-12-22T00:00,15.0,81,11.7
2025-12-22T01:00,14.5,82,11.4
2025-12-22T02:00,13.9,83,11.0
2025-12-22T03:00,13.4,84,10.8
2025-12-22T04:00,13.4,83,10.2
2025-12-22T05:00,13.4,82,10.0
2025-12-22T06:00,12.9,83,10.5
2025-12-22T07:00,12.6,84,11.0
2025-12-22T08:00,14.0,79,10.4
2025-12-22T09:00,16.7,70,8.8
2025-12-22T10:00,19.4,65,7.6
2025-12-22T11:00,21.4,47,9.7
2025-12-22T12:00,22.0,42,9.5
2025-12-22T13:00,22.4,42,8.9
2025-12-22T14:00,22.6,43,9.1
2025-12-22T15:00,22.5,44,10.1
2025-12-22T16:00,22.0,51,11.2
2025-12-22T17:00,19.9,60,13.2
2025-12-22T18:00,18.1,66,13.8
2025-12-22T19:00,17.3,69,12.7
2025-12-22T20:00,16.6,73,11.6
2025-12-22T21:00,15.7,76,11.3
2025-12-22T22:00,15.1,78,11.1
2025-12-22T23:00,14.5,80,9.9
2025-12-23T00:00,14.0,80,9.5
2025-12-23T01:00,13.5,80,9.4
2025-12-23T02:00,13.0,81,9.4
2025-12-23T03:00,12.5,82,9.4
2025-12-23T04:00,12.2,83,9.2
2025-12-23T05:00,12.1,86,8.3
2025-12-23T06:00,11.9,86,8.6
2025-12-23T07:00,11.7,87,9.1
2025-12-23T08:00,12.6,86,8.0
2025-12-23T09:00,15.5,80,5.7
2025-12-23T10:00,19.0,68,4.0
2025-12-23T11:00,20.8,55,4.1
2025-12-23T12:00,21.8,46,5.2
2025-12-23T13:00,22.4,43,6.2
2025-12-23T14:00,22.7,41,7.8
2025-12-23T15:00,22.6,41,10.1
2025-12-23T16:00,21.9,53,12.6
2025-12-23T17:00,20.1,65,9.7
2025-12-23T18:00,18.3,69,11.0
2025-12-23T19:00,17.3,74,10.3
2025-12-23T20:00,16.6,75,9.4
2025-12-23T21:00,16.0,77,10.1
2025-12-23T22:00,15.7,77,11.1
2025-12-23T23:00,15.2,80,10.6
2025-12-24T00:00,14.6,82,10.1
2025-12-24T01:00,14.1,83,11.0
2025-12-24T02:00,13.6,84,10.8
2025-12-24T03:00,13.0,85,10.5
2025-12-24T04:00,12.6,88,10.4
2025-12-24T05:00,12.6,88,8.3
2025-12-24T06:00,12.3,88,9.0
2025-12-24T07:00,12.1,87,9.6
2025-12-24T08:00,13.5,83,9.2
2025-12-24T09:00,16.6,75,9.4
2025-12-24T10:00,19.6,69,6.3
2025-12-24T11:00,21.6,56,8.2
2025-12-24T12:00,22.4,51,6.9
2025-12-24T13:00,23.0,49,5.0
2025-12-24T14:00,23.3,48,8.5
2025-12-24T15:00,22.8,51,14.2
2025-12-24T16:00,22.1,54,14.1
2025-12-24T17:00,20.6,64,9.4
2025-12-24T18:00,19.0,70,7.7
2025-12-24T19:00,19.0,69,3.7
2025-12-24T20:00,19.1,68,0.8
2025-12-24T21:00,17.7,74,6.9
2025-12-24T22:00,17.4,75,8.5
2025-12-24T23:00,16.6,80,10.9
2025-12-25T00:00,15.2,88,10.2
2025-12-25T01:00,14.6,90,8.5
2025-12-25T02:00,14.3,91,8.0
2025-12-25T03:00,14.0,92,7.4
2025-12-25T04:00,13.8,93,7.7
2025-12-25T05:00,14.2,92,6.7
2025-12-25T06:00,13.9,93,7.9
2025-12-25T07:00,13.8,92,9.2
2025-12-25T08:00,15.2,88,10.6
2025-12-25T09:00,17.7,81,10.6
2025-12-25T10:00,20.5,74,11.7
2025-12-25T11:00,21.5,68,15.0
2025-12-25T12:00,22.6,62,13.3
2025-12-25T13:00,23.6,58,9.1
2025-12-25T14:00,24.1,56,11.1
2025-12-25T15:00,24.1,55,15.7
2025-12-25T16:00,22.9,64,15.5
2025-12-25T17:00,22.2,68,10.3
2025-12-25T18:00,20.6,76,9.1
2025-12-25T19:00,20.1,77,7.5
2025-12-25T20:00,20.0,76,6.9
2025-12-25T21:00,19.3,80,8.8
2025-12-25T22:00,19.4,79,5.0
2025-12-25T23:00,19.1,80,3.3
2025-12-26T00:00,18.7,82,3.6
2025-12-26T01:00,18.3,82,3.7
2025-12-26T02:00,17.7,84,7.2
2025-12-26T03:00,17.0,87,10.1
2025-12-26T04:00,16.6,92,12.6
2025-12-26T05:00,16.4,93,9.2
2025-12-26T06:00,16.0,93,10.1
2025-12-26T07:00,15.8,93,10.4
2025-12-26T08:00,16.5,90,9.8
2025-12-26T09:00,18.5,84,9.2
2025-12-26T10:00,20.2,77,7.9
2025-12-26T11:00,22.2,69,7.3
2025-12-26T12:00,23.4,64,6.0
2025-12-26T13:00,24.0,59,7.4
2025-12-26T14:00,24.3,56,10.5
2025-12-26T15:00,24.1,54,10.4
2025-12-26T16:00,23.9,53,12.9
2025-12-26T17:00,22.3,59,12.3
2025-12-26T18:00,20.5,67,9.2
2025-12-26T19:00,19.9,69,8.1
2025-12-26T20:00,19.4,70,6.5
2025-12-26T21:00,18.6,73,6.0
2025-12-26T22:00,17.7,82,8.7
2025-12-26T23:00,16.8,88,8.1
2025-12-27T00:00,16.2,90,7.9
2025-12-27T01:00,16.6,89,7.6
2025-12-27T02:00,16.1,90,6.4
2025-12-27T03:00,15.9,90,6.3
2025-12-27T04:00,15.8,87,7.7
2025-12-27T05:00,15.6,87,5.9
2025-12-27T06:00,14.9,88,5.9
2025-12-27T07:00,14.7,88,5.9
2025-12-27T08:00,16.1,83,8.7
2025-12-27T09:00,18.9,73,9.8
2025-12-27T10:00,21.8,58,11.7
2025-12-27T11:00,23.5,51,9.7
2025-12-27T12:00,24.2,52,4.8
2025-12-27T13:00,24.8,50,3.6
2025-12-27T14:00,25.2,48,5.2
2025-12-27T15:00,25.2,47,5.6
2025-12-27T16:00,24.9,47,6.5
2025-12-27T17:00,23.6,57,11.2
2025-12-27T18:00,21.5,68,10.7
2025-12-27T19:00,20.6,75,7.6
2025-12-27T20:00,20.1,76,7.7
2025-12-27T21:00,19.7,76,6.1
2025-12-27T22:00,19.4,72,10.3
2025-12-27T23:00,19.0,73,7.9
2025-12-28T00:00,17.9,76,7.5
2025-12-28T01:00,17.4,76,7.9
2025-12-28T02:00,16.8,78,7.8
2025-12-28T03:00,16.5,81,8.0
2025-12-28T04:00,16.4,86,8.0
2025-12-28T05:00,16.3,90,7.5
2025-12-28T06:00,15.8,91,7.5
2025-12-28T07:00,15.4,93,9.3
2025-12-28T08:00,16.7,84,10.5
2025-12-28T09:00,19.7,64,9.0
2025-12-28T10:00,23.3,45,15.7
2025-12-28T11:00,25.5,39,20.5
2025-12-28T12:00,26.6,36,20.4
2025-12-28T13:00,27.1,36,23.3
2025-12-28T14:00,27.5,32,24.1
2025-12-28T15:00,27.5,33,23.4
2025-12-28T16:00,27.2,37,17.4
2025-12-28T17:00,26.2,41,12.0
2025-12-28T18:00,23.7,52,8.5
2025-12-28T19:00,22.7,56,8.8
2025-12-28T20:00,21.9,62,6.3
2025-12-28T21:00,20.9,65,8.0
2025-12-28T22:00,21.1,63,6.8
2025-12-28T23:00,20.6,64,9.6
2025-12-29T00:00,19.9,65,8.4
2025-12-29T01:00,20.2,61,11.9
2025-12-29T02:00,20.1,60,15.1
2025-12-29T03:00,19.9,62,16.1
2025-12-29T04:00,20.8,62,15.6
2025-12-29T05:00,20.4,64,17.1
2025-12-29T06:00,20.8,63,22.4
2025-12-29T07:00,20.6,65,24.9
2025-12-29T08:00,21.1,71,27.2
2025-12-29T09:00,22.6,70,26.3
2025-12-29T10:00,24.3,63,31.9
2025-12-29T11:00,25.8,59,29.5
2025-12-29T12:00,27.2,52,30.3
2025-12-29T13:00,27.8,47,32.1
2025-12-29T14:00,27.4,46,28.4
2025-12-29T15:00,26.6,52,25.8
2025-12-29T16:00,25.7,55,23.7
2025-12-29T17:00,24.0,70,20.5
2025-12-29T18:00,23.1,73,16.9
2025-12-29T19:00,22.9,62,15.5
2025-12-29T20:00,22.3,64,14.0
2025-12-29T21:00,21.7,70,13.3
2025-12-29T22:00,21.9,64,12.5
2025-12-29T23:00,21.7,64,13.8
2025-12-30T00:00,21.5,58,15.5
2025-12-30T01:00,21.2,60,17.8
2025-12-30T02:00,20.7,63,17.0
2025-12-30T03:00,20.8,60,18.7
2025-12-30T04:00,21.2,55,20.8
2025-12-30T05:00,21.1,51,22.4
2025-12-30T06:00,21.0,49,23.5
2025-12-30T07:00,20.8,46,25.9
2025-12-30T08:00,21.2,43,24.4
2025-12-30T09:00,22.4,38,28.3
2025-12-30T10:00,23.4,32,29.3
2025-12-30T11:00,24.1,31,33.1
2025-12-30T12:00,23.5,34,35.1
2025-12-30T13:00,23.6,36,35.8
2025-12-30T14:00,24.0,33,34.7
2025-12-30T15:00,23.7,34,32.1
2025-12-30T16:00,23.5,36,29.4
2025-12-30T17:00,23.2,37,24.2
2025-12-30T18:00,21.8,49,26.9
2025-12-30T19:00,21.9,46,22.5
2025-12-30T20:00,21.9,48,24.5
2025-12-30T21:00,21.5,51,24.5
2025-12-30T22:00,21.4,51,25.9
2025-12-30T23:00,21.3,49,23.5
2025-12-31T00:00,21.2,48,22.0
2025-12-31T01:00,21.4,49,24.5
2025-12-31T02:00,21.3,50,23.3
2025-12-31T03:00,21.4,50,26.7
2025-12-31T04:00,21.3,54,26.9
2025-12-31T05:00,20.6,57,27.9
2025-12-31T06:00,19.9,56,27.3
2025-12-31T07:00,19.6,59,27.1
2025-12-31T08:00,19.8,54,26.8
2025-12-31T09:00,20.7,50,28.6
2025-12-31T10:00,21.5,44,25.9
2025-12-31T11:00,22.0,42,23.7
2025-12-31T12:00,22.4,43,23.2
2025-12-31T13:00,22.2,43,22.3
2025-12-31T14:00,22.4,43,21.8
2025-12-31T15:00,22.1,42,21.2
2025-12-31T16:00,21.9,44,19.3
2025-12-31T17:00,21.2,46,18.5
2025-12-31T18:00,20.6,51,13.9
2025-12-31T19:00,19.6,56,9.5
2025-12-31T20:00,18.6,60,8.9
2025-12-31T21:00,17.7,63,8.9
2025-12-31T22:00,17.3,65,9.8
2025-12-31T23:00,16.8,68,9.0
2026-01-01T00:00,16.1,70,9.0
2026-01-01T01:00,15.6,73,7.5
2026-01-01T02:00,15.1,75,6.9
2026-01-01T03:00,14.4,78,6.9
2026-01-01T04:00,13.6,80,9.6
2026-01-01T05:00,13.1,83,8.4
2026-01-01T06:00,12.3,88,7.9
2026-01-01T07:00,11.8,91,8.1
2026-01-01T08:00,13.0,84,8.5
2026-01-01T09:00,16.3,68,7.7
2026-01-01T10:00,19.9,55,8.3
2026-01-01T11:00,21.1,50,3.3
2026-01-01T12:00,22.0,46,2.8
2026-01-01T13:00,22.7,43,6.8
2026-01-01T14:00,23.1,41,11.9
2026-01-01T15:00,22.8,42,12.6
2026-01-01T16:00,22.4,42,11.7
2026-01-01T17:00,21.6,43,10.6
2026-01-01T18:00,20.0,51,7.8
2026-01-01T19:00,18.9,58,7.5
2026-01-01T20:00,18.3,62,5.7
2026-01-01T21:00,17.9,64,4.4
2026-01-01T22:00,17.2,67,5.3
2026-01-01T23:00,16.7,72,6.1
2026-01-02T00:00,15.9,81,6.8
2026-01-02T01:00,15.2,86,8.8
2026-01-02T02:00,14.5,90,10.3
2026-01-02T03:00,13.8,92,10.3
2026-01-02T04:00,13.4,94,10.5
2026-01-02T05:00,13.7,94,9.1
2026-01-02T06:00,13.5,94,9.4
2026-01-02T07:00,13.3,95,10.4
2026-01-02T08:00,14.2,91,10.0
2026-01-02T09:00,17.1,78,9.0
2026-01-02T10:00,20.2,66,9.4
2026-01-02T11:00,21.9,62,8.7
2026-01-02T12:00,23.1,58,9.5
2026-01-02T13:00,23.7,56,12.4
2026-01-02T14:00,23.8,56,16.0
2026-01-02T15:00,23.4,58,17.3
2026-01-02T16:00,23.4,60,15.8
2026-01-02T17:00,22.7,63,14.2
2026-01-02T18:00,21.5,69,9.0
2026-01-02T19:00,20.5,75,7.3
2026-01-02T20:00,19.7,79,7.3
2026-01-02T21:00,19.1,85,7.6
2026-01-02T22:00,18.9,85,7.1
2026-01-02T23:00,18.8,85,5.5
2026-01-03T00:00,18.3,87,5.0
2026-01-03T01:00,17.6,89,6.3
2026-01-03T02:00,16.7,91,7.5
2026-01-03T03:00,16.0,93,9.3
2026-01-03T04:00,15.5,97,10.5
2026-01-03T05:00,14.9,99,9.4
2026-01-03T06:00,14.2,100,8.7
2026-01-03T07:00,13.2,100,7.1
2026-01-03T08:00,13.2,100,6.0
2026-01-03T09:00,15.3,97,6.6
2026-01-03T10:00,17.8,94,4.6
2026-01-03T11:00,20.8,78,5.5
2026-01-03T12:00,23.2,62,7.1
2026-01-03T13:00,24.3,54,11.6
2026-01-03T14:00,24.6,51,13.8
2026-01-03T15:00,24.4,53,13.5
2026-01-03T16:00,23.8,58,12.7
2026-01-03T17:00,22.8,65,11.6
2026-01-03T18:00,21.5,74,7.8
2026-01-03T19:00,20.6,79,8.8
2026-01-03T20:00,20.0,81,10.0
2026-01-03T21:00,19.4,85,10.0
2026-01-03T22:00,19.5,85,10.6
2026-01-03T23:00,19.3,87,9.6
2026-01-04T00:00,19.0,88,8.6
2026-01-04T01:00,18.8,88,8.2
2026-01-04T02:00,18.4,89,7.5
2026-01-04T03:00,17.7,92,9.1
2026-01-04T04:00,16.8,96,11.4
2026-01-04T05:00,16.0,99,10.8
2026-01-04T06:00,15.8,99,11.2
2026-01-04T07:00,15.7,99,11.7
2026-01-04T08:00,15.9,99,10.7
2026-01-04T09:00,17.7,93,10.4
2026-01-04T10:00,20.2,83,11.3
2026-01-04T11:00,22.9,70,11.8
2026-01-04T12:00,25.1,62,12.5
2026-01-04T13:00,26.0,56,17.9
2026-01-04T14:00,25.9,57,20.9
2026-01-04T15:00,25.5,57,22.2
2026-01-04T16:00,24.9,58,20.1
2026-01-04T17:00,23.9,61,18.1
2026-01-04T18:00,22.5,70,12.8
2026-01-04T19:00,21.9,74,12.3
2026-01-04T20:00,21.1,78,10.7
2026-01-04T21:00,20.5,80,11.0
2026-01-04T22:00,20.7,73,14.3
2026-01-04T23:00,20.2,67,14.8
2026-01-05T00:00,19.1,70,13.3
2026-01-05T01:00,17.9,81,10.3
2026-01-05T02:00,17.6,83,8.0
2026-01-05T03:00,17.3,84,8.0
2026-01-05T04:00,16.6,87,9.4
2026-01-05T05:00,16.2,87,9.8
2026-01-05T06:00,15.6,89,12.8
2026-01-05T07:00,14.5,94,14.0
2026-01-05T08:00,14.9,92,13.0
2026-01-05T09:00,17.7,78,11.4
2026-01-05T10:00,21.3,60,9.8
2026-01-05T11:00,23.5,50,6.7
2026-01-05T12:00,24.7,41,3.2
2026-01-05T13:00,25.6,34,6.4
2026-01-05T14:00,26.3,31,7.5
2026-01-05T15:00,26.5,31,7.7
2026-01-05T16:00,24.4,51,17.3
2026-01-05T17:00,23.4,54,16.7
2026-01-05T18:00,22.1,62,13.7
2026-01-05T19:00,21.4,70,13.3
2026-01-05T20:00,20.9,69,10.9
2026-01-05T21:00,20.3,67,11.0
2026-01-05T22:00,19.8,66,11.0
2026-01-05T23:00,18.9,66,10.0
2026-01-06T00:00,18.0,65,10.2
2026-01-06T01:00,16.8,67,9.7
2026-01-06T02:00,15.8,68,9.1
2026-01-06T03:00,15.2,67,7.4
2026-01-06T04:00,15.2,70,10.6
2026-01-06T05:00,15.2,70,9.7
2026-01-06T06:00,14.7,74,10.4
2026-01-06T07:00,14.6,74,11.3
2026-01-06T08:00,15.8,68,11.3
2026-01-06T09:00,18.8,56,8.1
2026-01-06T10:00,21.9,48,6.2
2026-01-06T11:00,24.7,37,10.0
2026-01-06T12:00,26.0,27,9.6
2026-01-06T13:00,26.4,26,6.7
2026-01-06T14:00,26.4,28,14.4
2026-01-06T15:00,25.1,35,23.0
2026-01-06T16:00,24.2,41,23.5
2026-01-06T17:00,23.4,52,21.5
2026-01-06T18:00,22.1,52,16.6
2026-01-06T19:00,21.3,52,13.0
2026-01-06T20:00,20.5,54,10.9
2026-01-06T21:00,19.5,54,9.8
2026-01-06T22:00,19.1,55,8.8
2026-01-06T23:00,18.7,57,7.5
2026-01-07T00:00,17.9,59,6.5
2026-01-07T01:00,17.1,59,5.8
2026-01-07T02:00,16.4,59,6.4
2026-01-07T03:00,15.7,61,7.6
2026-01-07T04:00,15.7,62,5.4
2026-01-07T05:00,16.3,60,3.1
2026-01-07T06:00,16.3,60,3.2
2026-01-07T07:00,15.8,62,6.3
2026-01-07T08:00,16.2,61,8.9
2026-01-07T09:00,18.7,53,5.6
2026-01-07T10:00,22.0,48,5.9
2026-01-07T11:00,23.8,40,9.9
2026-01-07T12:00,24.6,35,9.7
2026-01-07T13:00,24.9,33,14.7
2026-01-07T14:00,24.5,35,20.1
2026-01-07T15:00,23.8,34,19.9
2026-01-07T16:00,23.6,34,18.6
2026-01-07T17:00,22.7,37,17.2
2026-01-07T18:00,21.3,42,12.1
2026-01-07T19:00,20.3,46,11.0
2026-01-07T20:00,19.2,51,8.3
2026-01-07T21:00,18.3,53,9.6
2026-01-07T22:00,17.8,58,8.9
2026-01-07T23:00,17.2,58,9.5
2026-01-08T00:00,16.1,61,6.1
2026-01-08T01:00,15.5,63,4.9
2026-01-08T02:00,15.0,66,6.7
2026-01-08T03:00,14.5,69,9.4
2026-01-08T04:00,14.5,68,10.2
2026-01-08T05:00,14.7,66,7.7
2026-01-08T06:00,14.7,65,6.6
2026-01-08T07:00,14.5,66,6.3
2026-01-08T08:00,15.0,63,8.4
2026-01-08T09:00,17.4,53,5.4
2026-01-08T10:00,20.5,45,2.2
2026-01-08T11:00,22.6,34,4.7
2026-01-08T12:00,23.6,29,6.8
2026-01-08T13:00,24.2,28,7.2
2026-01-08T14:00,24.5,27,10.9
2026-01-08T15:00,24.0,29,14.8
2026-01-08T16:00,23.1,36,16.0
2026-01-08T17:00,22.2,37,13.5
2026-01-08T18:00,20.7,44,9.7
2026-01-08T19:00,19.7,52,8.9
2026-01-08T20:00,19.0,59,8.6
2026-01-08T21:00,18.3,62,8.5
2026-01-08T22:00,17.6,62,10.6
2026-01-08T23:00,16.6,62,9.5
2026-01-09T00:00,15.7,65,6.3
2026-01-09T01:00,15.5,66,5.6
2026-01-09T02:00,15.2,67,5.6
2026-01-09T03:00,14.7,68,6.3
2026-01-09T04:00,15.4,66,4.4
2026-01-09T05:00,15.2,67,4.9
2026-01-09T06:00,14.9,69,4.3
2026-01-09T07:00,14.4,71,5.4
2026-01-09T08:00,14.3,71,8.4
2026-01-09T09:00,17.0,59,5.6
2026-01-09T10:00,20.3,49,4.4
2026-01-09T11:00,22.0,43,2.3
2026-01-09T12:00,23.2,39,2.6
2026-01-09T13:00,23.8,37,3.6
2026-01-09T14:00,24.2,37,8.1
2026-01-09T15:00,23.7,42,14.2
2026-01-09T16:00,22.9,45,16.5
2026-01-09T17:00,22.0,49,14.6
2026-01-09T18:00,20.9,59,10.2
2026-01-09T19:00,20.1,61,8.5
2026-01-09T20:00,19.5,59,8.4
2026-01-09T21:00,18.8,59,8.1
2026-01-09T22:00,18.6,60,6.9
2026-01-09T23:00,18.2,63,7.0
2026-01-10T00:00,17.3,67,8.4
2026-01-10T01:00,16.5,73,9.1
2026-01-10T02:00,15.8,82,8.9
2026-01-10T03:00,15.1,90,7.5
2026-01-10T04:00,15.0,89,6.7
2026-01-10T05:00,15.1,92,9.4
2026-01-10T06:00,14.3,95,7.9
2026-01-10T07:00,13.6,97,7.2
2026-01-10T08:00,14.1,96,6.3
2026-01-10T09:00,17.0,80,5.9
2026-01-10T10:00,20.5,65,6.7
2026-01-10T11:00,22.4,53,5.6
2026-01-10T12:00,23.8,39,5.6
2026-01-10T13:00,24.7,33,7.0
2026-01-10T14:00,25.0,30,8.6
2026-01-10T15:00,24.8,30,9.2
2026-01-10T16:00,23.6,43,11.9
2026-01-10T17:00,22.3,48,16.9
2026-01-10T18:00,21.9,51,15.2
2026-01-10T19:00,21.2,51,13.1
2026-01-10T20:00,20.6,53,10.3
2026-01-10T21:00,19.7,54,8.3
2026-01-10T22:00,18.9,58,7.0
2026-01-10T23:00,18.3,60,8.5
2026-01-11T00:00,17.3,63,9.2
2026-01-11T01:00,16.5,67,9.0
2026-01-11T02:00,15.7,73,8.9
2026-01-11T03:00,15.1,78,9.4
2026-01-11T04:00,15.2,77,8.5
2026-01-11T05:00,15.2,79,9.0
2026-01-11T06:00,14.8,83,10.4
2026-01-11T07:00,14.7,85,10.9
2026-01-11T08:00,15.6,87,8.7
2026-01-11T09:00,18.3,76,5.5
2026-01-11T10:00,21.5,62,2.1
2026-01-11T11:00,23.9,49,1.4
2026-01-11T12:00,25.1,35,4.3
2026-01-11T13:00,25.6,32,8.5
2026-01-11T14:00,25.5,34,12.0
2026-01-11T15:00,25.0,36,14.3
2026-01-11T16:00,24.5,38,16.0
2026-01-11T17:00,23.2,42,16.7
2026-01-11T18:00,21.9,54,11.2
2026-01-11T19:00,20.9,59,10.4
2026-01-11T20:00,19.9,61,8.1
2026-01-11T21:00,19.3,63,5.4
2026-01-11T22:00,19.1,62,4.1
2026-01-11T23:00,18.4,65,6.2
2026-01-12T00:00,17.1,72,9.2
2026-01-12T01:00,16.0,77,9.3
2026-01-12T02:00,15.1,83,7.7
2026-01-12T03:00,14.7,84,6.7
2026-01-12T04:00,14.9,79,7.7
2026-01-12T05:00,14.9,78,8.4
2026-01-12T06:00,14.4,80,7.9
2026-01-12T07:00,14.1,80,7.3
2026-01-12T08:00,14.9,76,7.6
2026-01-12T09:00,17.5,65,3.8
2026-01-12T10:00,20.6,56,1.4
2026-01-12T11:00,22.5,49,3.5
2026-01-12T12:00,23.6,44,4.3
2026-01-12T13:00,24.3,41,6.3
2026-01-12T14:00,24.6,41,9.5
2026-01-12T15:00,24.2,44,13.3
2026-01-12T16:00,23.4,45,14.2
2026-01-12T17:00,22.3,49,14.2
2026-01-12T18:00,21.0,62,10.8
2026-01-12T19:00,20.1,66,8.4
2026-01-12T20:00,19.2,69,7.3
2026-01-12T21:00,18.8,69,5.3
2026-01-12T22:00,18.4,69,4.8
2026-01-12T23:00,17.8,72,5.5
2026-01-13T00:00,17.1,75,5.7
2026-01-13T01:00,16.5,77,5.5
2026-01-13T02:00,15.9,79,5.2
2026-01-13T03:00,15.4,82,5.5
2026-01-13T04:00,15.3,84,7.0
2026-01-13T05:00,15.2,85,7.1
2026-01-13T06:00,14.7,87,7.6
2026-01-13T07:00,14.0,89,9.2
2026-01-13T08:00,14.5,88,9.2
2026-01-13T09:00,17.6,74,5.8
2026-01-13T10:00,20.9,62,5.2
2026-01-13T11:00,22.8,47,4.2
2026-01-13T12:00,23.9,39,3.1
2026-01-13T13:00,24.7,35,6.2
2026-01-13T14:00,24.9,36,9.7
2026-01-13T15:00,24.5,38,13.6
2026-01-13T16:00,23.3,41,14.4
2026-01-13T17:00,22.3,48,12.3
2026-01-13T18:00,20.9,62,10.1
2026-01-13T19:00,19.9,65,8.2
2026-01-13T20:00,19.1,66,5.5
2026-01-13T21:00,18.6,68,3.8
2026-01-13T22:00,17.9,72,6.1
2026-01-13T23:00,17.2,77,8.5
2026-01-14T00:00,16.0,84,9.9
2026-01-14T01:00,15.0,88,8.8
2026-01-14T02:00,14.5,90,8.9
2026-01-14T03:00,13.9,90,8.8
2026-01-14T04:00,13.4,91,8.9
2026-01-14T05:00,13.3,91,8.4
2026-01-14T06:00,12.9,92,8.7
2026-01-14T07:00,12.5,92,9.1
2026-01-14T08:00,13.3,88,7.8
2026-01-14T09:00,16.9,70,5.2
2026-01-14T10:00,21.6,52,4.8
2026-01-14T11:00,24.1,39,4.7
2026-01-14T12:00,25.5,32,7.1
2026-01-14T13:00,26.4,28,10.7
2026-01-14T14:00,26.6,28,14.4
2026-01-14T15:00,26.2,29,17.3
2026-01-14T16:00,25.6,29,15.7
2026-01-14T17:00,24.5,33,12.4
2026-01-14T18:00,22.2,43,9.1
2026-01-14T19:00,20.7,54,7.4
2026-01-14T20:00,19.8,60,6.7
2026-01-14T21:00,19.1,60,7.0
2026-01-14T22:00,18.3,59,8.6
2026-01-14T23:00,17.4,61,9.2
2026-01-15T00:00,16.7,63,9.4
2026-01-15T01:00,16.0,66,11.0
2026-01-15T02:00,15.6,65,11.4
2026-01-15T03:00,15.5,63,11.6
2026-01-15T04:00,15.3,57,10.8
2026-01-15T05:00,15.0,58,10.1
2026-01-15T06:00,14.3,61,9.6
2026-01-15T07:00,13.8,63,9.5
2026-01-15T08:00,14.5,59,8.8
2026-01-15T09:00,18.6,44,7.6
2026-01-15T10:00,23.1,33,6.5
2026-01-15T11:00,25.7,28,9.4
2026-01-15T12:00,27.0,24,12.9
2026-01-15T13:00,28.0,22,15.3
2026-01-15T14:00,28.2,22,18.9
2026-01-15T15:00,27.0,27,25.7
2026-01-15T16:00,24.6,40,25.0
2026-01-15T17:00,23.0,59,18.5
2026-01-15T18:00,21.6,72,10.1
2026-01-15T19:00,20.9,77,7.7
2026-01-15T20:00,21.2,79,13.3
2026-01-15T21:00,21.3,78,19.4
2026-01-15T22:00,21.1,75,16.3
2026-01-15T23:00,20.9,55,16.1
2026-01-16T00:00,20.3,56,16.0
2026-01-16T01:00,19.7,59,15.8
2026-01-16T02:00,19.2,64,18.7
2026-01-16T03:00,18.6,69,18.2
2026-01-16T04:00,18.4,67,16.8
2026-01-16T05:00,18.4,63,17.8
2026-01-16T06:00,18.1,62,18.1
2026-01-16T07:00,17.9,62,17.9
2026-01-16T08:00,18.7,57,19.1
2026-01-16T09:00,20.1,53,25.1
2026-01-16T10:00,21.1,52,25.1
2026-01-16T11:00,21.5,51,25.9
2026-01-16T12:00,21.9,51,26.7
2026-01-16T13:00,22.1,49,27.2
2026-01-16T14:00,22.1,49,27.8
2026-01-16T15:00,22.0,49,28.8
2026-01-16T16:00,21.1,50,25.1
2026-01-16T17:00,20.5,52,24.2
2026-01-16T18:00,19.9,56,20.9
2026-01-16T19:00,19.4,58,18.8
2026-01-16T20:00,19.0,60,16.5
2026-01-16T21:00,18.9,60,17.6
2026-01-16T22:00,18.8,60,16.5
2026-01-16T23:00,18.5,60,16.5
2026-01-17T00:00,18.3,62,13.0
2026-01-17T01:00,18.4,60,16.2
2026-01-17T02:00,18.6,58,17.3
2026-01-17T03:00,19.1,58,18.9
2026-01-17T04:00,18.6,63,16.7
2026-01-17T05:00,18.2,66,16.1
2026-01-17T06:00,17.9,67,15.6
2026-01-17T07:00,18.0,66,14.1
2026-01-17T08:00,18.9,61,12.9
2026-01-17T09:00,20.8,51,18.7
2026-01-17T10:00,20.9,53,20.7
2026-01-17T11:00,21.7,51,22.0
2026-01-17T12:00,22.3,49,22.7
2026-01-17T13:00,22.2,49,23.4
2026-01-17T14:00,21.8,51,23.9
2026-01-17T15:00,21.4,52,24.1
2026-01-17T16:00,20.9,57,21.1
2026-01-17T17:00,20.3,60,19.3
2026-01-17T18:00,19.5,65,16.6
2026-01-17T19:00,19.2,66,14.6
2026-01-17T20:00,19.0,67,13.5
2026-01-17T21:00,18.6,70,12.2
2026-01-17T22:00,17.4,73,10.0
2026-01-17T23:00,17.3,74,9.6
2026-01-18T00:00,16.6,78,9.0
2026-01-18T01:00,16.2,81,8.9
2026-01-18T02:00,15.8,83,9.6
2026-01-18T03:00,15.7,84,10.3
2026-01-18T04:00,15.0,85,9.2
2026-01-18T05:00,14.9,86,9.0
2026-01-18T06:00,14.9,87,9.3
2026-01-18T07:00,15.3,86,9.2
2026-01-18T08:00,16.2,82,8.9
2026-01-18T09:00,18.3,71,7.4
2026-01-18T10:00,20.4,61,7.6
2026-01-18T11:00,21.8,53,9.8
2026-01-18T12:00,22.4,50,14.0
2026-01-18T13:00,22.7,48,17.0
2026-01-18T14:00,22.5,48,17.4
2026-01-18T15:00,22.3,51,17.8
2026-01-18T16:00,21.7,55,16.5
2026-01-18T17:00,20.9,60,14.5
2026-01-18T18:00,19.9,66,10.9
2026-01-18T19:00,19.1,71,8.6
2026-01-18T20:00,18.2,76,7.0
2026-01-18T21:00,17.5,80,8.8
2026-01-18T22:00,16.7,82,8.9
2026-01-18T23:00,16.7,82,9.3
2026-01-19T00:00,16.0,85,9.5
2026-01-19T01:00,15.3,89,9.0
2026-01-19T02:00,15.0,91,9.7
2026-01-19T03:00,14.6,92,10.1
2026-01-19T04:00,13.9,95,10.7
2026-01-19T05:00,13.9,96,10.4
2026-01-19T06:00,13.6,96,10.4
2026-01-19T07:00,13.4,96,10.3
2026-01-19T08:00,14.2,92,10.4
2026-01-19T09:00,16.7,81,9.2
2026-01-19T10:00,19.9,67,11.3
2026-01-19T11:00,21.5,57,6.9
2026-01-19T12:00,22.7,48,3.7
2026-01-19T13:00,23.8,42,6.5
2026-01-19T14:00,24.2,39,12.2
2026-01-19T15:00,23.7,43,15.4
2026-01-19T16:00,22.6,48,15.7
2026-01-19T17:00,21.5,56,14.9
2026-01-19T18:00,20.1,70,10.0
2026-01-19T19:00,19.0,77,5.6
2026-01-19T20:00,18.4,80,4.9
2026-01-19T21:00,17.8,81,5.0
2026-01-19T22:00,17.2,80,7.0
2026-01-19T23:00,16.8,82,5.6
2026-01-20T00:00,16.1,86,8.3
2026-01-20T01:00,15.4,90,9.3
2026-01-20T02:00,15.2,89,11.3
2026-01-20T03:00,14.7,86,9.4
2026-01-20T04:00,15.2,72,9.0
2026-01-20T05:00,15.9,65,8.4
2026-01-20T06:00,15.3,65,7.8
2026-01-20T07:00,14.4,67,7.3
2026-01-20T08:00,15.3,60,7.2
2026-01-20T09:00,18.3,47,5.4
2026-01-20T10:00,22.2,38,4.4
2026-01-20T11:00,24.5,32,7.4
2026-01-20T12:00,25.8,28,9.3
2026-01-20T13:00,26.5,27,12.2
2026-01-20T14:00,26.5,28,15.5
2026-01-20T15:00,25.8,31,19.2
2026-01-20T16:00,24.5,37,19.0
2026-01-20T17:00,23.1,48,16.9
2026-01-20T18:00,21.3,71,11.3
2026-01-20T19:00,20.3,79,10.1
2026-01-20T20:00,19.5,84,8.4
2026-01-20T21:00,18.7,89,7.7
2026-01-20T22:00,18.1,90,7.2
2026-01-20T23:00,17.9,90,7.6
2026-01-21T00:00,17.7,89,7.9
2026-01-21T01:00,17.8,86,8.1
2026-01-21T02:00,17.5,84,9.4
2026-01-21T03:00,18.3,79,13.6
2026-01-21T04:00,18.1,78,12.5
2026-01-21T05:00,18.4,74,12.7
2026-01-21T06:00,17.4,76,11.4
2026-01-21T07:00,17.0,77,10.6
2026-01-21T08:00,18.4,69,11.3
2026-01-21T09:00,21.0,56,13.4
2026-01-21T10:00,22.3,48,19.0
2026-01-21T11:00,22.8,44,20.4
2026-01-21T12:00,23.0,43,23.2
2026-01-21T13:00,22.7,42,26.0
2026-01-21T14:00,22.4,47,24.7
2026-01-21T15:00,22.7,43,28.0
2026-01-21T16:00,21.7,52,29.1
2026-01-21T17:00,20.8,55,29.1
2026-01-21T18:00,19.8,59,27.3
2026-01-21T19:00,19.1,57,26.9
2026-01-21T20:00,18.4,57,24.5
2026-01-21T21:00,17.6,63,26.0
2026-01-21T22:00,17.5,62,26.6
2026-01-21T23:00,17.2,54,26.0
2026-01-22T00:00,16.8,54,26.3
2026-01-22T01:00,16.8,53,27.0
2026-01-22T02:00,17.1,51,27.0
2026-01-22T03:00,17.0,53,30.2
2026-01-22T04:00,16.7,57,27.9
2026-01-22T05:00,16.5,58,26.3
2026-01-22T06:00,16.2,59,23.7
2026-01-22T07:00,16.0,54,21.0
2026-01-22T08:00,16.6,43,15.7
2026-01-22T09:00,18.7,32,17.6
2026-01-22T10:00,19.7,26,18.5
2026-01-22T11:00,20.4,24,19.2
2026-01-22T12:00,20.5,25,20.4
2026-01-22T13:00,20.5,22,21.8
2026-01-22T14:00,20.4,22,21.1
2026-01-22T15:00,20.2,27,19.6
2026-01-22T16:00,19.3,32,18.9
2026-01-22T17:00,18.3,36,20.0
2026-01-22T18:00,17.2,38,15.8
2026-01-22T19:00,16.5,41,14.1
2026-01-22T20:00,15.9,42,11.6
2026-01-22T21:00,14.9,43,9.4
2026-01-22T22:00,14.4,42,8.8
2026-01-22T23:00,13.8,42,9.3
2026-01-23T00:00,13.0,42,10.3
2026-01-23T01:00,12.3,41,9.6
2026-01-23T02:00,11.9,41,8.8
2026-01-23T03:00,11.6,40,9.5
2026-01-23T04:00,12.0,41,10.6
2026-01-23T05:00,11.9,40,11.0
2026-01-23T06:00,11.6,38,11.7
2026-01-23T07:00,11.1,37,12.0
2026-01-23T08:00,12.0,36,11.1
2026-01-23T09:00,14.7,33,9.2
2026-01-23T10:00,18.2,29,11.5
2026-01-23T11:00,20.0,34,15.6
2026-01-23T12:00,21.6,29,13.9
2026-01-23T13:00,22.6,25,12.4
2026-01-23T14:00,23.1,24,10.7
2026-01-23T15:00,23.4,23,9.1
2026-01-23T16:00,22.9,24,5.8
2026-01-23T17:00,21.1,36,17.7
2026-01-23T18:00,19.0,47,20.1
2026-01-23T19:00,18.4,49,14.8
2026-01-23T20:00,17.5,55,11.2
2026-01-23T21:00,16.7,59,10.2
2026-01-23T22:00,16.1,61,12.1
2026-01-23T23:00,15.7,61,12.2
2026-01-24T00:00,14.9,60,11.3
2026-01-24T01:00,14.1,61,9.5
2026-01-24T02:00,13.0,64,8.5
2026-01-24T03:00,12.1,67,8.4
2026-01-24T04:00,11.6,68,6.4
2026-01-24T05:00,11.8,66,8.6
2026-01-24T06:00,11.6,65,9.4
2026-01-24T07:00,11.4,62,10.4
2026-01-24T08:00,12.3,53,9.0
2026-01-24T09:00,15.7,39,7.2
2026-01-24T10:00,18.9,32,6.9
2026-01-24T11:00,21.0,29,5.2
2026-01-24T12:00,22.3,27,5.1
2026-01-24T13:00,23.4,26,7.2
2026-01-24T14:00,24.0,25,7.1
2026-01-24T15:00,24.0,25,6.5
2026-01-24T16:00,22.6,36,12.6
2026-01-24T17:00,21.2,42,15.3
2026-01-24T18:00,20.4,48,14.0
2026-01-24T19:00,19.9,55,12.6
2026-01-24T20:00,19.4,57,9.4
2026-01-24T21:00,18.7,59,7.6
2026-01-24T22:00,18.7,55,9.3
2026-01-24T23:00,18.8,54,9.2
2026-01-25T00:00,18.0,56,7.7
2026-01-25T01:00,17.5,57,7.8
2026-01-25T02:00,17.0,57,7.9
2026-01-25T03:00,16.3,60,8.3
2026-01-25T04:00,15.5,59,11.2
2026-01-25T05:00,16.2,36,12.3
2026-01-25T06:00,15.7,33,13.3
2026-01-25T07:00,15.4,31,13.6
2026-01-25T08:00,17.2,26,9.8
2026-01-25T09:00,18.6,26,10.3
2026-01-25T10:00,22.1,30,10.6
2026-01-25T11:00,21.7,43,23.3
2026-01-25T12:00,23.1,43,20.0
2026-01-25T13:00,24.0,43,21.3
2026-01-25T14:00,24.5,41,24.6
2026-01-25T15:00,24.3,42,26.3
2026-01-25T16:00,24.8,41,18.9
2026-01-25T17:00,23.3,48,15.0
2026-01-25T18:00,21.2,69,2.7
2026-01-25T19:00,20.2,66,6.5
2026-01-25T20:00,19.1,72,9.2
2026-01-25T21:00,19.0,78,2.9
2026-01-25T22:00,19.5,65,22.9
2026-01-25T23:00,19.5,63,20.4
2026-01-26T00:00,19.3,63,21.8
2026-01-26T01:00,18.9,75,20.3
2026-01-26T02:00,19.0,76,23.8
2026-01-26T03:00,18.7,77,21.6
2026-01-26T04:00,18.8,69,18.7
2026-01-26T05:00,18.6,71,14.8
2026-01-26T06:00,18.4,72,14.8
2026-01-26T07:00,17.3,78,8.5
2026-01-26T08:00,17.4,81,4.6
2026-01-26T09:00,18.4,77,7.8
2026-01-26T10:00,20.2,68,8.2
2026-01-26T11:00,21.6,59,14.5
2026-01-26T12:00,21.9,56,16.1
2026-01-26T13:00,22.2,55,13.8
2026-01-26T14:00,21.8,59,16.9
2026-01-26T15:00,20.8,65,18.7
2026-01-26T16:00,21.0,64,19.3
2026-01-26T17:00,20.6,64,15.3
2026-01-26T18:00,19.8,69,11.1
2026-01-26T19:00,19.1,74,6.1
2026-01-26T20:00,18.4,79,5.6
2026-01-26T21:00,17.8,82,6.8
2026-01-26T22:00,17.8,82,7.3
2026-01-26T23:00,17.5,83,6.9
2026-01-27T00:00,17.0,84,6.0
2026-01-27T01:00,16.7,85,3.6
2026-01-27T02:00,16.0,87,4.9
2026-01-27T03:00,15.0,91,7.1
2026-01-27T04:00,14.4,92,8.8
2026-01-27T05:00,13.9,93,8.8
2026-01-27T06:00,13.4,93,9.3
2026-01-27T07:00,13.1,92,10.8
2026-01-27T08:00,14.1,84,10.3
2026-01-27T09:00,17.2,63,7.2
2026-01-27T10:00,20.3,51,9.4
2026-01-27T11:00,22.1,42,11.8
2026-01-27T12:00,23.2,40,12.9
2026-01-27T13:00,23.9,39,13.9
2026-01-27T14:00,24.7,34,14.5
2026-01-27T15:00,24.9,32,11.8
2026-01-27T16:00,23.9,39,14.9
2026-01-27T17:00,22.3,50,21.1
2026-01-27T18:00,20.4,57,21.1
2026-01-27T19:00,19.7,60,19.5
2026-01-27T20:00,19.3,63,15.6
2026-01-27T21:00,18.5,67,13.0
2026-01-27T22:00,17.9,67,13.1
2026-01-27T23:00,17.3,63,11.8
2026-01-28T00:00,16.7,61,12.4
2026-01-28T01:00,16.1,61,12.3
2026-01-28T02:00,15.6,62,12.1
2026-01-28T03:00,15.3,63,11.6
2026-01-28T04:00,15.2,69,11.7
2026-01-28T05:00,15.1,73,9.9
2026-01-28T06:00,14.8,76,9.5
2026-01-28T07:00,14.6,78,9.6
2026-01-28T08:00,15.4,78,8.7
2026-01-28T09:00,17.3,71,8.2
2026-01-28T10:00,19.8,57,7.6
2026-01-28T11:00,23.3,46,14.8
2026-01-28T12:00,25.2,39,19.4
2026-01-28T13:00,26.1,37,17.9
2026-01-28T14:00,26.7,35,14.9
2026-01-28T15:00,26.2,35,8.5
2026-01-28T16:00,23.7,49,19.1
2026-01-28T17:00,22.2,53,16.2
2026-01-28T18:00,21.9,56,11.3
2026-01-28T19:00,20.8,60,10.5
2026-01-28T20:00,20.4,59,8.5
2026-01-28T21:00,19.7,61,10.5
2026-01-28T22:00,19.3,63,10.7
2026-01-28T23:00,18.9,67,9.4
2026-01-29T00:00,18.4,71,9.8
2026-01-29T01:00,18.1,74,9.9
2026-01-29T02:00,17.8,77,10.7
2026-01-29T03:00,17.4,77,11.3
2026-01-29T04:00,16.7,77,10.6
2026-01-29T05:00,16.6,77,9.3
2026-01-29T06:00,16.5,77,8.5
2026-01-29T07:00,16.2,78,9.9
2026-01-29T08:00,17.2,70,11.4
2026-01-29T09:00,20.3,55,9.4
2026-01-29T10:00,23.5,43,11.2
2026-01-29T11:00,25.3,36,18.8
2026-01-29T12:00,26.3,33,18.4
2026-01-29T13:00,27.0,31,18.1
2026-01-29T14:00,27.1,31,18.3
2026-01-29T15:00,26.5,33,19.1
2026-01-29T16:00,25.2,35,19.2
2026-01-29T17:00,24.1,39,17.3
2026-01-29T18:00,22.5,54,12.5
2026-01-29T19:00,21.0,60,8.0
2026-01-29T20:00,20.3,65,5.8
2026-01-29T21:00,19.8,69,3.4
2026-01-29T22:00,19.5,70,2.3
2026-01-29T23:00,18.4,70,7.2
2026-01-30T00:00,17.6,69,9.5
2026-01-30T01:00,16.5,71,9.3
2026-01-30T02:00,15.5,75,9.3
2026-01-30T03:00,14.8,76,9.2
2026-01-30T04:00,14.5,69,9.7
2026-01-30T05:00,14.3,69,8.2
2026-01-30T06:00,13.7,71,8.8
2026-01-30T07:00,13.6,70,10.2
2026-01-30T08:00,15.6,61,10.7
2026-01-30T09:00,19.0,59,9.2
2026-01-30T10:00,22.0,64,11.9
2026-01-30T11:00,23.3,57,13.8
2026-01-30T12:00,23.7,56,16.6
2026-01-30T13:00,23.7,55,19.6
2026-01-30T14:00,23.5,51,20.8
2026-01-30T15:00,23.1,51,21.3
2026-01-30T16:00,22.7,50,22.1
2026-01-30T17:00,21.5,59,21.6
2026-01-30T18:00,20.4,66,15.7
2026-01-30T19:00,19.6,69,11.8
2026-01-30T20:00,18.8,69,10.5
2026-01-30T21:00,18.1,70,9.8
2026-01-30T22:00,17.4,75,8.9
2026-01-30T23:00,17.0,79,7.9
2026-01-31T00:00,16.4,82,8.2
2026-01-31T01:00,15.9,83,8.3
2026-01-31T02:00,15.6,82,8.4
2026-01-31T03:00,15.5,82,9.0
2026-01-31T04:00,14.5,81,10.3
2026-01-31T05:00,14.5,81,9.9
2026-01-31T06:00,14.5,84,9.7
2026-01-31T07:00,14.4,86,9.4
2026-01-31T08:00,15.6,79,9.7
2026-01-31T09:00,18.4,67,8.7
2026-01-31T10:00,20.5,59,9.3
2026-01-31T11:00,21.9,56,10.3
2026-01-31T12:00,22.6,53,12.5
2026-01-31T13:00,23.0,50,13.7
2026-01-31T14:00,23.2,47,14.9
2026-01-31T15:00,22.8,51,16.6
2026-01-31T16:00,22.1,54,16.4
2026-01-31T17:00,21.1,59,14.7
2026-01-31T18:00,19.9,67,9.3
2026-01-31T19:00,18.6,75,6.9
2026-01-31T20:00,17.8,81,6.4
2026-01-31T21:00,17.1,84,7.2
2026-01-31T22:00,16.6,86,7.9
2026-01-31T23:00,16.5,89,8.4
2026-02-01T00:00,16.0,91,8.4
2026-02-01T01:00,15.5,92,7.8
2026-02-01T02:00,14.9,93,8.0
2026-02-01T03:00,14.4,94,8.4
2026-02-01T04:00,13.7,95,9.1
2026-02-01T05:00,13.7,96,8.6
2026-02-01T06:00,13.4,96,8.8
2026-02-01T07:00,13.1,97,9.0
2026-02-01T08:00,14.0,95,7.8
2026-02-01T09:00,17.2,82,6.8
2026-02-01T10:00,20.3,72,6.5
2026-02-01T11:00,21.9,66,2.4
2026-02-01T12:00,23.5,55,2.7
2026-02-01T13:00,25.0,46,7.6
2026-02-01T14:00,25.7,40,12.0
2026-02-01T15:00,25.4,40,13.9
2026-02-01T16:00,24.1,49,14.4
2026-02-01T17:00,22.9,59,12.8
2026-02-01T18:00,21.3,73,10.1
2026-02-01T19:00,20.1,82,6.3
2026-02-01T20:00,19.2,88,4.2
2026-02-01T21:00,18.5,90,3.5
2026-02-01T22:00,17.8,91,5.4
2026-02-01T23:00,17.1,93,6.5
2026-02-02T00:00,16.3,95,7.9
2026-02-02T01:00,15.5,97,7.6
2026-02-02T02:00,14.9,97,7.3
2026-02-02T03:00,14.5,97,6.9
2026-02-02T04:00,14.7,94,7.4
2026-02-02T05:00,14.7,92,6.0
2026-02-02T06:00,14.5,90,5.9
2026-02-02T07:00,14.1,87,7.4
2026-02-02T08:00,15.2,79,7.9
2026-02-02T09:00,18.1,65,4.4
2026-02-02T10:00,22.2,47,4.8
2026-02-02T11:00,24.4,37,1.9
2026-02-02T12:00,26.0,28,3.8
2026-02-02T13:00,27.1,23,10.0
2026-02-02T14:00,27.1,23,13.2
2026-02-02T15:00,26.5,24,12.7
2026-02-02T16:00,25.4,27,10.4
2026-02-02T17:00,24.1,34,9.9
2026-02-02T18:00,21.7,51,8.1
2026-02-02T19:00,20.0,63,5.9
2026-02-02T20:00,18.9,70,4.6
2026-02-02T21:00,18.3,73,4.0
2026-02-02T22:00,18.2,65,3.2
2026-02-02T23:00,17.9,65,3.1
2026-02-03T00:00,17.3,69,2.1
2026-02-03T01:00,16.4,70,6.3
2026-02-03T02:00,15.1,66,9.8
2026-02-03T03:00,14.1,67,9.4
2026-02-03T04:00,13.2,69,9.2
2026-02-03T05:00,12.9,67,7.8
2026-02-03T06:00,12.6,66,7.7
2026-02-03T07:00,12.2,66,7.8
2026-02-03T08:00,13.2,64,7.0
2026-02-03T09:00,16.6,58,4.7
2026-02-03T10:00,20.8,55,4.5
2026-02-03T11:00,23.9,48,4.8
2026-02-03T12:00,25.8,41,2.4
2026-02-03T13:00,27.1,33,4.7
2026-02-03T14:00,27.4,34,9.4
2026-02-03T15:00,26.8,36,13.8
2026-02-03T16:00,25.6,37,14.5
2026-02-03T17:00,24.0,46,12.4
2026-02-03T18:00,21.8,69,9.3
2026-02-03T19:00,20.4,83,9.3
2026-02-03T20:00,19.5,90,8.0
2026-02-03T21:00,18.9,91,9.7
2026-02-03T22:00,18.5,87,9.9
2026-02-03T23:00,18.1,85,9.1
2026-02-04T00:00,17.2,87,9.4
2026-02-04T01:00,16.9,89,10.9
2026-02-04T02:00,17.0,91,12.3
2026-02-04T03:00,16.4,92,12.1
2026-02-04T04:00,16.2,94,12.4
2026-02-04T05:00,16.2,93,11.9
2026-02-04T06:00,15.8,93,12.2
2026-02-04T07:00,15.5,89,12.3
2026-02-04T08:00,16.5,75,10.8
2026-02-04T09:00,19.5,59,8.3
2026-02-04T10:00,23.8,43,6.3
2026-02-04T11:00,27.5,26,8.6
2026-02-04T12:00,29.5,19,19.0
2026-02-04T13:00,30.3,18,20.0
2026-02-04T14:00,30.7,18,21.2
2026-02-04T15:00,30.8,17,21.3
2026-02-04T16:00,30.5,17,15.7
2026-02-04T17:00,28.6,26,11.1
2026-02-04T18:00,25.3,42,8.6
2026-02-04T19:00,23.7,43,4.8
2026-02-04T20:00,22.9,42,6.2
2026-02-04T21:00,21.6,43,10.2
2026-02-04T22:00,21.0,51,11.7
2026-02-04T23:00,20.2,63,6.7
2026-02-05T00:00,19.8,62,3.5
2026-02-05T01:00,19.2,51,8.0
2026-02-05T02:00,18.6,45,12.2
2026-02-05T03:00,17.7,48,12.3
2026-02-05T04:00,17.2,49,11.1
2026-02-05T05:00,17.1,60,9.7
2026-02-05T06:00,16.8,74,8.7
2026-02-05T07:00,16.6,86,9.1
2026-02-05T08:00,18.0,89,8.4
2026-02-05T09:00,20.8,83,6.4
2026-02-05T10:00,22.8,76,6.6
2026-02-05T11:00,24.1,67,7.5
2026-02-05T12:00,25.2,60,10.6
2026-02-05T13:00,25.6,57,13.5
2026-02-05T14:00,25.5,52,15.5
2026-02-05T15:00,25.1,46,16.8
2026-02-05T16:00,24.5,50,15.0
2026-02-05T17:00,23.2,57,15.2
2026-02-05T18:00,21.7,65,12.8
2026-02-05T19:00,20.9,70,10.4
2026-02-05T20:00,20.1,75,8.9
2026-02-05T21:00,19.4,78,7.0
2026-02-05T22:00,19.0,81,7.4
2026-02-05T23:00,18.7,82,7.5
2026-02-06T00:00,18.3,83,5.9
2026-02-06T01:00,18.1,83,3.4
2026-02-06T02:00,17.6,84,0.6
2026-02-06T03:00,17.3,86,2.3
2026-02-06T04:00,16.7,89,5.0
2026-02-06T05:00,16.7,91,6.9
2026-02-06T06:00,16.2,94,8.3
2026-02-06T07:00,15.7,95,7.4
2026-02-06T08:00,16.6,91,5.4
2026-02-06T09:00,19.3,78,5.4
2026-02-06T10:00,21.7,68,5.9
2026-02-06T11:00,23.7,54,5.3
2026-02-06T12:00,25.5,41,3.4
2026-02-06T13:00,26.6,36,6.4
2026-02-06T14:00,26.4,41,12.8
2026-02-06T15:00,25.4,43,16.2
2026-02-06T16:00,24.3,48,15.1
2026-02-06T17:00,23.0,60,14.7
2026-02-06T18:00,22.0,63,13.0
2026-02-06T19:00,21.5,65,7.8
2026-02-06T20:00,20.8,70,5.6
2026-02-06T21:00,19.7,76,5.5
2026-02-06T22:00,19.2,82,6.2
2026-02-06T23:00,19.1,85,4.0
2026-02-07T00:00,18.5,87,3.6
2026-02-07T01:00,17.9,90,4.7
2026-02-07T02:00,17.2,92,5.1
2026-02-07T03:00,16.3,96,7.6
2026-02-07T04:00,15.9,99,7.7
2026-02-07T05:00,16.2,99,7.4
2026-02-07T06:00,15.9,99,7.9
2026-02-07T07:00,15.4,99,7.6
2026-02-07T08:00,16.4,96,7.1
2026-02-07T09:00,19.1,82,5.9
2026-02-07T10:00,23.2,67,5.7
2026-02-07T11:00,26.6,44,13.3
2026-02-07T12:00,28.5,31,15.2
2026-02-07T13:00,29.3,27,13.9
2026-02-07T14:00,28.7,34,15.6
2026-02-07T15:00,26.9,45,21.2
2026-02-07T16:00,25.0,55,19.3
2026-02-07T17:00,23.8,58,20.0
2026-02-07T18:00,22.7,67,15.1
2026-02-07T19:00,21.6,74,14.4
2026-02-07T20:00,21.6,81,14.4
2026-02-07T21:00,20.9,86,11.0
2026-02-07T22:00,20.8,84,9.3
2026-02-07T23:00,20.2,84,8.8
2026-02-08T00:00,19.6,84,6.5
2026-02-08T01:00,18.8,86,8.6
2026-02-08T02:00,18.0,91,8.1
2026-02-08T03:00,18.2,91,11.2
2026-02-08T04:00,19.1,85,4.8
2026-02-08T05:00,19.9,81,9.6
2026-02-08T06:00,19.2,80,15.6
2026-02-08T07:00,18.1,77,11.8
2026-02-08T08:00,18.5,75,11.2
2026-02-08T09:00,20.6,68,15.7
2026-02-08T10:00,23.2,58,12.5
2026-02-08T11:00,25.5,45,11.4
2026-02-08T12:00,26.9,35,7.5
2026-02-08T13:00,27.7,31,4.3
2026-02-08T14:00,28.8,28,11.0
2026-02-08T15:00,29.2,27,14.4
2026-02-08T16:00,28.0,34,15.9
2026-02-08T17:00,27.0,37,12.9
2026-02-08T18:00,25.1,44,9.5
2026-02-08T19:00,23.2,55,7.7
2026-02-08T20:00,21.9,64,6.3
2026-02-08T21:00,20.9,71,7.6
2026-02-08T22:00,20.7,67,8.5
2026-02-08T23:00,20.3,68,8.2
2026-02-09T00:00,19.6,72,7.7
2026-02-09T01:00,19.0,73,6.3
2026-02-09T02:00,18.3,73,6.5
2026-02-09T03:00,17.6,73,7.5
2026-02-09T04:00,16.6,74,8.9
2026-02-09T05:00,16.5,72,8.2
2026-02-09T06:00,15.9,72,7.5
2026-02-09T07:00,15.4,74,6.7
2026-02-09T08:00,16.6,67,5.6
2026-02-09T09:00,20.3,53,3.5
2026-02-09T10:00,24.4,41,4.2
2026-02-09T11:00,26.8,35,6.8
2026-02-09T12:00,28.3,30,13.3
2026-02-09T13:00,28.9,25,19.0
2026-02-09T14:00,28.4,28,22.1
2026-02-09T15:00,27.3,37,22.6
2026-02-09T16:00,26.3,39,15.6
2026-02-09T17:00,25.4,44,13.0
2026-02-09T18:00,23.8,55,10.4
2026-02-09T19:00,22.1,68,9.7
2026-02-09T20:00,21.1,76,10.0
2026-02-09T21:00,20.2,83,10.0
2026-02-09T22:00,20.0,83,11.4
2026-02-09T23:00,20.1,84,11.2
2026-02-10T00:00,19.7,88,10.5
2026-02-10T01:00,19.2,90,9.8
2026-02-10T02:00,18.6,92,10.1
2026-02-10T03:00,18.3,93,11.3
2026-02-10T04:00,17.8,90,12.1
2026-02-10T05:00,17.7,89,11.8
2026-02-10T06:00,17.4,90,11.6
2026-02-10T07:00,17.1,91,11.5
2026-02-10T08:00,18.0,89,10.6
2026-02-10T09:00,20.8,77,9.7
2026-02-10T10:00,23.5,66,11.9
2026-02-10T11:00,25.3,53,13.7
2026-02-10T12:00,26.2,47,15.1
2026-02-10T13:00,26.4,47,16.2
2026-02-10T14:00,26.5,46,15.7
2026-02-10T15:00,26.2,48,15.3
2026-02-10T16:00,25.4,55,13.5
2026-02-10T17:00,24.4,61,12.5
2026-02-10T18:00,22.7,73,11.2
2026-02-10T19:00,21.2,85,7.6
2026-02-10T20:00,20.4,91,8.0
2026-02-10T21:00,19.6,95,7.6
2026-02-10T22:00,19.3,97,4.5
2026-02-10T23:00,19.0,98,4.4
2026-02-11T00:00,18.1,100,6.4
2026-02-11T01:00,17.4,100,8.5
2026-02-11T02:00,16.6,100,5.8
2026-02-11T03:00,15.4,99,3.7
2026-02-11T04:00,15.9,99,4.7
2026-02-11T05:00,16.4,99,5.6
2026-02-11T06:00,16.6,99,6.7
2026-02-11T07:00,16.4,98,5.6
2026-02-11T08:00,16.6,96,5.6
2026-02-11T09:00,17.4,95,5.3
2026-02-11T10:00,20.5,82,5.1
2026-02-11T11:00,25.2,51,6.4
2026-02-11T12:00,28.4,33,8.9
2026-02-11T13:00,30.3,25,9.1
2026-02-11T14:00,30.8,23,8.9
2026-02-11T15:00,29.6,35,14.1
2026-02-11T16:00,27.2,46,19.5
2026-02-11T17:00,25.4,60,17.8
2026-02-11T18:00,23.9,67,15.2
2026-02-11T19:00,22.8,71,15.3
2026-02-11T20:00,22.3,75,13.0
2026-02-11T21:00,22.0,72,11.1
2026-02-11T22:00,22.1,65,14.9
2026-02-11T23:00,21.5,72,16.0
2026-02-12T00:00,20.8,76,16.6
2026-02-12T01:00,20.2,79,16.4
2026-02-12T02:00,19.7,83,16.0
2026-02-12T03:00,19.2,88,15.4
2026-02-12T04:00,18.7,89,14.6
2026-02-12T05:00,18.8,90,14.8
2026-02-12T06:00,18.6,91,15.0
2026-02-12T07:00,18.3,92,13.9
2026-02-12T08:00,19.1,88,12.1
2026-02-12T09:00,22.0,68,12.2
2026-02-12T10:00,25.3,46,10.4
2026-02-12T11:00,28.8,27,12.9
2026-02-12T12:00,30.8,20,16.2
2026-02-12T13:00,31.6,18,17.1
2026-02-12T14:00,32.2,18,16.1
2026-02-12T15:00,31.9,18,10.0
2026-02-12T16:00,28.2,37,19.8
2026-02-12T17:00,26.5,48,15.9
2026-02-12T18:00,25.2,59,14.3
2026-02-12T19:00,24.0,64,11.3
2026-02-12T20:00,23.0,67,8.5
2026-02-12T21:00,22.4,64,10.4
2026-02-12T22:00,21.8,67,9.7
2026-02-12T23:00,21.3,66,9.4
2026-02-13T00:00,20.2,70,8.7
2026-02-13T01:00,19.3,74,9.6
2026-02-13T02:00,18.7,89,9.8
2026-02-13T03:00,18.5,96,9.7
2026-02-13T04:00,18.2,95,10.0
2026-02-13T05:00,18.0,95,9.3
2026-02-13T06:00,17.6,95,9.5
2026-02-13T07:00,17.3,94,10.1
2026-02-13T08:00,18.2,90,8.8
2026-02-13T09:00,21.8,71,6.9
2026-02-13T10:00,25.9,54,3.7
2026-02-13T11:00,28.8,35,1.9
2026-02-13T12:00,30.7,20,6.3
2026-02-13T13:00,31.4,17,11.2
2026-02-13T14:00,31.0,22,15.0
2026-02-13T15:00,30.1,24,17.6
2026-02-13T16:00,28.1,41,17.3
2026-02-13T17:00,26.4,53,14.9
2026-02-13T18:00,24.5,68,10.6
2026-02-13T19:00,22.8,80,6.5
2026-02-13T20:00,21.7,85,3.5
2026-02-13T21:00,21.0,83,3.6
2026-02-13T22:00,20.6,79,3.5
2026-02-13T23:00,19.7,82,5.5
2026-02-14T00:00,18.5,85,6.8
2026-02-14T01:00,17.8,86,6.7
2026-02-14T02:00,17.5,84,6.0
2026-02-14T03:00,17.3,83,7.0
2026-02-14T04:00,16.3,84,9.0
2026-02-14T05:00,16.2,82,9.4
2026-02-14T06:00,16.0,79,9.4
2026-02-14T07:00,15.9,77,9.9
2026-02-14T08:00,17.8,66,9.1
2026-02-14T09:00,21.5,51,5.6
2026-02-14T10:00,25.3,39,4.2
2026-02-14T11:00,27.7,29,1.0
2026-02-14T12:00,29.6,20,4.2
2026-02-14T13:00,30.8,17,10.4
2026-02-14T14:00,30.6,18,14.1
2026-02-14T15:00,30.2,16,14.5
2026-02-14T16:00,29.3,18,14.9
2026-02-14T17:00,27.3,26,15.1
2026-02-14T18:00,24.6,47,11.4
2026-02-14T19:00,22.9,64,8.8
2026-02-14T20:00,21.7,76,5.8
2026-02-14T21:00,21.1,81,3.4
2026-02-14T22:00,21.1,78,1.4
2026-02-14T23:00,20.3,80,4.7
2026-02-15T00:00,19.5,76,6.6
2026-02-15T01:00,18.9,72,6.5
2026-02-15T02:00,18.5,67,8.1
2026-02-15T03:00,18.1,62,8.7
2026-02-15T04:00,17.7,58,10.7
2026-02-15T05:00,17.2,56,9.9
2026-02-15T06:00,16.4,56,10.0
2026-02-15T07:00,15.8,55,10.7
2026-02-15T08:00,17.0,48,9.1
2026-02-15T09:00,21.6,33,7.3
2026-02-15T10:00,26.2,24,6.5
2026-02-15T11:00,28.8,18,9.9
2026-02-15T12:00,30.3,16,14.4
2026-02-15T13:00,30.0,20,20.4
2026-02-15T14:00,29.7,19,21.0
2026-02-15T15:00,29.6,20,20.9
2026-02-15T16:00,29.0,22,19.8
2026-02-15T17:00,27.7,28,17.1
2026-02-15T18:00,25.8,39,14.1
2026-02-15T19:00,24.1,52,14.1
2026-02-15T20:00,23.2,59,13.6
2026-02-15T21:00,22.7,60,14.8
2026-02-15T22:00,22.4,64,15.2
2026-02-15T23:00,22.2,72,16.7
2026-02-16T00:00,21.7,77,15.5
2026-02-16T01:00,21.2,80,14.3
2026-02-16T02:00,20.8,85,15.8
2026-02-16T03:00,20.3,81,17.8
2026-02-16T04:00,19.9,79,17.7
2026-02-16T05:00,20.2,78,18.6
2026-02-16T06:00,20.3,75,19.8
2026-02-16T07:00,20.2,74,22.0
2026-02-16T08:00,21.6,65,22.5
2026-02-16T09:00,22.8,59,26.5
2026-02-16T10:00,23.7,54,24.3
2026-02-16T11:00,24.3,54,23.0
2026-02-16T12:00,24.9,55,21.8
2026-02-16T13:00,25.4,53,20.7
2026-02-16T14:00,25.7,52,18.8
2026-02-16T15:00,25.9,49,16.6
2026-02-16T16:00,25.2,50,16.1
2026-02-16T17:00,24.5,52,13.4
2026-02-16T18:00,23.5,59,10.0
2026-02-16T19:00,22.2,69,6.4
2026-02-16T20:00,21.4,77,4.3
2026-02-16T21:00,20.5,84,6.4
2026-02-16T22:00,20.0,88,7.8
2026-02-16T23:00,20.1,89,10.1
2026-02-17T00:00,20.1,86,11.1
2026-02-17T01:00,19.8,83,11.4
2026-02-17T02:00,19.4,76,9.1
2026-02-17T03:00,19.3,75,5.4
2026-02-17T04:00,17.3,95,10.6
2026-02-17T05:00,16.6,97,9.5
2026-02-17T06:00,16.6,94,11.4
2026-02-17T07:00,16.7,91,12.5
2026-02-17T08:00,17.9,86,11.0
2026-02-17T09:00,21.1,72,7.5
2026-02-17T10:00,24.6,56,4.7
2026-02-17T11:00,27.7,28,9.3
2026-02-17T12:00,28.9,22,6.5
2026-02-17T13:00,29.2,23,5.8
2026-02-17T14:00,29.0,29,13.2
2026-02-17T15:00,27.3,42,23.8
2026-02-17T16:00,27.0,38,23.6
2026-02-17T17:00,26.5,40,19.5
2026-02-17T18:00,25.3,44,11.7
2026-02-17T19:00,23.8,50,8.6
2026-02-17T20:00,23.0,44,7.9
2026-02-17T21:00,22.1,43,8.9
2026-02-17T22:00,21.9,47,11.1
2026-02-17T23:00,20.6,51,8.3
2026-02-18T00:00,19.5,53,8.1
2026-02-18T01:00,18.8,49,10.0
2026-02-18T02:00,18.2,48,10.2
2026-02-18T03:00,17.4,50,10.1
2026-02-18T04:00,16.6,54,9.0
2026-02-18T05:00,16.4,54,7.5
2026-02-18T06:00,15.7,55,8.1
2026-02-18T07:00,15.3,55,8.1
2026-02-18T08:00,17.2,47,6.9
2026-02-18T09:00,20.8,37,4.6
2026-02-18T10:00,24.4,31,0.7
2026-02-18T11:00,26.9,27,2.7
2026-02-18T12:00,28.6,21,4.2
2026-02-18T13:00,29.5,19,2.7
2026-02-18T14:00,29.7,20,3.8
2026-02-18T15:00,29.4,24,11.8
2026-02-18T16:00,27.0,36,27.9
2026-02-18T17:00,26.1,41,21.1
2026-02-18T18:00,24.6,54,15.7
2026-02-18T19:00,23.4,61,11.4
2026-02-18T20:00,22.5,61,9.4
2026-02-18T21:00,21.5,61,7.6
2026-02-18T22:00,21.0,55,9.8
2026-02-18T23:00,20.2,58,7.2

time,precipitation_sum (mm)
2022-08-01,0.10
2022-08-02,0.00
2022-08-03,0.00
2022-08-04,0.00
2022-08-05,0.00
2022-08-06,0.00
2022-08-07,0.00
2022-08-08,0.00
2022-08-09,0.00
2022-08-10,0.00
2022-08-11,0.00
2022-08-12,0.00
2022-08-13,0.00
2022-08-14,0.00
2022-08-15,0.00
2022-08-16,0.00
2022-08-17,0.00
2022-08-18,0.00
2022-08-19,0.00
2022-08-20,0.00
2022-08-21,0.00
2022-08-22,0.00
2022-08-23,0.00
2022-08-24,0.00
2022-08-25,0.00
2022-08-26,0.00
2022-08-27,0.00
2022-08-28,0.00
2022-08-29,0.00
2022-08-30,0.00
2022-08-31,0.00
2022-09-01,0.00
2022-09-02,0.00
2022-09-03,0.00
2022-09-04,0.00
2022-09-05,0.00
2022-09-06,0.00
2022-09-07,0.00
2022-09-08,0.00
2022-09-09,0.00
2022-09-10,0.00
2022-09-11,0.00
2022-09-12,0.00
2022-09-13,0.00
2022-09-14,0.00
2022-09-15,0.00
2022-09-16,0.00
2022-09-17,0.00
2022-09-18,0.00
2022-09-19,0.00
2022-09-20,0.00
2022-09-21,0.00
2022-09-22,0.00
2022-09-23,0.00
2022-09-24,0.00
2022-09-25,0.00
2022-09-26,0.00
2022-09-27,0.00
2022-09-28,0.00
2022-09-29,0.00
2022-09-30,0.00
2022-10-01,0.00
2022-10-02,0.00
2022-10-03,0.00
2022-10-04,0.00
2022-10-05,0.00
2022-10-06,0.00
2022-10-07,0.00
2022-10-08,0.00
2022-10-09,0.00
2022-10-10,0.00
2022-10-11,0.00
2022-10-12,0.00
2022-10-13,0.00
2022-10-14,0.00
2022-10-15,0.00
2022-10-16,0.00
2022-10-17,0.00
2022-10-18,0.00
2022-10-19,0.00
2022-10-20,0.00
2022-10-21,0.00
2022-10-22,0.00
2022-10-23,0.00
2022-10-24,0.00
2022-10-25,0.00
2022-10-26,0.00
2022-10-27,0.00
2022-10-28,0.00
2022-10-29,0.00
2022-10-30,0.00
2022-10-31,0.00
2022-11-01,0.00
2022-11-02,0.00
2022-11-03,0.00
2022-11-04,0.00
2022-11-05,0.10
2022-11-06,0.00
2022-11-07,0.50
2022-11-08,0.00
2022-11-09,0.00
2022-11-10,0.00
2022-11-11,0.00
2022-11-12,0.00
2022-11-13,0.00
2022-11-14,0.00
2022-11-15,0.00
2022-11-16,0.00
2022-11-17,0.00
2022-11-18,0.00
2022-11-19,0.00
2022-11-20,0.00
2022-11-21,0.00
2022-11-22,0.00
2022-11-23,0.00
2022-11-24,0.00
2022-11-25,0.00
2022-11-26,0.00
2022-11-27,0.00
2022-11-28,0.00
2022-11-29,0.00
2022-11-30,0.00
2022-12-01,0.00
2022-12-02,0.00
2022-12-03,0.00
2022-12-04,0.00
2022-12-05,0.00
2022-12-06,0.00
2022-12-07,0.00
2022-12-08,1.20
2022-12-09,2.20
2022-12-10,0.40
2022-12-11,0.00
2022-12-12,0.00
2022-12-13,0.00
2022-12-14,0.00
2022-12-15,0.00
2022-12-16,0.00
2022-12-17,0.10
2022-12-18,0.00
2022-12-19,0.00
2022-12-20,0.00
2022-12-21,0.00
2022-12-22,0.00
2022-12-23,0.00
2022-12-24,0.00
2022-12-25,2.00
2022-12-26,3.80
2022-12-27,32.00
2022-12-28,0.50
2022-12-29,0.00
2022-12-30,0.00
2022-12-31,0.00
2023-01-01,0.00
2023-01-02,0.00
2023-01-03,0.50
2023-01-04,0.00
2023-01-05,0.10
2023-01-06,0.10
2023-01-07,0.90
2023-01-08,0.00
2023-01-09,0.00
2023-01-10,0.00
2023-01-11,0.40
2023-01-12,0.00
2023-01-13,0.00
2023-01-14,0.00
2023-01-15,0.00
2023-01-16,0.00
2023-01-17,0.00
2023-01-18,0.00
2023-01-19,0.10
2023-01-20,0.00
2023-01-21,0.00
2023-01-22,0.00
2023-01-23,0.30
2023-01-24,0.00
2023-01-25,14.50
2023-01-26,9.60
2023-01-27,25.20
2023-01-28,3.40
2023-01-29,0.00
2023-01-30,0.00
2023-01-31,0.00
2023-02-01,0.00
2023-02-02,0.00
2023-02-03,0.00
2023-02-04,0.00
2023-02-05,0.00
2023-02-06,0.00
2023-02-07,0.00
2023-02-08,0.00
2023-02-09,0.00
2023-02-10,0.00
2023-02-11,0.00
2023-02-12,0.00
2023-02-13,0.00
2023-02-14,0.00
2023-02-15,0.00
2023-02-16,0.00
2023-02-17,0.00
2023-02-18,0.00
2023-02-19,0.00
2023-02-20,0.00
2023-02-21,0.00
2023-02-22,0.00
2023-02-23,0.00
2023-02-24,0.00
2023-02-25,0.00
2023-02-26,0.00
2023-02-27,0.00
2023-02-28,0.00
2023-03-01,0.00
2023-03-02,0.90
2023-03-03,0.00
2023-03-04,0.00
2023-03-05,0.00
2023-03-06,0.00
2023-03-07,0.00
2023-03-08,0.00
2023-03-09,0.00
2023-03-10,0.00
2023-03-11,0.00
2023-03-12,0.00
2023-03-13,0.10
2023-03-14,0.00
2023-03-15,0.00
2023-03-16,0.00
2023-03-17,0.00
2023-03-18,0.00
2023-03-19,0.20
2023-03-20,0.00
2023-03-21,0.00
2023-03-22,0.00
2023-03-23,0.00
2023-03-24,0.00
2023-03-25,0.00
2023-03-26,0.00
2023-03-27,0.00
2023-03-28,0.40
2023-03-29,0.00
2023-03-30,0.00
2023-03-31,0.00
2023-04-01,0.00
2023-04-02,0.10
2023-04-03,0.00
2023-04-04,0.00
2023-04-05,0.00
2023-04-06,0.00
2023-04-07,0.00
2023-04-08,0.00
2023-04-09,0.00
2023-04-10,0.00
2023-04-11,0.00
2023-04-12,0.00
2023-04-13,0.00
2023-04-14,0.00
2023-04-15,0.00
2023-04-16,0.00
2023-04-17,0.00
2023-04-18,0.00
2023-04-19,0.00
2023-04-20,0.00
2023-04-21,0.00
2023-04-22,0.00
2023-04-23,0.00
2023-04-24,0.00
2023-04-25,0.00
2023-04-26,0.00
2023-04-27,0.00
2023-04-28,0.00
2023-04-29,0.00
2023-04-30,0.00
2023-05-01,0.00
2023-05-02,0.00
2023-05-03,0.00
2023-05-04,0.00
2023-05-05,0.00
2023-05-06,0.00
2023-05-07,0.00
2023-05-08,0.00
2023-05-09,0.00
2023-05-10,0.00
2023-05-11,0.00
2023-05-12,0.00
2023-05-13,0.00
2023-05-14,0.00
2023-05-15,0.00
2023-05-16,0.00
2023-05-17,0.00
2023-05-18,0.00
2023-05-19,0.00
2023-05-20,0.00
2023-05-21,0.00
2023-05-22,0.00
2023-05-23,0.00
2023-05-24,0.00
2023-05-25,0.00
2023-05-26,0.00
2023-05-27,0.00
2023-05-28,0.00
2023-05-29,0.00
2023-05-30,0.00
2023-05-31,0.00
2023-06-01,0.00
2023-06-02,0.00
2023-06-03,0.00
2023-06-04,0.00
2023-06-05,0.00
2023-06-06,0.00
2023-06-07,0.00
2023-06-08,0.00
2023-06-09,0.00
2023-06-10,0.00
2023-06-11,0.00
2023-06-12,0.00
2023-06-13,0.00
2023-06-14,0.00
2023-06-15,0.00
2023-06-16,0.00
2023-06-17,0.00
2023-06-18,0.00
2023-06-19,0.00
2023-06-20,0.00
2023-06-21,0.00
2023-06-22,0.00
2023-06-23,0.00
2023-06-24,0.00
2023-06-25,0.00
2023-06-26,0.00
2023-06-27,0.00
2023-06-28,0.00
2023-06-29,0.00
2023-06-30,0.00
2023-07-01,0.00
2023-07-02,0.00
2023-07-03,0.00
2023-07-04,0.00
2023-07-05,0.00
2023-07-06,0.00
2023-07-07,0.00
2023-07-08,0.00
2023-07-09,0.00
2023-07-10,0.00
2023-07-11,0.00
2023-07-12,0.00
2023-07-13,0.00
2023-07-14,0.00
2023-07-15,0.00
2023-07-16,0.00
2023-07-17,0.00
2023-07-18,0.00
2023-07-19,0.00
2023-07-20,0.00
2023-07-21,0.00
2023-07-22,0.00
2023-07-23,0.00
2023-07-24,0.00
2023-07-25,0.00
2023-07-26,0.00
2023-07-27,0.00
2023-07-28,0.00
2023-07-29,0.00
2023-07-30,0.00
2023-07-31,0.00
2023-08-01,0.00
2023-08-02,0.00
2023-08-03,0.00
2023-08-04,0.00
2023-08-05,0.00
2023-08-06,0.00
2023-08-07,0.00
2023-08-08,0.00
2023-08-09,0.00
2023-08-10,0.00
2023-08-11,0.00
2023-08-12,0.00
2023-08-13,0.00
2023-08-14,0.00
2023-08-15,0.00
2023-08-16,0.00
2023-08-17,0.00
2023-08-18,0.00
2023-08-19,0.00
2023-08-20,0.00
2023-08-21,0.00
2023-08-22,0.00
2023-08-23,0.00
2023-08-24,0.00
2023-08-25,0.00
2023-08-26,0.00
2023-08-27,0.00
2023-08-28,0.00
2023-08-29,0.00
2023-08-30,0.00
2023-08-31,0.00
2023-09-01,0.00
2023-09-02,0.00
2023-09-03,0.00
2023-09-04,0.00
2023-09-05,0.00
2023-09-06,0.00
2023-09-07,0.00
2023-09-08,0.00
2023-09-09,0.00
2023-09-10,0.00
2023-09-11,0.00
2023-09-12,0.00
2023-09-13,0.00
2023-09-14,0.00
2023-09-15,0.00
2023-09-16,0.00
2023-09-17,0.00
2023-09-18,0.00
2023-09-19,0.00
2023-09-20,0.00
2023-09-21,0.00
2023-09-22,0.00
2023-09-23,0.00
2023-09-24,0.00
2023-09-25,0.00
2023-09-26,0.00
2023-09-27,0.00
2023-09-28,0.00
2023-09-29,0.00
2023-09-30,0.00
2023-10-01,0.00
2023-10-02,0.00
2023-10-03,0.00
2023-10-04,0.00
2023-10-05,0.00
2023-10-06,0.00
2023-10-07,0.00
2023-10-08,0.00
2023-10-09,0.00
2023-10-10,0.00
2023-10-11,0.00
2023-10-12,0.00
2023-10-13,0.00
2023-10-14,0.00
2023-10-15,0.00
2023-10-16,0.00
2023-10-17,0.00
2023-10-18,0.00
2023-10-19,0.00
2023-10-20,0.00
2023-10-21,0.00
2023-10-22,0.00
2023-10-23,0.00
2023-10-24,0.00
2023-10-25,1.20
2023-10-26,6.70
2023-10-27,1.30
2023-10-28,0.00
2023-10-29,0.00
2023-10-30,0.00
2023-10-31,0.00
2023-11-01,0.00
2023-11-02,0.00
2023-11-03,0.00
2023-11-04,0.00
2023-11-05,0.00
2023-11-06,0.00
2023-11-07,0.00
2023-11-08,0.10
2023-11-09,0.00
2023-11-10,0.00
2023-11-11,0.00
2023-11-12,0.00
2023-11-13,0.00
2023-11-14,0.00
2023-11-15,0.00
2023-11-16,0.00
2023-11-17,12.50
2023-11-18,0.00
2023-11-19,0.00
2023-11-20,0.00
2023-11-21,0.00
2023-11-22,0.10
2023-11-23,0.00
2023-11-24,0.00
2023-11-25,0.80
2023-11-26,0.00
2023-11-27,0.00
2023-11-28,0.00
2023-11-29,0.00
2023-11-30,0.00
2023-12-01,0.00
2023-12-02,0.00
2023-12-03,0.00
2023-12-04,0.00
2023-12-05,0.00
2023-12-06,0.00
2023-12-07,0.00
2023-12-08,0.00
2023-12-09,0.00
2023-12-10,0.00
2023-12-11,0.00
2023-12-12,0.00
2023-12-13,0.00
2023-12-14,0.00
2023-12-15,0.00
2023-12-16,0.00
2023-12-17,0.00
2023-12-18,0.00
2023-12-19,0.00
2023-12-20,0.00
2023-12-21,0.00
2023-12-22,0.00
2023-12-23,0.00
2023-12-24,0.00
2023-12-25,0.00
2023-12-26,0.00
2023-12-27,0.00
2023-12-28,0.00
2023-12-29,0.00
2023-12-30,0.00
2023-12-31,0.10
2024-01-01,0.00
2024-01-02,0.00
2024-01-03,0.00
2024-01-04,0.30
2024-01-05,0.00
2024-01-06,0.00
2024-01-07,0.00
2024-01-08,0.00
2024-01-09,0.00
2024-01-10,0.00
2024-01-11,0.00
2024-01-12,0.00
2024-01-13,0.00
2024-01-14,0.00
2024-01-15,0.00
2024-01-16,0.00
2024-01-17,0.00
2024-01-18,0.00
2024-01-19,0.00
2024-01-20,0.00
2024-01-21,0.00
2024-01-22,0.00
2024-01-23,0.00
2024-01-24,0.00
2024-01-25,0.00
2024-01-26,0.00
2024-01-27,0.00
2024-01-28,0.00
2024-01-29,0.00
2024-01-30,0.00
2024-01-31,0.70
2024-02-01,3.00
2024-02-02,0.90
2024-02-03,0.00
2024-02-04,0.00
2024-02-05,0.00
2024-02-06,0.00
2024-02-07,0.00
2024-02-08,0.00
2024-02-09,0.00
2024-02-10,0.00
2024-02-11,8.70
2024-02-12,63.70
2024-02-13,2.90
2024-02-14,1.40
2024-02-15,0.00
2024-02-16,0.00
2024-02-17,0.00
2024-02-18,0.00
2024-02-19,0.00
2024-02-20,0.00
2024-02-21,0.00
2024-02-22,0.00
2024-02-23,0.00
2024-02-24,0.00
2024-02-25,0.00
2024-02-26,0.20
2024-02-27,0.00
2024-02-28,0.00
2024-02-29,0.20
2024-03-01,0.00
2024-03-02,0.00
2024-03-03,0.00
2024-03-04,0.60
2024-03-05,6.10
2024-03-06,0.00
2024-03-07,0.00
2024-03-08,0.00
2024-03-09,57.00
2024-03-10,0.00
2024-03-11,0.00
2024-03-12,0.00
2024-03-13,0.00
2024-03-14,0.00
2024-03-15,0.00
2024-03-16,0.00
2024-03-17,0.00
2024-03-18,0.00
2024-03-19,0.00
2024-03-20,0.00
2024-03-21,0.00
2024-03-22,0.00
2024-03-23,1.20
2024-03-24,0.10
2024-03-25,0.00
2024-03-26,0.00
2024-03-27,0.00
2024-03-28,0.00
2024-03-29,0.00
2024-03-30,0.00
2024-03-31,0.00
2024-04-01,0.00
2024-04-02,0.00
2024-04-03,0.00
2024-04-04,0.00
2024-04-05,0.00
2024-04-06,0.00
2024-04-07,0.00
2024-04-08,0.00
2024-04-09,0.00
2024-04-10,0.00
2024-04-11,0.10
2024-04-12,0.00
2024-04-13,1.00
2024-04-14,0.00
2024-04-15,0.50
2024-04-16,118.60
2024-04-17,1.80
2024-04-18,0.00
2024-04-19,0.00
2024-04-20,0.00
2024-04-21,0.00
2024-04-22,0.00
2024-04-23,0.00
2024-04-24,0.00
2024-04-25,0.00
2024-04-26,0.00
2024-04-27,0.00
2024-04-28,0.00
2024-04-29,0.00
2024-04-30,0.00
2024-05-01,2.30
2024-05-02,16.60
2024-05-03,0.00
2024-05-04,0.00
2024-05-05,0.00
2024-05-06,0.00
2024-05-07,0.00
2024-05-08,0.00
2024-05-09,0.00
2024-05-10,0.00
2024-05-11,0.00
2024-05-12,0.00
2024-05-13,0.00
2024-05-14,0.00
2024-05-15,0.00
2024-05-16,0.00
2024-05-17,0.00
2024-05-18,0.00
2024-05-19,0.00
2024-05-20,0.00
2024-05-21,0.00
2024-05-22,0.00
2024-05-23,0.00
2024-05-24,0.00
2024-05-25,0.00
2024-05-26,0.00
2024-05-27,0.00
2024-05-28,0.00
2024-05-29,0.00
2024-05-30,0.00
2024-05-31,0.00
2024-06-01,0.00
2024-06-02,0.00
2024-06-03,0.00
2024-06-04,0.00
2024-06-05,0.00
2024-06-06,0.00
2024-06-07,0.00
2024-06-08,0.00
2024-06-09,0.00
2024-06-10,0.00
2024-06-11,0.00
2024-06-12,0.00
2024-06-13,0.00
2024-06-14,0.00
2024-06-15,0.00
2024-06-16,0.00
2024-06-17,0.00
2024-06-18,0.00
2024-06-19,0.00
2024-06-20,0.00
2024-06-21,0.00
2024-06-22,0.00
2024-06-23,0.00
2024-06-24,0.00
2024-06-25,0.00
2024-06-26,0.00
2024-06-27,0.00
2024-06-28,0.00
2024-06-29,0.00
2024-06-30,0.00
2024-07-01,0.00
2024-07-02,0.00
2024-07-03,0.00
2024-07-04,0.00
2024-07-05,0.00
2024-07-06,0.00
2024-07-07,0.00
2024-07-08,0.00
2024-07-09,0.00
2024-07-10,0.00
2024-07-11,0.00
2024-07-12,0.00
2024-07-13,0.00
2024-07-14,0.00
2024-07-15,0.00
2024-07-16,0.00
2024-07-17,0.00
2024-07-18,0.00
2024-07-19,0.00
2024-07-20,0.00
2024-07-21,0.00
2024-07-22,0.00
2024-07-23,0.00
2024-07-24,0.00
2024-07-25,0.00
2024-07-26,0.00
2024-07-27,0.00
2024-07-28,0.00
2024-07-29,0.00
2024-07-30,0.00
2024-07-31,0.00
2024-08-01,0.00
2024-08-02,0.00
2024-08-03,0.00
2024-08-04,0.00
2024-08-05,0.00
2024-08-06,0.00
2024-08-07,0.00
2024-08-08,0.00
2024-08-09,0.00
2024-08-10,0.00
2024-08-11,0.00
2024-08-12,0.00
2024-08-13,0.00
2024-08-14,0.00
2024-08-15,0.00
2024-08-16,0.00
2024-08-17,0.00
2024-08-18,0.00
2024-08-19,0.00
2024-08-20,0.00
2024-08-21,0.00
2024-08-22,0.00
2024-08-23,0.00
2024-08-24,0.00
2024-08-25,0.00
2024-08-26,0.00
2024-08-27,0.00
2024-08-28,0.00
2024-08-29,0.00
2024-08-30,0.00
2024-08-31,0.00
2024-09-01,0.00
2024-09-02,0.00
2024-09-03,0.00
2024-09-04,0.00
2024-09-05,0.00
2024-09-06,0.00
2024-09-07,0.00
2024-09-08,0.00
2024-09-09,0.00
2024-09-10,0.00
2024-09-11,0.00
2024-09-12,0.00
2024-09-13,0.00
2024-09-14,0.00
2024-09-15,0.00
2024-09-16,0.00
2024-09-17,0.00
2024-09-18,0.00
2024-09-19,0.00
2024-09-20,0.00
2024-09-21,0.00
2024-09-22,0.00
2024-09-23,0.00
2024-09-24,0.00
2024-09-25,0.00
2024-09-26,0.00
2024-09-27,0.00
2024-09-28,0.00
2024-09-29,0.00
2024-09-30,0.30
2024-10-01,0.00
2024-10-02,0.00
2024-10-03,0.00
2024-10-04,0.00
2024-10-05,0.00
2024-10-06,0.00
2024-10-07,0.00
2024-10-08,0.00
2024-10-09,0.10
2024-10-10,0.30
2024-10-11,0.00
2024-10-12,0.00
2024-10-13,0.00
2024-10-14,0.00
2024-10-15,0.00
2024-10-16,0.10
2024-10-17,0.00
2024-10-18,0.10
2024-10-19,0.00
2024-10-20,0.00
2024-10-21,0.00
2024-10-22,0.00
2024-10-23,0.00
2024-10-24,0.20
2024-10-25,0.00
2024-10-26,0.00
2024-10-27,0.00
2024-10-28,0.00
2024-10-29,0.00
2024-10-30,0.00
2024-10-31,0.00
2024-11-01,0.00
2024-11-02,0.00
2024-11-03,0.00
2024-11-04,0.00
2024-11-05,0.00
2024-11-06,0.00
2024-11-07,0.00
2024-11-08,0.00
2024-11-09,0.00
2024-11-10,0.00
2024-11-11,0.00
2024-11-12,0.00
2024-11-13,0.00
2024-11-14,0.00
2024-11-15,0.00
2024-11-16,0.00
2024-11-17,0.00
2024-11-18,0.00
2024-11-19,0.00
2024-11-20,0.00
2024-11-21,0.00
2024-11-22,0.00
2024-11-23,0.00
2024-11-24,0.00
2024-11-25,0.00
2024-11-26,0.00
2024-11-27,0.00
2024-11-28,1.20
2024-11-29,0.10
2024-11-30,0.00
2024-12-01,0.00
2024-12-02,0.00
2024-12-03,0.00
2024-12-04,0.00
2024-12-05,0.00
2024-12-06,0.00
2024-12-07,0.00
2024-12-08,0.00
2024-12-09,0.00
2024-12-10,0.00
2024-12-11,0.00
2024-12-12,0.00
2024-12-13,0.00
2024-12-14,0.00
2024-12-15,0.40
2024-12-16,0.00
2024-12-17,0.00
2024-12-18,0.10
2024-12-19,0.00
2024-12-20,0.00
2024-12-21,0.00
2024-12-22,0.00
2024-12-23,0.00
2024-12-24,0.00
2024-12-25,0.00
2024-12-26,0.00
2024-12-27,0.00
2024-12-28,0.00
2024-12-29,0.00
2024-12-30,0.00
2024-12-31,0.00
2025-01-01,0.00
2025-01-02,0.00
2025-01-03,0.20
2025-01-04,0.00
2025-01-05,0.00
2025-01-06,0.00
2025-01-07,0.00
2025-01-08,0.00
2025-01-09,0.20
2025-01-10,0.00
2025-01-11,0.00
2025-01-12,0.00
2025-01-13,0.60
2025-01-14,0.00
2025-01-15,0.00
2025-01-16,0.00
2025-01-17,0.00
2025-01-18,0.00
2025-01-19,0.00
2025-01-20,0.00
2025-01-21,0.00
2025-01-22,0.00
2025-01-23,0.00
2025-01-24,0.00
2025-01-25,0.00
2025-01-26,0.00
2025-01-27,0.00
2025-01-28,0.00
2025-01-29,0.00
2025-01-30,0.00
2025-01-31,0.00
2025-02-01,0.00
2025-02-02,0.50
2025-02-03,0.00
2025-02-04,0.00
2025-02-05,0.00
2025-02-06,0.00
2025-02-07,0.00
2025-02-08,0.00
2025-02-09,0.00
2025-02-10,0.00
2025-02-11,0.00
2025-02-12,0.00
2025-02-13,0.00
2025-02-14,0.00
2025-02-15,0.00
2025-02-16,0.40
2025-02-17,1.80
2025-02-18,0.10
2025-02-19,0.00
2025-02-20,0.10
2025-02-21,3.80
2025-02-22,0.00
2025-02-23,0.00
2025-02-24,0.00
2025-02-25,0.00
2025-02-26,0.00
2025-02-27,0.00
2025-02-28,0.00
2025-03-01,0.00
2025-03-02,0.00
2025-03-03,0.00
2025-03-04,0.00
2025-03-05,0.00
2025-03-06,0.00
2025-03-07,0.00
2025-03-08,0.00
2025-03-09,0.00
2025-03-10,0.20
2025-03-11,0.30
2025-03-12,0.30
2025-03-13,0.00
2025-03-14,0.00
2025-03-15,0.00
2025-03-16,0.00
2025-03-17,0.00
2025-03-18,0.00
2025-03-19,0.00
2025-03-20,0.00
2025-03-21,0.00
2025-03-22,0.00
2025-03-23,0.00
2025-03-24,0.00
2025-03-25,0.00
2025-03-26,0.00
2025-03-27,0.00
2025-03-28,0.00
2025-03-29,0.00
2025-03-30,0.00
2025-03-31,0.00
2025-04-01,0.00
2025-04-02,0.00
2025-04-03,0.00
2025-04-04,0.00
2025-04-05,0.00
2025-04-06,0.00
2025-04-07,0.00
2025-04-08,0.00
2025-04-09,0.00
2025-04-10,0.00
2025-04-11,0.00
2025-04-12,0.00
2025-04-13,0.00
2025-04-14,0.00
2025-04-15,0.00
2025-04-16,0.00
2025-04-17,0.00
2025-04-18,0.00
2025-04-19,0.00
2025-04-20,0.00
2025-04-21,0.00
2025-04-22,0.00
2025-04-23,0.00
2025-04-24,0.00
2025-04-25,0.00
2025-04-26,0.00
2025-04-27,0.00
2025-04-28,0.00
2025-04-29,0.00
2025-04-30,0.00
2025-05-01,0.00
2025-05-02,0.00
2025-05-03,0.00
2025-05-04,0.00
2025-05-05,0.00
2025-05-06,0.00
2025-05-07,0.00
2025-05-08,0.00
2025-05-09,0.00
2025-05-10,0.00
2025-05-11,0.00
2025-05-12,0.00
2025-05-13,0.00
2025-05-14,0.00
2025-05-15,0.00
2025-05-16,0.00
2025-05-17,0.00
2025-05-18,0.00
2025-05-19,0.00
2025-05-20,0.00
2025-05-21,0.00
2025-05-22,0.00
2025-05-23,0.00
2025-05-24,0.00
2025-05-25,0.00
2025-05-26,0.00
2025-05-27,0.00
2025-05-28,0.00
2025-05-29,0.00
2025-05-30,0.00
2025-05-31,0.00
2025-06-01,0.00
2025-06-02,0.00
2025-06-03,0.00
2025-06-04,0.00
2025-06-05,0.00
2025-06-06,0.00
2025-06-07,0.00
2025-06-08,0.00
2025-06-09,0.00
2025-06-10,0.00
2025-06-11,0.00
2025-06-12,0.00
2025-06-13,0.00
2025-06-14,0.00
2025-06-15,0.00
2025-06-16,0.00
2025-06-17,0.00
2025-06-18,0.00
2025-06-19,0.00
2025-06-20,0.00
2025-06-21,0.00
2025-06-22,0.00
2025-06-23,0.00
2025-06-24,0.00
2025-06-25,0.00
2025-06-26,0.00
2025-06-27,0.00
2025-06-28,0.00
2025-06-29,0.00
2025-06-30,0.00
2025-07-01,0.00
2025-07-02,0.00
2025-07-03,0.00
2025-07-04,0.00
2025-07-05,0.00
2025-07-06,0.00
2025-07-07,0.00
2025-07-08,0.00
2025-07-09,0.00
2025-07-10,0.00
2025-07-11,0.00
2025-07-12,0.00
2025-07-13,0.00
2025-07-14,0.00
2025-07-15,0.00
2025-07-16,0.00
2025-07-17,0.00
2025-07-18,0.00
2025-07-19,0.00
2025-07-20,0.00
2025-07-21,0.00
2025-07-22,0.00
2025-07-23,0.00
2025-07-24,0.00
2025-07-25,0.00
2025-07-26,0.00
2025-07-27,0.00
2025-07-28,0.00
2025-07-29,0.00
2025-07-30,0.00
2025-07-31,0.00
2025-08-01,0.00
2025-08-02,0.00
2025-08-03,0.00
2025-08-04,0.00
2025-08-05,0.00
2025-08-06,0.00
2025-08-07,0.00
2025-08-08,0.00
2025-08-09,0.00
2025-08-10,0.00
2025-08-11,0.00
2025-08-12,0.00
2025-08-13,0.00
2025-08-14,0.00
2025-08-15,0.00
2025-08-16,0.00
2025-08-17,0.00
2025-08-18,0.00
2025-08-19,0.00
2025-08-20,0.00
2025-08-21,0.00
2025-08-22,0.00
2025-08-23,0.00
2025-08-24,0.00
2025-08-25,0.00
2025-08-26,0.00
2025-08-27,0.00
2025-08-28,0.00
2025-08-29,0.00
2025-08-30,0.00
2025-08-31,0.00
2025-09-01,0.00
2025-09-02,0.00
2025-09-03,0.00
2025-09-04,0.00
2025-09-05,0.00
2025-09-06,0.00
2025-09-07,0.00
2025-09-08,0.00
2025-09-09,0.00
2025-09-10,0.00
2025-09-11,0.00
2025-09-12,0.00
2025-09-13,0.00
2025-09-14,0.00
2025-09-15,0.00
2025-09-16,0.00
2025-09-17,0.00
2025-09-18,0.00
2025-09-19,0.00
2025-09-20,0.00
2025-09-21,0.00
2025-09-22,0.00
2025-09-23,0.00
2025-09-24,0.00
2025-09-25,0.00
2025-09-26,0.00
2025-09-27,0.00
2025-09-28,0.00
2025-09-29,0.00
2025-09-30,0.00
2025-10-01,0.00
2025-10-02,0.00
2025-10-03,0.00
2025-10-04,0.00
2025-10-05,0.00
2025-10-06,0.00
2025-10-07,0.00
2025-10-08,0.00
2025-10-09,0.00
2025-10-10,0.00
2025-10-11,0.00
2025-10-12,0.20
2025-10-13,0.00
2025-10-14,0.00
2025-10-15,0.00
2025-10-16,0.00
2025-10-17,0.00
2025-10-18,0.00
2025-10-19,0.00
2025-10-20,0.00
2025-10-21,0.00
2025-10-22,0.00
2025-10-23,0.00
2025-10-24,0.00
2025-10-25,0.00
2025-10-26,0.00
2025-10-27,0.00
2025-10-28,0.00
2025-10-29,0.00
2025-10-30,0.00
2025-10-31,0.00
2025-11-01,0.00
2025-11-02,0.00
2025-11-03,0.00
2025-11-04,0.00
2025-11-05,0.00
2025-11-06,0.00
2025-11-07,0.00
2025-11-08,0.00
2025-11-09,0.00
2025-11-10,0.00
2025-11-11,0.00
2025-11-12,0.00
2025-11-13,0.00
2025-11-14,0.00
2025-11-15,0.00
2025-11-16,0.00
2025-11-17,0.00
2025-11-18,0.00
2025-11-19,0.00
2025-11-20,0.00
2025-11-21,0.00
2025-11-22,0.00
2025-11-23,0.00
2025-11-24,0.00
2025-11-25,0.00
2025-11-26,0.00
2025-11-27,0.00
2025-11-28,0.00
2025-11-29,0.00
2025-11-30,0.00
2025-12-01,0.00
2025-12-02,0.00
2025-12-03,0.00
2025-12-04,0.00
2025-12-05,0.00
2025-12-06,0.00
2025-12-07,0.00
2025-12-08,0.00
2025-12-09,0.00
2025-12-10,0.00
2025-12-11,0.00
2025-12-12,0.00
2025-12-13,0.00
2025-12-14,0.20
2025-12-15,0.00
2025-12-16,0.00
2025-12-17,0.20
2025-12-18,8.30
2025-12-19,35.50
2025-12-20,0.10
2025-12-21,0.00
2025-12-22,0.00
2025-12-23,0.00
2025-12-24,0.00
2025-12-25,0.00
2025-12-26,0.00
2025-12-27,0.00
2025-12-28,0.00
2025-12-29,0.20
2025-12-30,0.00
2025-12-31,0.00
2026-01-01,0.00
2026-01-02,0.00
2026-01-03,0.00
2026-01-04,0.00
2026-01-05,0.00
2026-01-06,0.00
2026-01-07,0.00
2026-01-08,0.00
2026-01-09,0.00
2026-01-10,0.00
2026-01-11,0.00
2026-01-12,0.00
2026-01-13,0.00
2026-01-14,0.00
2026-01-15,0.00
2026-01-16,0.00
2026-01-17,0.00
2026-01-18,0.00
2026-01-19,0.00
2026-01-20,0.00
2026-01-21,0.00
2026-01-22,0.00
2026-01-23,0.00
2026-01-24,0.00
2026-01-25,2.70
2026-01-26,0.70
2026-01-27,0.00
2026-01-28,0.00
2026-01-29,0.00
2026-01-30,0.00
2026-01-31,0.00
2026-02-01,0.00
2026-02-02,0.00
2026-02-03,0.00
2026-02-04,0.00
2026-02-05,0.00
2026-02-06,0.00
2026-02-07,0.00
2026-02-08,0.20
2026-02-09,0.00
2026-02-10,0.00
2026-02-11,0.00
2026-02-12,0.00
2026-02-13,0.00
2026-02-14,0.00
2026-02-15,0.00
2026-02-16,0.00
2026-02-17,0.00
2026-02-18,0.00
